order_id,order_date,customer_id,sku,product_name,category,quantity,unit_price_kes
1,2025-02-15,1133,E02,Screen Protector,Electronics,1,350
1,2025-02-15,1133,H06,Tea Infuser,Home & Kitchen,1,450
1,2025-02-15,1133,E04,Fast Phone Charger,Electronics,1,1200
2,2025-05-21,385,O01,Laptop Bag,Office,1,3200
2,2025-05-21,385,O02,Wireless Mouse,Office,1,1400
2,2025-05-21,385,O03,Laptop Stand,Office,1,2100
3,2025-03-01,1039,H03,Electric Kettle,Home & Kitchen,1,3200
3,2025-03-01,1039,E02,Screen Protector,Electronics,1,350
3,2025-03-01,1039,F05,Yoga Mat,Fitness,2,2200
4,2025-01-30,811,E02,Screen Protector,Electronics,1,350
4,2025-01-30,811,P05,Extra Camera Battery,Photography,1,2600
4,2025-01-30,811,P03,Camera Bag,Photography,1,3800
4,2025-01-30,811,F07,Gym Bag,Fitness,1,2600
5,2025-01-31,147,E09,USB-C Cable,Electronics,1,450
5,2025-01-31,147,E06,Bluetooth Speaker,Electronics,1,4200
5,2025-01-31,147,E05,Power Bank 10000mAh,Electronics,1,2800
6,2025-03-12,1541,E07,Smartwatch,Electronics,1,6500
6,2025-03-12,1541,E08,Smartwatch Replacement Band,Electronics,1,900
7,2025-03-18,153,H03,Electric Kettle,Home & Kitchen,1,3200
7,2025-03-18,153,H06,Tea Infuser,Home & Kitchen,1,450
8,2025-03-12,1049,H05,Travel Mug,Home & Kitchen,1,900
8,2025-03-12,1049,H06,Tea Infuser,Home & Kitchen,1,450
9,2025-03-21,508,H07,Milk Frother,Home & Kitchen,1,1100
10,2025-01-15,108,H01,Coffee Maker,Home & Kitchen,1,5500
10,2025-01-15,108,H02,Coffee Pods (Pack of 20),Home & Kitchen,1,1200
10,2025-01-15,108,H04,Blender,Home & Kitchen,1,4800
11,2025-01-22,1410,H03,Electric Kettle,Home & Kitchen,1,3200
11,2025-01-22,1410,H06,Tea Infuser,Home & Kitchen,1,450
12,2025-04-26,494,F01,Running Shoes,Fitness,1,7500
12,2025-04-26,494,F02,Running Socks (3-Pack),Fitness,1,950
12,2025-04-26,494,E01,Phone Case,Electronics,1,800
13,2025-01-08,1036,F01,Running Shoes,Fitness,1,7500
13,2025-01-08,1036,F02,Running Socks (3-Pack),Fitness,1,950
14,2025-06-21,79,P01,Digital Camera,Photography,2,45000
14,2025-06-21,79,P02,Memory Card 128GB,Photography,1,2200
14,2025-06-21,79,P03,Camera Bag,Photography,1,3800
15,2025-05-07,112,E07,Smartwatch,Electronics,1,6500
15,2025-05-07,112,E10,Laptop Sleeve,Electronics,1,1800
15,2025-05-07,112,H04,Blender,Home & Kitchen,2,4800
15,2025-05-07,112,E05,Power Bank 10000mAh,Electronics,2,2800
16,2025-02-06,1084,H01,Coffee Maker,Home & Kitchen,2,5500
16,2025-02-06,1084,H02,Coffee Pods (Pack of 20),Home & Kitchen,2,1200
17,2025-02-15,111,O01,Laptop Bag,Office,1,3200
17,2025-02-15,111,O02,Wireless Mouse,Office,1,1400
17,2025-02-15,111,O03,Laptop Stand,Office,1,2100
18,2025-05-24,106,O05,Desk Lamp,Office,1,1800
19,2025-01-09,295,E07,Smartwatch,Electronics,1,6500
19,2025-01-09,295,E08,Smartwatch Replacement Band,Electronics,1,900
20,2025-04-20,1541,F04,Fitness Tracker,Fitness,1,4500
20,2025-04-20,1541,F03,Sports Water Bottle,Fitness,1,700
21,2025-03-07,981,F01,Running Shoes,Fitness,1,7500
21,2025-03-07,981,F02,Running Socks (3-Pack),Fitness,1,950
21,2025-03-07,981,F03,Sports Water Bottle,Fitness,1,700
22,2025-01-30,954,P01,Digital Camera,Photography,1,45000
23,2025-01-13,45,E02,Screen Protector,Electronics,2,350
24,2025-04-02,1779,O05,Desk Lamp,Office,1,1800
24,2025-04-02,1779,E09,USB-C Cable,Electronics,1,450
24,2025-04-02,1779,E01,Phone Case,Electronics,1,800
24,2025-04-02,1779,F07,Gym Bag,Fitness,1,2600
25,2025-05-07,408,F07,Gym Bag,Fitness,2,2600
25,2025-05-07,408,F05,Yoga Mat,Fitness,1,2200
26,2025-02-24,726,O01,Laptop Bag,Office,1,3200
27,2025-05-14,1523,F01,Running Shoes,Fitness,2,7500
27,2025-05-14,1523,F02,Running Socks (3-Pack),Fitness,1,950
28,2025-03-19,917,O06,Notebook & Pen Set,Office,1,600
29,2025-01-17,1330,H03,Electric Kettle,Home & Kitchen,1,3200
29,2025-01-17,1330,E06,Bluetooth Speaker,Electronics,1,4200
29,2025-01-17,1330,O02,Wireless Mouse,Office,1,1400
29,2025-01-17,1330,O03,Laptop Stand,Office,1,2100
30,2025-02-06,577,P05,Extra Camera Battery,Photography,1,2600
30,2025-02-06,577,E06,Bluetooth Speaker,Electronics,1,4200
31,2025-06-03,1218,E09,USB-C Cable,Electronics,1,450
31,2025-06-03,1218,H05,Travel Mug,Home & Kitchen,1,900
32,2025-01-17,1454,F01,Running Shoes,Fitness,1,7500
32,2025-01-17,1454,O06,Notebook & Pen Set,Office,2,600
32,2025-01-17,1454,P05,Extra Camera Battery,Photography,1,2600
32,2025-01-17,1454,E10,Laptop Sleeve,Electronics,1,1800
33,2025-02-25,1772,E01,Phone Case,Electronics,1,800
33,2025-02-25,1772,E02,Screen Protector,Electronics,1,350
33,2025-02-25,1772,E04,Fast Phone Charger,Electronics,1,1200
34,2025-03-20,1463,O01,Laptop Bag,Office,1,3200
35,2025-04-11,1771,O03,Laptop Stand,Office,1,2100
35,2025-04-11,1771,P03,Camera Bag,Photography,1,3800
35,2025-04-11,1771,O01,Laptop Bag,Office,1,3200
35,2025-04-11,1771,O06,Notebook & Pen Set,Office,1,600
36,2025-06-04,795,F01,Running Shoes,Fitness,1,7500
36,2025-06-04,795,E04,Fast Phone Charger,Electronics,1,1200
36,2025-06-04,795,P05,Extra Camera Battery,Photography,2,2600
37,2025-05-24,1337,P02,Memory Card 128GB,Photography,1,2200
38,2025-06-08,795,P04,Tripod,Photography,2,3200
38,2025-06-08,795,O01,Laptop Bag,Office,1,3200
39,2025-06-04,1516,E10,Laptop Sleeve,Electronics,1,1800
39,2025-06-04,1516,O02,Wireless Mouse,Office,1,1400
40,2025-05-26,1091,H03,Electric Kettle,Home & Kitchen,1,3200
40,2025-05-26,1091,H06,Tea Infuser,Home & Kitchen,1,450
40,2025-05-26,1091,H07,Milk Frother,Home & Kitchen,1,1100
41,2025-05-01,1372,P03,Camera Bag,Photography,1,3800
42,2025-04-15,451,E07,Smartwatch,Electronics,1,6500
42,2025-04-15,451,E08,Smartwatch Replacement Band,Electronics,1,900
43,2025-06-08,150,E08,Smartwatch Replacement Band,Electronics,2,900
43,2025-06-08,150,E03,Wireless Earphones,Electronics,1,3500
43,2025-06-08,150,P04,Tripod,Photography,1,3200
44,2025-01-05,308,P05,Extra Camera Battery,Photography,1,2600
45,2025-01-21,336,P01,Digital Camera,Photography,1,45000
46,2025-03-04,1231,H01,Coffee Maker,Home & Kitchen,1,5500
47,2025-02-20,241,H01,Coffee Maker,Home & Kitchen,1,5500
47,2025-02-20,241,H02,Coffee Pods (Pack of 20),Home & Kitchen,1,1200
48,2025-04-27,1222,E09,USB-C Cable,Electronics,1,450
48,2025-04-27,1222,E01,Phone Case,Electronics,1,800
48,2025-04-27,1222,E03,Wireless Earphones,Electronics,2,3500
48,2025-04-27,1222,E02,Screen Protector,Electronics,1,350
49,2025-03-03,918,F07,Gym Bag,Fitness,1,2600
50,2025-04-01,25,E02,Screen Protector,Electronics,1,350
50,2025-04-01,25,H04,Blender,Home & Kitchen,1,4800
50,2025-04-01,25,E07,Smartwatch,Electronics,1,6500
50,2025-04-01,25,E05,Power Bank 10000mAh,Electronics,1,2800
51,2025-03-03,568,E07,Smartwatch,Electronics,1,6500
51,2025-03-03,568,E08,Smartwatch Replacement Band,Electronics,1,900
52,2025-06-26,1545,F02,Running Socks (3-Pack),Fitness,1,950
52,2025-06-26,1545,H07,Milk Frother,Home & Kitchen,1,1100
52,2025-06-26,1545,H02,Coffee Pods (Pack of 20),Home & Kitchen,1,1200
52,2025-06-26,1545,E02,Screen Protector,Electronics,2,350
53,2025-05-24,1075,E04,Fast Phone Charger,Electronics,1,1200
53,2025-05-24,1075,E05,Power Bank 10000mAh,Electronics,1,2800
53,2025-05-24,1075,E09,USB-C Cable,Electronics,1,450
53,2025-05-24,1075,F07,Gym Bag,Fitness,1,2600
54,2025-05-02,16,E04,Fast Phone Charger,Electronics,1,1200
54,2025-05-02,16,E05,Power Bank 10000mAh,Electronics,1,2800
55,2025-06-03,765,O06,Notebook & Pen Set,Office,1,600
55,2025-06-03,765,O01,Laptop Bag,Office,1,3200
56,2025-06-30,1025,F04,Fitness Tracker,Fitness,1,4500
56,2025-06-30,1025,O01,Laptop Bag,Office,1,3200
56,2025-06-30,1025,H04,Blender,Home & Kitchen,1,4800
57,2025-06-18,73,P04,Tripod,Photography,1,3200
57,2025-06-18,73,E02,Screen Protector,Electronics,1,350
58,2025-04-11,1699,E08,Smartwatch Replacement Band,Electronics,1,900
58,2025-04-11,1699,H03,Electric Kettle,Home & Kitchen,1,3200
58,2025-04-11,1699,P04,Tripod,Photography,1,3200
58,2025-04-11,1699,P02,Memory Card 128GB,Photography,1,2200
59,2025-04-07,1119,F01,Running Shoes,Fitness,1,7500
59,2025-04-07,1119,F03,Sports Water Bottle,Fitness,1,700
59,2025-04-07,1119,E04,Fast Phone Charger,Electronics,1,1200
59,2025-04-07,1119,P04,Tripod,Photography,1,3200
60,2025-06-25,1796,H01,Coffee Maker,Home & Kitchen,1,5500
61,2025-02-27,306,F04,Fitness Tracker,Fitness,1,4500
61,2025-02-27,306,F03,Sports Water Bottle,Fitness,2,700
62,2025-02-27,1316,H03,Electric Kettle,Home & Kitchen,1,3200
62,2025-02-27,1316,H06,Tea Infuser,Home & Kitchen,1,450
63,2025-06-11,1126,H03,Electric Kettle,Home & Kitchen,1,3200
63,2025-06-11,1126,H06,Tea Infuser,Home & Kitchen,1,450
63,2025-06-11,1126,H07,Milk Frother,Home & Kitchen,1,1100
64,2025-04-27,21,O01,Laptop Bag,Office,1,3200
64,2025-04-27,21,O02,Wireless Mouse,Office,1,1400
64,2025-04-27,21,O03,Laptop Stand,Office,1,2100
65,2025-02-06,981,F03,Sports Water Bottle,Fitness,1,700
66,2025-06-28,1679,O06,Notebook & Pen Set,Office,1,600
67,2025-01-18,157,E04,Fast Phone Charger,Electronics,1,1200
67,2025-01-18,157,E05,Power Bank 10000mAh,Electronics,1,2800
67,2025-01-18,157,E09,USB-C Cable,Electronics,1,450
68,2025-02-11,1666,E04,Fast Phone Charger,Electronics,1,1200
69,2025-03-24,1061,E02,Screen Protector,Electronics,1,350
69,2025-03-24,1061,P02,Memory Card 128GB,Photography,2,2200
69,2025-03-24,1061,H01,Coffee Maker,Home & Kitchen,1,5500
69,2025-03-24,1061,E05,Power Bank 10000mAh,Electronics,1,2800
70,2025-01-22,1199,F04,Fitness Tracker,Fitness,1,4500
71,2025-02-27,1106,H01,Coffee Maker,Home & Kitchen,1,5500
71,2025-02-27,1106,H02,Coffee Pods (Pack of 20),Home & Kitchen,1,1200
72,2025-01-04,791,F01,Running Shoes,Fitness,1,7500
72,2025-01-04,791,F02,Running Socks (3-Pack),Fitness,2,950
73,2025-02-16,956,E07,Smartwatch,Electronics,2,6500
73,2025-02-16,956,E08,Smartwatch Replacement Band,Electronics,1,900
74,2025-02-15,817,F05,Yoga Mat,Fitness,1,2200
74,2025-02-15,817,E01,Phone Case,Electronics,1,800
74,2025-02-15,817,P05,Extra Camera Battery,Photography,1,2600
75,2025-03-23,677,E02,Screen Protector,Electronics,1,350
75,2025-03-23,677,H06,Tea Infuser,Home & Kitchen,1,450
76,2025-06-18,24,F01,Running Shoes,Fitness,1,7500
76,2025-06-18,24,F02,Running Socks (3-Pack),Fitness,1,950
77,2025-04-02,635,F04,Fitness Tracker,Fitness,1,4500
77,2025-04-02,635,O05,Desk Lamp,Office,1,1800
77,2025-04-02,635,E01,Phone Case,Electronics,1,800
78,2025-02-23,1737,E02,Screen Protector,Electronics,1,350
78,2025-02-23,1737,H06,Tea Infuser,Home & Kitchen,1,450
79,2025-02-08,1570,H03,Electric Kettle,Home & Kitchen,1,3200
79,2025-02-08,1570,H06,Tea Infuser,Home & Kitchen,1,450
80,2025-02-04,186,H03,Electric Kettle,Home & Kitchen,1,3200
80,2025-02-04,186,F06,Resistance Bands Set,Fitness,1,1500
81,2025-01-06,1761,E03,Wireless Earphones,Electronics,2,3500
82,2025-06-08,1351,P01,Digital Camera,Photography,1,45000
83,2025-06-19,507,O05,Desk Lamp,Office,1,1800
84,2025-06-30,587,H01,Coffee Maker,Home & Kitchen,1,5500
84,2025-06-30,587,H06,Tea Infuser,Home & Kitchen,1,450
84,2025-06-30,587,E06,Bluetooth Speaker,Electronics,1,4200
85,2025-01-27,1130,E01,Phone Case,Electronics,1,800
85,2025-01-27,1130,E02,Screen Protector,Electronics,1,350
86,2025-03-12,114,H07,Milk Frother,Home & Kitchen,1,1100
86,2025-03-12,114,O05,Desk Lamp,Office,1,1800
86,2025-03-12,114,F04,Fitness Tracker,Fitness,1,4500
86,2025-03-12,114,E03,Wireless Earphones,Electronics,1,3500
87,2025-02-09,1252,E04,Fast Phone Charger,Electronics,1,1200
87,2025-02-09,1252,E05,Power Bank 10000mAh,Electronics,1,2800
87,2025-02-09,1252,E09,USB-C Cable,Electronics,1,450
88,2025-02-22,1001,H04,Blender,Home & Kitchen,1,4800
88,2025-02-22,1001,F03,Sports Water Bottle,Fitness,1,700
88,2025-02-22,1001,E04,Fast Phone Charger,Electronics,2,1200
89,2025-03-22,843,E07,Smartwatch,Electronics,2,6500
89,2025-03-22,843,E08,Smartwatch Replacement Band,Electronics,1,900
90,2025-03-20,1066,E01,Phone Case,Electronics,1,800
90,2025-03-20,1066,E02,Screen Protector,Electronics,1,350
90,2025-03-20,1066,E04,Fast Phone Charger,Electronics,1,1200
91,2025-04-02,550,H03,Electric Kettle,Home & Kitchen,2,3200
91,2025-04-02,550,H06,Tea Infuser,Home & Kitchen,2,450
92,2025-04-28,1794,O02,Wireless Mouse,Office,1,1400
93,2025-02-20,573,O01,Laptop Bag,Office,2,3200
93,2025-02-20,573,O02,Wireless Mouse,Office,1,1400
93,2025-02-20,573,O03,Laptop Stand,Office,1,2100
94,2025-02-23,1261,F01,Running Shoes,Fitness,1,7500
94,2025-02-23,1261,F02,Running Socks (3-Pack),Fitness,1,950
95,2025-02-18,1046,E08,Smartwatch Replacement Band,Electronics,1,900
95,2025-02-18,1046,H01,Coffee Maker,Home & Kitchen,1,5500
95,2025-02-18,1046,F02,Running Socks (3-Pack),Fitness,1,950
96,2025-01-30,1040,E01,Phone Case,Electronics,1,800
96,2025-01-30,1040,E02,Screen Protector,Electronics,1,350
97,2025-02-11,1396,O01,Laptop Bag,Office,1,3200
97,2025-02-11,1396,E05,Power Bank 10000mAh,Electronics,1,2800
97,2025-02-11,1396,P05,Extra Camera Battery,Photography,2,2600
98,2025-04-26,576,F02,Running Socks (3-Pack),Fitness,2,950
99,2025-01-14,286,E07,Smartwatch,Electronics,1,6500
99,2025-01-14,286,E08,Smartwatch Replacement Band,Electronics,1,900
100,2025-01-10,19,O01,Laptop Bag,Office,1,3200
100,2025-01-10,19,O02,Wireless Mouse,Office,1,1400
100,2025-01-10,19,O03,Laptop Stand,Office,1,2100
101,2025-04-20,109,E07,Smartwatch,Electronics,1,6500
101,2025-04-20,109,E08,Smartwatch Replacement Band,Electronics,1,900
101,2025-04-20,109,H01,Coffee Maker,Home & Kitchen,1,5500
102,2025-06-03,1770,E07,Smartwatch,Electronics,1,6500
102,2025-06-03,1770,E08,Smartwatch Replacement Band,Electronics,1,900
103,2025-03-11,639,H03,Electric Kettle,Home & Kitchen,1,3200
103,2025-03-11,639,P05,Extra Camera Battery,Photography,1,2600
103,2025-03-11,639,O05,Desk Lamp,Office,2,1800
103,2025-03-11,639,F02,Running Socks (3-Pack),Fitness,2,950
104,2025-05-16,1697,E06,Bluetooth Speaker,Electronics,1,4200
104,2025-05-16,1697,H02,Coffee Pods (Pack of 20),Home & Kitchen,1,1200
105,2025-01-29,1798,P03,Camera Bag,Photography,1,3800
106,2025-06-30,292,F01,Running Shoes,Fitness,1,7500
106,2025-06-30,292,F02,Running Socks (3-Pack),Fitness,1,950
106,2025-06-30,292,F03,Sports Water Bottle,Fitness,1,700
106,2025-06-30,292,F04,Fitness Tracker,Fitness,1,4500
107,2025-06-19,1759,P05,Extra Camera Battery,Photography,1,2600
108,2025-04-10,652,H07,Milk Frother,Home & Kitchen,1,1100
109,2025-04-19,1727,O05,Desk Lamp,Office,1,1800
110,2025-05-25,997,E01,Phone Case,Electronics,1,800
110,2025-05-25,997,E02,Screen Protector,Electronics,1,350
110,2025-05-25,997,O06,Notebook & Pen Set,Office,1,600
111,2025-04-07,371,E01,Phone Case,Electronics,1,800
111,2025-04-07,371,E02,Screen Protector,Electronics,1,350
112,2025-03-20,1795,F03,Sports Water Bottle,Fitness,1,700
113,2025-03-16,296,O04,Mechanical Keyboard,Office,1,5200
113,2025-03-16,296,P03,Camera Bag,Photography,2,3800
113,2025-03-16,296,E09,USB-C Cable,Electronics,1,450
113,2025-03-16,296,H04,Blender,Home & Kitchen,1,4800
114,2025-03-14,487,O02,Wireless Mouse,Office,1,1400
115,2025-03-21,1669,P01,Digital Camera,Photography,1,45000
115,2025-03-21,1669,P02,Memory Card 128GB,Photography,1,2200
115,2025-03-21,1669,P03,Camera Bag,Photography,1,3800
115,2025-03-21,1669,O03,Laptop Stand,Office,1,2100
116,2025-02-03,1336,F06,Resistance Bands Set,Fitness,1,1500
116,2025-02-03,1336,O03,Laptop Stand,Office,1,2100
117,2025-01-31,216,E08,Smartwatch Replacement Band,Electronics,1,900
118,2025-06-06,20,E03,Wireless Earphones,Electronics,1,3500
119,2025-03-09,246,H02,Coffee Pods (Pack of 20),Home & Kitchen,1,1200
120,2025-04-27,1388,F07,Gym Bag,Fitness,1,2600
120,2025-04-27,1388,F05,Yoga Mat,Fitness,1,2200
121,2025-01-06,1739,E05,Power Bank 10000mAh,Electronics,1,2800
122,2025-03-10,1665,P01,Digital Camera,Photography,1,45000
122,2025-03-10,1665,P02,Memory Card 128GB,Photography,1,2200
122,2025-03-10,1665,P03,Camera Bag,Photography,1,3800
122,2025-03-10,1665,P04,Tripod,Photography,2,3200
123,2025-04-12,669,E04,Fast Phone Charger,Electronics,1,1200
123,2025-04-12,669,E05,Power Bank 10000mAh,Electronics,2,2800
123,2025-04-12,669,E09,USB-C Cable,Electronics,1,450
124,2025-06-03,291,H05,Travel Mug,Home & Kitchen,1,900
125,2025-01-07,1781,F04,Fitness Tracker,Fitness,1,4500
125,2025-01-07,1781,P04,Tripod,Photography,1,3200
125,2025-01-07,1781,E06,Bluetooth Speaker,Electronics,1,4200
126,2025-06-11,1049,E07,Smartwatch,Electronics,1,6500
126,2025-06-11,1049,E08,Smartwatch Replacement Band,Electronics,1,900
127,2025-01-11,1450,O05,Desk Lamp,Office,1,1800
128,2025-03-08,1172,H05,Travel Mug,Home & Kitchen,1,900
129,2025-03-12,447,H01,Coffee Maker,Home & Kitchen,1,5500
129,2025-03-12,447,H02,Coffee Pods (Pack of 20),Home & Kitchen,1,1200
129,2025-03-12,447,H05,Travel Mug,Home & Kitchen,1,900
130,2025-06-17,1338,E07,Smartwatch,Electronics,1,6500
131,2025-04-30,1229,E09,USB-C Cable,Electronics,1,450
132,2025-05-17,1433,H01,Coffee Maker,Home & Kitchen,1,5500
132,2025-05-17,1433,H02,Coffee Pods (Pack of 20),Home & Kitchen,1,1200
133,2025-05-08,710,O01,Laptop Bag,Office,1,3200
133,2025-05-08,710,O02,Wireless Mouse,Office,1,1400
133,2025-05-08,710,O03,Laptop Stand,Office,1,2100
134,2025-05-10,1071,F01,Running Shoes,Fitness,1,7500
134,2025-05-10,1071,F02,Running Socks (3-Pack),Fitness,1,950
134,2025-05-10,1071,F03,Sports Water Bottle,Fitness,1,700
135,2025-06-27,926,H03,Electric Kettle,Home & Kitchen,1,3200
135,2025-06-27,926,H06,Tea Infuser,Home & Kitchen,2,450
136,2025-04-19,17,F07,Gym Bag,Fitness,1,2600
137,2025-05-20,1002,F07,Gym Bag,Fitness,1,2600
137,2025-05-20,1002,F05,Yoga Mat,Fitness,1,2200
138,2025-01-21,1052,H04,Blender,Home & Kitchen,1,4800
138,2025-01-21,1052,H03,Electric Kettle,Home & Kitchen,1,3200
138,2025-01-21,1052,O03,Laptop Stand,Office,1,2100
138,2025-01-21,1052,F06,Resistance Bands Set,Fitness,2,1500
139,2025-06-18,167,E01,Phone Case,Electronics,2,800
139,2025-06-18,167,E02,Screen Protector,Electronics,2,350
140,2025-03-11,1076,E07,Smartwatch,Electronics,1,6500
141,2025-06-20,622,E07,Smartwatch,Electronics,1,6500
141,2025-06-20,622,E08,Smartwatch Replacement Band,Electronics,1,900
142,2025-01-04,696,F04,Fitness Tracker,Fitness,1,4500
142,2025-01-04,696,F03,Sports Water Bottle,Fitness,2,700
143,2025-06-26,1721,F06,Resistance Bands Set,Fitness,1,1500
143,2025-06-26,1721,H01,Coffee Maker,Home & Kitchen,1,5500
143,2025-06-26,1721,F07,Gym Bag,Fitness,1,2600
143,2025-06-26,1721,H05,Travel Mug,Home & Kitchen,1,900
144,2025-03-25,55,F01,Running Shoes,Fitness,1,7500
144,2025-03-25,55,F02,Running Socks (3-Pack),Fitness,1,950
144,2025-03-25,55,F03,Sports Water Bottle,Fitness,1,700
145,2025-03-07,567,H03,Electric Kettle,Home & Kitchen,1,3200
145,2025-03-07,567,H06,Tea Infuser,Home & Kitchen,1,450
145,2025-03-07,567,H07,Milk Frother,Home & Kitchen,1,1100
146,2025-01-12,1666,E07,Smartwatch,Electronics,1,6500
146,2025-01-12,1666,E08,Smartwatch Replacement Band,Electronics,1,900
147,2025-04-18,942,O05,Desk Lamp,Office,1,1800
148,2025-05-27,911,E07,Smartwatch,Electronics,1,6500
148,2025-05-27,911,P03,Camera Bag,Photography,1,3800
149,2025-02-23,697,H02,Coffee Pods (Pack of 20),Home & Kitchen,1,1200
149,2025-02-23,697,F03,Sports Water Bottle,Fitness,1,700
149,2025-02-23,697,F04,Fitness Tracker,Fitness,2,4500
150,2025-05-28,752,H01,Coffee Maker,Home & Kitchen,1,5500
150,2025-05-28,752,H02,Coffee Pods (Pack of 20),Home & Kitchen,1,1200
151,2025-03-15,1673,E01,Phone Case,Electronics,1,800
152,2025-03-10,941,E02,Screen Protector,Electronics,1,350
152,2025-03-10,941,F04,Fitness Tracker,Fitness,1,4500
152,2025-03-10,941,P01,Digital Camera,Photography,1,45000
152,2025-03-10,941,F03,Sports Water Bottle,Fitness,1,700
153,2025-02-08,1427,P04,Tripod,Photography,1,3200
154,2025-04-06,1150,P05,Extra Camera Battery,Photography,1,2600
155,2025-04-27,514,E01,Phone Case,Electronics,1,800
155,2025-04-27,514,E02,Screen Protector,Electronics,1,350
155,2025-04-27,514,E04,Fast Phone Charger,Electronics,2,1200
156,2025-01-27,586,P01,Digital Camera,Photography,1,45000
156,2025-01-27,586,P02,Memory Card 128GB,Photography,1,2200
156,2025-01-27,586,P03,Camera Bag,Photography,2,3800
157,2025-03-15,361,E10,Laptop Sleeve,Electronics,1,1800
158,2025-03-14,1252,H07,Milk Frother,Home & Kitchen,1,1100
159,2025-03-06,748,E09,USB-C Cable,Electronics,2,450
159,2025-03-06,748,H03,Electric Kettle,Home & Kitchen,1,3200
160,2025-02-11,418,F07,Gym Bag,Fitness,2,2600
160,2025-02-11,418,F05,Yoga Mat,Fitness,1,2200
161,2025-03-28,663,E04,Fast Phone Charger,Electronics,1,1200
161,2025-03-28,663,E05,Power Bank 10000mAh,Electronics,1,2800
162,2025-03-12,672,E01,Phone Case,Electronics,2,800
163,2025-02-11,900,E04,Fast Phone Charger,Electronics,1,1200
163,2025-02-11,900,E05,Power Bank 10000mAh,Electronics,1,2800
164,2025-04-01,653,F01,Running Shoes,Fitness,1,7500
164,2025-04-01,653,F02,Running Socks (3-Pack),Fitness,1,950
165,2025-05-25,1542,P01,Digital Camera,Photography,1,45000
165,2025-05-25,1542,P02,Memory Card 128GB,Photography,1,2200
165,2025-05-25,1542,P03,Camera Bag,Photography,1,3800
165,2025-05-25,1542,P04,Tripod,Photography,1,3200
166,2025-06-15,1452,F02,Running Socks (3-Pack),Fitness,1,950
166,2025-06-15,1452,F05,Yoga Mat,Fitness,1,2200
166,2025-06-15,1452,F06,Resistance Bands Set,Fitness,1,1500
166,2025-06-15,1452,F01,Running Shoes,Fitness,1,7500
167,2025-03-05,1118,E05,Power Bank 10000mAh,Electronics,1,2800
168,2025-05-14,1799,O05,Desk Lamp,Office,1,1800
168,2025-05-14,1799,F03,Sports Water Bottle,Fitness,1,700
168,2025-05-14,1799,H05,Travel Mug,Home & Kitchen,1,900
169,2025-02-03,438,H03,Electric Kettle,Home & Kitchen,1,3200
169,2025-02-03,438,H06,Tea Infuser,Home & Kitchen,1,450
169,2025-02-03,438,H07,Milk Frother,Home & Kitchen,1,1100
170,2025-06-23,917,O02,Wireless Mouse,Office,1,1400
171,2025-01-04,482,H03,Electric Kettle,Home & Kitchen,1,3200
171,2025-01-04,482,H06,Tea Infuser,Home & Kitchen,1,450
171,2025-01-04,482,O05,Desk Lamp,Office,1,1800
172,2025-06-23,629,O04,Mechanical Keyboard,Office,1,5200
172,2025-06-23,629,F06,Resistance Bands Set,Fitness,1,1500
172,2025-06-23,629,F01,Running Shoes,Fitness,1,7500
172,2025-06-23,629,H06,Tea Infuser,Home & Kitchen,1,450
173,2025-04-10,842,F07,Gym Bag,Fitness,1,2600
173,2025-04-10,842,F05,Yoga Mat,Fitness,1,2200
174,2025-06-11,1195,P01,Digital Camera,Photography,1,45000
174,2025-06-11,1195,P02,Memory Card 128GB,Photography,1,2200
174,2025-06-11,1195,P03,Camera Bag,Photography,1,3800
174,2025-06-11,1195,P04,Tripod,Photography,1,3200
175,2025-04-12,1423,E03,Wireless Earphones,Electronics,1,3500
175,2025-04-12,1423,O01,Laptop Bag,Office,1,3200
175,2025-04-12,1423,E08,Smartwatch Replacement Band,Electronics,2,900
175,2025-04-12,1423,E06,Bluetooth Speaker,Electronics,1,4200
176,2025-06-01,552,E07,Smartwatch,Electronics,1,6500
176,2025-06-01,552,E08,Smartwatch Replacement Band,Electronics,1,900
177,2025-06-23,924,P01,Digital Camera,Photography,1,45000
177,2025-06-23,924,P02,Memory Card 128GB,Photography,1,2200
177,2025-06-23,924,P03,Camera Bag,Photography,1,3800
178,2025-06-14,783,P01,Digital Camera,Photography,1,45000
178,2025-06-14,783,P02,Memory Card 128GB,Photography,1,2200
178,2025-06-14,783,P03,Camera Bag,Photography,1,3800
178,2025-06-14,783,O03,Laptop Stand,Office,1,2100
179,2025-05-04,1191,F07,Gym Bag,Fitness,1,2600
179,2025-05-04,1191,F05,Yoga Mat,Fitness,2,2200
179,2025-05-04,1191,F06,Resistance Bands Set,Fitness,1,1500
180,2025-04-14,1183,E01,Phone Case,Electronics,1,800
180,2025-04-14,1183,E02,Screen Protector,Electronics,1,350
180,2025-04-14,1183,E04,Fast Phone Charger,Electronics,1,1200
181,2025-02-22,711,P01,Digital Camera,Photography,1,45000
181,2025-02-22,711,O04,Mechanical Keyboard,Office,1,5200
181,2025-02-22,711,E03,Wireless Earphones,Electronics,1,3500
182,2025-05-01,759,F01,Running Shoes,Fitness,1,7500
183,2025-01-03,1288,O04,Mechanical Keyboard,Office,1,5200
184,2025-04-06,1700,P03,Camera Bag,Photography,1,3800
185,2025-05-13,1644,E01,Phone Case,Electronics,1,800
185,2025-05-13,1644,E05,Power Bank 10000mAh,Electronics,1,2800
185,2025-05-13,1644,O02,Wireless Mouse,Office,1,1400
186,2025-05-30,707,H03,Electric Kettle,Home & Kitchen,1,3200
186,2025-05-30,707,H06,Tea Infuser,Home & Kitchen,1,450
186,2025-05-30,707,H07,Milk Frother,Home & Kitchen,1,1100
187,2025-01-06,1476,E06,Bluetooth Speaker,Electronics,1,4200
188,2025-05-25,422,E03,Wireless Earphones,Electronics,1,3500
188,2025-05-25,422,E02,Screen Protector,Electronics,2,350
189,2025-02-12,1413,E02,Screen Protector,Electronics,1,350
190,2025-06-20,109,P02,Memory Card 128GB,Photography,1,2200
190,2025-06-20,109,P03,Camera Bag,Photography,1,3800
191,2025-01-13,386,H03,Electric Kettle,Home & Kitchen,1,3200
191,2025-01-13,386,H06,Tea Infuser,Home & Kitchen,1,450
191,2025-01-13,386,H07,Milk Frother,Home & Kitchen,1,1100
192,2025-05-07,314,P01,Digital Camera,Photography,1,45000
192,2025-05-07,314,P02,Memory Card 128GB,Photography,1,2200
192,2025-05-07,314,P03,Camera Bag,Photography,1,3800
192,2025-05-07,314,P04,Tripod,Photography,1,3200
193,2025-05-31,1728,E01,Phone Case,Electronics,1,800
193,2025-05-31,1728,E02,Screen Protector,Electronics,1,350
194,2025-01-10,1109,O04,Mechanical Keyboard,Office,1,5200
195,2025-02-27,527,H03,Electric Kettle,Home & Kitchen,1,3200
195,2025-02-27,527,H06,Tea Infuser,Home & Kitchen,2,450
195,2025-02-27,527,H07,Milk Frother,Home & Kitchen,1,1100
196,2025-05-29,1202,P01,Digital Camera,Photography,1,45000
196,2025-05-29,1202,P02,Memory Card 128GB,Photography,1,2200
196,2025-05-29,1202,P03,Camera Bag,Photography,2,3800
197,2025-03-13,1792,E09,USB-C Cable,Electronics,1,450
197,2025-03-13,1792,O02,Wireless Mouse,Office,1,1400
197,2025-03-13,1792,H07,Milk Frother,Home & Kitchen,1,1100
198,2025-04-12,685,F04,Fitness Tracker,Fitness,1,4500
198,2025-04-12,685,F03,Sports Water Bottle,Fitness,2,700
199,2025-03-09,856,F07,Gym Bag,Fitness,1,2600
199,2025-03-09,856,F05,Yoga Mat,Fitness,1,2200
200,2025-01-31,989,E04,Fast Phone Charger,Electronics,1,1200
200,2025-01-31,989,E05,Power Bank 10000mAh,Electronics,1,2800
201,2025-06-22,662,E04,Fast Phone Charger,Electronics,2,1200
201,2025-06-22,662,E05,Power Bank 10000mAh,Electronics,2,2800
201,2025-06-22,662,E09,USB-C Cable,Electronics,1,450
202,2025-02-02,460,O01,Laptop Bag,Office,1,3200
202,2025-02-02,460,O02,Wireless Mouse,Office,1,1400
202,2025-02-02,460,O03,Laptop Stand,Office,1,2100
203,2025-05-03,1089,O04,Mechanical Keyboard,Office,1,5200
204,2025-05-07,220,F07,Gym Bag,Fitness,1,2600
204,2025-05-07,220,F05,Yoga Mat,Fitness,1,2200
205,2025-04-29,658,H07,Milk Frother,Home & Kitchen,1,1100
205,2025-04-29,658,E06,Bluetooth Speaker,Electronics,1,4200
206,2025-06-03,648,F06,Resistance Bands Set,Fitness,1,1500
206,2025-06-03,648,H03,Electric Kettle,Home & Kitchen,1,3200
207,2025-04-28,736,P01,Digital Camera,Photography,1,45000
208,2025-03-25,1378,F03,Sports Water Bottle,Fitness,1,700
209,2025-01-07,554,F06,Resistance Bands Set,Fitness,1,1500
209,2025-01-07,554,P05,Extra Camera Battery,Photography,1,2600
210,2025-02-18,340,F01,Running Shoes,Fitness,2,7500
210,2025-02-18,340,F02,Running Socks (3-Pack),Fitness,1,950
210,2025-02-18,340,P02,Memory Card 128GB,Photography,1,2200
211,2025-03-03,1520,E04,Fast Phone Charger,Electronics,1,1200
211,2025-03-03,1520,H07,Milk Frother,Home & Kitchen,2,1100
211,2025-03-03,1520,E01,Phone Case,Electronics,1,800
211,2025-03-03,1520,F04,Fitness Tracker,Fitness,1,4500
212,2025-06-19,1748,E07,Smartwatch,Electronics,1,6500
212,2025-06-19,1748,H07,Milk Frother,Home & Kitchen,1,1100
213,2025-01-22,860,H01,Coffee Maker,Home & Kitchen,1,5500
213,2025-01-22,860,H02,Coffee Pods (Pack of 20),Home & Kitchen,1,1200
214,2025-05-22,146,F06,Resistance Bands Set,Fitness,1,1500
214,2025-05-22,146,P05,Extra Camera Battery,Photography,2,2600
214,2025-05-22,146,H03,Electric Kettle,Home & Kitchen,1,3200
214,2025-05-22,146,P01,Digital Camera,Photography,1,45000
215,2025-05-05,239,O01,Laptop Bag,Office,1,3200
215,2025-05-05,239,O02,Wireless Mouse,Office,1,1400
215,2025-05-05,239,O03,Laptop Stand,Office,1,2100
216,2025-06-18,1152,O01,Laptop Bag,Office,2,3200
216,2025-06-18,1152,O02,Wireless Mouse,Office,1,1400
216,2025-06-18,1152,O03,Laptop Stand,Office,1,2100
217,2025-01-30,182,F01,Running Shoes,Fitness,1,7500
217,2025-01-30,182,F02,Running Socks (3-Pack),Fitness,1,950
217,2025-01-30,182,F03,Sports Water Bottle,Fitness,1,700
218,2025-05-18,1123,P05,Extra Camera Battery,Photography,1,2600
218,2025-05-18,1123,E09,USB-C Cable,Electronics,1,450
218,2025-05-18,1123,P02,Memory Card 128GB,Photography,1,2200
218,2025-05-18,1123,F06,Resistance Bands Set,Fitness,1,1500
219,2025-05-11,69,O05,Desk Lamp,Office,1,1800
219,2025-05-11,69,F06,Resistance Bands Set,Fitness,1,1500
220,2025-04-29,160,E08,Smartwatch Replacement Band,Electronics,1,900
220,2025-04-29,160,F06,Resistance Bands Set,Fitness,1,1500
220,2025-04-29,160,F07,Gym Bag,Fitness,1,2600
220,2025-04-29,160,F01,Running Shoes,Fitness,1,7500
221,2025-06-10,179,P01,Digital Camera,Photography,1,45000
222,2025-04-09,1358,E01,Phone Case,Electronics,1,800
222,2025-04-09,1358,E02,Screen Protector,Electronics,1,350
222,2025-04-09,1358,E04,Fast Phone Charger,Electronics,1,1200
223,2025-05-05,1597,E03,Wireless Earphones,Electronics,1,3500
224,2025-06-05,358,E07,Smartwatch,Electronics,1,6500
224,2025-06-05,358,E08,Smartwatch Replacement Band,Electronics,2,900
225,2025-05-26,75,F01,Running Shoes,Fitness,1,7500
225,2025-05-26,75,F02,Running Socks (3-Pack),Fitness,1,950
225,2025-05-26,75,F03,Sports Water Bottle,Fitness,1,700
226,2025-06-12,481,H07,Milk Frother,Home & Kitchen,1,1100
226,2025-06-12,481,E07,Smartwatch,Electronics,1,6500
226,2025-06-12,481,E09,USB-C Cable,Electronics,1,450
227,2025-06-10,869,O03,Laptop Stand,Office,1,2100
228,2025-04-17,30,E04,Fast Phone Charger,Electronics,1,1200
228,2025-04-17,30,O06,Notebook & Pen Set,Office,1,600
228,2025-04-17,30,F04,Fitness Tracker,Fitness,1,4500
228,2025-04-17,30,H07,Milk Frother,Home & Kitchen,1,1100
229,2025-02-10,1095,P01,Digital Camera,Photography,1,45000
229,2025-02-10,1095,P02,Memory Card 128GB,Photography,1,2200
229,2025-02-10,1095,P03,Camera Bag,Photography,2,3800
229,2025-02-10,1095,P04,Tripod,Photography,1,3200
230,2025-01-19,936,P01,Digital Camera,Photography,1,45000
231,2025-06-26,974,H06,Tea Infuser,Home & Kitchen,1,450
232,2025-01-22,1699,E01,Phone Case,Electronics,1,800
232,2025-01-22,1699,E02,Screen Protector,Electronics,1,350
233,2025-04-10,375,F01,Running Shoes,Fitness,1,7500
233,2025-04-10,375,F02,Running Socks (3-Pack),Fitness,1,950
234,2025-05-07,578,P04,Tripod,Photography,1,3200
234,2025-05-07,578,E02,Screen Protector,Electronics,1,350
234,2025-05-07,578,O05,Desk Lamp,Office,1,1800
234,2025-05-07,578,P03,Camera Bag,Photography,2,3800
235,2025-06-26,406,P01,Digital Camera,Photography,1,45000
235,2025-06-26,406,P02,Memory Card 128GB,Photography,1,2200
235,2025-06-26,406,P03,Camera Bag,Photography,1,3800
236,2025-03-07,1760,F04,Fitness Tracker,Fitness,1,4500
236,2025-03-07,1760,F03,Sports Water Bottle,Fitness,1,700
237,2025-03-03,1678,E07,Smartwatch,Electronics,1,6500
238,2025-01-03,196,E05,Power Bank 10000mAh,Electronics,1,2800
238,2025-01-03,196,H07,Milk Frother,Home & Kitchen,1,1100
238,2025-01-03,196,E01,Phone Case,Electronics,1,800
238,2025-01-03,196,H02,Coffee Pods (Pack of 20),Home & Kitchen,1,1200
239,2025-06-01,1099,H06,Tea Infuser,Home & Kitchen,1,450
240,2025-02-28,176,P01,Digital Camera,Photography,1,45000
241,2025-04-03,1598,E01,Phone Case,Electronics,1,800
241,2025-04-03,1598,E02,Screen Protector,Electronics,2,350
242,2025-06-07,243,O01,Laptop Bag,Office,2,3200
242,2025-06-07,243,O02,Wireless Mouse,Office,1,1400
242,2025-06-07,243,O03,Laptop Stand,Office,2,2100
242,2025-06-07,243,O04,Mechanical Keyboard,Office,2,5200
243,2025-04-29,709,P01,Digital Camera,Photography,1,45000
243,2025-04-29,709,P02,Memory Card 128GB,Photography,1,2200
243,2025-04-29,709,P03,Camera Bag,Photography,2,3800
244,2025-01-22,943,H04,Blender,Home & Kitchen,1,4800
244,2025-01-22,943,H05,Travel Mug,Home & Kitchen,1,900
245,2025-06-09,1248,E01,Phone Case,Electronics,1,800
245,2025-06-09,1248,E02,Screen Protector,Electronics,1,350
245,2025-06-09,1248,F02,Running Socks (3-Pack),Fitness,1,950
246,2025-03-04,1228,E04,Fast Phone Charger,Electronics,1,1200
246,2025-03-04,1228,E05,Power Bank 10000mAh,Electronics,1,2800
246,2025-03-04,1228,E09,USB-C Cable,Electronics,1,450
247,2025-05-02,1202,E07,Smartwatch,Electronics,1,6500
247,2025-05-02,1202,E08,Smartwatch Replacement Band,Electronics,2,900
247,2025-05-02,1202,F06,Resistance Bands Set,Fitness,1,1500
248,2025-04-29,1282,O01,Laptop Bag,Office,1,3200
248,2025-04-29,1282,O02,Wireless Mouse,Office,1,1400
248,2025-04-29,1282,O03,Laptop Stand,Office,1,2100
249,2025-04-03,51,E04,Fast Phone Charger,Electronics,1,1200
249,2025-04-03,51,E05,Power Bank 10000mAh,Electronics,1,2800
249,2025-04-03,51,F06,Resistance Bands Set,Fitness,1,1500
250,2025-05-05,1558,H02,Coffee Pods (Pack of 20),Home & Kitchen,1,1200
250,2025-05-05,1558,F05,Yoga Mat,Fitness,1,2200
250,2025-05-05,1558,O06,Notebook & Pen Set,Office,1,600
250,2025-05-05,1558,F04,Fitness Tracker,Fitness,1,4500
251,2025-02-14,1043,P01,Digital Camera,Photography,1,45000
252,2025-06-18,1032,E06,Bluetooth Speaker,Electronics,1,4200
252,2025-06-18,1032,O03,Laptop Stand,Office,1,2100
253,2025-01-17,344,O02,Wireless Mouse,Office,1,1400
254,2025-03-19,1345,O01,Laptop Bag,Office,1,3200
255,2025-01-26,800,F05,Yoga Mat,Fitness,1,2200
255,2025-01-26,800,H05,Travel Mug,Home & Kitchen,1,900
255,2025-01-26,800,H03,Electric Kettle,Home & Kitchen,1,3200
255,2025-01-26,800,E03,Wireless Earphones,Electronics,1,3500
256,2025-04-27,235,F07,Gym Bag,Fitness,2,2600
256,2025-04-27,235,F05,Yoga Mat,Fitness,1,2200
256,2025-04-27,235,F06,Resistance Bands Set,Fitness,1,1500
257,2025-05-18,6,F03,Sports Water Bottle,Fitness,1,700
258,2025-01-09,1,O01,Laptop Bag,Office,1,3200
258,2025-01-09,1,O02,Wireless Mouse,Office,1,1400
258,2025-01-09,1,O03,Laptop Stand,Office,1,2100
258,2025-01-09,1,O04,Mechanical Keyboard,Office,1,5200
259,2025-05-14,214,F07,Gym Bag,Fitness,1,2600
259,2025-05-14,214,F05,Yoga Mat,Fitness,1,2200
259,2025-05-14,214,O04,Mechanical Keyboard,Office,1,5200
260,2025-02-21,1095,O03,Laptop Stand,Office,1,2100
261,2025-03-07,36,H02,Coffee Pods (Pack of 20),Home & Kitchen,1,1200
262,2025-06-22,250,O01,Laptop Bag,Office,1,3200
262,2025-06-22,250,O02,Wireless Mouse,Office,1,1400
262,2025-06-22,250,O03,Laptop Stand,Office,1,2100
263,2025-06-24,541,H01,Coffee Maker,Home & Kitchen,1,5500
263,2025-06-24,541,E06,Bluetooth Speaker,Electronics,1,4200
263,2025-06-24,541,P05,Extra Camera Battery,Photography,1,2600
264,2025-06-24,1110,F04,Fitness Tracker,Fitness,2,4500
265,2025-04-09,377,O04,Mechanical Keyboard,Office,1,5200
266,2025-06-21,1191,O01,Laptop Bag,Office,1,3200
266,2025-06-21,1191,O03,Laptop Stand,Office,1,2100
266,2025-06-21,1191,P02,Memory Card 128GB,Photography,1,2200
267,2025-04-12,584,E08,Smartwatch Replacement Band,Electronics,1,900
268,2025-06-11,96,H01,Coffee Maker,Home & Kitchen,1,5500
268,2025-06-11,96,H02,Coffee Pods (Pack of 20),Home & Kitchen,1,1200
269,2025-06-01,282,E05,Power Bank 10000mAh,Electronics,1,2800
269,2025-06-01,282,E06,Bluetooth Speaker,Electronics,1,4200
269,2025-06-01,282,E01,Phone Case,Electronics,1,800
270,2025-04-07,911,O03,Laptop Stand,Office,1,2100
270,2025-04-07,911,H04,Blender,Home & Kitchen,1,4800
270,2025-04-07,911,E03,Wireless Earphones,Electronics,1,3500
271,2025-01-04,735,F06,Resistance Bands Set,Fitness,1,1500
272,2025-02-04,1150,P01,Digital Camera,Photography,2,45000
273,2025-02-15,1789,E05,Power Bank 10000mAh,Electronics,1,2800
274,2025-06-17,1788,F01,Running Shoes,Fitness,1,7500
275,2025-02-07,148,O04,Mechanical Keyboard,Office,1,5200
275,2025-02-07,148,H01,Coffee Maker,Home & Kitchen,1,5500
275,2025-02-07,148,H03,Electric Kettle,Home & Kitchen,1,3200
275,2025-02-07,148,E02,Screen Protector,Electronics,1,350
276,2025-04-28,1198,E07,Smartwatch,Electronics,1,6500
276,2025-04-28,1198,E08,Smartwatch Replacement Band,Electronics,1,900
277,2025-05-11,1226,O02,Wireless Mouse,Office,1,1400
278,2025-05-09,1753,P01,Digital Camera,Photography,1,45000
278,2025-05-09,1753,P02,Memory Card 128GB,Photography,1,2200
278,2025-05-09,1753,P03,Camera Bag,Photography,1,3800
279,2025-05-19,1069,H05,Travel Mug,Home & Kitchen,1,900
280,2025-06-29,1104,H03,Electric Kettle,Home & Kitchen,1,3200
280,2025-06-29,1104,H06,Tea Infuser,Home & Kitchen,1,450
281,2025-01-18,1549,F01,Running Shoes,Fitness,1,7500
281,2025-01-18,1549,F02,Running Socks (3-Pack),Fitness,1,950
281,2025-01-18,1549,F03,Sports Water Bottle,Fitness,1,700
282,2025-05-30,906,F04,Fitness Tracker,Fitness,1,4500
282,2025-05-30,906,F03,Sports Water Bottle,Fitness,1,700
283,2025-04-05,70,O04,Mechanical Keyboard,Office,1,5200
284,2025-05-08,388,E06,Bluetooth Speaker,Electronics,1,4200
284,2025-05-08,388,F03,Sports Water Bottle,Fitness,1,700
285,2025-05-12,1794,P01,Digital Camera,Photography,2,45000
285,2025-05-12,1794,P02,Memory Card 128GB,Photography,1,2200
285,2025-05-12,1794,P03,Camera Bag,Photography,1,3800
286,2025-06-13,721,H01,Coffee Maker,Home & Kitchen,1,5500
286,2025-06-13,721,H02,Coffee Pods (Pack of 20),Home & Kitchen,1,1200
287,2025-01-13,896,O01,Laptop Bag,Office,1,3200
287,2025-01-13,896,O02,Wireless Mouse,Office,1,1400
287,2025-01-13,896,O03,Laptop Stand,Office,1,2100
288,2025-03-04,897,O01,Laptop Bag,Office,1,3200
288,2025-03-04,897,O02,Wireless Mouse,Office,1,1400
288,2025-03-04,897,O03,Laptop Stand,Office,1,2100
289,2025-05-19,85,H05,Travel Mug,Home & Kitchen,1,900
290,2025-01-30,378,E03,Wireless Earphones,Electronics,1,3500
290,2025-01-30,378,H01,Coffee Maker,Home & Kitchen,2,5500
291,2025-04-26,1439,E07,Smartwatch,Electronics,1,6500
291,2025-04-26,1439,E08,Smartwatch Replacement Band,Electronics,1,900
291,2025-04-26,1439,E01,Phone Case,Electronics,1,800
292,2025-06-19,603,H01,Coffee Maker,Home & Kitchen,1,5500
293,2025-04-10,1364,F06,Resistance Bands Set,Fitness,1,1500
294,2025-02-12,1498,F04,Fitness Tracker,Fitness,1,4500
294,2025-02-12,1498,F03,Sports Water Bottle,Fitness,1,700
295,2025-03-10,208,E01,Phone Case,Electronics,1,800
295,2025-03-10,208,E02,Screen Protector,Electronics,1,350
296,2025-06-29,275,O01,Laptop Bag,Office,1,3200
296,2025-06-29,275,O02,Wireless Mouse,Office,1,1400
296,2025-06-29,275,O03,Laptop Stand,Office,1,2100
296,2025-06-29,275,O06,Notebook & Pen Set,Office,1,600
297,2025-03-04,946,P05,Extra Camera Battery,Photography,2,2600
298,2025-01-22,109,E08,Smartwatch Replacement Band,Electronics,1,900
298,2025-01-22,109,H04,Blender,Home & Kitchen,1,4800
298,2025-01-22,109,F03,Sports Water Bottle,Fitness,1,700
298,2025-01-22,109,E06,Bluetooth Speaker,Electronics,1,4200
299,2025-05-05,866,O01,Laptop Bag,Office,1,3200
299,2025-05-05,866,O02,Wireless Mouse,Office,2,1400
299,2025-05-05,866,O03,Laptop Stand,Office,1,2100
300,2025-03-13,567,H01,Coffee Maker,Home & Kitchen,1,5500
301,2025-03-14,1327,F07,Gym Bag,Fitness,1,2600
301,2025-03-14,1327,F05,Yoga Mat,Fitness,1,2200
302,2025-02-28,1491,F04,Fitness Tracker,Fitness,1,4500
302,2025-02-28,1491,F06,Resistance Bands Set,Fitness,1,1500
302,2025-02-28,1491,E07,Smartwatch,Electronics,1,6500
302,2025-02-28,1491,E02,Screen Protector,Electronics,1,350
303,2025-05-11,1112,E01,Phone Case,Electronics,1,800
303,2025-05-11,1112,E02,Screen Protector,Electronics,1,350
304,2025-05-05,816,H01,Coffee Maker,Home & Kitchen,1,5500
304,2025-05-05,816,H02,Coffee Pods (Pack of 20),Home & Kitchen,1,1200
304,2025-05-05,816,H05,Travel Mug,Home & Kitchen,1,900
305,2025-01-02,505,O01,Laptop Bag,Office,1,3200
306,2025-04-03,385,F04,Fitness Tracker,Fitness,1,4500
306,2025-04-03,385,F03,Sports Water Bottle,Fitness,2,700
307,2025-05-19,1220,F04,Fitness Tracker,Fitness,1,4500
307,2025-05-19,1220,F03,Sports Water Bottle,Fitness,1,700
308,2025-06-16,200,O01,Laptop Bag,Office,1,3200
308,2025-06-16,200,H06,Tea Infuser,Home & Kitchen,1,450
309,2025-02-16,1696,E04,Fast Phone Charger,Electronics,2,1200
309,2025-02-16,1696,E05,Power Bank 10000mAh,Electronics,1,2800
309,2025-02-16,1696,E09,USB-C Cable,Electronics,1,450
310,2025-05-04,1723,H01,Coffee Maker,Home & Kitchen,1,5500
311,2025-06-03,951,E04,Fast Phone Charger,Electronics,2,1200
311,2025-06-03,951,E05,Power Bank 10000mAh,Electronics,1,2800
311,2025-06-03,951,E09,USB-C Cable,Electronics,1,450
312,2025-04-04,1290,O04,Mechanical Keyboard,Office,1,5200
312,2025-04-04,1290,F01,Running Shoes,Fitness,1,7500
312,2025-04-04,1290,O06,Notebook & Pen Set,Office,1,600
312,2025-04-04,1290,P04,Tripod,Photography,2,3200
313,2025-01-09,1329,P02,Memory Card 128GB,Photography,1,2200
313,2025-01-09,1329,H07,Milk Frother,Home & Kitchen,1,1100
313,2025-01-09,1329,O04,Mechanical Keyboard,Office,1,5200
314,2025-02-17,650,E01,Phone Case,Electronics,1,800
314,2025-02-17,650,E02,Screen Protector,Electronics,1,350
315,2025-03-04,395,P02,Memory Card 128GB,Photography,1,2200
315,2025-03-04,395,F04,Fitness Tracker,Fitness,1,4500
315,2025-03-04,395,F06,Resistance Bands Set,Fitness,1,1500
315,2025-03-04,395,H01,Coffee Maker,Home & Kitchen,1,5500
316,2025-02-05,568,E04,Fast Phone Charger,Electronics,1,1200
316,2025-02-05,568,E05,Power Bank 10000mAh,Electronics,1,2800
317,2025-01-27,801,H01,Coffee Maker,Home & Kitchen,1,5500
317,2025-01-27,801,H02,Coffee Pods (Pack of 20),Home & Kitchen,2,1200
318,2025-06-24,29,P01,Digital Camera,Photography,2,45000
318,2025-06-24,29,P02,Memory Card 128GB,Photography,1,2200
318,2025-06-24,29,P03,Camera Bag,Photography,1,3800
319,2025-06-22,1723,F01,Running Shoes,Fitness,1,7500
319,2025-06-22,1723,F03,Sports Water Bottle,Fitness,1,700
319,2025-06-22,1723,O06,Notebook & Pen Set,Office,1,600
319,2025-06-22,1723,E08,Smartwatch Replacement Band,Electronics,1,900
320,2025-05-31,734,F07,Gym Bag,Fitness,1,2600
320,2025-05-31,734,F06,Resistance Bands Set,Fitness,1,1500
320,2025-05-31,734,E07,Smartwatch,Electronics,1,6500
320,2025-05-31,734,H01,Coffee Maker,Home & Kitchen,1,5500
321,2025-02-20,922,F03,Sports Water Bottle,Fitness,1,700
321,2025-02-20,922,E07,Smartwatch,Electronics,2,6500
322,2025-03-06,815,H04,Blender,Home & Kitchen,2,4800
323,2025-02-19,272,E06,Bluetooth Speaker,Electronics,1,4200
324,2025-06-05,718,E09,USB-C Cable,Electronics,1,450
325,2025-05-08,830,H02,Coffee Pods (Pack of 20),Home & Kitchen,1,1200
325,2025-05-08,830,P02,Memory Card 128GB,Photography,1,2200
325,2025-05-08,830,F04,Fitness Tracker,Fitness,1,4500
325,2025-05-08,830,H01,Coffee Maker,Home & Kitchen,1,5500
326,2025-02-12,1148,E04,Fast Phone Charger,Electronics,1,1200
326,2025-02-12,1148,E05,Power Bank 10000mAh,Electronics,1,2800
326,2025-02-12,1148,E09,USB-C Cable,Electronics,1,450
327,2025-02-01,835,P01,Digital Camera,Photography,1,45000
327,2025-02-01,835,H02,Coffee Pods (Pack of 20),Home & Kitchen,1,1200
327,2025-02-01,835,E06,Bluetooth Speaker,Electronics,1,4200
328,2025-04-11,598,E01,Phone Case,Electronics,1,800
328,2025-04-11,598,E02,Screen Protector,Electronics,2,350
329,2025-02-19,1431,P01,Digital Camera,Photography,2,45000
329,2025-02-19,1431,E05,Power Bank 10000mAh,Electronics,1,2800
329,2025-02-19,1431,H03,Electric Kettle,Home & Kitchen,1,3200
330,2025-04-13,104,F07,Gym Bag,Fitness,1,2600
330,2025-04-13,104,F05,Yoga Mat,Fitness,1,2200
331,2025-06-10,178,O03,Laptop Stand,Office,1,2100
332,2025-06-05,203,O01,Laptop Bag,Office,1,3200
332,2025-06-05,203,O02,Wireless Mouse,Office,1,1400
332,2025-06-05,203,O03,Laptop Stand,Office,1,2100
333,2025-03-29,421,E04,Fast Phone Charger,Electronics,1,1200
333,2025-03-29,421,E05,Power Bank 10000mAh,Electronics,2,2800
333,2025-03-29,421,E09,USB-C Cable,Electronics,1,450
334,2025-05-26,1525,E10,Laptop Sleeve,Electronics,1,1800
334,2025-05-26,1525,F07,Gym Bag,Fitness,1,2600
335,2025-05-14,1209,O01,Laptop Bag,Office,1,3200
335,2025-05-14,1209,O02,Wireless Mouse,Office,1,1400
335,2025-05-14,1209,O03,Laptop Stand,Office,1,2100
336,2025-01-02,1172,H01,Coffee Maker,Home & Kitchen,1,5500
336,2025-01-02,1172,H02,Coffee Pods (Pack of 20),Home & Kitchen,1,1200
336,2025-01-02,1172,O01,Laptop Bag,Office,2,3200
337,2025-05-11,443,H06,Tea Infuser,Home & Kitchen,1,450
338,2025-02-27,92,H03,Electric Kettle,Home & Kitchen,1,3200
338,2025-02-27,92,H06,Tea Infuser,Home & Kitchen,1,450
339,2025-02-16,1755,E01,Phone Case,Electronics,1,800
339,2025-02-16,1755,E02,Screen Protector,Electronics,1,350
340,2025-02-21,1183,H03,Electric Kettle,Home & Kitchen,1,3200
340,2025-02-21,1183,H06,Tea Infuser,Home & Kitchen,1,450
341,2025-01-27,1580,E04,Fast Phone Charger,Electronics,1,1200
341,2025-01-27,1580,E05,Power Bank 10000mAh,Electronics,1,2800
341,2025-01-27,1580,E09,USB-C Cable,Electronics,1,450
341,2025-01-27,1580,E01,Phone Case,Electronics,1,800
342,2025-03-21,803,H01,Coffee Maker,Home & Kitchen,1,5500
342,2025-03-21,803,H02,Coffee Pods (Pack of 20),Home & Kitchen,1,1200
343,2025-03-01,906,F04,Fitness Tracker,Fitness,1,4500
343,2025-03-01,906,F03,Sports Water Bottle,Fitness,1,700
344,2025-03-12,1016,H04,Blender,Home & Kitchen,1,4800
344,2025-03-12,1016,E02,Screen Protector,Electronics,1,350
345,2025-06-08,1031,P02,Memory Card 128GB,Photography,1,2200
346,2025-05-07,516,E08,Smartwatch Replacement Band,Electronics,1,900
347,2025-04-28,1524,F01,Running Shoes,Fitness,1,7500
347,2025-04-28,1524,F02,Running Socks (3-Pack),Fitness,1,950
348,2025-01-21,441,E05,Power Bank 10000mAh,Electronics,1,2800
348,2025-01-21,441,E06,Bluetooth Speaker,Electronics,1,4200
349,2025-04-24,1529,E05,Power Bank 10000mAh,Electronics,1,2800
349,2025-04-24,1529,E06,Bluetooth Speaker,Electronics,1,4200
350,2025-03-26,834,H04,Blender,Home & Kitchen,1,4800
351,2025-04-05,1181,E08,Smartwatch Replacement Band,Electronics,2,900
352,2025-05-21,1641,E05,Power Bank 10000mAh,Electronics,1,2800
352,2025-05-21,1641,E03,Wireless Earphones,Electronics,1,3500
352,2025-05-21,1641,H03,Electric Kettle,Home & Kitchen,1,3200
353,2025-06-14,485,O02,Wireless Mouse,Office,1,1400
353,2025-06-14,485,F07,Gym Bag,Fitness,1,2600
353,2025-06-14,485,E04,Fast Phone Charger,Electronics,1,1200
353,2025-06-14,485,H04,Blender,Home & Kitchen,1,4800
354,2025-04-23,970,E05,Power Bank 10000mAh,Electronics,1,2800
354,2025-04-23,970,O06,Notebook & Pen Set,Office,1,600
354,2025-04-23,970,P01,Digital Camera,Photography,1,45000
355,2025-04-11,380,P03,Camera Bag,Photography,1,3800
356,2025-02-20,993,H05,Travel Mug,Home & Kitchen,1,900
356,2025-02-20,993,E09,USB-C Cable,Electronics,1,450
356,2025-02-20,993,O06,Notebook & Pen Set,Office,1,600
357,2025-03-07,1361,H01,Coffee Maker,Home & Kitchen,1,5500
357,2025-03-07,1361,H02,Coffee Pods (Pack of 20),Home & Kitchen,1,1200
357,2025-03-07,1361,H03,Electric Kettle,Home & Kitchen,1,3200
358,2025-05-05,740,E04,Fast Phone Charger,Electronics,1,1200
358,2025-05-05,740,E05,Power Bank 10000mAh,Electronics,1,2800
358,2025-05-05,740,E09,USB-C Cable,Electronics,1,450
358,2025-05-05,740,F06,Resistance Bands Set,Fitness,1,1500
359,2025-01-04,822,H02,Coffee Pods (Pack of 20),Home & Kitchen,1,1200
359,2025-01-04,822,E04,Fast Phone Charger,Electronics,1,1200
359,2025-01-04,822,H06,Tea Infuser,Home & Kitchen,1,450
359,2025-01-04,822,O05,Desk Lamp,Office,1,1800
360,2025-03-23,1517,F07,Gym Bag,Fitness,1,2600
360,2025-03-23,1517,F05,Yoga Mat,Fitness,1,2200
361,2025-04-28,1708,F07,Gym Bag,Fitness,1,2600
361,2025-04-28,1708,F05,Yoga Mat,Fitness,1,2200
361,2025-04-28,1708,P05,Extra Camera Battery,Photography,1,2600
362,2025-02-26,1470,H03,Electric Kettle,Home & Kitchen,1,3200
362,2025-02-26,1470,H06,Tea Infuser,Home & Kitchen,1,450
363,2025-06-11,1723,F01,Running Shoes,Fitness,1,7500
363,2025-06-11,1723,F02,Running Socks (3-Pack),Fitness,1,950
363,2025-06-11,1723,F03,Sports Water Bottle,Fitness,2,700
364,2025-02-02,1405,E01,Phone Case,Electronics,1,800
364,2025-02-02,1405,E02,Screen Protector,Electronics,1,350
364,2025-02-02,1405,E04,Fast Phone Charger,Electronics,1,1200
365,2025-01-14,564,F01,Running Shoes,Fitness,1,7500
365,2025-01-14,564,E05,Power Bank 10000mAh,Electronics,1,2800
365,2025-01-14,564,E02,Screen Protector,Electronics,1,350
366,2025-05-23,277,E08,Smartwatch Replacement Band,Electronics,1,900
367,2025-06-30,1391,O06,Notebook & Pen Set,Office,1,600
367,2025-06-30,1391,H05,Travel Mug,Home & Kitchen,1,900
367,2025-06-30,1391,P04,Tripod,Photography,1,3200
368,2025-02-17,466,F04,Fitness Tracker,Fitness,2,4500
368,2025-02-17,466,F03,Sports Water Bottle,Fitness,1,700
368,2025-02-17,466,F07,Gym Bag,Fitness,1,2600
369,2025-05-13,1251,E06,Bluetooth Speaker,Electronics,1,4200
370,2025-05-04,1105,P05,Extra Camera Battery,Photography,1,2600
370,2025-05-04,1105,E10,Laptop Sleeve,Electronics,1,1800
371,2025-04-11,1764,F04,Fitness Tracker,Fitness,2,4500
371,2025-04-11,1764,F03,Sports Water Bottle,Fitness,2,700
372,2025-06-15,1679,E03,Wireless Earphones,Electronics,1,3500
372,2025-06-15,1679,O04,Mechanical Keyboard,Office,1,5200
373,2025-02-14,959,P04,Tripod,Photography,1,3200
374,2025-05-25,1499,E06,Bluetooth Speaker,Electronics,2,4200
375,2025-04-03,1390,P01,Digital Camera,Photography,1,45000
375,2025-04-03,1390,P02,Memory Card 128GB,Photography,1,2200
375,2025-04-03,1390,P03,Camera Bag,Photography,1,3800
375,2025-04-03,1390,O04,Mechanical Keyboard,Office,1,5200
376,2025-06-09,1233,F01,Running Shoes,Fitness,1,7500
376,2025-06-09,1233,F02,Running Socks (3-Pack),Fitness,1,950
376,2025-06-09,1233,F03,Sports Water Bottle,Fitness,1,700
377,2025-01-05,1518,E08,Smartwatch Replacement Band,Electronics,1,900
377,2025-01-05,1518,H01,Coffee Maker,Home & Kitchen,1,5500
377,2025-01-05,1518,P03,Camera Bag,Photography,1,3800
378,2025-06-05,1092,E10,Laptop Sleeve,Electronics,1,1800
378,2025-06-05,1092,F06,Resistance Bands Set,Fitness,1,1500
378,2025-06-05,1092,F01,Running Shoes,Fitness,1,7500
379,2025-01-14,874,H03,Electric Kettle,Home & Kitchen,1,3200
379,2025-01-14,874,H06,Tea Infuser,Home & Kitchen,1,450
380,2025-04-04,995,E07,Smartwatch,Electronics,2,6500
380,2025-04-04,995,E08,Smartwatch Replacement Band,Electronics,1,900
381,2025-03-14,1255,H05,Travel Mug,Home & Kitchen,1,900
381,2025-03-14,1255,E06,Bluetooth Speaker,Electronics,1,4200
381,2025-03-14,1255,H04,Blender,Home & Kitchen,1,4800
382,2025-02-21,851,O06,Notebook & Pen Set,Office,1,600
382,2025-02-21,851,H03,Electric Kettle,Home & Kitchen,1,3200
382,2025-02-21,851,H04,Blender,Home & Kitchen,1,4800
383,2025-03-24,1174,O01,Laptop Bag,Office,1,3200
383,2025-03-24,1174,H03,Electric Kettle,Home & Kitchen,1,3200
383,2025-03-24,1174,P05,Extra Camera Battery,Photography,1,2600
383,2025-03-24,1174,E05,Power Bank 10000mAh,Electronics,1,2800
384,2025-01-11,861,O01,Laptop Bag,Office,1,3200
384,2025-01-11,861,F05,Yoga Mat,Fitness,2,2200
384,2025-01-11,861,E06,Bluetooth Speaker,Electronics,1,4200
384,2025-01-11,861,E02,Screen Protector,Electronics,1,350
385,2025-03-29,1433,P01,Digital Camera,Photography,1,45000
385,2025-03-29,1433,P02,Memory Card 128GB,Photography,1,2200
385,2025-03-29,1433,P03,Camera Bag,Photography,1,3800
386,2025-01-23,361,E01,Phone Case,Electronics,1,800
386,2025-01-23,361,E02,Screen Protector,Electronics,1,350
387,2025-06-22,1174,F07,Gym Bag,Fitness,1,2600
388,2025-01-16,331,P01,Digital Camera,Photography,2,45000
388,2025-01-16,331,P02,Memory Card 128GB,Photography,1,2200
388,2025-01-16,331,P03,Camera Bag,Photography,1,3800
389,2025-02-16,746,H01,Coffee Maker,Home & Kitchen,1,5500
389,2025-02-16,746,H02,Coffee Pods (Pack of 20),Home & Kitchen,1,1200
389,2025-02-16,746,H05,Travel Mug,Home & Kitchen,1,900
390,2025-06-08,865,F04,Fitness Tracker,Fitness,1,4500
390,2025-06-08,865,H07,Milk Frother,Home & Kitchen,1,1100
390,2025-06-08,865,F06,Resistance Bands Set,Fitness,1,1500
390,2025-06-08,865,F05,Yoga Mat,Fitness,1,2200
391,2025-04-02,1057,F04,Fitness Tracker,Fitness,1,4500
391,2025-04-02,1057,F03,Sports Water Bottle,Fitness,1,700
392,2025-01-05,1369,H03,Electric Kettle,Home & Kitchen,1,3200
392,2025-01-05,1369,H06,Tea Infuser,Home & Kitchen,1,450
392,2025-01-05,1369,H07,Milk Frother,Home & Kitchen,1,1100
393,2025-03-17,135,P03,Camera Bag,Photography,1,3800
393,2025-03-17,135,P02,Memory Card 128GB,Photography,1,2200
393,2025-03-17,135,P04,Tripod,Photography,1,3200
394,2025-04-04,474,E02,Screen Protector,Electronics,1,350
394,2025-04-04,474,H03,Electric Kettle,Home & Kitchen,2,3200
394,2025-04-04,474,H02,Coffee Pods (Pack of 20),Home & Kitchen,1,1200
394,2025-04-04,474,F04,Fitness Tracker,Fitness,1,4500
395,2025-04-03,1255,O04,Mechanical Keyboard,Office,1,5200
395,2025-04-03,1255,O06,Notebook & Pen Set,Office,1,600
395,2025-04-03,1255,H04,Blender,Home & Kitchen,1,4800
396,2025-03-22,933,F07,Gym Bag,Fitness,1,2600
396,2025-03-22,933,F05,Yoga Mat,Fitness,1,2200
396,2025-03-22,933,F06,Resistance Bands Set,Fitness,1,1500
397,2025-04-27,1722,F03,Sports Water Bottle,Fitness,1,700
398,2025-05-30,585,O01,Laptop Bag,Office,1,3200
398,2025-05-30,585,O02,Wireless Mouse,Office,1,1400
398,2025-05-30,585,O03,Laptop Stand,Office,2,2100
398,2025-05-30,585,F03,Sports Water Bottle,Fitness,1,700
399,2025-06-08,874,O05,Desk Lamp,Office,1,1800
400,2025-01-20,1719,E07,Smartwatch,Electronics,1,6500
401,2025-02-05,1557,E01,Phone Case,Electronics,1,800
401,2025-02-05,1557,E02,Screen Protector,Electronics,1,350
402,2025-02-19,420,P02,Memory Card 128GB,Photography,1,2200
402,2025-02-19,420,E03,Wireless Earphones,Electronics,1,3500
402,2025-02-19,420,P01,Digital Camera,Photography,1,45000
403,2025-06-10,1729,E03,Wireless Earphones,Electronics,1,3500
403,2025-06-10,1729,H04,Blender,Home & Kitchen,1,4800
403,2025-06-10,1729,F05,Yoga Mat,Fitness,1,2200
404,2025-05-31,824,E08,Smartwatch Replacement Band,Electronics,1,900
404,2025-05-31,824,E04,Fast Phone Charger,Electronics,1,1200
404,2025-05-31,824,H06,Tea Infuser,Home & Kitchen,1,450
405,2025-05-07,1666,F03,Sports Water Bottle,Fitness,1,700
406,2025-01-28,1324,H04,Blender,Home & Kitchen,1,4800
407,2025-01-20,562,H03,Electric Kettle,Home & Kitchen,1,3200
407,2025-01-20,562,H06,Tea Infuser,Home & Kitchen,2,450
407,2025-01-20,562,F06,Resistance Bands Set,Fitness,1,1500
408,2025-06-05,689,E02,Screen Protector,Electronics,1,350
409,2025-05-02,1455,H01,Coffee Maker,Home & Kitchen,1,5500
409,2025-05-02,1455,H02,Coffee Pods (Pack of 20),Home & Kitchen,1,1200
409,2025-05-02,1455,H05,Travel Mug,Home & Kitchen,1,900
410,2025-04-06,57,E07,Smartwatch,Electronics,1,6500
410,2025-04-06,57,E08,Smartwatch Replacement Band,Electronics,1,900
411,2025-05-22,1306,H01,Coffee Maker,Home & Kitchen,1,5500
411,2025-05-22,1306,H02,Coffee Pods (Pack of 20),Home & Kitchen,1,1200
412,2025-01-16,1163,F07,Gym Bag,Fitness,1,2600
413,2025-04-12,998,O01,Laptop Bag,Office,1,3200
413,2025-04-12,998,O02,Wireless Mouse,Office,1,1400
413,2025-04-12,998,O03,Laptop Stand,Office,1,2100
414,2025-02-19,830,E06,Bluetooth Speaker,Electronics,1,4200
414,2025-02-19,830,E07,Smartwatch,Electronics,1,6500
414,2025-02-19,830,H05,Travel Mug,Home & Kitchen,1,900
415,2025-05-02,1595,F07,Gym Bag,Fitness,1,2600
415,2025-05-02,1595,F05,Yoga Mat,Fitness,1,2200
415,2025-05-02,1595,F06,Resistance Bands Set,Fitness,2,1500
415,2025-05-02,1595,F01,Running Shoes,Fitness,2,7500
416,2025-05-30,561,O01,Laptop Bag,Office,1,3200
416,2025-05-30,561,O02,Wireless Mouse,Office,1,1400
416,2025-05-30,561,O03,Laptop Stand,Office,1,2100
417,2025-04-23,1279,H01,Coffee Maker,Home & Kitchen,1,5500
417,2025-04-23,1279,H02,Coffee Pods (Pack of 20),Home & Kitchen,1,1200
418,2025-04-05,747,E08,Smartwatch Replacement Band,Electronics,1,900
419,2025-03-30,1309,E05,Power Bank 10000mAh,Electronics,1,2800
419,2025-03-30,1309,O02,Wireless Mouse,Office,1,1400
420,2025-04-01,182,O01,Laptop Bag,Office,1,3200
420,2025-04-01,182,E06,Bluetooth Speaker,Electronics,1,4200
421,2025-06-24,763,E02,Screen Protector,Electronics,1,350
421,2025-06-24,763,O02,Wireless Mouse,Office,2,1400
422,2025-05-17,1710,F01,Running Shoes,Fitness,1,7500
422,2025-05-17,1710,F02,Running Socks (3-Pack),Fitness,1,950
422,2025-05-17,1710,F03,Sports Water Bottle,Fitness,1,700
423,2025-02-17,672,H01,Coffee Maker,Home & Kitchen,1,5500
424,2025-06-04,1071,E06,Bluetooth Speaker,Electronics,1,4200
425,2025-03-25,1269,O01,Laptop Bag,Office,1,3200
425,2025-03-25,1269,E03,Wireless Earphones,Electronics,1,3500
425,2025-03-25,1269,F07,Gym Bag,Fitness,1,2600
425,2025-03-25,1269,O04,Mechanical Keyboard,Office,1,5200
426,2025-06-05,1293,F04,Fitness Tracker,Fitness,2,4500
426,2025-06-05,1293,F03,Sports Water Bottle,Fitness,1,700
426,2025-06-05,1293,F02,Running Socks (3-Pack),Fitness,1,950
427,2025-05-30,775,F07,Gym Bag,Fitness,1,2600
427,2025-05-30,775,F05,Yoga Mat,Fitness,1,2200
428,2025-05-06,444,F07,Gym Bag,Fitness,2,2600
428,2025-05-06,444,F05,Yoga Mat,Fitness,1,2200
429,2025-05-11,699,F04,Fitness Tracker,Fitness,1,4500
429,2025-05-11,699,F03,Sports Water Bottle,Fitness,1,700
430,2025-04-25,1064,H04,Blender,Home & Kitchen,2,4800
430,2025-04-25,1064,E04,Fast Phone Charger,Electronics,1,1200
430,2025-04-25,1064,H02,Coffee Pods (Pack of 20),Home & Kitchen,1,1200
430,2025-04-25,1064,F07,Gym Bag,Fitness,1,2600
431,2025-02-25,652,O02,Wireless Mouse,Office,1,1400
431,2025-02-25,652,E07,Smartwatch,Electronics,1,6500
431,2025-02-25,652,E01,Phone Case,Electronics,1,800
432,2025-06-25,597,H03,Electric Kettle,Home & Kitchen,1,3200
433,2025-01-22,567,H07,Milk Frother,Home & Kitchen,1,1100
433,2025-01-22,567,E08,Smartwatch Replacement Band,Electronics,1,900
434,2025-06-10,1210,P05,Extra Camera Battery,Photography,1,2600
434,2025-06-10,1210,E01,Phone Case,Electronics,1,800
434,2025-06-10,1210,H02,Coffee Pods (Pack of 20),Home & Kitchen,1,1200
435,2025-06-13,10,H01,Coffee Maker,Home & Kitchen,1,5500
435,2025-06-13,10,H02,Coffee Pods (Pack of 20),Home & Kitchen,1,1200
435,2025-06-13,10,H07,Milk Frother,Home & Kitchen,1,1100
436,2025-04-26,1693,H06,Tea Infuser,Home & Kitchen,1,450
436,2025-04-26,1693,H04,Blender,Home & Kitchen,1,4800
436,2025-04-26,1693,E06,Bluetooth Speaker,Electronics,1,4200
437,2025-02-27,514,H01,Coffee Maker,Home & Kitchen,1,5500
437,2025-02-27,514,H02,Coffee Pods (Pack of 20),Home & Kitchen,2,1200
438,2025-03-16,199,H02,Coffee Pods (Pack of 20),Home & Kitchen,2,1200
439,2025-01-16,506,E01,Phone Case,Electronics,1,800
439,2025-01-16,506,O02,Wireless Mouse,Office,1,1400
439,2025-01-16,506,E03,Wireless Earphones,Electronics,1,3500
439,2025-01-16,506,O01,Laptop Bag,Office,1,3200
440,2025-02-09,1226,P01,Digital Camera,Photography,1,45000
440,2025-02-09,1226,P02,Memory Card 128GB,Photography,2,2200
440,2025-02-09,1226,P03,Camera Bag,Photography,1,3800
441,2025-02-01,351,E09,USB-C Cable,Electronics,1,450
441,2025-02-01,351,O04,Mechanical Keyboard,Office,1,5200
441,2025-02-01,351,O01,Laptop Bag,Office,1,3200
441,2025-02-01,351,O05,Desk Lamp,Office,1,1800
442,2025-02-02,1617,H04,Blender,Home & Kitchen,1,4800
443,2025-03-05,939,P01,Digital Camera,Photography,1,45000
443,2025-03-05,939,P02,Memory Card 128GB,Photography,1,2200
443,2025-03-05,939,P03,Camera Bag,Photography,1,3800
444,2025-04-02,1418,E07,Smartwatch,Electronics,1,6500
444,2025-04-02,1418,E08,Smartwatch Replacement Band,Electronics,1,900
445,2025-06-11,144,F03,Sports Water Bottle,Fitness,1,700
445,2025-06-11,144,F04,Fitness Tracker,Fitness,1,4500
446,2025-05-07,1419,F04,Fitness Tracker,Fitness,1,4500
446,2025-05-07,1419,F03,Sports Water Bottle,Fitness,1,700
447,2025-03-28,1338,E07,Smartwatch,Electronics,1,6500
447,2025-03-28,1338,E08,Smartwatch Replacement Band,Electronics,1,900
448,2025-06-30,1358,E01,Phone Case,Electronics,1,800
448,2025-06-30,1358,E02,Screen Protector,Electronics,1,350
449,2025-01-02,1289,F01,Running Shoes,Fitness,1,7500
450,2025-03-30,831,E06,Bluetooth Speaker,Electronics,1,4200
450,2025-03-30,831,H07,Milk Frother,Home & Kitchen,1,1100
451,2025-01-28,681,F07,Gym Bag,Fitness,1,2600
452,2025-02-11,914,O03,Laptop Stand,Office,1,2100
452,2025-02-11,914,O01,Laptop Bag,Office,1,3200
453,2025-02-02,1303,F04,Fitness Tracker,Fitness,1,4500
453,2025-02-02,1303,F03,Sports Water Bottle,Fitness,1,700
453,2025-02-02,1303,P04,Tripod,Photography,1,3200
454,2025-03-08,1601,F01,Running Shoes,Fitness,1,7500
454,2025-03-08,1601,F02,Running Socks (3-Pack),Fitness,1,950
455,2025-03-11,1648,O06,Notebook & Pen Set,Office,1,600
455,2025-03-11,1648,E09,USB-C Cable,Electronics,1,450
456,2025-01-10,746,P03,Camera Bag,Photography,1,3800
457,2025-04-25,1051,H02,Coffee Pods (Pack of 20),Home & Kitchen,1,1200
457,2025-04-25,1051,H06,Tea Infuser,Home & Kitchen,1,450
457,2025-04-25,1051,E04,Fast Phone Charger,Electronics,1,1200
458,2025-05-29,1371,P03,Camera Bag,Photography,1,3800
458,2025-05-29,1371,E10,Laptop Sleeve,Electronics,1,1800
459,2025-01-17,919,P01,Digital Camera,Photography,1,45000
459,2025-01-17,919,P02,Memory Card 128GB,Photography,1,2200
459,2025-01-17,919,P03,Camera Bag,Photography,1,3800
459,2025-01-17,919,E07,Smartwatch,Electronics,1,6500
460,2025-01-24,1517,E01,Phone Case,Electronics,1,800
460,2025-01-24,1517,E02,Screen Protector,Electronics,1,350
461,2025-02-26,131,E01,Phone Case,Electronics,1,800
461,2025-02-26,131,E02,Screen Protector,Electronics,1,350
462,2025-04-22,1103,F07,Gym Bag,Fitness,1,2600
462,2025-04-22,1103,F05,Yoga Mat,Fitness,2,2200
463,2025-05-09,1354,F06,Resistance Bands Set,Fitness,1,1500
463,2025-05-09,1354,E09,USB-C Cable,Electronics,1,450
464,2025-03-01,891,H01,Coffee Maker,Home & Kitchen,1,5500
464,2025-03-01,891,E08,Smartwatch Replacement Band,Electronics,1,900
465,2025-03-12,1496,H03,Electric Kettle,Home & Kitchen,1,3200
465,2025-03-12,1496,H06,Tea Infuser,Home & Kitchen,1,450
465,2025-03-12,1496,H07,Milk Frother,Home & Kitchen,1,1100
466,2025-01-10,223,E01,Phone Case,Electronics,1,800
466,2025-01-10,223,E02,Screen Protector,Electronics,1,350
467,2025-04-08,872,H01,Coffee Maker,Home & Kitchen,1,5500
467,2025-04-08,872,H02,Coffee Pods (Pack of 20),Home & Kitchen,1,1200
467,2025-04-08,872,F02,Running Socks (3-Pack),Fitness,1,950
468,2025-06-07,1688,E04,Fast Phone Charger,Electronics,1,1200
468,2025-06-07,1688,E05,Power Bank 10000mAh,Electronics,1,2800
468,2025-06-07,1688,E09,USB-C Cable,Electronics,1,450
469,2025-02-15,822,P02,Memory Card 128GB,Photography,1,2200
469,2025-02-15,822,F07,Gym Bag,Fitness,1,2600
470,2025-02-05,1524,F02,Running Socks (3-Pack),Fitness,1,950
471,2025-03-22,1475,F07,Gym Bag,Fitness,1,2600
471,2025-03-22,1475,F05,Yoga Mat,Fitness,1,2200
472,2025-01-06,252,F05,Yoga Mat,Fitness,2,2200
472,2025-01-06,252,O04,Mechanical Keyboard,Office,1,5200
472,2025-01-06,252,F07,Gym Bag,Fitness,2,2600
473,2025-01-30,1103,H03,Electric Kettle,Home & Kitchen,1,3200
473,2025-01-30,1103,H06,Tea Infuser,Home & Kitchen,1,450
474,2025-01-20,1450,E06,Bluetooth Speaker,Electronics,1,4200
475,2025-03-28,1222,O04,Mechanical Keyboard,Office,1,5200
475,2025-03-28,1222,H06,Tea Infuser,Home & Kitchen,1,450
476,2025-06-12,262,F02,Running Socks (3-Pack),Fitness,1,950
476,2025-06-12,262,H02,Coffee Pods (Pack of 20),Home & Kitchen,1,1200
476,2025-06-12,262,E06,Bluetooth Speaker,Electronics,1,4200
477,2025-02-14,611,H05,Travel Mug,Home & Kitchen,1,900
478,2025-01-15,440,H06,Tea Infuser,Home & Kitchen,1,450
479,2025-05-05,501,O01,Laptop Bag,Office,1,3200
479,2025-05-05,501,O02,Wireless Mouse,Office,1,1400
479,2025-05-05,501,O03,Laptop Stand,Office,2,2100
480,2025-03-01,627,O04,Mechanical Keyboard,Office,1,5200
480,2025-03-01,627,H02,Coffee Pods (Pack of 20),Home & Kitchen,2,1200
480,2025-03-01,627,E08,Smartwatch Replacement Band,Electronics,1,900
481,2025-03-10,997,F07,Gym Bag,Fitness,1,2600
481,2025-03-10,997,H02,Coffee Pods (Pack of 20),Home & Kitchen,1,1200
481,2025-03-10,997,F02,Running Socks (3-Pack),Fitness,1,950
481,2025-03-10,997,E05,Power Bank 10000mAh,Electronics,1,2800
482,2025-03-03,245,F01,Running Shoes,Fitness,2,7500
482,2025-03-03,245,F02,Running Socks (3-Pack),Fitness,1,950
482,2025-03-03,245,E09,USB-C Cable,Electronics,1,450
482,2025-03-03,245,P02,Memory Card 128GB,Photography,1,2200
483,2025-05-19,210,P02,Memory Card 128GB,Photography,1,2200
483,2025-05-19,210,E07,Smartwatch,Electronics,1,6500
484,2025-05-27,141,O03,Laptop Stand,Office,1,2100
484,2025-05-27,141,H05,Travel Mug,Home & Kitchen,1,900
484,2025-05-27,141,P03,Camera Bag,Photography,1,3800
484,2025-05-27,141,E04,Fast Phone Charger,Electronics,2,1200
485,2025-03-30,651,P04,Tripod,Photography,1,3200
485,2025-03-30,651,P01,Digital Camera,Photography,1,45000
485,2025-03-30,651,E06,Bluetooth Speaker,Electronics,1,4200
485,2025-03-30,651,H02,Coffee Pods (Pack of 20),Home & Kitchen,1,1200
486,2025-06-16,716,H04,Blender,Home & Kitchen,1,4800
487,2025-02-19,1727,H02,Coffee Pods (Pack of 20),Home & Kitchen,2,1200
488,2025-03-31,1693,F07,Gym Bag,Fitness,1,2600
489,2025-06-27,1346,E08,Smartwatch Replacement Band,Electronics,1,900
489,2025-06-27,1346,P01,Digital Camera,Photography,1,45000
489,2025-06-27,1346,E07,Smartwatch,Electronics,1,6500
490,2025-01-19,807,H02,Coffee Pods (Pack of 20),Home & Kitchen,1,1200
490,2025-01-19,807,P04,Tripod,Photography,1,3200
490,2025-01-19,807,F04,Fitness Tracker,Fitness,1,4500
491,2025-05-26,1621,F06,Resistance Bands Set,Fitness,2,1500
491,2025-05-26,1621,O06,Notebook & Pen Set,Office,1,600
491,2025-05-26,1621,H03,Electric Kettle,Home & Kitchen,2,3200
491,2025-05-26,1621,F02,Running Socks (3-Pack),Fitness,1,950
492,2025-05-01,134,H03,Electric Kettle,Home & Kitchen,1,3200
492,2025-05-01,134,H06,Tea Infuser,Home & Kitchen,1,450
493,2025-03-07,157,F07,Gym Bag,Fitness,1,2600
493,2025-03-07,157,F05,Yoga Mat,Fitness,1,2200
493,2025-03-07,157,P04,Tripod,Photography,1,3200
494,2025-04-14,844,H02,Coffee Pods (Pack of 20),Home & Kitchen,1,1200
494,2025-04-14,844,F02,Running Socks (3-Pack),Fitness,1,950
494,2025-04-14,844,O06,Notebook & Pen Set,Office,1,600
495,2025-04-04,1723,H02,Coffee Pods (Pack of 20),Home & Kitchen,1,1200
495,2025-04-04,1723,F05,Yoga Mat,Fitness,1,2200
495,2025-04-04,1723,E09,USB-C Cable,Electronics,1,450
496,2025-03-23,1036,E07,Smartwatch,Electronics,1,6500
496,2025-03-23,1036,E10,Laptop Sleeve,Electronics,2,1800
496,2025-03-23,1036,P05,Extra Camera Battery,Photography,1,2600
496,2025-03-23,1036,P03,Camera Bag,Photography,1,3800
497,2025-06-02,1696,O02,Wireless Mouse,Office,1,1400
497,2025-06-02,1696,F06,Resistance Bands Set,Fitness,1,1500
497,2025-06-02,1696,H01,Coffee Maker,Home & Kitchen,1,5500
497,2025-06-02,1696,H05,Travel Mug,Home & Kitchen,1,900
498,2025-02-18,513,P01,Digital Camera,Photography,1,45000
498,2025-02-18,513,P02,Memory Card 128GB,Photography,1,2200
498,2025-02-18,513,P03,Camera Bag,Photography,1,3800
499,2025-02-14,1418,H07,Milk Frother,Home & Kitchen,1,1100
499,2025-02-14,1418,O04,Mechanical Keyboard,Office,1,5200
499,2025-02-14,1418,E03,Wireless Earphones,Electronics,1,3500
499,2025-02-14,1418,P01,Digital Camera,Photography,1,45000
500,2025-06-03,229,E07,Smartwatch,Electronics,1,6500
500,2025-06-03,229,E08,Smartwatch Replacement Band,Electronics,2,900
501,2025-05-22,1352,E04,Fast Phone Charger,Electronics,1,1200
501,2025-05-22,1352,E05,Power Bank 10000mAh,Electronics,1,2800
502,2025-03-17,1322,H03,Electric Kettle,Home & Kitchen,1,3200
502,2025-03-17,1322,F05,Yoga Mat,Fitness,1,2200
502,2025-03-17,1322,F06,Resistance Bands Set,Fitness,1,1500
502,2025-03-17,1322,P01,Digital Camera,Photography,1,45000
503,2025-05-16,452,O04,Mechanical Keyboard,Office,1,5200
503,2025-05-16,452,E07,Smartwatch,Electronics,1,6500
503,2025-05-16,452,E05,Power Bank 10000mAh,Electronics,1,2800
503,2025-05-16,452,H05,Travel Mug,Home & Kitchen,1,900
504,2025-03-07,1683,E04,Fast Phone Charger,Electronics,1,1200
505,2025-02-11,134,E07,Smartwatch,Electronics,1,6500
505,2025-02-11,134,F05,Yoga Mat,Fitness,1,2200
505,2025-02-11,134,P04,Tripod,Photography,1,3200
506,2025-02-13,625,F03,Sports Water Bottle,Fitness,1,700
507,2025-05-16,1188,E01,Phone Case,Electronics,1,800
507,2025-05-16,1188,E02,Screen Protector,Electronics,1,350
507,2025-05-16,1188,E04,Fast Phone Charger,Electronics,1,1200
508,2025-01-14,833,E07,Smartwatch,Electronics,1,6500
508,2025-01-14,833,E08,Smartwatch Replacement Band,Electronics,1,900
508,2025-01-14,833,H01,Coffee Maker,Home & Kitchen,1,5500
509,2025-05-29,1122,O05,Desk Lamp,Office,1,1800
510,2025-01-24,1206,O03,Laptop Stand,Office,1,2100
510,2025-01-24,1206,E04,Fast Phone Charger,Electronics,1,1200
511,2025-03-22,576,H03,Electric Kettle,Home & Kitchen,1,3200
511,2025-03-22,576,H06,Tea Infuser,Home & Kitchen,1,450
511,2025-03-22,576,H07,Milk Frother,Home & Kitchen,1,1100
511,2025-03-22,576,F01,Running Shoes,Fitness,1,7500
512,2025-06-04,621,F07,Gym Bag,Fitness,1,2600
512,2025-06-04,621,F05,Yoga Mat,Fitness,1,2200
513,2025-04-04,67,P01,Digital Camera,Photography,1,45000
514,2025-02-04,795,H01,Coffee Maker,Home & Kitchen,1,5500
514,2025-02-04,795,H02,Coffee Pods (Pack of 20),Home & Kitchen,1,1200
514,2025-02-04,795,F03,Sports Water Bottle,Fitness,1,700
515,2025-03-23,980,O06,Notebook & Pen Set,Office,2,600
516,2025-05-24,744,H04,Blender,Home & Kitchen,1,4800
517,2025-05-05,991,H03,Electric Kettle,Home & Kitchen,1,3200
517,2025-05-05,991,H06,Tea Infuser,Home & Kitchen,2,450
517,2025-05-05,991,H07,Milk Frother,Home & Kitchen,1,1100
518,2025-05-24,265,F05,Yoga Mat,Fitness,1,2200
519,2025-01-24,557,H01,Coffee Maker,Home & Kitchen,1,5500
519,2025-01-24,557,H02,Coffee Pods (Pack of 20),Home & Kitchen,1,1200
520,2025-02-05,676,E01,Phone Case,Electronics,1,800
521,2025-02-16,570,E05,Power Bank 10000mAh,Electronics,1,2800
522,2025-05-24,265,P05,Extra Camera Battery,Photography,1,2600
523,2025-03-16,1103,O01,Laptop Bag,Office,1,3200
523,2025-03-16,1103,O02,Wireless Mouse,Office,1,1400
523,2025-03-16,1103,O03,Laptop Stand,Office,1,2100
524,2025-04-29,1183,E07,Smartwatch,Electronics,2,6500
524,2025-04-29,1183,E08,Smartwatch Replacement Band,Electronics,1,900
525,2025-02-27,632,E01,Phone Case,Electronics,1,800
525,2025-02-27,632,E02,Screen Protector,Electronics,1,350
525,2025-02-27,632,E04,Fast Phone Charger,Electronics,1,1200
526,2025-05-06,174,H01,Coffee Maker,Home & Kitchen,1,5500
526,2025-05-06,174,H02,Coffee Pods (Pack of 20),Home & Kitchen,1,1200
526,2025-05-06,174,H05,Travel Mug,Home & Kitchen,1,900
527,2025-05-31,771,H03,Electric Kettle,Home & Kitchen,2,3200
527,2025-05-31,771,H06,Tea Infuser,Home & Kitchen,1,450
527,2025-05-31,771,H07,Milk Frother,Home & Kitchen,1,1100
528,2025-02-04,215,H01,Coffee Maker,Home & Kitchen,1,5500
528,2025-02-04,215,F07,Gym Bag,Fitness,1,2600
528,2025-02-04,215,O05,Desk Lamp,Office,1,1800
529,2025-01-06,1035,O02,Wireless Mouse,Office,1,1400
529,2025-01-06,1035,P02,Memory Card 128GB,Photography,1,2200
529,2025-01-06,1035,F02,Running Socks (3-Pack),Fitness,1,950
530,2025-01-18,1518,E03,Wireless Earphones,Electronics,2,3500
531,2025-05-19,414,F04,Fitness Tracker,Fitness,1,4500
531,2025-05-19,414,F03,Sports Water Bottle,Fitness,1,700
532,2025-05-10,1798,O01,Laptop Bag,Office,1,3200
532,2025-05-10,1798,O02,Wireless Mouse,Office,1,1400
532,2025-05-10,1798,O03,Laptop Stand,Office,1,2100
532,2025-05-10,1798,O04,Mechanical Keyboard,Office,1,5200
533,2025-04-20,1695,E01,Phone Case,Electronics,1,800
533,2025-04-20,1695,E02,Screen Protector,Electronics,1,350
534,2025-01-16,359,P01,Digital Camera,Photography,1,45000
534,2025-01-16,359,P02,Memory Card 128GB,Photography,1,2200
534,2025-01-16,359,P03,Camera Bag,Photography,1,3800
534,2025-01-16,359,P04,Tripod,Photography,1,3200
535,2025-06-11,52,O01,Laptop Bag,Office,1,3200
535,2025-06-11,52,O02,Wireless Mouse,Office,1,1400
535,2025-06-11,52,O03,Laptop Stand,Office,1,2100
536,2025-06-03,780,F04,Fitness Tracker,Fitness,1,4500
536,2025-06-03,780,F03,Sports Water Bottle,Fitness,1,700
537,2025-06-19,1202,E10,Laptop Sleeve,Electronics,1,1800
537,2025-06-19,1202,H06,Tea Infuser,Home & Kitchen,1,450
537,2025-06-19,1202,H01,Coffee Maker,Home & Kitchen,1,5500
538,2025-06-19,854,E08,Smartwatch Replacement Band,Electronics,1,900
539,2025-01-02,660,F01,Running Shoes,Fitness,1,7500
540,2025-04-30,1494,P01,Digital Camera,Photography,1,45000
540,2025-04-30,1494,P02,Memory Card 128GB,Photography,1,2200
540,2025-04-30,1494,P03,Camera Bag,Photography,1,3800
541,2025-04-15,628,P02,Memory Card 128GB,Photography,1,2200
542,2025-06-26,1319,E07,Smartwatch,Electronics,1,6500
542,2025-06-26,1319,E08,Smartwatch Replacement Band,Electronics,1,900
542,2025-06-26,1319,P03,Camera Bag,Photography,1,3800
543,2025-04-24,175,E07,Smartwatch,Electronics,1,6500
543,2025-04-24,175,E05,Power Bank 10000mAh,Electronics,1,2800
544,2025-06-09,629,F03,Sports Water Bottle,Fitness,1,700
544,2025-06-09,629,O01,Laptop Bag,Office,1,3200
544,2025-06-09,629,E02,Screen Protector,Electronics,1,350
545,2025-02-07,1203,E04,Fast Phone Charger,Electronics,1,1200
545,2025-02-07,1203,E05,Power Bank 10000mAh,Electronics,1,2800
546,2025-06-16,702,H07,Milk Frother,Home & Kitchen,1,1100
546,2025-06-16,702,F01,Running Shoes,Fitness,1,7500
546,2025-06-16,702,E10,Laptop Sleeve,Electronics,1,1800
547,2025-03-01,948,O05,Desk Lamp,Office,1,1800
547,2025-03-01,948,H05,Travel Mug,Home & Kitchen,1,900
548,2025-03-14,1320,H01,Coffee Maker,Home & Kitchen,1,5500
549,2025-04-10,1331,F04,Fitness Tracker,Fitness,1,4500
550,2025-04-10,698,F04,Fitness Tracker,Fitness,1,4500
550,2025-04-10,698,F03,Sports Water Bottle,Fitness,1,700
551,2025-02-04,1060,F01,Running Shoes,Fitness,1,7500
552,2025-05-04,217,H01,Coffee Maker,Home & Kitchen,1,5500
552,2025-05-04,217,H02,Coffee Pods (Pack of 20),Home & Kitchen,1,1200
552,2025-05-04,217,E07,Smartwatch,Electronics,1,6500
553,2025-01-04,1707,F04,Fitness Tracker,Fitness,1,4500
553,2025-01-04,1707,O01,Laptop Bag,Office,2,3200
554,2025-06-28,537,F01,Running Shoes,Fitness,1,7500
554,2025-06-28,537,E07,Smartwatch,Electronics,1,6500
554,2025-06-28,537,H07,Milk Frother,Home & Kitchen,1,1100
554,2025-06-28,537,F06,Resistance Bands Set,Fitness,2,1500
555,2025-06-07,515,H01,Coffee Maker,Home & Kitchen,1,5500
556,2025-03-04,1220,E04,Fast Phone Charger,Electronics,1,1200
556,2025-03-04,1220,E05,Power Bank 10000mAh,Electronics,1,2800
556,2025-03-04,1220,E09,USB-C Cable,Electronics,2,450
556,2025-03-04,1220,E01,Phone Case,Electronics,1,800
557,2025-03-03,1045,F07,Gym Bag,Fitness,1,2600
557,2025-03-03,1045,H04,Blender,Home & Kitchen,1,4800
557,2025-03-03,1045,E01,Phone Case,Electronics,1,800
558,2025-02-21,711,E07,Smartwatch,Electronics,2,6500
558,2025-02-21,711,E08,Smartwatch Replacement Band,Electronics,1,900
559,2025-01-07,1640,F07,Gym Bag,Fitness,1,2600
559,2025-01-07,1640,F05,Yoga Mat,Fitness,1,2200
560,2025-03-06,975,H04,Blender,Home & Kitchen,2,4800
561,2025-04-08,1544,O04,Mechanical Keyboard,Office,2,5200
562,2025-05-08,1393,O01,Laptop Bag,Office,1,3200
562,2025-05-08,1393,O02,Wireless Mouse,Office,1,1400
562,2025-05-08,1393,O03,Laptop Stand,Office,1,2100
563,2025-05-12,1314,H03,Electric Kettle,Home & Kitchen,1,3200
563,2025-05-12,1314,H06,Tea Infuser,Home & Kitchen,1,450
564,2025-06-13,1329,E05,Power Bank 10000mAh,Electronics,1,2800
564,2025-06-13,1329,H04,Blender,Home & Kitchen,1,4800
564,2025-06-13,1329,O05,Desk Lamp,Office,1,1800
565,2025-05-17,390,F04,Fitness Tracker,Fitness,1,4500
565,2025-05-17,390,F03,Sports Water Bottle,Fitness,1,700
566,2025-03-18,996,O01,Laptop Bag,Office,1,3200
566,2025-03-18,996,O02,Wireless Mouse,Office,1,1400
566,2025-03-18,996,O03,Laptop Stand,Office,1,2100
566,2025-03-18,996,O04,Mechanical Keyboard,Office,1,5200
567,2025-04-02,1346,O01,Laptop Bag,Office,1,3200
567,2025-04-02,1346,O02,Wireless Mouse,Office,1,1400
567,2025-04-02,1346,O03,Laptop Stand,Office,1,2100
568,2025-02-27,1182,F06,Resistance Bands Set,Fitness,1,1500
568,2025-02-27,1182,H05,Travel Mug,Home & Kitchen,2,900
569,2025-03-15,1459,H06,Tea Infuser,Home & Kitchen,1,450
569,2025-03-15,1459,E03,Wireless Earphones,Electronics,1,3500
569,2025-03-15,1459,P04,Tripod,Photography,1,3200
570,2025-02-11,1280,H03,Electric Kettle,Home & Kitchen,1,3200
570,2025-02-11,1280,H06,Tea Infuser,Home & Kitchen,2,450
571,2025-01-13,1151,E07,Smartwatch,Electronics,1,6500
571,2025-01-13,1151,E08,Smartwatch Replacement Band,Electronics,1,900
572,2025-04-09,1316,O01,Laptop Bag,Office,1,3200
572,2025-04-09,1316,O02,Wireless Mouse,Office,1,1400
572,2025-04-09,1316,O03,Laptop Stand,Office,1,2100
573,2025-02-28,1644,H01,Coffee Maker,Home & Kitchen,1,5500
573,2025-02-28,1644,H02,Coffee Pods (Pack of 20),Home & Kitchen,1,1200
574,2025-03-24,1460,E01,Phone Case,Electronics,1,800
574,2025-03-24,1460,E02,Screen Protector,Electronics,1,350
574,2025-03-24,1460,P05,Extra Camera Battery,Photography,1,2600
575,2025-03-21,220,O03,Laptop Stand,Office,1,2100
575,2025-03-21,220,F06,Resistance Bands Set,Fitness,1,1500
575,2025-03-21,220,H06,Tea Infuser,Home & Kitchen,1,450
576,2025-03-02,413,P04,Tripod,Photography,1,3200
576,2025-03-02,413,H01,Coffee Maker,Home & Kitchen,1,5500
576,2025-03-02,413,E07,Smartwatch,Electronics,1,6500
576,2025-03-02,413,H07,Milk Frother,Home & Kitchen,1,1100
577,2025-04-11,357,E07,Smartwatch,Electronics,1,6500
577,2025-04-11,357,E08,Smartwatch Replacement Band,Electronics,1,900
578,2025-03-28,337,H03,Electric Kettle,Home & Kitchen,2,3200
579,2025-03-29,32,H03,Electric Kettle,Home & Kitchen,1,3200
579,2025-03-29,32,H06,Tea Infuser,Home & Kitchen,1,450
580,2025-06-30,1156,F07,Gym Bag,Fitness,1,2600
580,2025-06-30,1156,F05,Yoga Mat,Fitness,1,2200
581,2025-05-22,830,F02,Running Socks (3-Pack),Fitness,1,950
582,2025-05-16,1038,O01,Laptop Bag,Office,1,3200
582,2025-05-16,1038,O02,Wireless Mouse,Office,1,1400
582,2025-05-16,1038,O03,Laptop Stand,Office,2,2100
583,2025-04-16,448,F04,Fitness Tracker,Fitness,1,4500
583,2025-04-16,448,F03,Sports Water Bottle,Fitness,1,700
584,2025-03-10,1414,F01,Running Shoes,Fitness,1,7500
584,2025-03-10,1414,F02,Running Socks (3-Pack),Fitness,1,950
584,2025-03-10,1414,P04,Tripod,Photography,1,3200
585,2025-01-06,142,E03,Wireless Earphones,Electronics,1,3500
585,2025-01-06,142,O02,Wireless Mouse,Office,2,1400
585,2025-01-06,142,E07,Smartwatch,Electronics,1,6500
585,2025-01-06,142,P05,Extra Camera Battery,Photography,2,2600
586,2025-06-02,1760,F03,Sports Water Bottle,Fitness,1,700
587,2025-06-24,552,E07,Smartwatch,Electronics,1,6500
587,2025-06-24,552,E08,Smartwatch Replacement Band,Electronics,2,900
587,2025-06-24,552,E09,USB-C Cable,Electronics,1,450
588,2025-02-10,1213,F07,Gym Bag,Fitness,1,2600
588,2025-02-10,1213,F05,Yoga Mat,Fitness,1,2200
589,2025-05-28,371,E06,Bluetooth Speaker,Electronics,1,4200
590,2025-01-16,1397,O01,Laptop Bag,Office,1,3200
590,2025-01-16,1397,O02,Wireless Mouse,Office,1,1400
590,2025-01-16,1397,O03,Laptop Stand,Office,1,2100
591,2025-01-01,1687,H01,Coffee Maker,Home & Kitchen,1,5500
591,2025-01-01,1687,H02,Coffee Pods (Pack of 20),Home & Kitchen,1,1200
592,2025-03-26,611,E07,Smartwatch,Electronics,1,6500
592,2025-03-26,611,E08,Smartwatch Replacement Band,Electronics,1,900
593,2025-04-06,977,F01,Running Shoes,Fitness,1,7500
593,2025-04-06,977,F02,Running Socks (3-Pack),Fitness,1,950
593,2025-04-06,977,F03,Sports Water Bottle,Fitness,1,700
594,2025-06-24,596,F01,Running Shoes,Fitness,1,7500
594,2025-06-24,596,H03,Electric Kettle,Home & Kitchen,2,3200
594,2025-06-24,596,H02,Coffee Pods (Pack of 20),Home & Kitchen,2,1200
594,2025-06-24,596,F06,Resistance Bands Set,Fitness,1,1500
595,2025-04-25,1766,E01,Phone Case,Electronics,1,800
595,2025-04-25,1766,E02,Screen Protector,Electronics,2,350
596,2025-02-16,865,P01,Digital Camera,Photography,1,45000
596,2025-02-16,865,P02,Memory Card 128GB,Photography,1,2200
596,2025-02-16,865,P03,Camera Bag,Photography,1,3800
597,2025-06-22,41,H01,Coffee Maker,Home & Kitchen,2,5500
597,2025-06-22,41,H02,Coffee Pods (Pack of 20),Home & Kitchen,1,1200
597,2025-06-22,41,F06,Resistance Bands Set,Fitness,1,1500
598,2025-05-02,1419,P01,Digital Camera,Photography,1,45000
598,2025-05-02,1419,P02,Memory Card 128GB,Photography,1,2200
598,2025-05-02,1419,P03,Camera Bag,Photography,1,3800
599,2025-03-14,743,F02,Running Socks (3-Pack),Fitness,1,950
600,2025-05-26,711,E06,Bluetooth Speaker,Electronics,1,4200
601,2025-01-11,795,P01,Digital Camera,Photography,1,45000
601,2025-01-11,795,P02,Memory Card 128GB,Photography,2,2200
601,2025-01-11,795,P03,Camera Bag,Photography,1,3800
601,2025-01-11,795,P04,Tripod,Photography,1,3200
602,2025-05-19,145,F07,Gym Bag,Fitness,1,2600
602,2025-05-19,145,F05,Yoga Mat,Fitness,1,2200
603,2025-01-10,786,O01,Laptop Bag,Office,1,3200
603,2025-01-10,786,P04,Tripod,Photography,1,3200
604,2025-04-19,15,O02,Wireless Mouse,Office,1,1400
604,2025-04-19,15,H06,Tea Infuser,Home & Kitchen,1,450
605,2025-02-15,1044,O03,Laptop Stand,Office,1,2100
605,2025-02-15,1044,P04,Tripod,Photography,1,3200
605,2025-02-15,1044,P01,Digital Camera,Photography,1,45000
606,2025-03-03,61,F06,Resistance Bands Set,Fitness,1,1500
607,2025-04-10,1533,E04,Fast Phone Charger,Electronics,1,1200
608,2025-03-06,1600,F07,Gym Bag,Fitness,1,2600
609,2025-05-19,567,F02,Running Socks (3-Pack),Fitness,1,950
610,2025-01-31,1599,P01,Digital Camera,Photography,1,45000
610,2025-01-31,1599,P02,Memory Card 128GB,Photography,1,2200
610,2025-01-31,1599,P03,Camera Bag,Photography,1,3800
610,2025-01-31,1599,E03,Wireless Earphones,Electronics,1,3500
611,2025-05-07,110,F02,Running Socks (3-Pack),Fitness,1,950
611,2025-05-07,110,F07,Gym Bag,Fitness,1,2600
612,2025-06-19,1316,O03,Laptop Stand,Office,1,2100
612,2025-06-19,1316,H04,Blender,Home & Kitchen,1,4800
612,2025-06-19,1316,O01,Laptop Bag,Office,1,3200
612,2025-06-19,1316,E03,Wireless Earphones,Electronics,2,3500
613,2025-05-19,1066,H05,Travel Mug,Home & Kitchen,1,900
613,2025-05-19,1066,E10,Laptop Sleeve,Electronics,1,1800
614,2025-01-10,1716,F06,Resistance Bands Set,Fitness,1,1500
615,2025-02-08,833,E08,Smartwatch Replacement Band,Electronics,2,900
616,2025-01-09,1010,F02,Running Socks (3-Pack),Fitness,2,950
617,2025-03-02,949,E01,Phone Case,Electronics,1,800
617,2025-03-02,949,E02,Screen Protector,Electronics,1,350
618,2025-03-05,1288,F01,Running Shoes,Fitness,1,7500
618,2025-03-05,1288,F02,Running Socks (3-Pack),Fitness,1,950
618,2025-03-05,1288,F03,Sports Water Bottle,Fitness,1,700
619,2025-01-21,1330,O01,Laptop Bag,Office,1,3200
619,2025-01-21,1330,O02,Wireless Mouse,Office,2,1400
619,2025-01-21,1330,O03,Laptop Stand,Office,1,2100
620,2025-06-29,228,E04,Fast Phone Charger,Electronics,2,1200
620,2025-06-29,228,E05,Power Bank 10000mAh,Electronics,1,2800
621,2025-03-02,1257,O05,Desk Lamp,Office,2,1800
622,2025-06-14,115,H01,Coffee Maker,Home & Kitchen,1,5500
622,2025-06-14,115,H02,Coffee Pods (Pack of 20),Home & Kitchen,2,1200
622,2025-06-14,115,H05,Travel Mug,Home & Kitchen,1,900
622,2025-06-14,115,O02,Wireless Mouse,Office,1,1400
623,2025-05-06,47,F01,Running Shoes,Fitness,1,7500
623,2025-05-06,47,F02,Running Socks (3-Pack),Fitness,1,950
624,2025-04-16,1426,H03,Electric Kettle,Home & Kitchen,1,3200
624,2025-04-16,1426,H06,Tea Infuser,Home & Kitchen,1,450
624,2025-04-16,1426,H07,Milk Frother,Home & Kitchen,1,1100
624,2025-04-16,1426,E10,Laptop Sleeve,Electronics,1,1800
625,2025-04-07,1157,H01,Coffee Maker,Home & Kitchen,1,5500
625,2025-04-07,1157,H02,Coffee Pods (Pack of 20),Home & Kitchen,1,1200
626,2025-01-07,901,H03,Electric Kettle,Home & Kitchen,1,3200
626,2025-01-07,901,H06,Tea Infuser,Home & Kitchen,1,450
627,2025-01-11,615,H04,Blender,Home & Kitchen,1,4800
628,2025-03-02,379,E09,USB-C Cable,Electronics,2,450
629,2025-01-11,691,E08,Smartwatch Replacement Band,Electronics,2,900
630,2025-06-16,38,F01,Running Shoes,Fitness,1,7500
630,2025-06-16,38,F02,Running Socks (3-Pack),Fitness,1,950
631,2025-03-06,1786,E04,Fast Phone Charger,Electronics,1,1200
631,2025-03-06,1786,E05,Power Bank 10000mAh,Electronics,1,2800
631,2025-03-06,1786,E09,USB-C Cable,Electronics,1,450
631,2025-03-06,1786,E02,Screen Protector,Electronics,1,350
632,2025-05-07,773,P05,Extra Camera Battery,Photography,1,2600
633,2025-01-14,1374,F04,Fitness Tracker,Fitness,1,4500
633,2025-01-14,1374,F03,Sports Water Bottle,Fitness,1,700
634,2025-02-28,1366,P01,Digital Camera,Photography,1,45000
634,2025-02-28,1366,P02,Memory Card 128GB,Photography,1,2200
634,2025-02-28,1366,P03,Camera Bag,Photography,2,3800
635,2025-01-08,1180,P01,Digital Camera,Photography,2,45000
635,2025-01-08,1180,H04,Blender,Home & Kitchen,1,4800
636,2025-02-20,382,F04,Fitness Tracker,Fitness,1,4500
636,2025-02-20,382,F03,Sports Water Bottle,Fitness,1,700
637,2025-03-03,164,E04,Fast Phone Charger,Electronics,1,1200
637,2025-03-03,164,E01,Phone Case,Electronics,1,800
638,2025-03-22,1719,E10,Laptop Sleeve,Electronics,1,1800
639,2025-02-05,405,E03,Wireless Earphones,Electronics,1,3500
639,2025-02-05,405,P01,Digital Camera,Photography,1,45000
640,2025-05-21,1357,H01,Coffee Maker,Home & Kitchen,1,5500
640,2025-05-21,1357,H02,Coffee Pods (Pack of 20),Home & Kitchen,1,1200
641,2025-06-10,381,E01,Phone Case,Electronics,1,800
641,2025-06-10,381,E02,Screen Protector,Electronics,1,350
642,2025-05-14,313,H01,Coffee Maker,Home & Kitchen,1,5500
642,2025-05-14,313,H02,Coffee Pods (Pack of 20),Home & Kitchen,1,1200
643,2025-02-04,1232,F07,Gym Bag,Fitness,1,2600
643,2025-02-04,1232,O03,Laptop Stand,Office,2,2100
643,2025-02-04,1232,H07,Milk Frother,Home & Kitchen,1,1100
643,2025-02-04,1232,P03,Camera Bag,Photography,1,3800
644,2025-01-23,669,H06,Tea Infuser,Home & Kitchen,1,450
645,2025-03-27,711,F03,Sports Water Bottle,Fitness,1,700
646,2025-06-06,949,H06,Tea Infuser,Home & Kitchen,1,450
646,2025-06-06,949,E06,Bluetooth Speaker,Electronics,1,4200
646,2025-06-06,949,H03,Electric Kettle,Home & Kitchen,1,3200
647,2025-06-07,646,F02,Running Socks (3-Pack),Fitness,1,950
648,2025-06-23,474,O02,Wireless Mouse,Office,1,1400
648,2025-06-23,474,P02,Memory Card 128GB,Photography,1,2200
649,2025-03-10,1511,E04,Fast Phone Charger,Electronics,1,1200
649,2025-03-10,1511,E05,Power Bank 10000mAh,Electronics,1,2800
649,2025-03-10,1511,O04,Mechanical Keyboard,Office,1,5200
650,2025-06-24,808,E07,Smartwatch,Electronics,1,6500
650,2025-06-24,808,E04,Fast Phone Charger,Electronics,1,1200
651,2025-03-15,523,E04,Fast Phone Charger,Electronics,1,1200
651,2025-03-15,523,E05,Power Bank 10000mAh,Electronics,1,2800
652,2025-03-24,1199,E07,Smartwatch,Electronics,1,6500
652,2025-03-24,1199,E08,Smartwatch Replacement Band,Electronics,1,900
653,2025-02-03,670,E04,Fast Phone Charger,Electronics,1,1200
653,2025-02-03,670,E10,Laptop Sleeve,Electronics,1,1800
653,2025-02-03,670,E05,Power Bank 10000mAh,Electronics,1,2800
653,2025-02-03,670,H07,Milk Frother,Home & Kitchen,1,1100
654,2025-04-14,645,P01,Digital Camera,Photography,1,45000
654,2025-04-14,645,P02,Memory Card 128GB,Photography,1,2200
654,2025-04-14,645,P03,Camera Bag,Photography,1,3800
654,2025-04-14,645,P04,Tripod,Photography,1,3200
654,2025-04-14,645,E01,Phone Case,Electronics,1,800
655,2025-01-19,278,E04,Fast Phone Charger,Electronics,1,1200
655,2025-01-19,278,E05,Power Bank 10000mAh,Electronics,1,2800
655,2025-01-19,278,E09,USB-C Cable,Electronics,1,450
656,2025-01-10,1371,H01,Coffee Maker,Home & Kitchen,1,5500
656,2025-01-10,1371,H02,Coffee Pods (Pack of 20),Home & Kitchen,1,1200
657,2025-01-10,1508,E01,Phone Case,Electronics,1,800
657,2025-01-10,1508,P03,Camera Bag,Photography,1,3800
658,2025-05-04,1505,F06,Resistance Bands Set,Fitness,1,1500
659,2025-02-20,134,E04,Fast Phone Charger,Electronics,1,1200
659,2025-02-20,134,E05,Power Bank 10000mAh,Electronics,1,2800
659,2025-02-20,134,E09,USB-C Cable,Electronics,1,450
659,2025-02-20,134,H05,Travel Mug,Home & Kitchen,1,900
660,2025-02-15,1353,O01,Laptop Bag,Office,1,3200
660,2025-02-15,1353,F05,Yoga Mat,Fitness,1,2200
661,2025-05-31,80,E05,Power Bank 10000mAh,Electronics,1,2800
662,2025-03-23,765,O01,Laptop Bag,Office,1,3200
662,2025-03-23,765,O02,Wireless Mouse,Office,1,1400
662,2025-03-23,765,O03,Laptop Stand,Office,1,2100
663,2025-02-21,1157,O03,Laptop Stand,Office,1,2100
663,2025-02-21,1157,P03,Camera Bag,Photography,1,3800
664,2025-04-13,1402,O05,Desk Lamp,Office,2,1800
664,2025-04-13,1402,E03,Wireless Earphones,Electronics,1,3500
664,2025-04-13,1402,P01,Digital Camera,Photography,1,45000
664,2025-04-13,1402,O03,Laptop Stand,Office,1,2100
665,2025-04-23,73,E04,Fast Phone Charger,Electronics,1,1200
665,2025-04-23,73,E05,Power Bank 10000mAh,Electronics,1,2800
666,2025-04-06,542,F03,Sports Water Bottle,Fitness,1,700
667,2025-06-14,223,F06,Resistance Bands Set,Fitness,1,1500
667,2025-06-14,223,E02,Screen Protector,Electronics,1,350
667,2025-06-14,223,O02,Wireless Mouse,Office,1,1400
668,2025-02-21,5,F07,Gym Bag,Fitness,1,2600
669,2025-04-03,463,F01,Running Shoes,Fitness,1,7500
670,2025-03-21,1033,H05,Travel Mug,Home & Kitchen,1,900
670,2025-03-21,1033,F03,Sports Water Bottle,Fitness,1,700
670,2025-03-21,1033,F05,Yoga Mat,Fitness,2,2200
670,2025-03-21,1033,E08,Smartwatch Replacement Band,Electronics,1,900
671,2025-04-06,380,H01,Coffee Maker,Home & Kitchen,1,5500
672,2025-01-26,390,O02,Wireless Mouse,Office,2,1400
672,2025-01-26,390,E09,USB-C Cable,Electronics,1,450
672,2025-01-26,390,E03,Wireless Earphones,Electronics,1,3500
672,2025-01-26,390,E07,Smartwatch,Electronics,1,6500
673,2025-03-28,1686,O05,Desk Lamp,Office,1,1800
673,2025-03-28,1686,F06,Resistance Bands Set,Fitness,1,1500
673,2025-03-28,1686,E02,Screen Protector,Electronics,1,350
674,2025-01-08,1213,E01,Phone Case,Electronics,1,800
674,2025-01-08,1213,E03,Wireless Earphones,Electronics,1,3500
675,2025-05-07,139,P04,Tripod,Photography,1,3200
675,2025-05-07,139,E06,Bluetooth Speaker,Electronics,1,4200
676,2025-05-14,619,H01,Coffee Maker,Home & Kitchen,1,5500
676,2025-05-14,619,H02,Coffee Pods (Pack of 20),Home & Kitchen,2,1200
677,2025-01-18,1166,F05,Yoga Mat,Fitness,1,2200
677,2025-01-18,1166,E10,Laptop Sleeve,Electronics,1,1800
677,2025-01-18,1166,E01,Phone Case,Electronics,1,800
678,2025-01-24,238,H03,Electric Kettle,Home & Kitchen,1,3200
678,2025-01-24,238,H06,Tea Infuser,Home & Kitchen,1,450
678,2025-01-24,238,H05,Travel Mug,Home & Kitchen,1,900
679,2025-03-08,722,F05,Yoga Mat,Fitness,1,2200
680,2025-01-13,1249,F07,Gym Bag,Fitness,1,2600
680,2025-01-13,1249,F05,Yoga Mat,Fitness,1,2200
680,2025-01-13,1249,F06,Resistance Bands Set,Fitness,1,1500
681,2025-01-28,1061,F01,Running Shoes,Fitness,1,7500
681,2025-01-28,1061,F02,Running Socks (3-Pack),Fitness,1,950
681,2025-01-28,1061,F03,Sports Water Bottle,Fitness,1,700
682,2025-05-28,895,H07,Milk Frother,Home & Kitchen,1,1100
682,2025-05-28,895,F06,Resistance Bands Set,Fitness,1,1500
682,2025-05-28,895,F03,Sports Water Bottle,Fitness,2,700
682,2025-05-28,895,O03,Laptop Stand,Office,2,2100
683,2025-03-18,1416,E07,Smartwatch,Electronics,1,6500
683,2025-03-18,1416,O03,Laptop Stand,Office,1,2100
684,2025-06-14,704,P04,Tripod,Photography,1,3200
685,2025-03-03,366,F07,Gym Bag,Fitness,1,2600
685,2025-03-03,366,F01,Running Shoes,Fitness,1,7500
685,2025-03-03,366,H02,Coffee Pods (Pack of 20),Home & Kitchen,1,1200
686,2025-04-24,879,P01,Digital Camera,Photography,1,45000
687,2025-05-05,1590,F07,Gym Bag,Fitness,1,2600
687,2025-05-05,1590,F05,Yoga Mat,Fitness,1,2200
688,2025-05-09,1027,E09,USB-C Cable,Electronics,1,450
688,2025-05-09,1027,O04,Mechanical Keyboard,Office,1,5200
688,2025-05-09,1027,O02,Wireless Mouse,Office,1,1400
689,2025-03-24,1640,F01,Running Shoes,Fitness,1,7500
689,2025-03-24,1640,F02,Running Socks (3-Pack),Fitness,1,950
689,2025-03-24,1640,F03,Sports Water Bottle,Fitness,1,700
690,2025-05-06,1397,H03,Electric Kettle,Home & Kitchen,1,3200
690,2025-05-06,1397,F02,Running Socks (3-Pack),Fitness,1,950
690,2025-05-06,1397,P02,Memory Card 128GB,Photography,1,2200
690,2025-05-06,1397,F05,Yoga Mat,Fitness,1,2200
691,2025-05-27,1352,O01,Laptop Bag,Office,2,3200
691,2025-05-27,1352,O02,Wireless Mouse,Office,1,1400
691,2025-05-27,1352,O03,Laptop Stand,Office,1,2100
692,2025-05-12,967,H02,Coffee Pods (Pack of 20),Home & Kitchen,1,1200
693,2025-04-25,583,O03,Laptop Stand,Office,1,2100
694,2025-01-17,1290,F04,Fitness Tracker,Fitness,1,4500
694,2025-01-17,1290,F03,Sports Water Bottle,Fitness,1,700
695,2025-02-18,1717,E04,Fast Phone Charger,Electronics,1,1200
695,2025-02-18,1717,E05,Power Bank 10000mAh,Electronics,1,2800
696,2025-03-03,259,H05,Travel Mug,Home & Kitchen,1,900
697,2025-01-19,1684,F01,Running Shoes,Fitness,1,7500
698,2025-02-24,1752,H01,Coffee Maker,Home & Kitchen,1,5500
698,2025-02-24,1752,H02,Coffee Pods (Pack of 20),Home & Kitchen,1,1200
698,2025-02-24,1752,H05,Travel Mug,Home & Kitchen,1,900
699,2025-04-14,145,E04,Fast Phone Charger,Electronics,1,1200
699,2025-04-14,145,E05,Power Bank 10000mAh,Electronics,1,2800
699,2025-04-14,145,E09,USB-C Cable,Electronics,1,450
700,2025-05-10,64,H06,Tea Infuser,Home & Kitchen,1,450
701,2025-02-28,700,O04,Mechanical Keyboard,Office,2,5200
701,2025-02-28,700,H02,Coffee Pods (Pack of 20),Home & Kitchen,1,1200
702,2025-05-22,1276,F04,Fitness Tracker,Fitness,1,4500
702,2025-05-22,1276,F03,Sports Water Bottle,Fitness,1,700
703,2025-01-25,276,F07,Gym Bag,Fitness,1,2600
703,2025-01-25,276,F05,Yoga Mat,Fitness,1,2200
703,2025-01-25,276,F06,Resistance Bands Set,Fitness,2,1500
703,2025-01-25,276,O02,Wireless Mouse,Office,1,1400
704,2025-03-15,1110,H01,Coffee Maker,Home & Kitchen,1,5500
705,2025-04-02,316,F04,Fitness Tracker,Fitness,1,4500
705,2025-04-02,316,F03,Sports Water Bottle,Fitness,1,700
706,2025-05-10,815,H03,Electric Kettle,Home & Kitchen,1,3200
706,2025-05-10,815,E03,Wireless Earphones,Electronics,1,3500
707,2025-05-28,257,E06,Bluetooth Speaker,Electronics,1,4200
708,2025-06-12,750,H04,Blender,Home & Kitchen,1,4800
709,2025-04-09,638,F07,Gym Bag,Fitness,1,2600
709,2025-04-09,638,F05,Yoga Mat,Fitness,1,2200
709,2025-04-09,638,F06,Resistance Bands Set,Fitness,1,1500
709,2025-04-09,638,F01,Running Shoes,Fitness,1,7500
710,2025-06-02,383,P01,Digital Camera,Photography,1,45000
710,2025-06-02,383,P02,Memory Card 128GB,Photography,1,2200
710,2025-06-02,383,P03,Camera Bag,Photography,1,3800
711,2025-03-06,411,H04,Blender,Home & Kitchen,1,4800
712,2025-06-21,881,E04,Fast Phone Charger,Electronics,1,1200
712,2025-06-21,881,E05,Power Bank 10000mAh,Electronics,1,2800
713,2025-06-21,1307,E07,Smartwatch,Electronics,1,6500
713,2025-06-21,1307,E08,Smartwatch Replacement Band,Electronics,1,900
713,2025-06-21,1307,P01,Digital Camera,Photography,1,45000
714,2025-03-05,1249,F01,Running Shoes,Fitness,1,7500
715,2025-01-28,1279,O03,Laptop Stand,Office,2,2100
716,2025-03-14,1270,F06,Resistance Bands Set,Fitness,1,1500
716,2025-03-14,1270,E09,USB-C Cable,Electronics,1,450
716,2025-03-14,1270,E08,Smartwatch Replacement Band,Electronics,1,900
717,2025-04-21,993,H03,Electric Kettle,Home & Kitchen,1,3200
717,2025-04-21,993,H06,Tea Infuser,Home & Kitchen,1,450
718,2025-01-24,1332,H01,Coffee Maker,Home & Kitchen,1,5500
718,2025-01-24,1332,H02,Coffee Pods (Pack of 20),Home & Kitchen,1,1200
719,2025-03-30,1332,H03,Electric Kettle,Home & Kitchen,2,3200
720,2025-05-06,1348,E08,Smartwatch Replacement Band,Electronics,1,900
721,2025-06-21,437,H03,Electric Kettle,Home & Kitchen,1,3200
721,2025-06-21,437,H06,Tea Infuser,Home & Kitchen,1,450
722,2025-01-12,1110,O01,Laptop Bag,Office,1,3200
723,2025-01-24,1794,F02,Running Socks (3-Pack),Fitness,1,950
723,2025-01-24,1794,F04,Fitness Tracker,Fitness,1,4500
723,2025-01-24,1794,O04,Mechanical Keyboard,Office,1,5200
723,2025-01-24,1794,P02,Memory Card 128GB,Photography,1,2200
724,2025-03-05,1050,O01,Laptop Bag,Office,2,3200
724,2025-03-05,1050,O02,Wireless Mouse,Office,1,1400
724,2025-03-05,1050,O03,Laptop Stand,Office,1,2100
725,2025-01-01,1571,F01,Running Shoes,Fitness,1,7500
725,2025-01-01,1571,F02,Running Socks (3-Pack),Fitness,1,950
726,2025-04-20,1472,E04,Fast Phone Charger,Electronics,1,1200
727,2025-06-22,1214,E03,Wireless Earphones,Electronics,1,3500
727,2025-06-22,1214,H03,Electric Kettle,Home & Kitchen,1,3200
727,2025-06-22,1214,E08,Smartwatch Replacement Band,Electronics,1,900
728,2025-01-27,18,O01,Laptop Bag,Office,1,3200
728,2025-01-27,18,O02,Wireless Mouse,Office,1,1400
728,2025-01-27,18,O03,Laptop Stand,Office,1,2100
729,2025-04-25,1517,E07,Smartwatch,Electronics,2,6500
729,2025-04-25,1517,E08,Smartwatch Replacement Band,Electronics,1,900
730,2025-06-16,109,E08,Smartwatch Replacement Band,Electronics,1,900
731,2025-02-23,1170,F04,Fitness Tracker,Fitness,2,4500
731,2025-02-23,1170,F03,Sports Water Bottle,Fitness,1,700
732,2025-03-28,1285,E04,Fast Phone Charger,Electronics,1,1200
732,2025-03-28,1285,E05,Power Bank 10000mAh,Electronics,1,2800
733,2025-02-22,1573,F07,Gym Bag,Fitness,1,2600
733,2025-02-22,1573,F05,Yoga Mat,Fitness,1,2200
734,2025-01-01,468,H03,Electric Kettle,Home & Kitchen,1,3200
734,2025-01-01,468,H06,Tea Infuser,Home & Kitchen,1,450
734,2025-01-01,468,P04,Tripod,Photography,1,3200
735,2025-06-07,562,O01,Laptop Bag,Office,1,3200
735,2025-06-07,562,O02,Wireless Mouse,Office,1,1400
735,2025-06-07,562,O03,Laptop Stand,Office,1,2100
736,2025-06-06,456,H03,Electric Kettle,Home & Kitchen,1,3200
736,2025-06-06,456,O05,Desk Lamp,Office,1,1800
737,2025-05-30,389,F01,Running Shoes,Fitness,1,7500
737,2025-05-30,389,F02,Running Socks (3-Pack),Fitness,1,950
738,2025-05-09,1170,O01,Laptop Bag,Office,1,3200
738,2025-05-09,1170,E02,Screen Protector,Electronics,1,350
738,2025-05-09,1170,O04,Mechanical Keyboard,Office,1,5200
738,2025-05-09,1170,H01,Coffee Maker,Home & Kitchen,1,5500
739,2025-06-08,627,F07,Gym Bag,Fitness,1,2600
739,2025-06-08,627,F05,Yoga Mat,Fitness,1,2200
739,2025-06-08,627,F06,Resistance Bands Set,Fitness,2,1500
740,2025-06-23,643,H01,Coffee Maker,Home & Kitchen,1,5500
740,2025-06-23,643,H02,Coffee Pods (Pack of 20),Home & Kitchen,1,1200
740,2025-06-23,643,H05,Travel Mug,Home & Kitchen,1,900
741,2025-02-24,667,F06,Resistance Bands Set,Fitness,1,1500
742,2025-05-05,546,F04,Fitness Tracker,Fitness,1,4500
742,2025-05-05,546,F03,Sports Water Bottle,Fitness,1,700
743,2025-02-17,1461,O02,Wireless Mouse,Office,2,1400
744,2025-06-06,339,O01,Laptop Bag,Office,1,3200
744,2025-06-06,339,P03,Camera Bag,Photography,1,3800
744,2025-06-06,339,P01,Digital Camera,Photography,1,45000
744,2025-06-06,339,F03,Sports Water Bottle,Fitness,2,700
745,2025-01-11,367,E01,Phone Case,Electronics,1,800
745,2025-01-11,367,O03,Laptop Stand,Office,1,2100
746,2025-04-29,906,H02,Coffee Pods (Pack of 20),Home & Kitchen,1,1200
746,2025-04-29,906,P01,Digital Camera,Photography,2,45000
746,2025-04-29,906,H07,Milk Frother,Home & Kitchen,1,1100
747,2025-02-02,668,F04,Fitness Tracker,Fitness,1,4500
747,2025-02-02,668,F03,Sports Water Bottle,Fitness,1,700
748,2025-01-01,1552,E07,Smartwatch,Electronics,1,6500
748,2025-01-01,1552,E08,Smartwatch Replacement Band,Electronics,1,900
749,2025-04-28,542,H03,Electric Kettle,Home & Kitchen,2,3200
749,2025-04-28,542,P01,Digital Camera,Photography,1,45000
749,2025-04-28,542,E02,Screen Protector,Electronics,1,350
750,2025-02-03,892,H01,Coffee Maker,Home & Kitchen,2,5500
750,2025-02-03,892,H02,Coffee Pods (Pack of 20),Home & Kitchen,1,1200
751,2025-05-10,1321,H02,Coffee Pods (Pack of 20),Home & Kitchen,1,1200
752,2025-02-07,1051,F03,Sports Water Bottle,Fitness,1,700
752,2025-02-07,1051,E04,Fast Phone Charger,Electronics,1,1200
752,2025-02-07,1051,F04,Fitness Tracker,Fitness,1,4500
752,2025-02-07,1051,E10,Laptop Sleeve,Electronics,2,1800
753,2025-06-11,998,P01,Digital Camera,Photography,1,45000
753,2025-06-11,998,P02,Memory Card 128GB,Photography,1,2200
753,2025-06-11,998,P03,Camera Bag,Photography,1,3800
753,2025-06-11,998,P04,Tripod,Photography,1,3200
754,2025-06-29,197,E04,Fast Phone Charger,Electronics,1,1200
754,2025-06-29,197,E05,Power Bank 10000mAh,Electronics,1,2800
754,2025-06-29,197,H01,Coffee Maker,Home & Kitchen,1,5500
755,2025-03-01,1540,H01,Coffee Maker,Home & Kitchen,1,5500
756,2025-06-12,1462,P01,Digital Camera,Photography,1,45000
756,2025-06-12,1462,F01,Running Shoes,Fitness,1,7500
757,2025-03-14,291,H05,Travel Mug,Home & Kitchen,1,900
757,2025-03-14,291,P01,Digital Camera,Photography,2,45000
757,2025-03-14,291,O06,Notebook & Pen Set,Office,2,600
757,2025-03-14,291,P04,Tripod,Photography,1,3200
758,2025-05-19,1443,H03,Electric Kettle,Home & Kitchen,1,3200
758,2025-05-19,1443,H06,Tea Infuser,Home & Kitchen,1,450
759,2025-02-02,917,H01,Coffee Maker,Home & Kitchen,1,5500
759,2025-02-02,917,H02,Coffee Pods (Pack of 20),Home & Kitchen,1,1200
760,2025-06-09,1221,H01,Coffee Maker,Home & Kitchen,2,5500
760,2025-06-09,1221,H02,Coffee Pods (Pack of 20),Home & Kitchen,1,1200
760,2025-06-09,1221,H05,Travel Mug,Home & Kitchen,2,900
760,2025-06-09,1221,E07,Smartwatch,Electronics,1,6500
761,2025-02-16,1121,E07,Smartwatch,Electronics,1,6500
761,2025-02-16,1121,H07,Milk Frother,Home & Kitchen,1,1100
761,2025-02-16,1121,E01,Phone Case,Electronics,1,800
762,2025-04-26,285,H06,Tea Infuser,Home & Kitchen,1,450
763,2025-01-09,1026,H03,Electric Kettle,Home & Kitchen,1,3200
763,2025-01-09,1026,H06,Tea Infuser,Home & Kitchen,1,450
764,2025-03-22,95,P04,Tripod,Photography,1,3200
764,2025-03-22,95,H03,Electric Kettle,Home & Kitchen,1,3200
764,2025-03-22,95,O04,Mechanical Keyboard,Office,1,5200
764,2025-03-22,95,H05,Travel Mug,Home & Kitchen,1,900
765,2025-02-28,315,F01,Running Shoes,Fitness,1,7500
765,2025-02-28,315,E05,Power Bank 10000mAh,Electronics,1,2800
765,2025-02-28,315,H04,Blender,Home & Kitchen,1,4800
766,2025-03-13,1042,H02,Coffee Pods (Pack of 20),Home & Kitchen,1,1200
766,2025-03-13,1042,F05,Yoga Mat,Fitness,1,2200
767,2025-01-17,290,H03,Electric Kettle,Home & Kitchen,1,3200
767,2025-01-17,290,F06,Resistance Bands Set,Fitness,1,1500
767,2025-01-17,290,F01,Running Shoes,Fitness,1,7500
767,2025-01-17,290,F02,Running Socks (3-Pack),Fitness,1,950
768,2025-05-23,198,P01,Digital Camera,Photography,1,45000
768,2025-05-23,198,P02,Memory Card 128GB,Photography,1,2200
768,2025-05-23,198,P03,Camera Bag,Photography,1,3800
768,2025-05-23,198,P04,Tripod,Photography,1,3200
769,2025-05-09,20,F01,Running Shoes,Fitness,1,7500
769,2025-05-09,20,F02,Running Socks (3-Pack),Fitness,1,950
770,2025-02-02,306,H02,Coffee Pods (Pack of 20),Home & Kitchen,1,1200
770,2025-02-02,306,F04,Fitness Tracker,Fitness,1,4500
770,2025-02-02,306,E10,Laptop Sleeve,Electronics,1,1800
770,2025-02-02,306,F01,Running Shoes,Fitness,1,7500
771,2025-06-23,382,E07,Smartwatch,Electronics,1,6500
771,2025-06-23,382,H03,Electric Kettle,Home & Kitchen,1,3200
772,2025-06-18,1618,O04,Mechanical Keyboard,Office,1,5200
773,2025-01-15,367,P01,Digital Camera,Photography,1,45000
774,2025-02-08,126,E09,USB-C Cable,Electronics,1,450
775,2025-04-21,1062,H02,Coffee Pods (Pack of 20),Home & Kitchen,1,1200
775,2025-04-21,1062,E06,Bluetooth Speaker,Electronics,2,4200
775,2025-04-21,1062,O01,Laptop Bag,Office,1,3200
776,2025-03-31,1161,F01,Running Shoes,Fitness,1,7500
776,2025-03-31,1161,O03,Laptop Stand,Office,1,2100
777,2025-04-16,812,H04,Blender,Home & Kitchen,1,4800
778,2025-01-28,143,P01,Digital Camera,Photography,1,45000
778,2025-01-28,143,P02,Memory Card 128GB,Photography,1,2200
778,2025-01-28,143,P03,Camera Bag,Photography,1,3800
778,2025-01-28,143,O04,Mechanical Keyboard,Office,1,5200
779,2025-05-16,1352,P02,Memory Card 128GB,Photography,1,2200
780,2025-06-17,1781,F01,Running Shoes,Fitness,1,7500
780,2025-06-17,1781,F02,Running Socks (3-Pack),Fitness,1,950
780,2025-06-17,1781,F03,Sports Water Bottle,Fitness,1,700
781,2025-02-20,987,O01,Laptop Bag,Office,1,3200
781,2025-02-20,987,O02,Wireless Mouse,Office,1,1400
781,2025-02-20,987,O03,Laptop Stand,Office,1,2100
781,2025-02-20,987,O04,Mechanical Keyboard,Office,1,5200
782,2025-03-18,158,F07,Gym Bag,Fitness,1,2600
782,2025-03-18,158,F05,Yoga Mat,Fitness,1,2200
783,2025-05-05,81,F06,Resistance Bands Set,Fitness,1,1500
783,2025-05-05,81,E02,Screen Protector,Electronics,1,350
784,2025-03-22,868,H06,Tea Infuser,Home & Kitchen,1,450
784,2025-03-22,868,E08,Smartwatch Replacement Band,Electronics,1,900
784,2025-03-22,868,O05,Desk Lamp,Office,1,1800
784,2025-03-22,868,E03,Wireless Earphones,Electronics,1,3500
785,2025-04-01,192,F04,Fitness Tracker,Fitness,1,4500
785,2025-04-01,192,P03,Camera Bag,Photography,1,3800
785,2025-04-01,192,E10,Laptop Sleeve,Electronics,1,1800
785,2025-04-01,192,H03,Electric Kettle,Home & Kitchen,1,3200
786,2025-01-07,1495,F04,Fitness Tracker,Fitness,1,4500
786,2025-01-07,1495,H06,Tea Infuser,Home & Kitchen,1,450
786,2025-01-07,1495,O05,Desk Lamp,Office,1,1800
787,2025-05-15,1525,E03,Wireless Earphones,Electronics,1,3500
787,2025-05-15,1525,F05,Yoga Mat,Fitness,1,2200
787,2025-05-15,1525,H04,Blender,Home & Kitchen,2,4800
788,2025-03-09,945,E05,Power Bank 10000mAh,Electronics,1,2800
789,2025-02-04,785,O01,Laptop Bag,Office,2,3200
789,2025-02-04,785,O02,Wireless Mouse,Office,1,1400
789,2025-02-04,785,O03,Laptop Stand,Office,1,2100
790,2025-02-26,1374,F04,Fitness Tracker,Fitness,1,4500
790,2025-02-26,1374,F03,Sports Water Bottle,Fitness,1,700
791,2025-05-05,1235,F04,Fitness Tracker,Fitness,1,4500
791,2025-05-05,1235,F03,Sports Water Bottle,Fitness,1,700
792,2025-02-04,559,F04,Fitness Tracker,Fitness,1,4500
792,2025-02-04,559,F03,Sports Water Bottle,Fitness,1,700
793,2025-01-14,1173,F04,Fitness Tracker,Fitness,1,4500
793,2025-01-14,1173,F03,Sports Water Bottle,Fitness,1,700
794,2025-06-22,1192,H03,Electric Kettle,Home & Kitchen,1,3200
795,2025-05-24,718,H01,Coffee Maker,Home & Kitchen,2,5500
795,2025-05-24,718,H02,Coffee Pods (Pack of 20),Home & Kitchen,1,1200
796,2025-06-28,404,F01,Running Shoes,Fitness,1,7500
796,2025-06-28,404,F02,Running Socks (3-Pack),Fitness,1,950
796,2025-06-28,404,F03,Sports Water Bottle,Fitness,1,700
797,2025-06-09,894,E05,Power Bank 10000mAh,Electronics,1,2800
797,2025-06-09,894,H05,Travel Mug,Home & Kitchen,1,900
797,2025-06-09,894,E07,Smartwatch,Electronics,1,6500
797,2025-06-09,894,E10,Laptop Sleeve,Electronics,1,1800
798,2025-03-17,1184,E03,Wireless Earphones,Electronics,1,3500
799,2025-06-10,630,F04,Fitness Tracker,Fitness,1,4500
799,2025-06-10,630,F03,Sports Water Bottle,Fitness,1,700
800,2025-02-13,1178,F07,Gym Bag,Fitness,1,2600
800,2025-02-13,1178,O01,Laptop Bag,Office,1,3200
801,2025-06-09,501,E01,Phone Case,Electronics,1,800
801,2025-06-09,501,O03,Laptop Stand,Office,1,2100
801,2025-06-09,501,H05,Travel Mug,Home & Kitchen,1,900
802,2025-02-16,1247,E04,Fast Phone Charger,Electronics,1,1200
802,2025-02-16,1247,E05,Power Bank 10000mAh,Electronics,1,2800
802,2025-02-16,1247,E09,USB-C Cable,Electronics,2,450
803,2025-05-22,634,O01,Laptop Bag,Office,1,3200
803,2025-05-22,634,O02,Wireless Mouse,Office,1,1400
803,2025-05-22,634,O03,Laptop Stand,Office,1,2100
804,2025-06-28,256,F01,Running Shoes,Fitness,1,7500
804,2025-06-28,256,F02,Running Socks (3-Pack),Fitness,1,950
804,2025-06-28,256,F03,Sports Water Bottle,Fitness,1,700
805,2025-04-15,172,O03,Laptop Stand,Office,2,2100
805,2025-04-15,172,F02,Running Socks (3-Pack),Fitness,1,950
805,2025-04-15,172,F04,Fitness Tracker,Fitness,1,4500
806,2025-05-12,920,F07,Gym Bag,Fitness,1,2600
806,2025-05-12,920,F05,Yoga Mat,Fitness,1,2200
806,2025-05-12,920,F06,Resistance Bands Set,Fitness,1,1500
807,2025-06-04,641,F04,Fitness Tracker,Fitness,1,4500
807,2025-06-04,641,F03,Sports Water Bottle,Fitness,1,700
808,2025-02-10,387,E01,Phone Case,Electronics,1,800
808,2025-02-10,387,E02,Screen Protector,Electronics,1,350
808,2025-02-10,387,H06,Tea Infuser,Home & Kitchen,1,450
809,2025-06-01,183,H01,Coffee Maker,Home & Kitchen,1,5500
809,2025-06-01,183,H02,Coffee Pods (Pack of 20),Home & Kitchen,1,1200
810,2025-04-10,1409,E07,Smartwatch,Electronics,2,6500
810,2025-04-10,1409,E08,Smartwatch Replacement Band,Electronics,1,900
811,2025-02-14,111,E07,Smartwatch,Electronics,1,6500
811,2025-02-14,111,E08,Smartwatch Replacement Band,Electronics,1,900
811,2025-02-14,111,F07,Gym Bag,Fitness,2,2600
812,2025-03-04,1441,F07,Gym Bag,Fitness,1,2600
813,2025-03-30,142,E01,Phone Case,Electronics,1,800
813,2025-03-30,142,E02,Screen Protector,Electronics,1,350
813,2025-03-30,142,E04,Fast Phone Charger,Electronics,1,1200
814,2025-06-07,703,F04,Fitness Tracker,Fitness,1,4500
814,2025-06-07,703,F03,Sports Water Bottle,Fitness,1,700
815,2025-06-18,757,P01,Digital Camera,Photography,1,45000
816,2025-04-14,1629,H01,Coffee Maker,Home & Kitchen,1,5500
816,2025-04-14,1629,H02,Coffee Pods (Pack of 20),Home & Kitchen,1,1200
817,2025-05-06,463,F02,Running Socks (3-Pack),Fitness,1,950
818,2025-04-19,619,H02,Coffee Pods (Pack of 20),Home & Kitchen,1,1200
819,2025-01-15,1679,E03,Wireless Earphones,Electronics,1,3500
819,2025-01-15,1679,F02,Running Socks (3-Pack),Fitness,1,950
819,2025-01-15,1679,H03,Electric Kettle,Home & Kitchen,1,3200
820,2025-05-24,1229,E04,Fast Phone Charger,Electronics,1,1200
820,2025-05-24,1229,E05,Power Bank 10000mAh,Electronics,1,2800
820,2025-05-24,1229,E09,USB-C Cable,Electronics,2,450
820,2025-05-24,1229,O06,Notebook & Pen Set,Office,1,600
821,2025-06-22,1472,H01,Coffee Maker,Home & Kitchen,1,5500
822,2025-03-15,410,P01,Digital Camera,Photography,1,45000
822,2025-03-15,410,O06,Notebook & Pen Set,Office,2,600
823,2025-03-23,1433,P02,Memory Card 128GB,Photography,1,2200
824,2025-06-01,368,F04,Fitness Tracker,Fitness,2,4500
824,2025-06-01,368,F03,Sports Water Bottle,Fitness,1,700
824,2025-06-01,368,O04,Mechanical Keyboard,Office,1,5200
825,2025-02-24,704,F04,Fitness Tracker,Fitness,1,4500
825,2025-02-24,704,F03,Sports Water Bottle,Fitness,1,700
826,2025-01-24,725,F03,Sports Water Bottle,Fitness,1,700
826,2025-01-24,725,F05,Yoga Mat,Fitness,1,2200
827,2025-03-28,9,H02,Coffee Pods (Pack of 20),Home & Kitchen,1,1200
827,2025-03-28,9,P05,Extra Camera Battery,Photography,1,2600
827,2025-03-28,9,H07,Milk Frother,Home & Kitchen,2,1100
827,2025-03-28,9,F06,Resistance Bands Set,Fitness,1,1500
828,2025-01-21,1268,F07,Gym Bag,Fitness,2,2600
828,2025-01-21,1268,F05,Yoga Mat,Fitness,1,2200
828,2025-01-21,1268,F06,Resistance Bands Set,Fitness,1,1500
828,2025-01-21,1268,O05,Desk Lamp,Office,1,1800
829,2025-02-07,805,F01,Running Shoes,Fitness,1,7500
829,2025-02-07,805,P04,Tripod,Photography,1,3200
829,2025-02-07,805,O06,Notebook & Pen Set,Office,1,600
829,2025-02-07,805,E09,USB-C Cable,Electronics,1,450
830,2025-02-06,1009,F04,Fitness Tracker,Fitness,1,4500
831,2025-06-21,734,H02,Coffee Pods (Pack of 20),Home & Kitchen,1,1200
831,2025-06-21,734,F01,Running Shoes,Fitness,1,7500
831,2025-06-21,734,F07,Gym Bag,Fitness,2,2600
831,2025-06-21,734,O05,Desk Lamp,Office,1,1800
832,2025-05-19,174,O03,Laptop Stand,Office,1,2100
832,2025-05-19,174,F07,Gym Bag,Fitness,1,2600
832,2025-05-19,174,H02,Coffee Pods (Pack of 20),Home & Kitchen,1,1200
832,2025-05-19,174,P05,Extra Camera Battery,Photography,1,2600
833,2025-01-22,300,F02,Running Socks (3-Pack),Fitness,1,950
834,2025-01-03,1080,H01,Coffee Maker,Home & Kitchen,1,5500
834,2025-01-03,1080,H02,Coffee Pods (Pack of 20),Home & Kitchen,1,1200
834,2025-01-03,1080,H05,Travel Mug,Home & Kitchen,1,900
835,2025-03-25,1135,E04,Fast Phone Charger,Electronics,1,1200
835,2025-03-25,1135,H07,Milk Frother,Home & Kitchen,1,1100
835,2025-03-25,1135,P03,Camera Bag,Photography,2,3800
835,2025-03-25,1135,E10,Laptop Sleeve,Electronics,1,1800
836,2025-03-26,841,H06,Tea Infuser,Home & Kitchen,1,450
836,2025-03-26,841,H02,Coffee Pods (Pack of 20),Home & Kitchen,1,1200
836,2025-03-26,841,P05,Extra Camera Battery,Photography,1,2600
836,2025-03-26,841,P02,Memory Card 128GB,Photography,1,2200
837,2025-01-16,402,O02,Wireless Mouse,Office,1,1400
837,2025-01-16,402,F02,Running Socks (3-Pack),Fitness,1,950
837,2025-01-16,402,F03,Sports Water Bottle,Fitness,1,700
838,2025-03-20,1010,E04,Fast Phone Charger,Electronics,1,1200
838,2025-03-20,1010,E05,Power Bank 10000mAh,Electronics,1,2800
838,2025-03-20,1010,E09,USB-C Cable,Electronics,1,450
839,2025-01-07,77,F03,Sports Water Bottle,Fitness,1,700
839,2025-01-07,77,E07,Smartwatch,Electronics,1,6500
839,2025-01-07,77,H04,Blender,Home & Kitchen,2,4800
840,2025-05-11,1753,H06,Tea Infuser,Home & Kitchen,1,450
840,2025-05-11,1753,F03,Sports Water Bottle,Fitness,1,700
840,2025-05-11,1753,E02,Screen Protector,Electronics,1,350
841,2025-04-05,708,O02,Wireless Mouse,Office,1,1400
842,2025-05-22,629,E10,Laptop Sleeve,Electronics,1,1800
843,2025-01-01,1779,O01,Laptop Bag,Office,1,3200
843,2025-01-01,1779,P02,Memory Card 128GB,Photography,1,2200
844,2025-05-27,1308,E01,Phone Case,Electronics,1,800
845,2025-06-08,835,F05,Yoga Mat,Fitness,1,2200
846,2025-04-18,1512,E04,Fast Phone Charger,Electronics,2,1200
847,2025-05-16,1227,O01,Laptop Bag,Office,1,3200
847,2025-05-16,1227,O02,Wireless Mouse,Office,1,1400
847,2025-05-16,1227,O03,Laptop Stand,Office,1,2100
848,2025-03-24,654,P01,Digital Camera,Photography,1,45000
848,2025-03-24,654,P02,Memory Card 128GB,Photography,1,2200
848,2025-03-24,654,P03,Camera Bag,Photography,2,3800
849,2025-05-02,24,F04,Fitness Tracker,Fitness,1,4500
849,2025-05-02,24,F03,Sports Water Bottle,Fitness,1,700
850,2025-05-24,1577,P04,Tripod,Photography,1,3200
850,2025-05-24,1577,H06,Tea Infuser,Home & Kitchen,1,450
850,2025-05-24,1577,O04,Mechanical Keyboard,Office,1,5200
851,2025-01-29,1161,O01,Laptop Bag,Office,1,3200
851,2025-01-29,1161,O02,Wireless Mouse,Office,1,1400
851,2025-01-29,1161,O03,Laptop Stand,Office,1,2100
852,2025-06-25,735,H06,Tea Infuser,Home & Kitchen,1,450
853,2025-02-17,857,O05,Desk Lamp,Office,1,1800
853,2025-02-17,857,P02,Memory Card 128GB,Photography,1,2200
853,2025-02-17,857,F01,Running Shoes,Fitness,1,7500
853,2025-02-17,857,P04,Tripod,Photography,1,3200
854,2025-05-11,1368,E01,Phone Case,Electronics,2,800
854,2025-05-11,1368,E02,Screen Protector,Electronics,1,350
855,2025-04-25,1419,F06,Resistance Bands Set,Fitness,2,1500
856,2025-01-25,549,F04,Fitness Tracker,Fitness,2,4500
856,2025-01-25,549,F03,Sports Water Bottle,Fitness,1,700
857,2025-06-05,571,H02,Coffee Pods (Pack of 20),Home & Kitchen,1,1200
858,2025-06-13,986,E04,Fast Phone Charger,Electronics,1,1200
858,2025-06-13,986,E05,Power Bank 10000mAh,Electronics,1,2800
858,2025-06-13,986,E09,USB-C Cable,Electronics,1,450
859,2025-02-09,871,H04,Blender,Home & Kitchen,1,4800
860,2025-02-26,32,O01,Laptop Bag,Office,1,3200
860,2025-02-26,32,O02,Wireless Mouse,Office,1,1400
860,2025-02-26,32,O03,Laptop Stand,Office,1,2100
860,2025-02-26,32,F04,Fitness Tracker,Fitness,1,4500
861,2025-02-23,178,F07,Gym Bag,Fitness,1,2600
861,2025-02-23,178,F05,Yoga Mat,Fitness,2,2200
861,2025-02-23,178,F06,Resistance Bands Set,Fitness,2,1500
862,2025-05-15,447,E01,Phone Case,Electronics,1,800
862,2025-05-15,447,E02,Screen Protector,Electronics,1,350
862,2025-05-15,447,E04,Fast Phone Charger,Electronics,1,1200
863,2025-02-20,1630,O01,Laptop Bag,Office,1,3200
864,2025-03-19,969,O02,Wireless Mouse,Office,1,1400
864,2025-03-19,969,F04,Fitness Tracker,Fitness,1,4500
864,2025-03-19,969,H04,Blender,Home & Kitchen,1,4800
864,2025-03-19,969,E04,Fast Phone Charger,Electronics,1,1200
865,2025-02-12,1796,E01,Phone Case,Electronics,1,800
865,2025-02-12,1796,E02,Screen Protector,Electronics,1,350
865,2025-02-12,1796,E04,Fast Phone Charger,Electronics,2,1200
866,2025-03-07,29,F01,Running Shoes,Fitness,1,7500
866,2025-03-07,29,F02,Running Socks (3-Pack),Fitness,1,950
866,2025-03-07,29,F03,Sports Water Bottle,Fitness,1,700
866,2025-03-07,29,O04,Mechanical Keyboard,Office,1,5200
867,2025-01-02,1593,H02,Coffee Pods (Pack of 20),Home & Kitchen,1,1200
868,2025-01-23,871,E04,Fast Phone Charger,Electronics,1,1200
868,2025-01-23,871,E05,Power Bank 10000mAh,Electronics,1,2800
868,2025-01-23,871,E09,USB-C Cable,Electronics,1,450
869,2025-04-07,419,E07,Smartwatch,Electronics,1,6500
869,2025-04-07,419,E08,Smartwatch Replacement Band,Electronics,1,900
870,2025-05-20,654,E10,Laptop Sleeve,Electronics,2,1800
871,2025-05-15,892,F04,Fitness Tracker,Fitness,1,4500
871,2025-05-15,892,F03,Sports Water Bottle,Fitness,1,700
872,2025-01-24,1075,F04,Fitness Tracker,Fitness,1,4500
872,2025-01-24,1075,F03,Sports Water Bottle,Fitness,1,700
873,2025-01-28,955,E01,Phone Case,Electronics,1,800
873,2025-01-28,955,E02,Screen Protector,Electronics,1,350
874,2025-03-16,674,H05,Travel Mug,Home & Kitchen,1,900
874,2025-03-16,674,E07,Smartwatch,Electronics,1,6500
875,2025-01-14,397,O01,Laptop Bag,Office,1,3200
875,2025-01-14,397,O02,Wireless Mouse,Office,1,1400
875,2025-01-14,397,O03,Laptop Stand,Office,1,2100
876,2025-02-23,35,E01,Phone Case,Electronics,1,800
876,2025-02-23,35,E02,Screen Protector,Electronics,1,350
877,2025-03-08,1579,E02,Screen Protector,Electronics,1,350
878,2025-04-23,1314,E09,USB-C Cable,Electronics,1,450
879,2025-06-26,210,E05,Power Bank 10000mAh,Electronics,2,2800
880,2025-04-23,1685,E06,Bluetooth Speaker,Electronics,1,4200
881,2025-01-15,320,H01,Coffee Maker,Home & Kitchen,1,5500
881,2025-01-15,320,H02,Coffee Pods (Pack of 20),Home & Kitchen,1,1200
881,2025-01-15,320,H05,Travel Mug,Home & Kitchen,1,900
882,2025-05-31,1598,F05,Yoga Mat,Fitness,1,2200
883,2025-05-18,1771,E02,Screen Protector,Electronics,1,350
884,2025-05-08,465,F01,Running Shoes,Fitness,1,7500
884,2025-05-08,465,F02,Running Socks (3-Pack),Fitness,1,950
884,2025-05-08,465,F03,Sports Water Bottle,Fitness,1,700
885,2025-01-24,388,F04,Fitness Tracker,Fitness,1,4500
885,2025-01-24,388,F03,Sports Water Bottle,Fitness,1,700
886,2025-05-21,244,E09,USB-C Cable,Electronics,2,450
886,2025-05-21,244,H01,Coffee Maker,Home & Kitchen,1,5500
886,2025-05-21,244,O06,Notebook & Pen Set,Office,1,600
887,2025-03-08,1404,O06,Notebook & Pen Set,Office,1,600
887,2025-03-08,1404,H03,Electric Kettle,Home & Kitchen,1,3200
887,2025-03-08,1404,P02,Memory Card 128GB,Photography,1,2200
888,2025-01-04,1151,E04,Fast Phone Charger,Electronics,1,1200
888,2025-01-04,1151,E05,Power Bank 10000mAh,Electronics,1,2800
889,2025-04-30,1302,E07,Smartwatch,Electronics,1,6500
889,2025-04-30,1302,E08,Smartwatch Replacement Band,Electronics,2,900
890,2025-06-16,413,F07,Gym Bag,Fitness,2,2600
890,2025-06-16,413,F05,Yoga Mat,Fitness,2,2200
890,2025-06-16,413,F06,Resistance Bands Set,Fitness,1,1500
891,2025-06-08,1451,P01,Digital Camera,Photography,1,45000
891,2025-06-08,1451,P02,Memory Card 128GB,Photography,1,2200
891,2025-06-08,1451,P03,Camera Bag,Photography,1,3800
892,2025-01-18,69,P05,Extra Camera Battery,Photography,1,2600
892,2025-01-18,69,E08,Smartwatch Replacement Band,Electronics,1,900
893,2025-01-08,210,F07,Gym Bag,Fitness,1,2600
893,2025-01-08,210,F05,Yoga Mat,Fitness,1,2200
893,2025-01-08,210,F06,Resistance Bands Set,Fitness,1,1500
894,2025-04-08,1216,E08,Smartwatch Replacement Band,Electronics,1,900
894,2025-04-08,1216,H04,Blender,Home & Kitchen,1,4800
894,2025-04-08,1216,E09,USB-C Cable,Electronics,2,450
895,2025-01-17,359,H05,Travel Mug,Home & Kitchen,1,900
895,2025-01-17,359,O04,Mechanical Keyboard,Office,1,5200
895,2025-01-17,359,P05,Extra Camera Battery,Photography,1,2600
896,2025-04-10,448,F04,Fitness Tracker,Fitness,2,4500
896,2025-04-10,448,F03,Sports Water Bottle,Fitness,1,700
896,2025-04-10,448,O04,Mechanical Keyboard,Office,1,5200
897,2025-01-10,1187,E03,Wireless Earphones,Electronics,1,3500
898,2025-05-09,674,E04,Fast Phone Charger,Electronics,1,1200
898,2025-05-09,674,E05,Power Bank 10000mAh,Electronics,1,2800
899,2025-02-05,1296,O05,Desk Lamp,Office,1,1800
900,2025-05-13,1185,P01,Digital Camera,Photography,1,45000
900,2025-05-13,1185,P02,Memory Card 128GB,Photography,1,2200
900,2025-05-13,1185,P03,Camera Bag,Photography,1,3800
900,2025-05-13,1185,E08,Smartwatch Replacement Band,Electronics,1,900
901,2025-01-28,496,F07,Gym Bag,Fitness,1,2600
901,2025-01-28,496,F05,Yoga Mat,Fitness,1,2200
902,2025-02-09,639,H01,Coffee Maker,Home & Kitchen,1,5500
902,2025-02-09,639,H02,Coffee Pods (Pack of 20),Home & Kitchen,1,1200
903,2025-06-18,167,P01,Digital Camera,Photography,1,45000
904,2025-03-12,25,O06,Notebook & Pen Set,Office,1,600
904,2025-03-12,25,P04,Tripod,Photography,1,3200
905,2025-05-05,1137,H01,Coffee Maker,Home & Kitchen,1,5500
905,2025-05-05,1137,H02,Coffee Pods (Pack of 20),Home & Kitchen,1,1200
905,2025-05-05,1137,F06,Resistance Bands Set,Fitness,1,1500
906,2025-01-10,813,E04,Fast Phone Charger,Electronics,1,1200
906,2025-01-10,813,E05,Power Bank 10000mAh,Electronics,1,2800
907,2025-03-28,1108,O04,Mechanical Keyboard,Office,1,5200
907,2025-03-28,1108,E10,Laptop Sleeve,Electronics,1,1800
907,2025-03-28,1108,H06,Tea Infuser,Home & Kitchen,1,450
908,2025-06-02,614,F07,Gym Bag,Fitness,1,2600
909,2025-03-25,1091,E05,Power Bank 10000mAh,Electronics,1,2800
909,2025-03-25,1091,F06,Resistance Bands Set,Fitness,1,1500
909,2025-03-25,1091,H07,Milk Frother,Home & Kitchen,1,1100
910,2025-03-05,1377,E05,Power Bank 10000mAh,Electronics,1,2800
910,2025-03-05,1377,E07,Smartwatch,Electronics,1,6500
911,2025-03-29,1341,F04,Fitness Tracker,Fitness,1,4500
911,2025-03-29,1341,F03,Sports Water Bottle,Fitness,1,700
912,2025-04-09,1271,F04,Fitness Tracker,Fitness,1,4500
912,2025-04-09,1271,F03,Sports Water Bottle,Fitness,1,700
913,2025-05-11,338,E07,Smartwatch,Electronics,1,6500
913,2025-05-11,338,E08,Smartwatch Replacement Band,Electronics,1,900
914,2025-02-18,994,O03,Laptop Stand,Office,1,2100
914,2025-02-18,994,P02,Memory Card 128GB,Photography,1,2200
915,2025-04-11,48,F03,Sports Water Bottle,Fitness,1,700
915,2025-04-11,48,E04,Fast Phone Charger,Electronics,1,1200
915,2025-04-11,48,H07,Milk Frother,Home & Kitchen,1,1100
916,2025-05-25,711,F05,Yoga Mat,Fitness,1,2200
916,2025-05-25,711,E07,Smartwatch,Electronics,1,6500
917,2025-05-18,652,O01,Laptop Bag,Office,1,3200
917,2025-05-18,652,O02,Wireless Mouse,Office,1,1400
917,2025-05-18,652,O03,Laptop Stand,Office,1,2100
918,2025-01-21,1093,P01,Digital Camera,Photography,1,45000
918,2025-01-21,1093,P02,Memory Card 128GB,Photography,1,2200
918,2025-01-21,1093,P03,Camera Bag,Photography,2,3800
919,2025-04-03,1307,O01,Laptop Bag,Office,1,3200
919,2025-04-03,1307,E02,Screen Protector,Electronics,1,350
919,2025-04-03,1307,H06,Tea Infuser,Home & Kitchen,1,450
919,2025-04-03,1307,E03,Wireless Earphones,Electronics,1,3500
920,2025-06-28,348,H06,Tea Infuser,Home & Kitchen,1,450
920,2025-06-28,348,E07,Smartwatch,Electronics,2,6500
920,2025-06-28,348,E08,Smartwatch Replacement Band,Electronics,1,900
920,2025-06-28,348,F03,Sports Water Bottle,Fitness,1,700
921,2025-01-28,1485,H03,Electric Kettle,Home & Kitchen,1,3200
921,2025-01-28,1485,H06,Tea Infuser,Home & Kitchen,1,450
921,2025-01-28,1485,E03,Wireless Earphones,Electronics,1,3500
922,2025-06-17,251,H07,Milk Frother,Home & Kitchen,1,1100
922,2025-06-17,251,E01,Phone Case,Electronics,2,800
923,2025-06-28,1510,E04,Fast Phone Charger,Electronics,1,1200
923,2025-06-28,1510,E05,Power Bank 10000mAh,Electronics,1,2800
923,2025-06-28,1510,E09,USB-C Cable,Electronics,2,450
924,2025-04-09,1336,O01,Laptop Bag,Office,1,3200
924,2025-04-09,1336,O02,Wireless Mouse,Office,1,1400
924,2025-04-09,1336,O03,Laptop Stand,Office,2,2100
925,2025-04-07,185,O06,Notebook & Pen Set,Office,1,600
926,2025-06-21,257,P01,Digital Camera,Photography,1,45000
926,2025-06-21,257,P02,Memory Card 128GB,Photography,2,2200
926,2025-06-21,257,P03,Camera Bag,Photography,1,3800
926,2025-06-21,257,P04,Tripod,Photography,1,3200
927,2025-06-18,224,P01,Digital Camera,Photography,1,45000
927,2025-06-18,224,H02,Coffee Pods (Pack of 20),Home & Kitchen,1,1200
927,2025-06-18,224,E06,Bluetooth Speaker,Electronics,1,4200
928,2025-03-26,318,H05,Travel Mug,Home & Kitchen,1,900
929,2025-01-06,1262,F01,Running Shoes,Fitness,1,7500
929,2025-01-06,1262,F02,Running Socks (3-Pack),Fitness,1,950
930,2025-06-10,1788,F07,Gym Bag,Fitness,1,2600
930,2025-06-10,1788,F05,Yoga Mat,Fitness,1,2200
930,2025-06-10,1788,F06,Resistance Bands Set,Fitness,1,1500
931,2025-03-20,319,H03,Electric Kettle,Home & Kitchen,1,3200
931,2025-03-20,319,H06,Tea Infuser,Home & Kitchen,1,450
932,2025-04-08,1582,F04,Fitness Tracker,Fitness,1,4500
932,2025-04-08,1582,F03,Sports Water Bottle,Fitness,1,700
933,2025-05-06,1467,E08,Smartwatch Replacement Band,Electronics,1,900
934,2025-03-18,190,H05,Travel Mug,Home & Kitchen,1,900
935,2025-04-30,588,H01,Coffee Maker,Home & Kitchen,1,5500
935,2025-04-30,588,H02,Coffee Pods (Pack of 20),Home & Kitchen,1,1200
935,2025-04-30,588,H05,Travel Mug,Home & Kitchen,1,900
936,2025-01-19,291,P05,Extra Camera Battery,Photography,1,2600
937,2025-04-16,1013,F01,Running Shoes,Fitness,1,7500
937,2025-04-16,1013,O06,Notebook & Pen Set,Office,1,600
938,2025-01-25,1418,E04,Fast Phone Charger,Electronics,1,1200
938,2025-01-25,1418,E05,Power Bank 10000mAh,Electronics,1,2800
938,2025-01-25,1418,E09,USB-C Cable,Electronics,1,450
939,2025-01-29,1197,E01,Phone Case,Electronics,1,800
939,2025-01-29,1197,E02,Screen Protector,Electronics,1,350
940,2025-01-21,547,F04,Fitness Tracker,Fitness,1,4500
940,2025-01-21,547,F03,Sports Water Bottle,Fitness,1,700
941,2025-04-14,513,O04,Mechanical Keyboard,Office,2,5200
942,2025-06-28,1492,F06,Resistance Bands Set,Fitness,1,1500
942,2025-06-28,1492,O03,Laptop Stand,Office,1,2100
943,2025-06-09,1448,F06,Resistance Bands Set,Fitness,1,1500
943,2025-06-09,1448,E07,Smartwatch,Electronics,1,6500
944,2025-02-15,833,F04,Fitness Tracker,Fitness,1,4500
944,2025-02-15,833,F03,Sports Water Bottle,Fitness,2,700
945,2025-01-11,150,H03,Electric Kettle,Home & Kitchen,1,3200
945,2025-01-11,150,E07,Smartwatch,Electronics,1,6500
945,2025-01-11,150,H07,Milk Frother,Home & Kitchen,1,1100
945,2025-01-11,150,O03,Laptop Stand,Office,1,2100
946,2025-04-26,1123,H02,Coffee Pods (Pack of 20),Home & Kitchen,1,1200
947,2025-04-07,707,P01,Digital Camera,Photography,1,45000
947,2025-04-07,707,P02,Memory Card 128GB,Photography,1,2200
947,2025-04-07,707,P03,Camera Bag,Photography,1,3800
948,2025-06-30,1370,H01,Coffee Maker,Home & Kitchen,1,5500
948,2025-06-30,1370,H02,Coffee Pods (Pack of 20),Home & Kitchen,1,1200
948,2025-06-30,1370,H03,Electric Kettle,Home & Kitchen,1,3200
949,2025-06-05,176,H02,Coffee Pods (Pack of 20),Home & Kitchen,1,1200
950,2025-04-04,1353,P01,Digital Camera,Photography,2,45000
950,2025-04-04,1353,P02,Memory Card 128GB,Photography,1,2200
950,2025-04-04,1353,P03,Camera Bag,Photography,1,3800
951,2025-04-18,1375,O01,Laptop Bag,Office,1,3200
951,2025-04-18,1375,O02,Wireless Mouse,Office,1,1400
951,2025-04-18,1375,O03,Laptop Stand,Office,1,2100
951,2025-04-18,1375,O04,Mechanical Keyboard,Office,1,5200
952,2025-02-21,774,P01,Digital Camera,Photography,1,45000
953,2025-01-12,617,O01,Laptop Bag,Office,1,3200
954,2025-06-26,1263,H04,Blender,Home & Kitchen,1,4800
954,2025-06-26,1263,O02,Wireless Mouse,Office,1,1400
954,2025-06-26,1263,P04,Tripod,Photography,1,3200
954,2025-06-26,1263,O03,Laptop Stand,Office,1,2100
955,2025-02-02,1581,F02,Running Socks (3-Pack),Fitness,1,950
956,2025-03-24,844,E02,Screen Protector,Electronics,1,350
956,2025-03-24,844,H05,Travel Mug,Home & Kitchen,1,900
957,2025-01-01,403,H01,Coffee Maker,Home & Kitchen,1,5500
957,2025-01-01,403,H02,Coffee Pods (Pack of 20),Home & Kitchen,1,1200
957,2025-01-01,403,H05,Travel Mug,Home & Kitchen,1,900
957,2025-01-01,403,H03,Electric Kettle,Home & Kitchen,1,3200
958,2025-01-12,158,O04,Mechanical Keyboard,Office,1,5200
958,2025-01-12,158,F03,Sports Water Bottle,Fitness,1,700
958,2025-01-12,158,E05,Power Bank 10000mAh,Electronics,1,2800
959,2025-03-09,391,F04,Fitness Tracker,Fitness,1,4500
960,2025-05-18,980,F01,Running Shoes,Fitness,1,7500
961,2025-05-17,1577,E07,Smartwatch,Electronics,1,6500
961,2025-05-17,1577,E08,Smartwatch Replacement Band,Electronics,1,900
962,2025-02-20,697,O03,Laptop Stand,Office,1,2100
962,2025-02-20,697,E04,Fast Phone Charger,Electronics,1,1200
962,2025-02-20,697,H02,Coffee Pods (Pack of 20),Home & Kitchen,1,1200
962,2025-02-20,697,E08,Smartwatch Replacement Band,Electronics,1,900
963,2025-05-07,1595,E02,Screen Protector,Electronics,2,350
963,2025-05-07,1595,F02,Running Socks (3-Pack),Fitness,1,950
963,2025-05-07,1595,H05,Travel Mug,Home & Kitchen,1,900
963,2025-05-07,1595,H04,Blender,Home & Kitchen,1,4800
964,2025-05-28,426,O01,Laptop Bag,Office,1,3200
964,2025-05-28,426,O02,Wireless Mouse,Office,1,1400
964,2025-05-28,426,O03,Laptop Stand,Office,1,2100
965,2025-06-17,1598,E09,USB-C Cable,Electronics,1,450
966,2025-01-02,1542,F04,Fitness Tracker,Fitness,1,4500
966,2025-01-02,1542,F03,Sports Water Bottle,Fitness,2,700
967,2025-06-28,476,O05,Desk Lamp,Office,1,1800
968,2025-03-28,722,O02,Wireless Mouse,Office,1,1400
968,2025-03-28,722,O01,Laptop Bag,Office,1,3200
969,2025-05-02,1202,E01,Phone Case,Electronics,1,800
969,2025-05-02,1202,E02,Screen Protector,Electronics,1,350
970,2025-05-30,73,H01,Coffee Maker,Home & Kitchen,1,5500
970,2025-05-30,73,H02,Coffee Pods (Pack of 20),Home & Kitchen,1,1200
971,2025-05-07,462,E04,Fast Phone Charger,Electronics,1,1200
972,2025-04-27,296,O01,Laptop Bag,Office,2,3200
972,2025-04-27,296,O02,Wireless Mouse,Office,1,1400
972,2025-04-27,296,O03,Laptop Stand,Office,1,2100
973,2025-04-15,484,E01,Phone Case,Electronics,1,800
973,2025-04-15,484,E02,Screen Protector,Electronics,1,350
973,2025-04-15,484,E04,Fast Phone Charger,Electronics,2,1200
973,2025-04-15,484,F01,Running Shoes,Fitness,1,7500
974,2025-06-15,669,H04,Blender,Home & Kitchen,2,4800
974,2025-06-15,669,F07,Gym Bag,Fitness,1,2600
975,2025-04-02,438,O02,Wireless Mouse,Office,1,1400
975,2025-04-02,438,F02,Running Socks (3-Pack),Fitness,1,950
976,2025-03-01,965,O04,Mechanical Keyboard,Office,1,5200
977,2025-01-22,1522,O02,Wireless Mouse,Office,2,1400
977,2025-01-22,1522,O03,Laptop Stand,Office,1,2100
978,2025-06-03,1691,F01,Running Shoes,Fitness,2,7500
979,2025-04-24,994,E10,Laptop Sleeve,Electronics,1,1800
980,2025-04-19,664,O01,Laptop Bag,Office,1,3200
980,2025-04-19,664,O02,Wireless Mouse,Office,1,1400
980,2025-04-19,664,O03,Laptop Stand,Office,1,2100
980,2025-04-19,664,H02,Coffee Pods (Pack of 20),Home & Kitchen,1,1200
981,2025-04-25,1493,O01,Laptop Bag,Office,1,3200
981,2025-04-25,1493,O02,Wireless Mouse,Office,1,1400
981,2025-04-25,1493,O03,Laptop Stand,Office,1,2100
982,2025-02-12,1057,E02,Screen Protector,Electronics,1,350
983,2025-05-28,684,F07,Gym Bag,Fitness,2,2600
983,2025-05-28,684,F05,Yoga Mat,Fitness,1,2200
984,2025-05-26,252,H02,Coffee Pods (Pack of 20),Home & Kitchen,1,1200
985,2025-05-28,1557,F01,Running Shoes,Fitness,1,7500
985,2025-05-28,1557,F07,Gym Bag,Fitness,1,2600
985,2025-05-28,1557,H02,Coffee Pods (Pack of 20),Home & Kitchen,1,1200
985,2025-05-28,1557,H07,Milk Frother,Home & Kitchen,1,1100
986,2025-04-20,1348,E03,Wireless Earphones,Electronics,1,3500
986,2025-04-20,1348,E10,Laptop Sleeve,Electronics,2,1800
986,2025-04-20,1348,P01,Digital Camera,Photography,1,45000
986,2025-04-20,1348,E04,Fast Phone Charger,Electronics,1,1200
987,2025-02-03,1508,E06,Bluetooth Speaker,Electronics,2,4200
988,2025-01-20,283,H03,Electric Kettle,Home & Kitchen,1,3200
988,2025-01-20,283,H06,Tea Infuser,Home & Kitchen,1,450
989,2025-04-02,1284,E04,Fast Phone Charger,Electronics,1,1200
989,2025-04-02,1284,E05,Power Bank 10000mAh,Electronics,1,2800
990,2025-04-24,1717,F01,Running Shoes,Fitness,1,7500
990,2025-04-24,1717,F02,Running Socks (3-Pack),Fitness,1,950
991,2025-05-17,939,E02,Screen Protector,Electronics,1,350
991,2025-05-17,939,F07,Gym Bag,Fitness,1,2600
991,2025-05-17,939,E07,Smartwatch,Electronics,1,6500
991,2025-05-17,939,O02,Wireless Mouse,Office,1,1400
992,2025-01-16,572,E01,Phone Case,Electronics,1,800
992,2025-01-16,572,E02,Screen Protector,Electronics,1,350
992,2025-01-16,572,P01,Digital Camera,Photography,1,45000
993,2025-02-12,1796,F01,Running Shoes,Fitness,1,7500
993,2025-02-12,1796,F02,Running Socks (3-Pack),Fitness,1,950
993,2025-02-12,1796,F07,Gym Bag,Fitness,1,2600
994,2025-06-09,153,F04,Fitness Tracker,Fitness,1,4500
994,2025-06-09,153,F03,Sports Water Bottle,Fitness,1,700
995,2025-05-09,1132,E10,Laptop Sleeve,Electronics,1,1800
995,2025-05-09,1132,E06,Bluetooth Speaker,Electronics,1,4200
995,2025-05-09,1132,O01,Laptop Bag,Office,2,3200
996,2025-04-11,400,H03,Electric Kettle,Home & Kitchen,1,3200
996,2025-04-11,400,H06,Tea Infuser,Home & Kitchen,1,450
997,2025-06-09,6,F04,Fitness Tracker,Fitness,1,4500
997,2025-06-09,6,F03,Sports Water Bottle,Fitness,1,700
998,2025-03-16,970,F04,Fitness Tracker,Fitness,1,4500
998,2025-03-16,970,F03,Sports Water Bottle,Fitness,1,700
998,2025-03-16,970,E08,Smartwatch Replacement Band,Electronics,2,900
999,2025-05-24,1759,H01,Coffee Maker,Home & Kitchen,1,5500
999,2025-05-24,1759,H02,Coffee Pods (Pack of 20),Home & Kitchen,2,1200
1000,2025-05-24,810,E01,Phone Case,Electronics,1,800
1000,2025-05-24,810,E02,Screen Protector,Electronics,1,350
1001,2025-03-17,1769,F03,Sports Water Bottle,Fitness,1,700
1001,2025-03-17,1769,E05,Power Bank 10000mAh,Electronics,2,2800
1002,2025-04-04,131,F07,Gym Bag,Fitness,1,2600
1003,2025-05-07,1540,F05,Yoga Mat,Fitness,1,2200
1003,2025-05-07,1540,O01,Laptop Bag,Office,1,3200
1004,2025-01-08,25,H01,Coffee Maker,Home & Kitchen,1,5500
1004,2025-01-08,25,H02,Coffee Pods (Pack of 20),Home & Kitchen,2,1200
1005,2025-03-13,450,P01,Digital Camera,Photography,1,45000
1005,2025-03-13,450,P02,Memory Card 128GB,Photography,1,2200
1005,2025-03-13,450,P03,Camera Bag,Photography,1,3800
1005,2025-03-13,450,P04,Tripod,Photography,1,3200
1006,2025-05-06,244,F04,Fitness Tracker,Fitness,1,4500
1006,2025-05-06,244,F03,Sports Water Bottle,Fitness,1,700
1007,2025-06-01,243,P01,Digital Camera,Photography,1,45000
1007,2025-06-01,243,P02,Memory Card 128GB,Photography,1,2200
1007,2025-06-01,243,P03,Camera Bag,Photography,1,3800
1008,2025-02-21,1362,E10,Laptop Sleeve,Electronics,1,1800
1008,2025-02-21,1362,F06,Resistance Bands Set,Fitness,1,1500
1009,2025-05-20,1039,P01,Digital Camera,Photography,1,45000
1009,2025-05-20,1039,P02,Memory Card 128GB,Photography,1,2200
1009,2025-05-20,1039,P03,Camera Bag,Photography,1,3800
1009,2025-05-20,1039,P04,Tripod,Photography,2,3200
1010,2025-02-03,743,F02,Running Socks (3-Pack),Fitness,1,950
1010,2025-02-03,743,F06,Resistance Bands Set,Fitness,1,1500
1011,2025-03-22,1341,P01,Digital Camera,Photography,1,45000
1011,2025-03-22,1341,P02,Memory Card 128GB,Photography,1,2200
1011,2025-03-22,1341,P03,Camera Bag,Photography,1,3800
1012,2025-02-22,29,F04,Fitness Tracker,Fitness,1,4500
1012,2025-02-22,29,F03,Sports Water Bottle,Fitness,1,700
1013,2025-06-25,1237,E07,Smartwatch,Electronics,1,6500
1013,2025-06-25,1237,E08,Smartwatch Replacement Band,Electronics,1,900
1014,2025-01-20,606,F07,Gym Bag,Fitness,1,2600
1014,2025-01-20,606,F05,Yoga Mat,Fitness,1,2200
1014,2025-01-20,606,F06,Resistance Bands Set,Fitness,1,1500
1015,2025-06-05,357,F04,Fitness Tracker,Fitness,2,4500
1016,2025-05-13,896,E07,Smartwatch,Electronics,1,6500
1016,2025-05-13,896,E06,Bluetooth Speaker,Electronics,1,4200
1016,2025-05-13,896,F07,Gym Bag,Fitness,1,2600
1016,2025-05-13,896,E04,Fast Phone Charger,Electronics,1,1200
1017,2025-04-10,1758,O03,Laptop Stand,Office,1,2100
1017,2025-04-10,1758,E01,Phone Case,Electronics,1,800
1017,2025-04-10,1758,F06,Resistance Bands Set,Fitness,1,1500
1017,2025-04-10,1758,O04,Mechanical Keyboard,Office,1,5200
1018,2025-01-02,456,F07,Gym Bag,Fitness,1,2600
1018,2025-01-02,456,H06,Tea Infuser,Home & Kitchen,1,450
1018,2025-01-02,456,F01,Running Shoes,Fitness,1,7500
1019,2025-05-24,723,F04,Fitness Tracker,Fitness,1,4500
1019,2025-05-24,723,F03,Sports Water Bottle,Fitness,1,700
1020,2025-06-26,265,H07,Milk Frother,Home & Kitchen,1,1100
1020,2025-06-26,265,E04,Fast Phone Charger,Electronics,1,1200
1021,2025-05-26,1346,F01,Running Shoes,Fitness,1,7500
1021,2025-05-26,1346,F02,Running Socks (3-Pack),Fitness,1,950
1021,2025-05-26,1346,F03,Sports Water Bottle,Fitness,1,700
1021,2025-05-26,1346,E10,Laptop Sleeve,Electronics,1,1800
1022,2025-03-02,1287,P04,Tripod,Photography,2,3200
1023,2025-01-10,747,H01,Coffee Maker,Home & Kitchen,1,5500
1023,2025-01-10,747,H02,Coffee Pods (Pack of 20),Home & Kitchen,1,1200
1024,2025-03-19,1318,P01,Digital Camera,Photography,1,45000
1024,2025-03-19,1318,P02,Memory Card 128GB,Photography,1,2200
1024,2025-03-19,1318,P03,Camera Bag,Photography,1,3800
1024,2025-03-19,1318,P04,Tripod,Photography,1,3200
1025,2025-04-15,907,F03,Sports Water Bottle,Fitness,1,700
1025,2025-04-15,907,E09,USB-C Cable,Electronics,1,450
1026,2025-04-13,1528,P02,Memory Card 128GB,Photography,1,2200
1027,2025-06-02,219,E08,Smartwatch Replacement Band,Electronics,1,900
1028,2025-01-14,801,O02,Wireless Mouse,Office,1,1400
1028,2025-01-14,801,H03,Electric Kettle,Home & Kitchen,1,3200
1029,2025-02-18,1728,F04,Fitness Tracker,Fitness,1,4500
1030,2025-03-29,142,E04,Fast Phone Charger,Electronics,1,1200
1030,2025-03-29,142,E05,Power Bank 10000mAh,Electronics,1,2800
1031,2025-01-06,1115,E08,Smartwatch Replacement Band,Electronics,1,900
1032,2025-06-16,1486,H01,Coffee Maker,Home & Kitchen,1,5500
1032,2025-06-16,1486,H02,Coffee Pods (Pack of 20),Home & Kitchen,2,1200
1033,2025-04-06,396,H03,Electric Kettle,Home & Kitchen,1,3200
1033,2025-04-06,396,H06,Tea Infuser,Home & Kitchen,1,450
1034,2025-06-19,560,E01,Phone Case,Electronics,1,800
1035,2025-06-25,451,H03,Electric Kettle,Home & Kitchen,1,3200
1035,2025-06-25,451,H06,Tea Infuser,Home & Kitchen,1,450
1036,2025-05-22,229,F02,Running Socks (3-Pack),Fitness,1,950
1036,2025-05-22,229,H05,Travel Mug,Home & Kitchen,1,900
1037,2025-06-14,1049,H03,Electric Kettle,Home & Kitchen,1,3200
1037,2025-06-14,1049,H06,Tea Infuser,Home & Kitchen,1,450
1038,2025-01-02,1212,E05,Power Bank 10000mAh,Electronics,1,2800
1038,2025-01-02,1212,O02,Wireless Mouse,Office,2,1400
1039,2025-01-17,635,F07,Gym Bag,Fitness,1,2600
1039,2025-01-17,635,F05,Yoga Mat,Fitness,1,2200
1040,2025-01-29,16,H01,Coffee Maker,Home & Kitchen,1,5500
1041,2025-06-27,674,E01,Phone Case,Electronics,1,800
1041,2025-06-27,674,E02,Screen Protector,Electronics,1,350
1042,2025-06-15,1481,H03,Electric Kettle,Home & Kitchen,2,3200
1042,2025-06-15,1481,H06,Tea Infuser,Home & Kitchen,2,450
1043,2025-06-10,610,F06,Resistance Bands Set,Fitness,1,1500
1044,2025-05-23,1447,O01,Laptop Bag,Office,1,3200
1044,2025-05-23,1447,O02,Wireless Mouse,Office,1,1400
1044,2025-05-23,1447,O03,Laptop Stand,Office,1,2100
1045,2025-04-20,1487,E05,Power Bank 10000mAh,Electronics,1,2800
1046,2025-01-04,1522,O01,Laptop Bag,Office,1,3200
1046,2025-01-04,1522,H06,Tea Infuser,Home & Kitchen,1,450
1046,2025-01-04,1522,E02,Screen Protector,Electronics,1,350
1046,2025-01-04,1522,E05,Power Bank 10000mAh,Electronics,1,2800
1047,2025-05-24,1410,E02,Screen Protector,Electronics,1,350
1047,2025-05-24,1410,E09,USB-C Cable,Electronics,1,450
1048,2025-05-28,730,F04,Fitness Tracker,Fitness,1,4500
1048,2025-05-28,730,F03,Sports Water Bottle,Fitness,1,700
1049,2025-05-23,1584,F07,Gym Bag,Fitness,1,2600
1049,2025-05-23,1584,F05,Yoga Mat,Fitness,1,2200
1050,2025-06-06,1462,F01,Running Shoes,Fitness,1,7500
1050,2025-06-06,1462,E10,Laptop Sleeve,Electronics,1,1800
1051,2025-05-23,1395,E04,Fast Phone Charger,Electronics,1,1200
1051,2025-05-23,1395,F04,Fitness Tracker,Fitness,1,4500
1051,2025-05-23,1395,P02,Memory Card 128GB,Photography,1,2200
1051,2025-05-23,1395,H06,Tea Infuser,Home & Kitchen,1,450
1052,2025-06-12,1323,H01,Coffee Maker,Home & Kitchen,1,5500
1052,2025-06-12,1323,H02,Coffee Pods (Pack of 20),Home & Kitchen,1,1200
1053,2025-04-18,16,P04,Tripod,Photography,1,3200
1053,2025-04-18,16,O03,Laptop Stand,Office,1,2100
1054,2025-05-01,1017,E07,Smartwatch,Electronics,1,6500
1054,2025-05-01,1017,E08,Smartwatch Replacement Band,Electronics,1,900
1055,2025-01-01,967,P01,Digital Camera,Photography,1,45000
1055,2025-01-01,967,P02,Memory Card 128GB,Photography,1,2200
1055,2025-01-01,967,P03,Camera Bag,Photography,1,3800
1056,2025-03-15,99,E07,Smartwatch,Electronics,1,6500
1056,2025-03-15,99,E08,Smartwatch Replacement Band,Electronics,2,900
1056,2025-03-15,99,O04,Mechanical Keyboard,Office,1,5200
1057,2025-03-04,817,E04,Fast Phone Charger,Electronics,1,1200
1057,2025-03-04,817,E05,Power Bank 10000mAh,Electronics,1,2800
1058,2025-05-14,1368,H03,Electric Kettle,Home & Kitchen,1,3200
1058,2025-05-14,1368,H06,Tea Infuser,Home & Kitchen,1,450
1058,2025-05-14,1368,H07,Milk Frother,Home & Kitchen,1,1100
1059,2025-01-01,443,O05,Desk Lamp,Office,1,1800
1059,2025-01-01,443,E01,Phone Case,Electronics,1,800
1059,2025-01-01,443,F02,Running Socks (3-Pack),Fitness,1,950
1059,2025-01-01,443,E03,Wireless Earphones,Electronics,1,3500
1060,2025-02-11,1700,F04,Fitness Tracker,Fitness,1,4500
1060,2025-02-11,1700,F03,Sports Water Bottle,Fitness,1,700
1061,2025-05-07,99,P01,Digital Camera,Photography,1,45000
1061,2025-05-07,99,P02,Memory Card 128GB,Photography,1,2200
1061,2025-05-07,99,P03,Camera Bag,Photography,1,3800
1061,2025-05-07,99,P04,Tripod,Photography,1,3200
1062,2025-05-01,173,E09,USB-C Cable,Electronics,1,450
1062,2025-05-01,173,H06,Tea Infuser,Home & Kitchen,1,450
1062,2025-05-01,173,E10,Laptop Sleeve,Electronics,1,1800
1063,2025-04-26,1447,F02,Running Socks (3-Pack),Fitness,1,950
1064,2025-03-09,1778,F03,Sports Water Bottle,Fitness,1,700
1065,2025-02-26,879,E06,Bluetooth Speaker,Electronics,1,4200
1066,2025-02-16,1549,E04,Fast Phone Charger,Electronics,1,1200
1066,2025-02-16,1549,E05,Power Bank 10000mAh,Electronics,1,2800
1067,2025-03-21,301,E04,Fast Phone Charger,Electronics,1,1200
1067,2025-03-21,301,E05,Power Bank 10000mAh,Electronics,2,2800
1067,2025-03-21,301,E09,USB-C Cable,Electronics,1,450
1068,2025-02-17,1294,E02,Screen Protector,Electronics,1,350
1068,2025-02-17,1294,H05,Travel Mug,Home & Kitchen,1,900
1069,2025-05-01,38,E01,Phone Case,Electronics,1,800
1069,2025-05-01,38,E02,Screen Protector,Electronics,1,350
1070,2025-05-24,85,P05,Extra Camera Battery,Photography,1,2600
1070,2025-05-24,85,H03,Electric Kettle,Home & Kitchen,1,3200
1070,2025-05-24,85,E06,Bluetooth Speaker,Electronics,1,4200
1071,2025-06-17,890,F07,Gym Bag,Fitness,2,2600
1071,2025-06-17,890,F05,Yoga Mat,Fitness,1,2200
1071,2025-06-17,890,F06,Resistance Bands Set,Fitness,1,1500
1072,2025-01-28,819,F01,Running Shoes,Fitness,1,7500
1072,2025-01-28,819,F02,Running Socks (3-Pack),Fitness,2,950
1072,2025-01-28,819,F03,Sports Water Bottle,Fitness,1,700
1073,2025-01-18,1266,P04,Tripod,Photography,1,3200
1073,2025-01-18,1266,P03,Camera Bag,Photography,1,3800
1073,2025-01-18,1266,F07,Gym Bag,Fitness,1,2600
1073,2025-01-18,1266,F03,Sports Water Bottle,Fitness,1,700
1074,2025-02-25,1274,H02,Coffee Pods (Pack of 20),Home & Kitchen,1,1200
1074,2025-02-25,1274,E04,Fast Phone Charger,Electronics,1,1200
1075,2025-03-17,727,P01,Digital Camera,Photography,1,45000
1075,2025-03-17,727,P02,Memory Card 128GB,Photography,1,2200
1075,2025-03-17,727,P03,Camera Bag,Photography,1,3800
1075,2025-03-17,727,P04,Tripod,Photography,1,3200
1076,2025-05-15,1777,F04,Fitness Tracker,Fitness,1,4500
1076,2025-05-15,1777,F03,Sports Water Bottle,Fitness,1,700
1077,2025-05-29,1415,E01,Phone Case,Electronics,1,800
1077,2025-05-29,1415,E02,Screen Protector,Electronics,1,350
1078,2025-04-17,1023,F01,Running Shoes,Fitness,1,7500
1078,2025-04-17,1023,F02,Running Socks (3-Pack),Fitness,1,950
1078,2025-04-17,1023,F03,Sports Water Bottle,Fitness,2,700
1079,2025-06-08,361,F01,Running Shoes,Fitness,1,7500
1079,2025-06-08,361,F02,Running Socks (3-Pack),Fitness,2,950
1080,2025-05-21,916,F01,Running Shoes,Fitness,1,7500
1080,2025-05-21,916,F02,Running Socks (3-Pack),Fitness,1,950
1080,2025-05-21,916,F03,Sports Water Bottle,Fitness,1,700
1081,2025-01-22,859,F04,Fitness Tracker,Fitness,1,4500
1081,2025-01-22,859,F03,Sports Water Bottle,Fitness,1,700
1082,2025-06-13,1324,O03,Laptop Stand,Office,1,2100
1083,2025-02-20,24,F01,Running Shoes,Fitness,2,7500
1083,2025-02-20,24,F02,Running Socks (3-Pack),Fitness,1,950
1083,2025-02-20,24,F03,Sports Water Bottle,Fitness,1,700
1084,2025-02-21,1213,O01,Laptop Bag,Office,1,3200
1084,2025-02-21,1213,O02,Wireless Mouse,Office,1,1400
1084,2025-02-21,1213,O03,Laptop Stand,Office,1,2100
1085,2025-03-26,337,H03,Electric Kettle,Home & Kitchen,1,3200
1085,2025-03-26,337,H06,Tea Infuser,Home & Kitchen,1,450
1085,2025-03-26,337,H07,Milk Frother,Home & Kitchen,1,1100
1086,2025-01-17,329,F04,Fitness Tracker,Fitness,1,4500
1086,2025-01-17,329,O03,Laptop Stand,Office,1,2100
1086,2025-01-17,329,H04,Blender,Home & Kitchen,1,4800
1086,2025-01-17,329,E04,Fast Phone Charger,Electronics,1,1200
1087,2025-05-04,1755,H01,Coffee Maker,Home & Kitchen,1,5500
1087,2025-05-04,1755,H02,Coffee Pods (Pack of 20),Home & Kitchen,1,1200
1088,2025-03-08,1506,E04,Fast Phone Charger,Electronics,1,1200
1088,2025-03-08,1506,E05,Power Bank 10000mAh,Electronics,1,2800
1089,2025-06-22,1129,E07,Smartwatch,Electronics,1,6500
1089,2025-06-22,1129,E08,Smartwatch Replacement Band,Electronics,1,900
1090,2025-05-20,122,P04,Tripod,Photography,1,3200
1090,2025-05-20,122,P01,Digital Camera,Photography,1,45000
1090,2025-05-20,122,P03,Camera Bag,Photography,2,3800
1091,2025-02-10,1224,O01,Laptop Bag,Office,1,3200
1091,2025-02-10,1224,O02,Wireless Mouse,Office,1,1400
1091,2025-02-10,1224,O03,Laptop Stand,Office,1,2100
1092,2025-02-05,278,H01,Coffee Maker,Home & Kitchen,1,5500
1092,2025-02-05,278,H02,Coffee Pods (Pack of 20),Home & Kitchen,1,1200
1093,2025-03-05,1479,F02,Running Socks (3-Pack),Fitness,2,950
1093,2025-03-05,1479,E06,Bluetooth Speaker,Electronics,1,4200
1093,2025-03-05,1479,H04,Blender,Home & Kitchen,1,4800
1093,2025-03-05,1479,H03,Electric Kettle,Home & Kitchen,1,3200
1094,2025-05-21,1606,H03,Electric Kettle,Home & Kitchen,1,3200
1094,2025-05-21,1606,H06,Tea Infuser,Home & Kitchen,2,450
1094,2025-05-21,1606,H07,Milk Frother,Home & Kitchen,1,1100
1095,2025-04-22,675,P02,Memory Card 128GB,Photography,1,2200
1095,2025-04-22,675,E10,Laptop Sleeve,Electronics,1,1800
1095,2025-04-22,675,P04,Tripod,Photography,1,3200
1095,2025-04-22,675,E07,Smartwatch,Electronics,1,6500
1096,2025-04-13,1066,F03,Sports Water Bottle,Fitness,1,700
1096,2025-04-13,1066,E06,Bluetooth Speaker,Electronics,1,4200
1096,2025-04-13,1066,O04,Mechanical Keyboard,Office,1,5200
1097,2025-05-06,410,F02,Running Socks (3-Pack),Fitness,1,950
1097,2025-05-06,410,E08,Smartwatch Replacement Band,Electronics,1,900
1097,2025-05-06,410,H02,Coffee Pods (Pack of 20),Home & Kitchen,2,1200
1098,2025-02-07,400,O04,Mechanical Keyboard,Office,1,5200
1098,2025-02-07,400,P01,Digital Camera,Photography,2,45000
1099,2025-05-11,711,H03,Electric Kettle,Home & Kitchen,1,3200
1099,2025-05-11,711,H06,Tea Infuser,Home & Kitchen,1,450
1100,2025-03-14,163,H01,Coffee Maker,Home & Kitchen,1,5500
1100,2025-03-14,163,H02,Coffee Pods (Pack of 20),Home & Kitchen,1,1200
1101,2025-06-10,274,H07,Milk Frother,Home & Kitchen,1,1100
1102,2025-02-20,1090,F04,Fitness Tracker,Fitness,1,4500
1102,2025-02-20,1090,F03,Sports Water Bottle,Fitness,1,700
1103,2025-06-14,1339,E10,Laptop Sleeve,Electronics,2,1800
1103,2025-06-14,1339,E01,Phone Case,Electronics,1,800
1104,2025-04-14,64,O01,Laptop Bag,Office,1,3200
1104,2025-04-14,64,O02,Wireless Mouse,Office,1,1400
1104,2025-04-14,64,O03,Laptop Stand,Office,2,2100
1104,2025-04-14,64,P04,Tripod,Photography,1,3200
1105,2025-04-20,1507,P05,Extra Camera Battery,Photography,1,2600
1105,2025-04-20,1507,E06,Bluetooth Speaker,Electronics,2,4200
1105,2025-04-20,1507,P03,Camera Bag,Photography,1,3800
1105,2025-04-20,1507,H07,Milk Frother,Home & Kitchen,1,1100
1106,2025-05-18,799,H01,Coffee Maker,Home & Kitchen,1,5500
1106,2025-05-18,799,H02,Coffee Pods (Pack of 20),Home & Kitchen,1,1200
1106,2025-05-18,799,H05,Travel Mug,Home & Kitchen,1,900
1107,2025-01-15,739,H06,Tea Infuser,Home & Kitchen,1,450
1107,2025-01-15,739,F05,Yoga Mat,Fitness,2,2200
1107,2025-01-15,739,E02,Screen Protector,Electronics,1,350
1107,2025-01-15,739,P01,Digital Camera,Photography,1,45000
1108,2025-02-14,595,H06,Tea Infuser,Home & Kitchen,1,450
1108,2025-02-14,595,E06,Bluetooth Speaker,Electronics,1,4200
1108,2025-02-14,595,H07,Milk Frother,Home & Kitchen,1,1100
1108,2025-02-14,595,F03,Sports Water Bottle,Fitness,2,700
1109,2025-03-21,1663,E07,Smartwatch,Electronics,1,6500
1109,2025-03-21,1663,E08,Smartwatch Replacement Band,Electronics,1,900
1110,2025-06-30,1504,H01,Coffee Maker,Home & Kitchen,1,5500
1110,2025-06-30,1504,H02,Coffee Pods (Pack of 20),Home & Kitchen,1,1200
1110,2025-06-30,1504,H05,Travel Mug,Home & Kitchen,1,900
1111,2025-02-07,1487,E01,Phone Case,Electronics,1,800
1112,2025-05-05,1104,P01,Digital Camera,Photography,1,45000
1112,2025-05-05,1104,P02,Memory Card 128GB,Photography,1,2200
1112,2025-05-05,1104,P03,Camera Bag,Photography,1,3800
1112,2025-05-05,1104,P04,Tripod,Photography,1,3200
1113,2025-06-18,1228,O04,Mechanical Keyboard,Office,1,5200
1114,2025-05-16,87,F05,Yoga Mat,Fitness,1,2200
1114,2025-05-16,87,O02,Wireless Mouse,Office,1,1400
1114,2025-05-16,87,E05,Power Bank 10000mAh,Electronics,1,2800
1115,2025-05-18,640,E04,Fast Phone Charger,Electronics,1,1200
1115,2025-05-18,640,P03,Camera Bag,Photography,1,3800
1116,2025-05-04,62,F01,Running Shoes,Fitness,1,7500
1116,2025-05-04,62,F02,Running Socks (3-Pack),Fitness,1,950
1116,2025-05-04,62,F03,Sports Water Bottle,Fitness,1,700
1117,2025-06-10,367,O01,Laptop Bag,Office,2,3200
1118,2025-03-11,775,P04,Tripod,Photography,2,3200
1119,2025-02-03,1462,E10,Laptop Sleeve,Electronics,1,1800
1120,2025-05-07,540,H01,Coffee Maker,Home & Kitchen,1,5500
1120,2025-05-07,540,H02,Coffee Pods (Pack of 20),Home & Kitchen,1,1200
1121,2025-03-13,1379,P01,Digital Camera,Photography,1,45000
1121,2025-03-13,1379,P02,Memory Card 128GB,Photography,1,2200
1121,2025-03-13,1379,P03,Camera Bag,Photography,1,3800
1122,2025-01-05,451,E02,Screen Protector,Electronics,1,350
1123,2025-01-29,149,O04,Mechanical Keyboard,Office,1,5200
1124,2025-02-17,107,P02,Memory Card 128GB,Photography,1,2200
1124,2025-02-17,107,P03,Camera Bag,Photography,1,3800
1125,2025-03-10,15,E04,Fast Phone Charger,Electronics,1,1200
1125,2025-03-10,15,E05,Power Bank 10000mAh,Electronics,1,2800
1126,2025-01-06,1076,H02,Coffee Pods (Pack of 20),Home & Kitchen,1,1200
1126,2025-01-06,1076,P01,Digital Camera,Photography,1,45000
1127,2025-03-10,735,E01,Phone Case,Electronics,1,800
1127,2025-03-10,735,E02,Screen Protector,Electronics,1,350
1128,2025-02-04,578,E06,Bluetooth Speaker,Electronics,2,4200
1128,2025-02-04,578,E01,Phone Case,Electronics,1,800
1128,2025-02-04,578,H06,Tea Infuser,Home & Kitchen,1,450
1129,2025-05-20,1207,O02,Wireless Mouse,Office,1,1400
1129,2025-05-20,1207,O05,Desk Lamp,Office,1,1800
1130,2025-02-04,894,P05,Extra Camera Battery,Photography,1,2600
1131,2025-02-24,1326,O01,Laptop Bag,Office,1,3200
1131,2025-02-24,1326,O02,Wireless Mouse,Office,1,1400
1131,2025-02-24,1326,O03,Laptop Stand,Office,1,2100
1132,2025-04-27,538,E09,USB-C Cable,Electronics,1,450
1132,2025-04-27,538,O04,Mechanical Keyboard,Office,1,5200
1133,2025-06-26,832,E04,Fast Phone Charger,Electronics,1,1200
1134,2025-06-14,661,P01,Digital Camera,Photography,1,45000
1134,2025-06-14,661,P02,Memory Card 128GB,Photography,1,2200
1134,2025-06-14,661,P03,Camera Bag,Photography,1,3800
1134,2025-06-14,661,P04,Tripod,Photography,2,3200
1135,2025-04-01,824,H03,Electric Kettle,Home & Kitchen,1,3200
1135,2025-04-01,824,H06,Tea Infuser,Home & Kitchen,1,450
1136,2025-01-02,108,P03,Camera Bag,Photography,1,3800
1136,2025-01-02,108,F06,Resistance Bands Set,Fitness,1,1500
1137,2025-01-12,107,E04,Fast Phone Charger,Electronics,1,1200
1137,2025-01-12,107,E05,Power Bank 10000mAh,Electronics,1,2800
1137,2025-01-12,107,E10,Laptop Sleeve,Electronics,1,1800
1138,2025-03-15,460,O01,Laptop Bag,Office,1,3200
1138,2025-03-15,460,O02,Wireless Mouse,Office,1,1400
1138,2025-03-15,460,O03,Laptop Stand,Office,1,2100
1138,2025-03-15,460,O04,Mechanical Keyboard,Office,1,5200
1139,2025-02-05,1176,E06,Bluetooth Speaker,Electronics,1,4200
1140,2025-03-22,207,F07,Gym Bag,Fitness,1,2600
1141,2025-04-14,353,P05,Extra Camera Battery,Photography,1,2600
1141,2025-04-14,353,F07,Gym Bag,Fitness,1,2600
1142,2025-04-11,1664,F07,Gym Bag,Fitness,1,2600
1143,2025-02-23,837,O01,Laptop Bag,Office,1,3200
1143,2025-02-23,837,O02,Wireless Mouse,Office,1,1400
1143,2025-02-23,837,O03,Laptop Stand,Office,1,2100
1144,2025-03-28,772,H05,Travel Mug,Home & Kitchen,2,900
1145,2025-04-04,1271,E01,Phone Case,Electronics,2,800
1145,2025-04-04,1271,E02,Screen Protector,Electronics,1,350
1146,2025-04-16,896,P01,Digital Camera,Photography,1,45000
1147,2025-03-22,785,F07,Gym Bag,Fitness,1,2600
1147,2025-03-22,785,F05,Yoga Mat,Fitness,1,2200
1147,2025-03-22,785,F06,Resistance Bands Set,Fitness,1,1500
1148,2025-05-13,540,E09,USB-C Cable,Electronics,1,450
1149,2025-01-03,14,E01,Phone Case,Electronics,2,800
1150,2025-04-02,1240,E03,Wireless Earphones,Electronics,1,3500
1151,2025-03-23,1305,E07,Smartwatch,Electronics,2,6500
1151,2025-03-23,1305,E08,Smartwatch Replacement Band,Electronics,1,900
1152,2025-02-26,607,E10,Laptop Sleeve,Electronics,1,1800
1153,2025-05-09,1020,F01,Running Shoes,Fitness,1,7500
1153,2025-05-09,1020,F02,Running Socks (3-Pack),Fitness,1,950
1153,2025-05-09,1020,F03,Sports Water Bottle,Fitness,1,700
1154,2025-04-25,898,H03,Electric Kettle,Home & Kitchen,1,3200
1154,2025-04-25,898,H06,Tea Infuser,Home & Kitchen,1,450
1155,2025-06-12,692,O01,Laptop Bag,Office,1,3200
1155,2025-06-12,692,O02,Wireless Mouse,Office,1,1400
1155,2025-06-12,692,O03,Laptop Stand,Office,1,2100
1155,2025-06-12,692,O04,Mechanical Keyboard,Office,1,5200
1156,2025-06-26,1236,E07,Smartwatch,Electronics,1,6500
1156,2025-06-26,1236,E08,Smartwatch Replacement Band,Electronics,1,900
1157,2025-04-05,1097,E02,Screen Protector,Electronics,1,350
1158,2025-05-09,541,F05,Yoga Mat,Fitness,1,2200
1159,2025-02-02,1635,F01,Running Shoes,Fitness,1,7500
1159,2025-02-02,1635,F02,Running Socks (3-Pack),Fitness,1,950
1159,2025-02-02,1635,F03,Sports Water Bottle,Fitness,1,700
1160,2025-03-12,729,E02,Screen Protector,Electronics,1,350
1161,2025-01-03,90,H01,Coffee Maker,Home & Kitchen,1,5500
1161,2025-01-03,90,H02,Coffee Pods (Pack of 20),Home & Kitchen,1,1200
1162,2025-04-29,246,H07,Milk Frother,Home & Kitchen,1,1100
1163,2025-01-17,314,P03,Camera Bag,Photography,1,3800
1163,2025-01-17,314,H02,Coffee Pods (Pack of 20),Home & Kitchen,1,1200
1163,2025-01-17,314,E08,Smartwatch Replacement Band,Electronics,1,900
1163,2025-01-17,314,F01,Running Shoes,Fitness,2,7500
1164,2025-03-06,1711,E04,Fast Phone Charger,Electronics,1,1200
1164,2025-03-06,1711,E05,Power Bank 10000mAh,Electronics,1,2800
1165,2025-01-07,1633,H07,Milk Frother,Home & Kitchen,1,1100
1165,2025-01-07,1633,E07,Smartwatch,Electronics,1,6500
1166,2025-06-24,660,F03,Sports Water Bottle,Fitness,1,700
1166,2025-06-24,660,E05,Power Bank 10000mAh,Electronics,1,2800
1166,2025-06-24,660,E06,Bluetooth Speaker,Electronics,1,4200
1167,2025-06-23,840,P05,Extra Camera Battery,Photography,1,2600
1167,2025-06-23,840,O04,Mechanical Keyboard,Office,1,5200
1167,2025-06-23,840,E04,Fast Phone Charger,Electronics,1,1200
1168,2025-06-15,1676,F07,Gym Bag,Fitness,1,2600
1169,2025-01-10,840,E04,Fast Phone Charger,Electronics,1,1200
1170,2025-03-31,894,E10,Laptop Sleeve,Electronics,1,1800
1170,2025-03-31,894,E07,Smartwatch,Electronics,1,6500
1171,2025-04-02,517,E04,Fast Phone Charger,Electronics,1,1200
1171,2025-04-02,517,E05,Power Bank 10000mAh,Electronics,1,2800
1172,2025-03-14,942,E01,Phone Case,Electronics,1,800
1172,2025-03-14,942,E02,Screen Protector,Electronics,1,350
1172,2025-03-14,942,E04,Fast Phone Charger,Electronics,1,1200
1173,2025-06-28,142,E04,Fast Phone Charger,Electronics,1,1200
1174,2025-02-16,245,E06,Bluetooth Speaker,Electronics,1,4200
1175,2025-03-12,871,O01,Laptop Bag,Office,2,3200
1175,2025-03-12,871,O02,Wireless Mouse,Office,2,1400
1175,2025-03-12,871,O03,Laptop Stand,Office,2,2100
1175,2025-03-12,871,P05,Extra Camera Battery,Photography,1,2600
1176,2025-02-06,1557,H01,Coffee Maker,Home & Kitchen,1,5500
1176,2025-02-06,1557,H02,Coffee Pods (Pack of 20),Home & Kitchen,1,1200
1177,2025-03-09,270,F06,Resistance Bands Set,Fitness,1,1500
1178,2025-05-25,702,P04,Tripod,Photography,1,3200
1178,2025-05-25,702,P02,Memory Card 128GB,Photography,1,2200
1178,2025-05-25,702,E06,Bluetooth Speaker,Electronics,2,4200
1179,2025-05-30,926,P02,Memory Card 128GB,Photography,1,2200
1179,2025-05-30,926,E02,Screen Protector,Electronics,1,350
1179,2025-05-30,926,E01,Phone Case,Electronics,1,800
1179,2025-05-30,926,P04,Tripod,Photography,2,3200
1180,2025-06-02,1128,E04,Fast Phone Charger,Electronics,1,1200
1180,2025-06-02,1128,E05,Power Bank 10000mAh,Electronics,1,2800
1181,2025-06-11,835,E01,Phone Case,Electronics,1,800
1181,2025-06-11,835,E02,Screen Protector,Electronics,1,350
1182,2025-02-20,812,E05,Power Bank 10000mAh,Electronics,1,2800
1183,2025-01-19,879,E01,Phone Case,Electronics,1,800
1184,2025-02-02,194,O06,Notebook & Pen Set,Office,1,600
1185,2025-04-25,1371,E01,Phone Case,Electronics,1,800
1185,2025-04-25,1371,E02,Screen Protector,Electronics,1,350
1185,2025-04-25,1371,E04,Fast Phone Charger,Electronics,1,1200
1186,2025-05-29,1437,F05,Yoga Mat,Fitness,1,2200
1186,2025-05-29,1437,E06,Bluetooth Speaker,Electronics,1,4200
1186,2025-05-29,1437,E03,Wireless Earphones,Electronics,1,3500
1187,2025-04-06,757,E07,Smartwatch,Electronics,1,6500
1187,2025-04-06,757,E08,Smartwatch Replacement Band,Electronics,1,900
1187,2025-04-06,757,E04,Fast Phone Charger,Electronics,1,1200
1188,2025-03-23,275,P05,Extra Camera Battery,Photography,1,2600
1189,2025-06-23,1318,O03,Laptop Stand,Office,1,2100
1190,2025-06-19,1552,H03,Electric Kettle,Home & Kitchen,1,3200
1190,2025-06-19,1552,E07,Smartwatch,Electronics,1,6500
1190,2025-06-19,1552,F07,Gym Bag,Fitness,1,2600
1190,2025-06-19,1552,E04,Fast Phone Charger,Electronics,1,1200
1191,2025-02-28,1362,P01,Digital Camera,Photography,1,45000
1191,2025-02-28,1362,P02,Memory Card 128GB,Photography,1,2200
1191,2025-02-28,1362,P03,Camera Bag,Photography,1,3800
1191,2025-02-28,1362,O04,Mechanical Keyboard,Office,1,5200
1192,2025-01-28,1381,E07,Smartwatch,Electronics,1,6500
1192,2025-01-28,1381,E08,Smartwatch Replacement Band,Electronics,1,900
1193,2025-01-20,856,E01,Phone Case,Electronics,2,800
1193,2025-01-20,856,E02,Screen Protector,Electronics,1,350
1193,2025-01-20,856,E04,Fast Phone Charger,Electronics,2,1200
1194,2025-06-14,347,E01,Phone Case,Electronics,1,800
1194,2025-06-14,347,E02,Screen Protector,Electronics,1,350
1194,2025-06-14,347,E04,Fast Phone Charger,Electronics,1,1200
1195,2025-03-03,1632,O01,Laptop Bag,Office,1,3200
1195,2025-03-03,1632,O02,Wireless Mouse,Office,1,1400
1195,2025-03-03,1632,O03,Laptop Stand,Office,2,2100
1196,2025-03-07,548,E01,Phone Case,Electronics,1,800
1196,2025-03-07,548,E02,Screen Protector,Electronics,1,350
1197,2025-02-01,710,O02,Wireless Mouse,Office,1,1400
1198,2025-01-13,785,H03,Electric Kettle,Home & Kitchen,1,3200
1198,2025-01-13,785,H06,Tea Infuser,Home & Kitchen,1,450
1199,2025-06-18,808,F02,Running Socks (3-Pack),Fitness,1,950
1200,2025-04-06,685,E07,Smartwatch,Electronics,1,6500
1200,2025-04-06,685,E08,Smartwatch Replacement Band,Electronics,1,900
1201,2025-05-18,671,O03,Laptop Stand,Office,2,2100
1201,2025-05-18,671,H02,Coffee Pods (Pack of 20),Home & Kitchen,1,1200
1202,2025-04-14,1326,H04,Blender,Home & Kitchen,1,4800
1202,2025-04-14,1326,P03,Camera Bag,Photography,1,3800
1202,2025-04-14,1326,F02,Running Socks (3-Pack),Fitness,1,950
1202,2025-04-14,1326,H02,Coffee Pods (Pack of 20),Home & Kitchen,1,1200
1203,2025-02-24,1002,H01,Coffee Maker,Home & Kitchen,1,5500
1203,2025-02-24,1002,H02,Coffee Pods (Pack of 20),Home & Kitchen,1,1200
1203,2025-02-24,1002,F04,Fitness Tracker,Fitness,1,4500
1204,2025-05-24,27,H03,Electric Kettle,Home & Kitchen,1,3200
1204,2025-05-24,27,H06,Tea Infuser,Home & Kitchen,1,450
1204,2025-05-24,27,E02,Screen Protector,Electronics,1,350
1205,2025-02-13,114,H04,Blender,Home & Kitchen,1,4800
1206,2025-03-04,1596,P01,Digital Camera,Photography,1,45000
1206,2025-03-04,1596,P02,Memory Card 128GB,Photography,1,2200
1206,2025-03-04,1596,P03,Camera Bag,Photography,2,3800
1206,2025-03-04,1596,P04,Tripod,Photography,1,3200
1207,2025-04-30,793,H04,Blender,Home & Kitchen,1,4800
1208,2025-01-20,1019,F01,Running Shoes,Fitness,1,7500
1209,2025-02-06,1391,E02,Screen Protector,Electronics,2,350
1209,2025-02-06,1391,O02,Wireless Mouse,Office,1,1400
1209,2025-02-06,1391,F03,Sports Water Bottle,Fitness,1,700
1210,2025-05-21,796,E10,Laptop Sleeve,Electronics,1,1800
1211,2025-02-24,1176,E01,Phone Case,Electronics,1,800
1211,2025-02-24,1176,E02,Screen Protector,Electronics,1,350
1212,2025-02-05,732,O01,Laptop Bag,Office,1,3200
1212,2025-02-05,732,O02,Wireless Mouse,Office,2,1400
1212,2025-02-05,732,O03,Laptop Stand,Office,2,2100
1213,2025-05-26,1675,F07,Gym Bag,Fitness,1,2600
1213,2025-05-26,1675,F05,Yoga Mat,Fitness,1,2200
1214,2025-05-25,105,P01,Digital Camera,Photography,1,45000
1215,2025-01-21,347,O01,Laptop Bag,Office,2,3200
1215,2025-01-21,347,O02,Wireless Mouse,Office,1,1400
1215,2025-01-21,347,O03,Laptop Stand,Office,1,2100
1216,2025-06-24,1352,E07,Smartwatch,Electronics,1,6500
1216,2025-06-24,1352,E08,Smartwatch Replacement Band,Electronics,1,900
1216,2025-06-24,1352,F07,Gym Bag,Fitness,1,2600
1217,2025-03-08,123,E07,Smartwatch,Electronics,1,6500
1218,2025-05-07,39,F07,Gym Bag,Fitness,1,2600
1218,2025-05-07,39,F05,Yoga Mat,Fitness,1,2200
1219,2025-05-23,625,E01,Phone Case,Electronics,1,800
1220,2025-03-14,594,E04,Fast Phone Charger,Electronics,1,1200
1220,2025-03-14,594,P05,Extra Camera Battery,Photography,1,2600
1220,2025-03-14,594,F03,Sports Water Bottle,Fitness,1,700
1221,2025-05-19,574,F07,Gym Bag,Fitness,1,2600
1221,2025-05-19,574,F05,Yoga Mat,Fitness,1,2200
1222,2025-02-15,573,E07,Smartwatch,Electronics,1,6500
1222,2025-02-15,573,O04,Mechanical Keyboard,Office,2,5200
1222,2025-02-15,573,E02,Screen Protector,Electronics,2,350
1222,2025-02-15,573,E03,Wireless Earphones,Electronics,1,3500
1223,2025-02-24,942,O05,Desk Lamp,Office,1,1800
1223,2025-02-24,942,F01,Running Shoes,Fitness,1,7500
1224,2025-01-16,755,E09,USB-C Cable,Electronics,1,450
1225,2025-01-07,149,E06,Bluetooth Speaker,Electronics,1,4200
1226,2025-04-04,866,F07,Gym Bag,Fitness,1,2600
1227,2025-02-14,1721,H03,Electric Kettle,Home & Kitchen,1,3200
1227,2025-02-14,1721,H06,Tea Infuser,Home & Kitchen,1,450
1227,2025-02-14,1721,H07,Milk Frother,Home & Kitchen,1,1100
1228,2025-06-20,339,E02,Screen Protector,Electronics,1,350
1228,2025-06-20,339,E07,Smartwatch,Electronics,1,6500
1228,2025-06-20,339,F05,Yoga Mat,Fitness,1,2200
1229,2025-05-12,1155,E01,Phone Case,Electronics,1,800
1230,2025-03-16,839,P01,Digital Camera,Photography,1,45000
1230,2025-03-16,839,P02,Memory Card 128GB,Photography,1,2200
1230,2025-03-16,839,P03,Camera Bag,Photography,1,3800
1231,2025-05-08,1525,O06,Notebook & Pen Set,Office,1,600
1232,2025-02-11,820,O02,Wireless Mouse,Office,1,1400
1232,2025-02-11,820,E06,Bluetooth Speaker,Electronics,1,4200
1233,2025-06-20,125,H07,Milk Frother,Home & Kitchen,1,1100
1234,2025-02-15,1200,F01,Running Shoes,Fitness,1,7500
1235,2025-04-17,424,E03,Wireless Earphones,Electronics,1,3500
1235,2025-04-17,424,H05,Travel Mug,Home & Kitchen,1,900
1235,2025-04-17,424,E05,Power Bank 10000mAh,Electronics,1,2800
1236,2025-01-29,929,E01,Phone Case,Electronics,2,800
1236,2025-01-29,929,E02,Screen Protector,Electronics,1,350
1236,2025-01-29,929,E04,Fast Phone Charger,Electronics,2,1200
1236,2025-01-29,929,O02,Wireless Mouse,Office,1,1400
1237,2025-02-23,432,E06,Bluetooth Speaker,Electronics,1,4200
1237,2025-02-23,432,O02,Wireless Mouse,Office,2,1400
1238,2025-06-11,1714,P04,Tripod,Photography,1,3200
1238,2025-06-11,1714,E08,Smartwatch Replacement Band,Electronics,1,900
1239,2025-06-10,1283,O05,Desk Lamp,Office,1,1800
1239,2025-06-10,1283,E09,USB-C Cable,Electronics,1,450
1239,2025-06-10,1283,O06,Notebook & Pen Set,Office,1,600
1239,2025-06-10,1283,H06,Tea Infuser,Home & Kitchen,1,450
1240,2025-01-26,370,E06,Bluetooth Speaker,Electronics,2,4200
1241,2025-01-19,417,P05,Extra Camera Battery,Photography,2,2600
1241,2025-01-19,417,H04,Blender,Home & Kitchen,1,4800
1242,2025-03-19,535,E01,Phone Case,Electronics,1,800
1243,2025-03-10,1458,O03,Laptop Stand,Office,1,2100
1243,2025-03-10,1458,E03,Wireless Earphones,Electronics,1,3500
1244,2025-06-25,1215,E03,Wireless Earphones,Electronics,1,3500
1245,2025-03-13,125,P01,Digital Camera,Photography,1,45000
1245,2025-03-13,125,P02,Memory Card 128GB,Photography,1,2200
1245,2025-03-13,125,P03,Camera Bag,Photography,1,3800
1245,2025-03-13,125,P04,Tripod,Photography,1,3200
1246,2025-06-05,547,O04,Mechanical Keyboard,Office,1,5200
1246,2025-06-05,547,H02,Coffee Pods (Pack of 20),Home & Kitchen,1,1200
1246,2025-06-05,547,P02,Memory Card 128GB,Photography,1,2200
1246,2025-06-05,547,F05,Yoga Mat,Fitness,1,2200
1247,2025-04-07,56,O02,Wireless Mouse,Office,1,1400
1247,2025-04-07,56,E10,Laptop Sleeve,Electronics,1,1800
1247,2025-04-07,56,F03,Sports Water Bottle,Fitness,1,700
1248,2025-01-28,1685,E05,Power Bank 10000mAh,Electronics,1,2800
1249,2025-02-09,1320,P02,Memory Card 128GB,Photography,1,2200
1249,2025-02-09,1320,F06,Resistance Bands Set,Fitness,1,1500
1249,2025-02-09,1320,E07,Smartwatch,Electronics,1,6500
1249,2025-02-09,1320,E05,Power Bank 10000mAh,Electronics,2,2800
1250,2025-03-07,888,E06,Bluetooth Speaker,Electronics,1,4200
1250,2025-03-07,888,F07,Gym Bag,Fitness,1,2600
1250,2025-03-07,888,E03,Wireless Earphones,Electronics,1,3500
1251,2025-04-28,1,O01,Laptop Bag,Office,1,3200
1251,2025-04-28,1,F02,Running Socks (3-Pack),Fitness,1,950
1252,2025-03-14,721,H07,Milk Frother,Home & Kitchen,1,1100
1253,2025-05-18,1671,E04,Fast Phone Charger,Electronics,1,1200
1253,2025-05-18,1671,E05,Power Bank 10000mAh,Electronics,1,2800
1254,2025-04-30,1747,O03,Laptop Stand,Office,1,2100
1254,2025-04-30,1747,H04,Blender,Home & Kitchen,1,4800
1254,2025-04-30,1747,P02,Memory Card 128GB,Photography,1,2200
1254,2025-04-30,1747,E01,Phone Case,Electronics,1,800
1255,2025-03-01,1309,O01,Laptop Bag,Office,1,3200
1255,2025-03-01,1309,H04,Blender,Home & Kitchen,1,4800
1256,2025-01-01,234,P02,Memory Card 128GB,Photography,1,2200
1256,2025-01-01,234,O05,Desk Lamp,Office,1,1800
1256,2025-01-01,234,H06,Tea Infuser,Home & Kitchen,1,450
1256,2025-01-01,234,H02,Coffee Pods (Pack of 20),Home & Kitchen,1,1200
1257,2025-02-01,1037,F06,Resistance Bands Set,Fitness,2,1500
1258,2025-06-05,119,H01,Coffee Maker,Home & Kitchen,1,5500
1258,2025-06-05,119,H02,Coffee Pods (Pack of 20),Home & Kitchen,1,1200
1259,2025-03-25,1215,F07,Gym Bag,Fitness,1,2600
1260,2025-04-26,27,F03,Sports Water Bottle,Fitness,1,700
1261,2025-01-21,1016,E01,Phone Case,Electronics,1,800
1261,2025-01-21,1016,E02,Screen Protector,Electronics,1,350
1262,2025-03-30,427,E07,Smartwatch,Electronics,1,6500
1262,2025-03-30,427,E08,Smartwatch Replacement Band,Electronics,1,900
1263,2025-06-27,996,F07,Gym Bag,Fitness,1,2600
1263,2025-06-27,996,F05,Yoga Mat,Fitness,1,2200
1263,2025-06-27,996,F06,Resistance Bands Set,Fitness,1,1500
1264,2025-04-17,166,O04,Mechanical Keyboard,Office,1,5200
1264,2025-04-17,166,P01,Digital Camera,Photography,1,45000
1265,2025-05-27,741,H04,Blender,Home & Kitchen,1,4800
1265,2025-05-27,741,F05,Yoga Mat,Fitness,1,2200
1265,2025-05-27,741,O01,Laptop Bag,Office,1,3200
1266,2025-05-25,405,H04,Blender,Home & Kitchen,1,4800
1267,2025-01-15,1640,E04,Fast Phone Charger,Electronics,1,1200
1267,2025-01-15,1640,P05,Extra Camera Battery,Photography,1,2600
1267,2025-01-15,1640,O04,Mechanical Keyboard,Office,1,5200
1267,2025-01-15,1640,F01,Running Shoes,Fitness,1,7500
1268,2025-03-29,1347,O01,Laptop Bag,Office,1,3200
1268,2025-03-29,1347,E09,USB-C Cable,Electronics,1,450
1268,2025-03-29,1347,O04,Mechanical Keyboard,Office,1,5200
1269,2025-04-13,266,H01,Coffee Maker,Home & Kitchen,2,5500
1269,2025-04-13,266,H02,Coffee Pods (Pack of 20),Home & Kitchen,1,1200
1270,2025-05-11,1385,E04,Fast Phone Charger,Electronics,1,1200
1270,2025-05-11,1385,E05,Power Bank 10000mAh,Electronics,1,2800
1270,2025-05-11,1385,E09,USB-C Cable,Electronics,1,450
1271,2025-05-17,1293,F01,Running Shoes,Fitness,1,7500
1271,2025-05-17,1293,F02,Running Socks (3-Pack),Fitness,1,950
1272,2025-02-24,1561,E04,Fast Phone Charger,Electronics,1,1200
1272,2025-02-24,1561,E05,Power Bank 10000mAh,Electronics,2,2800
1273,2025-06-24,1294,E06,Bluetooth Speaker,Electronics,1,4200
1274,2025-06-13,1333,P02,Memory Card 128GB,Photography,1,2200
1274,2025-06-13,1333,F02,Running Socks (3-Pack),Fitness,1,950
1275,2025-06-20,497,H01,Coffee Maker,Home & Kitchen,1,5500
1275,2025-06-20,497,H02,Coffee Pods (Pack of 20),Home & Kitchen,1,1200
1275,2025-06-20,497,F04,Fitness Tracker,Fitness,1,4500
1276,2025-06-24,383,P01,Digital Camera,Photography,1,45000
1276,2025-06-24,383,P02,Memory Card 128GB,Photography,1,2200
1276,2025-06-24,383,P03,Camera Bag,Photography,2,3800
1277,2025-01-20,1167,O01,Laptop Bag,Office,1,3200
1277,2025-01-20,1167,O02,Wireless Mouse,Office,1,1400
1277,2025-01-20,1167,O03,Laptop Stand,Office,1,2100
1278,2025-06-21,434,E04,Fast Phone Charger,Electronics,1,1200
1278,2025-06-21,434,E05,Power Bank 10000mAh,Electronics,1,2800
1279,2025-01-31,1101,H01,Coffee Maker,Home & Kitchen,1,5500
1280,2025-04-27,314,P05,Extra Camera Battery,Photography,1,2600
1280,2025-04-27,314,F03,Sports Water Bottle,Fitness,1,700
1281,2025-05-17,862,O06,Notebook & Pen Set,Office,1,600
1281,2025-05-17,862,H02,Coffee Pods (Pack of 20),Home & Kitchen,1,1200
1282,2025-05-09,737,F05,Yoga Mat,Fitness,1,2200
1283,2025-02-28,1359,P02,Memory Card 128GB,Photography,1,2200
1283,2025-02-28,1359,E10,Laptop Sleeve,Electronics,1,1800
1283,2025-02-28,1359,E04,Fast Phone Charger,Electronics,2,1200
1283,2025-02-28,1359,O06,Notebook & Pen Set,Office,2,600
1284,2025-05-22,1783,O01,Laptop Bag,Office,1,3200
1284,2025-05-22,1783,O02,Wireless Mouse,Office,2,1400
1284,2025-05-22,1783,O03,Laptop Stand,Office,1,2100
1285,2025-06-02,849,O02,Wireless Mouse,Office,1,1400
1286,2025-06-15,538,F07,Gym Bag,Fitness,1,2600
1286,2025-06-15,538,F05,Yoga Mat,Fitness,1,2200
1287,2025-05-18,418,O01,Laptop Bag,Office,1,3200
1287,2025-05-18,418,O02,Wireless Mouse,Office,1,1400
1287,2025-05-18,418,O03,Laptop Stand,Office,1,2100
1288,2025-01-15,1214,F04,Fitness Tracker,Fitness,1,4500
1288,2025-01-15,1214,O05,Desk Lamp,Office,1,1800
1289,2025-05-07,469,F07,Gym Bag,Fitness,1,2600
1289,2025-05-07,469,F05,Yoga Mat,Fitness,1,2200
1290,2025-04-13,1647,P03,Camera Bag,Photography,1,3800
1291,2025-05-11,5,O01,Laptop Bag,Office,1,3200
1291,2025-05-11,5,E04,Fast Phone Charger,Electronics,1,1200
1291,2025-05-11,5,H07,Milk Frother,Home & Kitchen,1,1100
1291,2025-05-11,5,E09,USB-C Cable,Electronics,1,450
1292,2025-06-30,939,E06,Bluetooth Speaker,Electronics,2,4200
1293,2025-02-24,27,E07,Smartwatch,Electronics,1,6500
1293,2025-02-24,27,E08,Smartwatch Replacement Band,Electronics,1,900
1294,2025-02-07,511,H01,Coffee Maker,Home & Kitchen,1,5500
1294,2025-02-07,511,H02,Coffee Pods (Pack of 20),Home & Kitchen,1,1200
1295,2025-02-19,297,O01,Laptop Bag,Office,1,3200
1295,2025-02-19,297,O02,Wireless Mouse,Office,1,1400
1295,2025-02-19,297,O03,Laptop Stand,Office,1,2100
1296,2025-01-31,978,H02,Coffee Pods (Pack of 20),Home & Kitchen,1,1200
1296,2025-01-31,978,P05,Extra Camera Battery,Photography,2,2600
1297,2025-05-28,1253,P04,Tripod,Photography,1,3200
1297,2025-05-28,1253,H06,Tea Infuser,Home & Kitchen,1,450
1297,2025-05-28,1253,E01,Phone Case,Electronics,1,800
1298,2025-05-29,47,E04,Fast Phone Charger,Electronics,1,1200
1298,2025-05-29,47,E05,Power Bank 10000mAh,Electronics,1,2800
1299,2025-01-20,198,E01,Phone Case,Electronics,1,800
1299,2025-01-20,198,E02,Screen Protector,Electronics,1,350
1299,2025-01-20,198,E04,Fast Phone Charger,Electronics,1,1200
1300,2025-03-24,1424,P01,Digital Camera,Photography,1,45000
1300,2025-03-24,1424,P02,Memory Card 128GB,Photography,1,2200
1300,2025-03-24,1424,P03,Camera Bag,Photography,1,3800
1301,2025-04-11,47,P01,Digital Camera,Photography,1,45000
1301,2025-04-11,47,P02,Memory Card 128GB,Photography,1,2200
1301,2025-04-11,47,P03,Camera Bag,Photography,2,3800
1302,2025-04-16,1527,F02,Running Socks (3-Pack),Fitness,1,950
1303,2025-06-08,553,H02,Coffee Pods (Pack of 20),Home & Kitchen,1,1200
1304,2025-03-02,201,H02,Coffee Pods (Pack of 20),Home & Kitchen,1,1200
1304,2025-03-02,201,O03,Laptop Stand,Office,2,2100
1304,2025-03-02,201,O04,Mechanical Keyboard,Office,1,5200
1304,2025-03-02,201,O01,Laptop Bag,Office,1,3200
1305,2025-01-07,329,O01,Laptop Bag,Office,1,3200
1305,2025-01-07,329,O02,Wireless Mouse,Office,2,1400
1305,2025-01-07,329,O03,Laptop Stand,Office,1,2100
1306,2025-02-22,1530,H04,Blender,Home & Kitchen,1,4800
1306,2025-02-22,1530,E07,Smartwatch,Electronics,2,6500
1307,2025-06-11,1056,F01,Running Shoes,Fitness,1,7500
1307,2025-06-11,1056,F02,Running Socks (3-Pack),Fitness,1,950
1308,2025-04-29,133,O01,Laptop Bag,Office,1,3200
1308,2025-04-29,133,O02,Wireless Mouse,Office,1,1400
1308,2025-04-29,133,O03,Laptop Stand,Office,1,2100
1308,2025-04-29,133,O04,Mechanical Keyboard,Office,1,5200
1308,2025-04-29,133,E04,Fast Phone Charger,Electronics,1,1200
1309,2025-03-28,1721,H05,Travel Mug,Home & Kitchen,1,900
1310,2025-01-06,1665,O01,Laptop Bag,Office,1,3200
1310,2025-01-06,1665,O02,Wireless Mouse,Office,1,1400
1310,2025-01-06,1665,O03,Laptop Stand,Office,1,2100
1310,2025-01-06,1665,F04,Fitness Tracker,Fitness,1,4500
1311,2025-06-17,33,E04,Fast Phone Charger,Electronics,1,1200
1311,2025-06-17,33,E05,Power Bank 10000mAh,Electronics,1,2800
1312,2025-01-16,1198,E03,Wireless Earphones,Electronics,1,3500
1313,2025-04-20,640,P01,Digital Camera,Photography,1,45000
1313,2025-04-20,640,P02,Memory Card 128GB,Photography,2,2200
1313,2025-04-20,640,P03,Camera Bag,Photography,1,3800
1314,2025-06-26,1495,P04,Tripod,Photography,1,3200
1315,2025-04-07,1658,F04,Fitness Tracker,Fitness,1,4500
1315,2025-04-07,1658,F03,Sports Water Bottle,Fitness,1,700
1316,2025-01-05,194,O01,Laptop Bag,Office,1,3200
1316,2025-01-05,194,O02,Wireless Mouse,Office,1,1400
1316,2025-01-05,194,O03,Laptop Stand,Office,1,2100
1316,2025-01-05,194,O04,Mechanical Keyboard,Office,1,5200
1317,2025-06-03,23,E06,Bluetooth Speaker,Electronics,1,4200
1318,2025-02-16,1479,E07,Smartwatch,Electronics,1,6500
1318,2025-02-16,1479,E08,Smartwatch Replacement Band,Electronics,1,900
1319,2025-04-01,1599,E04,Fast Phone Charger,Electronics,1,1200
1319,2025-04-01,1599,E05,Power Bank 10000mAh,Electronics,1,2800
1319,2025-04-01,1599,E09,USB-C Cable,Electronics,1,450
1320,2025-05-16,448,F07,Gym Bag,Fitness,2,2600
1320,2025-05-16,448,F05,Yoga Mat,Fitness,1,2200
1320,2025-05-16,448,F06,Resistance Bands Set,Fitness,1,1500
1321,2025-02-01,1304,F04,Fitness Tracker,Fitness,2,4500
1321,2025-02-01,1304,F03,Sports Water Bottle,Fitness,1,700
1322,2025-05-12,1113,O05,Desk Lamp,Office,1,1800
1322,2025-05-12,1113,P02,Memory Card 128GB,Photography,1,2200
1322,2025-05-12,1113,E01,Phone Case,Electronics,1,800
1323,2025-06-29,1114,H05,Travel Mug,Home & Kitchen,1,900
1323,2025-06-29,1114,O06,Notebook & Pen Set,Office,1,600
1324,2025-03-12,408,O01,Laptop Bag,Office,1,3200
1324,2025-03-12,408,O02,Wireless Mouse,Office,1,1400
1324,2025-03-12,408,O03,Laptop Stand,Office,1,2100
1324,2025-03-12,408,O04,Mechanical Keyboard,Office,1,5200
1325,2025-06-08,1535,H03,Electric Kettle,Home & Kitchen,1,3200
1325,2025-06-08,1535,H06,Tea Infuser,Home & Kitchen,1,450
1326,2025-06-03,26,E02,Screen Protector,Electronics,1,350
1326,2025-06-03,26,E10,Laptop Sleeve,Electronics,1,1800
1326,2025-06-03,26,E09,USB-C Cable,Electronics,1,450
1327,2025-05-04,1420,E01,Phone Case,Electronics,1,800
1327,2025-05-04,1420,O03,Laptop Stand,Office,2,2100
1327,2025-05-04,1420,P05,Extra Camera Battery,Photography,1,2600
1327,2025-05-04,1420,E06,Bluetooth Speaker,Electronics,1,4200
1328,2025-06-28,409,F07,Gym Bag,Fitness,1,2600
1328,2025-06-28,409,F05,Yoga Mat,Fitness,1,2200
1329,2025-06-06,1566,O01,Laptop Bag,Office,1,3200
1329,2025-06-06,1566,O02,Wireless Mouse,Office,1,1400
1329,2025-06-06,1566,O03,Laptop Stand,Office,1,2100
1330,2025-01-07,1271,E04,Fast Phone Charger,Electronics,1,1200
1330,2025-01-07,1271,E05,Power Bank 10000mAh,Electronics,2,2800
1330,2025-01-07,1271,E09,USB-C Cable,Electronics,1,450
1331,2025-01-27,1612,P01,Digital Camera,Photography,1,45000
1331,2025-01-27,1612,P02,Memory Card 128GB,Photography,1,2200
1331,2025-01-27,1612,P03,Camera Bag,Photography,1,3800
1331,2025-01-27,1612,H03,Electric Kettle,Home & Kitchen,1,3200
1332,2025-05-19,445,H02,Coffee Pods (Pack of 20),Home & Kitchen,1,1200
1332,2025-05-19,445,O04,Mechanical Keyboard,Office,1,5200
1333,2025-03-28,910,O04,Mechanical Keyboard,Office,1,5200
1333,2025-03-28,910,O06,Notebook & Pen Set,Office,1,600
1333,2025-03-28,910,F01,Running Shoes,Fitness,2,7500
1333,2025-03-28,910,F06,Resistance Bands Set,Fitness,1,1500
1334,2025-05-10,437,E01,Phone Case,Electronics,1,800
1334,2025-05-10,437,E02,Screen Protector,Electronics,1,350
1335,2025-02-26,1103,F06,Resistance Bands Set,Fitness,1,1500
1335,2025-02-26,1103,O03,Laptop Stand,Office,1,2100
1335,2025-02-26,1103,P02,Memory Card 128GB,Photography,1,2200
1336,2025-02-05,721,F04,Fitness Tracker,Fitness,1,4500
1337,2025-02-16,1089,F01,Running Shoes,Fitness,1,7500
1337,2025-02-16,1089,F02,Running Socks (3-Pack),Fitness,1,950
1338,2025-02-05,79,O01,Laptop Bag,Office,1,3200
1338,2025-02-05,79,O02,Wireless Mouse,Office,2,1400
1338,2025-02-05,79,O03,Laptop Stand,Office,1,2100
1339,2025-05-01,430,H04,Blender,Home & Kitchen,1,4800
1339,2025-05-01,430,E03,Wireless Earphones,Electronics,1,3500
1339,2025-05-01,430,E01,Phone Case,Electronics,1,800
1339,2025-05-01,430,P01,Digital Camera,Photography,1,45000
1340,2025-03-03,1208,H04,Blender,Home & Kitchen,2,4800
1340,2025-03-03,1208,H05,Travel Mug,Home & Kitchen,1,900
1340,2025-03-03,1208,P04,Tripod,Photography,1,3200
1341,2025-03-22,1348,E05,Power Bank 10000mAh,Electronics,1,2800
1341,2025-03-22,1348,F05,Yoga Mat,Fitness,1,2200
1342,2025-06-26,1201,E01,Phone Case,Electronics,1,800
1342,2025-06-26,1201,E02,Screen Protector,Electronics,2,350
1342,2025-06-26,1201,E04,Fast Phone Charger,Electronics,1,1200
1343,2025-06-07,987,E04,Fast Phone Charger,Electronics,1,1200
1343,2025-06-07,987,E05,Power Bank 10000mAh,Electronics,1,2800
1343,2025-06-07,987,E09,USB-C Cable,Electronics,1,450
1344,2025-02-03,1275,P03,Camera Bag,Photography,1,3800
1345,2025-01-19,1483,F01,Running Shoes,Fitness,1,7500
1345,2025-01-19,1483,F02,Running Socks (3-Pack),Fitness,1,950
1345,2025-01-19,1483,H02,Coffee Pods (Pack of 20),Home & Kitchen,1,1200
1346,2025-01-14,1142,E06,Bluetooth Speaker,Electronics,1,4200
1346,2025-01-14,1142,E02,Screen Protector,Electronics,1,350
1346,2025-01-14,1142,H06,Tea Infuser,Home & Kitchen,1,450
1347,2025-05-25,1388,F02,Running Socks (3-Pack),Fitness,1,950
1348,2025-06-03,655,P03,Camera Bag,Photography,1,3800
1348,2025-06-03,655,F02,Running Socks (3-Pack),Fitness,1,950
1348,2025-06-03,655,E08,Smartwatch Replacement Band,Electronics,1,900
1348,2025-06-03,655,O05,Desk Lamp,Office,1,1800
1349,2025-05-24,121,F05,Yoga Mat,Fitness,1,2200
1349,2025-05-24,121,F01,Running Shoes,Fitness,1,7500
1349,2025-05-24,121,E03,Wireless Earphones,Electronics,1,3500
1350,2025-02-11,1669,F06,Resistance Bands Set,Fitness,1,1500
1350,2025-02-11,1669,F05,Yoga Mat,Fitness,1,2200
1350,2025-02-11,1669,E09,USB-C Cable,Electronics,1,450
1351,2025-06-05,42,H06,Tea Infuser,Home & Kitchen,2,450
1351,2025-06-05,42,F02,Running Socks (3-Pack),Fitness,1,950
1352,2025-03-02,1025,F01,Running Shoes,Fitness,1,7500
1352,2025-03-02,1025,F02,Running Socks (3-Pack),Fitness,1,950
1353,2025-06-12,1200,O01,Laptop Bag,Office,1,3200
1353,2025-06-12,1200,O02,Wireless Mouse,Office,1,1400
1353,2025-06-12,1200,O03,Laptop Stand,Office,1,2100
1353,2025-06-12,1200,O04,Mechanical Keyboard,Office,1,5200
1353,2025-06-12,1200,E02,Screen Protector,Electronics,1,350
1354,2025-05-14,1598,E08,Smartwatch Replacement Band,Electronics,1,900
1355,2025-02-25,562,F01,Running Shoes,Fitness,1,7500
1356,2025-03-31,1165,E10,Laptop Sleeve,Electronics,1,1800
1356,2025-03-31,1165,H06,Tea Infuser,Home & Kitchen,1,450
1356,2025-03-31,1165,E01,Phone Case,Electronics,1,800
1357,2025-01-20,1764,O01,Laptop Bag,Office,1,3200
1357,2025-01-20,1764,O02,Wireless Mouse,Office,1,1400
1357,2025-01-20,1764,O03,Laptop Stand,Office,2,2100
1358,2025-06-15,299,E01,Phone Case,Electronics,1,800
1358,2025-06-15,299,E02,Screen Protector,Electronics,1,350
1359,2025-03-17,592,F07,Gym Bag,Fitness,1,2600
1359,2025-03-17,592,F05,Yoga Mat,Fitness,1,2200
1359,2025-03-17,592,F06,Resistance Bands Set,Fitness,2,1500
1360,2025-04-03,190,P04,Tripod,Photography,1,3200
1360,2025-04-03,190,E07,Smartwatch,Electronics,1,6500
1360,2025-04-03,190,H02,Coffee Pods (Pack of 20),Home & Kitchen,1,1200
1361,2025-05-29,1250,O01,Laptop Bag,Office,1,3200
1361,2025-05-29,1250,O02,Wireless Mouse,Office,1,1400
1361,2025-05-29,1250,O03,Laptop Stand,Office,1,2100
1361,2025-05-29,1250,O04,Mechanical Keyboard,Office,2,5200
1362,2025-06-13,216,F01,Running Shoes,Fitness,2,7500
1362,2025-06-13,216,H01,Coffee Maker,Home & Kitchen,1,5500
1362,2025-06-13,216,P05,Extra Camera Battery,Photography,1,2600
1362,2025-06-13,216,O02,Wireless Mouse,Office,1,1400
1363,2025-03-28,901,E07,Smartwatch,Electronics,1,6500
1363,2025-03-28,901,E08,Smartwatch Replacement Band,Electronics,1,900
1364,2025-05-12,501,F04,Fitness Tracker,Fitness,1,4500
1365,2025-05-10,1251,P01,Digital Camera,Photography,1,45000
1365,2025-05-10,1251,P02,Memory Card 128GB,Photography,2,2200
1365,2025-05-10,1251,P03,Camera Bag,Photography,1,3800
1365,2025-05-10,1251,P04,Tripod,Photography,1,3200
1366,2025-06-17,1137,H01,Coffee Maker,Home & Kitchen,1,5500
1366,2025-06-17,1137,H02,Coffee Pods (Pack of 20),Home & Kitchen,1,1200
1367,2025-01-12,1355,P01,Digital Camera,Photography,1,45000
1367,2025-01-12,1355,P02,Memory Card 128GB,Photography,1,2200
1367,2025-01-12,1355,P03,Camera Bag,Photography,1,3800
1368,2025-03-23,432,E10,Laptop Sleeve,Electronics,1,1800
1368,2025-03-23,432,H02,Coffee Pods (Pack of 20),Home & Kitchen,2,1200
1368,2025-03-23,432,E02,Screen Protector,Electronics,1,350
1368,2025-03-23,432,E08,Smartwatch Replacement Band,Electronics,1,900
1369,2025-05-12,1319,H03,Electric Kettle,Home & Kitchen,1,3200
1369,2025-05-12,1319,H06,Tea Infuser,Home & Kitchen,1,450
1370,2025-04-20,1389,F07,Gym Bag,Fitness,1,2600
1370,2025-04-20,1389,F03,Sports Water Bottle,Fitness,1,700
1370,2025-04-20,1389,O04,Mechanical Keyboard,Office,1,5200
1371,2025-05-20,1213,E05,Power Bank 10000mAh,Electronics,1,2800
1372,2025-04-19,1611,O01,Laptop Bag,Office,1,3200
1372,2025-04-19,1611,O02,Wireless Mouse,Office,1,1400
1372,2025-04-19,1611,O03,Laptop Stand,Office,2,2100
1372,2025-04-19,1611,O04,Mechanical Keyboard,Office,2,5200
1373,2025-06-08,337,E01,Phone Case,Electronics,1,800
1373,2025-06-08,337,E02,Screen Protector,Electronics,1,350
1374,2025-04-11,1048,E05,Power Bank 10000mAh,Electronics,1,2800
1375,2025-02-06,1208,E04,Fast Phone Charger,Electronics,1,1200
1375,2025-02-06,1208,E05,Power Bank 10000mAh,Electronics,1,2800
1376,2025-01-23,1707,E10,Laptop Sleeve,Electronics,1,1800
1376,2025-01-23,1707,O04,Mechanical Keyboard,Office,1,5200
1376,2025-01-23,1707,F05,Yoga Mat,Fitness,1,2200
1377,2025-06-08,1183,F01,Running Shoes,Fitness,1,7500
1377,2025-06-08,1183,F02,Running Socks (3-Pack),Fitness,1,950
1378,2025-02-21,978,F07,Gym Bag,Fitness,1,2600
1378,2025-02-21,978,F05,Yoga Mat,Fitness,1,2200
1379,2025-05-26,473,O01,Laptop Bag,Office,1,3200
1379,2025-05-26,473,O02,Wireless Mouse,Office,2,1400
1379,2025-05-26,473,O03,Laptop Stand,Office,1,2100
1380,2025-02-05,919,H07,Milk Frother,Home & Kitchen,1,1100
1380,2025-02-05,919,F05,Yoga Mat,Fitness,1,2200
1381,2025-03-09,786,H01,Coffee Maker,Home & Kitchen,1,5500
1381,2025-03-09,786,H02,Coffee Pods (Pack of 20),Home & Kitchen,1,1200
1382,2025-02-26,1163,H04,Blender,Home & Kitchen,1,4800
1382,2025-02-26,1163,F03,Sports Water Bottle,Fitness,1,700
1383,2025-05-17,1458,H06,Tea Infuser,Home & Kitchen,1,450
1383,2025-05-17,1458,O03,Laptop Stand,Office,1,2100
1383,2025-05-17,1458,P02,Memory Card 128GB,Photography,2,2200
1384,2025-02-09,1292,P01,Digital Camera,Photography,1,45000
1384,2025-02-09,1292,P02,Memory Card 128GB,Photography,1,2200
1384,2025-02-09,1292,P03,Camera Bag,Photography,1,3800
1384,2025-02-09,1292,P04,Tripod,Photography,1,3200
1384,2025-02-09,1292,F03,Sports Water Bottle,Fitness,1,700
1385,2025-05-01,819,F03,Sports Water Bottle,Fitness,1,700
1386,2025-03-02,102,E07,Smartwatch,Electronics,1,6500
1386,2025-03-02,102,E08,Smartwatch Replacement Band,Electronics,1,900
1387,2025-02-28,902,E04,Fast Phone Charger,Electronics,1,1200
1387,2025-02-28,902,E05,Power Bank 10000mAh,Electronics,1,2800
1387,2025-02-28,902,E09,USB-C Cable,Electronics,1,450
1388,2025-04-03,1199,H07,Milk Frother,Home & Kitchen,1,1100
1388,2025-04-03,1199,E05,Power Bank 10000mAh,Electronics,1,2800
1388,2025-04-03,1199,E08,Smartwatch Replacement Band,Electronics,1,900
1388,2025-04-03,1199,E06,Bluetooth Speaker,Electronics,1,4200
1389,2025-02-07,1100,F04,Fitness Tracker,Fitness,1,4500
1389,2025-02-07,1100,F03,Sports Water Bottle,Fitness,1,700
1389,2025-02-07,1100,F07,Gym Bag,Fitness,1,2600
1390,2025-04-27,688,E08,Smartwatch Replacement Band,Electronics,1,900
1390,2025-04-27,688,H01,Coffee Maker,Home & Kitchen,1,5500
1390,2025-04-27,688,F05,Yoga Mat,Fitness,2,2200
1390,2025-04-27,688,O06,Notebook & Pen Set,Office,1,600
1391,2025-02-08,644,H05,Travel Mug,Home & Kitchen,1,900
1391,2025-02-08,644,P02,Memory Card 128GB,Photography,1,2200
1392,2025-01-19,231,F02,Running Socks (3-Pack),Fitness,1,950
1392,2025-01-19,231,E07,Smartwatch,Electronics,1,6500
1393,2025-03-03,1474,H07,Milk Frother,Home & Kitchen,1,1100
1394,2025-05-25,990,E01,Phone Case,Electronics,1,800
1394,2025-05-25,990,E02,Screen Protector,Electronics,2,350
1395,2025-03-10,52,F04,Fitness Tracker,Fitness,1,4500
1395,2025-03-10,52,F03,Sports Water Bottle,Fitness,1,700
1396,2025-04-09,1486,E01,Phone Case,Electronics,1,800
1396,2025-04-09,1486,O02,Wireless Mouse,Office,1,1400
1396,2025-04-09,1486,O01,Laptop Bag,Office,1,3200
1397,2025-05-18,1155,H02,Coffee Pods (Pack of 20),Home & Kitchen,1,1200
1398,2025-01-27,778,E04,Fast Phone Charger,Electronics,1,1200
1398,2025-01-27,778,E05,Power Bank 10000mAh,Electronics,2,2800
1399,2025-01-21,1620,H04,Blender,Home & Kitchen,1,4800
1400,2025-01-18,565,P03,Camera Bag,Photography,1,3800
1400,2025-01-18,565,H02,Coffee Pods (Pack of 20),Home & Kitchen,1,1200
1400,2025-01-18,565,E02,Screen Protector,Electronics,1,350
1401,2025-04-21,1772,O06,Notebook & Pen Set,Office,1,600
1401,2025-04-21,1772,E05,Power Bank 10000mAh,Electronics,1,2800
1401,2025-04-21,1772,O03,Laptop Stand,Office,1,2100
1401,2025-04-21,1772,P01,Digital Camera,Photography,1,45000
1402,2025-04-06,645,F01,Running Shoes,Fitness,1,7500
1402,2025-04-06,645,F02,Running Socks (3-Pack),Fitness,1,950
1402,2025-04-06,645,F03,Sports Water Bottle,Fitness,1,700
1403,2025-02-05,1219,E02,Screen Protector,Electronics,1,350
1403,2025-02-05,1219,O04,Mechanical Keyboard,Office,1,5200
1403,2025-02-05,1219,H03,Electric Kettle,Home & Kitchen,1,3200
1403,2025-02-05,1219,H06,Tea Infuser,Home & Kitchen,1,450
1404,2025-06-28,1761,O01,Laptop Bag,Office,2,3200
1404,2025-06-28,1761,O02,Wireless Mouse,Office,1,1400
1404,2025-06-28,1761,O03,Laptop Stand,Office,2,2100
1404,2025-06-28,1761,O04,Mechanical Keyboard,Office,1,5200
1405,2025-02-02,298,P01,Digital Camera,Photography,2,45000
1405,2025-02-02,298,P02,Memory Card 128GB,Photography,1,2200
1405,2025-02-02,298,P03,Camera Bag,Photography,1,3800
1406,2025-03-14,1005,H06,Tea Infuser,Home & Kitchen,2,450
1407,2025-06-23,1425,F04,Fitness Tracker,Fitness,1,4500
1407,2025-06-23,1425,F03,Sports Water Bottle,Fitness,1,700
1408,2025-01-10,774,F04,Fitness Tracker,Fitness,1,4500
1408,2025-01-10,774,F05,Yoga Mat,Fitness,1,2200
1408,2025-01-10,774,E01,Phone Case,Electronics,1,800
1408,2025-01-10,774,P02,Memory Card 128GB,Photography,1,2200
1409,2025-04-09,1538,O04,Mechanical Keyboard,Office,1,5200
1409,2025-04-09,1538,H04,Blender,Home & Kitchen,1,4800
1409,2025-04-09,1538,F04,Fitness Tracker,Fitness,1,4500
1410,2025-05-01,1520,O03,Laptop Stand,Office,1,2100
1411,2025-06-27,1707,E04,Fast Phone Charger,Electronics,1,1200
1411,2025-06-27,1707,E05,Power Bank 10000mAh,Electronics,1,2800
1412,2025-01-26,1122,F07,Gym Bag,Fitness,1,2600
1412,2025-01-26,1122,F05,Yoga Mat,Fitness,2,2200
1413,2025-04-08,1150,E04,Fast Phone Charger,Electronics,1,1200
1414,2025-02-15,286,E04,Fast Phone Charger,Electronics,1,1200
1414,2025-02-15,286,E05,Power Bank 10000mAh,Electronics,1,2800
1415,2025-06-14,1380,P05,Extra Camera Battery,Photography,1,2600
1416,2025-05-19,1344,P05,Extra Camera Battery,Photography,1,2600
1416,2025-05-19,1344,H03,Electric Kettle,Home & Kitchen,1,3200
1416,2025-05-19,1344,H01,Coffee Maker,Home & Kitchen,1,5500
1416,2025-05-19,1344,F06,Resistance Bands Set,Fitness,1,1500
1417,2025-01-09,1580,E07,Smartwatch,Electronics,1,6500
1417,2025-01-09,1580,E08,Smartwatch Replacement Band,Electronics,1,900
1417,2025-01-09,1580,F03,Sports Water Bottle,Fitness,1,700
1418,2025-01-11,1284,E04,Fast Phone Charger,Electronics,1,1200
1418,2025-01-11,1284,E05,Power Bank 10000mAh,Electronics,1,2800
1418,2025-01-11,1284,E09,USB-C Cable,Electronics,1,450
1419,2025-03-23,794,H05,Travel Mug,Home & Kitchen,1,900
1419,2025-03-23,794,H06,Tea Infuser,Home & Kitchen,1,450
1419,2025-03-23,794,E08,Smartwatch Replacement Band,Electronics,1,900
1419,2025-03-23,794,H07,Milk Frother,Home & Kitchen,1,1100
1420,2025-01-21,149,F01,Running Shoes,Fitness,1,7500
1420,2025-01-21,149,F02,Running Socks (3-Pack),Fitness,1,950
1420,2025-01-21,149,H04,Blender,Home & Kitchen,1,4800
1421,2025-02-01,1651,E02,Screen Protector,Electronics,1,350
1421,2025-02-01,1651,H02,Coffee Pods (Pack of 20),Home & Kitchen,1,1200
1421,2025-02-01,1651,F07,Gym Bag,Fitness,1,2600
1421,2025-02-01,1651,F03,Sports Water Bottle,Fitness,1,700
1422,2025-03-12,1408,H02,Coffee Pods (Pack of 20),Home & Kitchen,1,1200
1422,2025-03-12,1408,E10,Laptop Sleeve,Electronics,1,1800
1423,2025-05-24,120,F04,Fitness Tracker,Fitness,2,4500
1423,2025-05-24,120,E05,Power Bank 10000mAh,Electronics,1,2800
1423,2025-05-24,120,H02,Coffee Pods (Pack of 20),Home & Kitchen,1,1200
1424,2025-04-25,904,H07,Milk Frother,Home & Kitchen,1,1100
1425,2025-01-26,987,O01,Laptop Bag,Office,1,3200
1425,2025-01-26,987,O02,Wireless Mouse,Office,1,1400
1425,2025-01-26,987,O03,Laptop Stand,Office,1,2100
1425,2025-01-26,987,O04,Mechanical Keyboard,Office,2,5200
1426,2025-06-15,1544,F04,Fitness Tracker,Fitness,1,4500
1426,2025-06-15,1544,F01,Running Shoes,Fitness,1,7500
1427,2025-04-21,53,O01,Laptop Bag,Office,1,3200
1427,2025-04-21,53,O02,Wireless Mouse,Office,1,1400
1427,2025-04-21,53,O03,Laptop Stand,Office,1,2100
1428,2025-05-24,1482,H05,Travel Mug,Home & Kitchen,1,900
1428,2025-05-24,1482,H02,Coffee Pods (Pack of 20),Home & Kitchen,1,1200
1428,2025-05-24,1482,E05,Power Bank 10000mAh,Electronics,1,2800
1429,2025-04-06,1773,P04,Tripod,Photography,1,3200
1430,2025-06-16,162,E03,Wireless Earphones,Electronics,1,3500
1430,2025-06-16,162,F07,Gym Bag,Fitness,1,2600
1430,2025-06-16,162,H01,Coffee Maker,Home & Kitchen,1,5500
1430,2025-06-16,162,O01,Laptop Bag,Office,1,3200
1431,2025-04-27,446,F04,Fitness Tracker,Fitness,1,4500
1431,2025-04-27,446,F03,Sports Water Bottle,Fitness,1,700
1432,2025-02-19,1169,H03,Electric Kettle,Home & Kitchen,2,3200
1432,2025-02-19,1169,H06,Tea Infuser,Home & Kitchen,1,450
1433,2025-02-27,1410,H03,Electric Kettle,Home & Kitchen,2,3200
1434,2025-03-23,1508,F04,Fitness Tracker,Fitness,1,4500
1434,2025-03-23,1508,O02,Wireless Mouse,Office,1,1400
1434,2025-03-23,1508,E10,Laptop Sleeve,Electronics,1,1800
1435,2025-02-02,1040,F01,Running Shoes,Fitness,1,7500
1435,2025-02-02,1040,F02,Running Socks (3-Pack),Fitness,1,950
1435,2025-02-02,1040,F03,Sports Water Bottle,Fitness,1,700
1436,2025-02-14,947,E07,Smartwatch,Electronics,1,6500
1436,2025-02-14,947,E08,Smartwatch Replacement Band,Electronics,1,900
1437,2025-03-20,1601,E07,Smartwatch,Electronics,2,6500
1437,2025-03-20,1601,E08,Smartwatch Replacement Band,Electronics,1,900
1438,2025-02-08,289,P01,Digital Camera,Photography,1,45000
1438,2025-02-08,289,P02,Memory Card 128GB,Photography,1,2200
1438,2025-02-08,289,P03,Camera Bag,Photography,1,3800
1439,2025-02-01,1675,F07,Gym Bag,Fitness,1,2600
1439,2025-02-01,1675,F05,Yoga Mat,Fitness,2,2200
1440,2025-06-24,1239,O03,Laptop Stand,Office,1,2100
1440,2025-06-24,1239,E02,Screen Protector,Electronics,1,350
1440,2025-06-24,1239,F06,Resistance Bands Set,Fitness,1,1500
1440,2025-06-24,1239,E08,Smartwatch Replacement Band,Electronics,1,900
1441,2025-04-21,448,F01,Running Shoes,Fitness,1,7500
1441,2025-04-21,448,P04,Tripod,Photography,1,3200
1441,2025-04-21,448,P01,Digital Camera,Photography,1,45000
1442,2025-06-17,512,E04,Fast Phone Charger,Electronics,1,1200
1442,2025-06-17,512,P02,Memory Card 128GB,Photography,1,2200
1442,2025-06-17,512,E02,Screen Protector,Electronics,1,350
1443,2025-04-24,1382,P01,Digital Camera,Photography,1,45000
1443,2025-04-24,1382,P02,Memory Card 128GB,Photography,1,2200
1443,2025-04-24,1382,P03,Camera Bag,Photography,1,3800
1444,2025-04-14,1063,P04,Tripod,Photography,2,3200
1445,2025-06-02,1555,F07,Gym Bag,Fitness,1,2600
1445,2025-06-02,1555,F05,Yoga Mat,Fitness,1,2200
1446,2025-04-04,889,E07,Smartwatch,Electronics,1,6500
1446,2025-04-04,889,E08,Smartwatch Replacement Band,Electronics,1,900
1447,2025-03-26,1527,E02,Screen Protector,Electronics,1,350
1448,2025-01-03,592,H03,Electric Kettle,Home & Kitchen,1,3200
1449,2025-03-09,519,E07,Smartwatch,Electronics,1,6500
1449,2025-03-09,519,H07,Milk Frother,Home & Kitchen,1,1100
1449,2025-03-09,519,E06,Bluetooth Speaker,Electronics,1,4200
1450,2025-05-09,1272,P01,Digital Camera,Photography,1,45000
1450,2025-05-09,1272,P02,Memory Card 128GB,Photography,1,2200
1450,2025-05-09,1272,P03,Camera Bag,Photography,1,3800
1450,2025-05-09,1272,P04,Tripod,Photography,1,3200
1450,2025-05-09,1272,E01,Phone Case,Electronics,1,800
1451,2025-04-30,1612,P02,Memory Card 128GB,Photography,1,2200
1451,2025-04-30,1612,E07,Smartwatch,Electronics,2,6500
1451,2025-04-30,1612,O01,Laptop Bag,Office,1,3200
1452,2025-05-19,1097,E07,Smartwatch,Electronics,1,6500
1452,2025-05-19,1097,E08,Smartwatch Replacement Band,Electronics,1,900
1453,2025-02-10,575,F04,Fitness Tracker,Fitness,2,4500
1453,2025-02-10,575,F03,Sports Water Bottle,Fitness,1,700
1453,2025-02-10,575,O06,Notebook & Pen Set,Office,1,600
1454,2025-04-16,269,F04,Fitness Tracker,Fitness,1,4500
1454,2025-04-16,269,F03,Sports Water Bottle,Fitness,1,700
1455,2025-05-07,495,O06,Notebook & Pen Set,Office,1,600
1456,2025-01-16,1545,H03,Electric Kettle,Home & Kitchen,1,3200
1457,2025-04-03,1567,O01,Laptop Bag,Office,1,3200
1457,2025-04-03,1567,O02,Wireless Mouse,Office,1,1400
1457,2025-04-03,1567,O03,Laptop Stand,Office,1,2100
1458,2025-05-01,1692,F04,Fitness Tracker,Fitness,1,4500
1458,2025-05-01,1692,P01,Digital Camera,Photography,1,45000
1458,2025-05-01,1692,F02,Running Socks (3-Pack),Fitness,1,950
1459,2025-06-03,1312,E06,Bluetooth Speaker,Electronics,1,4200
1459,2025-06-03,1312,H03,Electric Kettle,Home & Kitchen,2,3200
1459,2025-06-03,1312,F06,Resistance Bands Set,Fitness,1,1500
1459,2025-06-03,1312,F01,Running Shoes,Fitness,1,7500
1460,2025-03-01,858,E04,Fast Phone Charger,Electronics,1,1200
1460,2025-03-01,858,E05,Power Bank 10000mAh,Electronics,1,2800
1460,2025-03-01,858,E09,USB-C Cable,Electronics,1,450
1461,2025-03-26,1576,E03,Wireless Earphones,Electronics,1,3500
1462,2025-03-27,516,E03,Wireless Earphones,Electronics,1,3500
1462,2025-03-27,516,P05,Extra Camera Battery,Photography,2,2600
1462,2025-03-27,516,F06,Resistance Bands Set,Fitness,1,1500
1462,2025-03-27,516,F03,Sports Water Bottle,Fitness,1,700
1463,2025-02-14,205,O01,Laptop Bag,Office,2,3200
1463,2025-02-14,205,O02,Wireless Mouse,Office,1,1400
1463,2025-02-14,205,O03,Laptop Stand,Office,1,2100
1463,2025-02-14,205,O04,Mechanical Keyboard,Office,1,5200
1464,2025-05-18,254,O01,Laptop Bag,Office,1,3200
1464,2025-05-18,254,O02,Wireless Mouse,Office,1,1400
1464,2025-05-18,254,O03,Laptop Stand,Office,1,2100
1464,2025-05-18,254,O04,Mechanical Keyboard,Office,1,5200
1465,2025-02-26,513,F05,Yoga Mat,Fitness,1,2200
1465,2025-02-26,513,P01,Digital Camera,Photography,1,45000
1465,2025-02-26,513,H04,Blender,Home & Kitchen,1,4800
1465,2025-02-26,513,O04,Mechanical Keyboard,Office,1,5200
1466,2025-05-03,363,F04,Fitness Tracker,Fitness,1,4500
1466,2025-05-03,363,F03,Sports Water Bottle,Fitness,1,700
1467,2025-04-19,496,O02,Wireless Mouse,Office,2,1400
1467,2025-04-19,496,P04,Tripod,Photography,1,3200
1467,2025-04-19,496,F03,Sports Water Bottle,Fitness,1,700
1467,2025-04-19,496,E01,Phone Case,Electronics,1,800
1468,2025-02-20,1759,E06,Bluetooth Speaker,Electronics,1,4200
1469,2025-06-11,357,F01,Running Shoes,Fitness,1,7500
1469,2025-06-11,357,F02,Running Socks (3-Pack),Fitness,1,950
1469,2025-06-11,357,F03,Sports Water Bottle,Fitness,1,700
1470,2025-01-29,533,F01,Running Shoes,Fitness,1,7500
1470,2025-01-29,533,F02,Running Socks (3-Pack),Fitness,2,950
1470,2025-01-29,533,F07,Gym Bag,Fitness,1,2600
1471,2025-04-10,411,H01,Coffee Maker,Home & Kitchen,1,5500
1471,2025-04-10,411,H02,Coffee Pods (Pack of 20),Home & Kitchen,1,1200
1472,2025-01-11,172,P02,Memory Card 128GB,Photography,1,2200
1472,2025-01-11,172,E03,Wireless Earphones,Electronics,1,3500
1473,2025-06-24,301,E04,Fast Phone Charger,Electronics,2,1200
1473,2025-06-24,301,E05,Power Bank 10000mAh,Electronics,1,2800
1474,2025-04-28,608,P04,Tripod,Photography,1,3200
1475,2025-05-09,204,E04,Fast Phone Charger,Electronics,1,1200
1475,2025-05-09,204,E05,Power Bank 10000mAh,Electronics,2,2800
1475,2025-05-09,204,E09,USB-C Cable,Electronics,1,450
1476,2025-02-16,1255,H03,Electric Kettle,Home & Kitchen,1,3200
1476,2025-02-16,1255,H06,Tea Infuser,Home & Kitchen,1,450
1476,2025-02-16,1255,H07,Milk Frother,Home & Kitchen,1,1100
1477,2025-03-16,1402,P01,Digital Camera,Photography,1,45000
1477,2025-03-16,1402,P02,Memory Card 128GB,Photography,2,2200
1477,2025-03-16,1402,P03,Camera Bag,Photography,1,3800
1478,2025-04-30,1401,P01,Digital Camera,Photography,1,45000
1479,2025-06-24,1102,E01,Phone Case,Electronics,1,800
1479,2025-06-24,1102,E02,Screen Protector,Electronics,1,350
1479,2025-06-24,1102,E04,Fast Phone Charger,Electronics,2,1200
1479,2025-06-24,1102,O04,Mechanical Keyboard,Office,2,5200
1480,2025-01-15,303,F05,Yoga Mat,Fitness,1,2200
1481,2025-01-28,636,F07,Gym Bag,Fitness,1,2600
1481,2025-01-28,636,F05,Yoga Mat,Fitness,1,2200
1481,2025-01-28,636,F06,Resistance Bands Set,Fitness,1,1500
1482,2025-03-11,1293,O01,Laptop Bag,Office,1,3200
1482,2025-03-11,1293,O02,Wireless Mouse,Office,1,1400
1482,2025-03-11,1293,O03,Laptop Stand,Office,1,2100
1482,2025-03-11,1293,O04,Mechanical Keyboard,Office,1,5200
1483,2025-06-03,1020,E01,Phone Case,Electronics,1,800
1483,2025-06-03,1020,E10,Laptop Sleeve,Electronics,1,1800
1484,2025-03-09,673,E04,Fast Phone Charger,Electronics,1,1200
1484,2025-03-09,673,E05,Power Bank 10000mAh,Electronics,2,2800
1484,2025-03-09,673,P01,Digital Camera,Photography,1,45000
1485,2025-02-28,1180,E04,Fast Phone Charger,Electronics,1,1200
1485,2025-02-28,1180,E05,Power Bank 10000mAh,Electronics,1,2800
1486,2025-02-15,25,F05,Yoga Mat,Fitness,1,2200
1486,2025-02-15,25,E07,Smartwatch,Electronics,1,6500
1487,2025-06-23,1303,F07,Gym Bag,Fitness,1,2600
1487,2025-06-23,1303,F05,Yoga Mat,Fitness,1,2200
1488,2025-03-20,221,O01,Laptop Bag,Office,1,3200
1488,2025-03-20,221,O02,Wireless Mouse,Office,1,1400
1488,2025-03-20,221,O03,Laptop Stand,Office,1,2100
1488,2025-03-20,221,O04,Mechanical Keyboard,Office,1,5200
1489,2025-01-09,691,P01,Digital Camera,Photography,2,45000
1489,2025-01-09,691,P02,Memory Card 128GB,Photography,1,2200
1489,2025-01-09,691,P03,Camera Bag,Photography,1,3800
1490,2025-02-08,469,E02,Screen Protector,Electronics,1,350
1491,2025-05-21,1020,E07,Smartwatch,Electronics,1,6500
1491,2025-05-21,1020,E08,Smartwatch Replacement Band,Electronics,2,900
1492,2025-03-20,173,E06,Bluetooth Speaker,Electronics,1,4200
1492,2025-03-20,173,P05,Extra Camera Battery,Photography,1,2600
1493,2025-04-27,1765,O04,Mechanical Keyboard,Office,1,5200
1493,2025-04-27,1765,O01,Laptop Bag,Office,2,3200
1493,2025-04-27,1765,P03,Camera Bag,Photography,1,3800
1493,2025-04-27,1765,E01,Phone Case,Electronics,1,800
1494,2025-05-22,836,H05,Travel Mug,Home & Kitchen,1,900
1495,2025-06-07,1787,E10,Laptop Sleeve,Electronics,1,1800
1495,2025-06-07,1787,E08,Smartwatch Replacement Band,Electronics,1,900
1495,2025-06-07,1787,F03,Sports Water Bottle,Fitness,1,700
1496,2025-05-30,1047,F06,Resistance Bands Set,Fitness,1,1500
1496,2025-05-30,1047,E03,Wireless Earphones,Electronics,1,3500
1497,2025-03-18,1104,F04,Fitness Tracker,Fitness,1,4500
1497,2025-03-18,1104,F03,Sports Water Bottle,Fitness,1,700
1498,2025-03-20,217,E06,Bluetooth Speaker,Electronics,1,4200
1498,2025-03-20,217,E05,Power Bank 10000mAh,Electronics,1,2800
1498,2025-03-20,217,E01,Phone Case,Electronics,1,800
1499,2025-04-07,1286,P05,Extra Camera Battery,Photography,1,2600
1499,2025-04-07,1286,F06,Resistance Bands Set,Fitness,1,1500
1499,2025-04-07,1286,P03,Camera Bag,Photography,1,3800
1499,2025-04-07,1286,P01,Digital Camera,Photography,1,45000
1500,2025-03-07,889,F01,Running Shoes,Fitness,1,7500
1501,2025-06-13,802,E06,Bluetooth Speaker,Electronics,1,4200
1502,2025-01-13,1356,F04,Fitness Tracker,Fitness,1,4500
1502,2025-01-13,1356,O03,Laptop Stand,Office,1,2100
1502,2025-01-13,1356,H01,Coffee Maker,Home & Kitchen,1,5500
1502,2025-01-13,1356,E06,Bluetooth Speaker,Electronics,1,4200
1503,2025-03-11,851,E10,Laptop Sleeve,Electronics,1,1800
1504,2025-05-11,944,O01,Laptop Bag,Office,2,3200
1504,2025-05-11,944,O02,Wireless Mouse,Office,1,1400
1504,2025-05-11,944,O03,Laptop Stand,Office,1,2100
1504,2025-05-11,944,O04,Mechanical Keyboard,Office,1,5200
1505,2025-01-31,261,E01,Phone Case,Electronics,1,800
1505,2025-01-31,261,E02,Screen Protector,Electronics,1,350
1505,2025-01-31,261,E04,Fast Phone Charger,Electronics,1,1200
1506,2025-06-15,1301,F01,Running Shoes,Fitness,1,7500
1507,2025-02-11,402,O05,Desk Lamp,Office,1,1800
1507,2025-02-11,402,P01,Digital Camera,Photography,1,45000
1507,2025-02-11,402,F07,Gym Bag,Fitness,2,2600
1508,2025-04-30,1056,E07,Smartwatch,Electronics,1,6500
1508,2025-04-30,1056,E08,Smartwatch Replacement Band,Electronics,1,900
1509,2025-03-28,283,P01,Digital Camera,Photography,2,45000
1509,2025-03-28,283,P02,Memory Card 128GB,Photography,1,2200
1509,2025-03-28,283,P03,Camera Bag,Photography,1,3800
1510,2025-02-15,1753,H07,Milk Frother,Home & Kitchen,1,1100
1511,2025-03-18,1582,H06,Tea Infuser,Home & Kitchen,1,450
1512,2025-05-10,1129,F03,Sports Water Bottle,Fitness,1,700
1513,2025-03-26,1508,O01,Laptop Bag,Office,1,3200
1513,2025-03-26,1508,O02,Wireless Mouse,Office,1,1400
1513,2025-03-26,1508,O03,Laptop Stand,Office,1,2100
1513,2025-03-26,1508,O04,Mechanical Keyboard,Office,1,5200
1513,2025-03-26,1508,P01,Digital Camera,Photography,1,45000
1514,2025-06-23,573,H03,Electric Kettle,Home & Kitchen,1,3200
1514,2025-06-23,573,O06,Notebook & Pen Set,Office,1,600
1514,2025-06-23,573,F04,Fitness Tracker,Fitness,1,4500
1515,2025-03-22,608,O02,Wireless Mouse,Office,1,1400
1516,2025-03-19,76,E07,Smartwatch,Electronics,1,6500
1516,2025-03-19,76,E08,Smartwatch Replacement Band,Electronics,2,900
1517,2025-02-01,1449,E07,Smartwatch,Electronics,1,6500
1517,2025-02-01,1449,E08,Smartwatch Replacement Band,Electronics,1,900
1518,2025-05-19,1266,F01,Running Shoes,Fitness,1,7500
1518,2025-05-19,1266,F02,Running Socks (3-Pack),Fitness,2,950
1519,2025-06-24,1408,E04,Fast Phone Charger,Electronics,1,1200
1519,2025-06-24,1408,P03,Camera Bag,Photography,1,3800
1519,2025-06-24,1408,E06,Bluetooth Speaker,Electronics,1,4200
1519,2025-06-24,1408,F05,Yoga Mat,Fitness,1,2200
1520,2025-02-22,219,H01,Coffee Maker,Home & Kitchen,2,5500
1521,2025-05-10,1780,O06,Notebook & Pen Set,Office,1,600
1521,2025-05-10,1780,O01,Laptop Bag,Office,1,3200
1521,2025-05-10,1780,P02,Memory Card 128GB,Photography,1,2200
1522,2025-01-04,522,F07,Gym Bag,Fitness,1,2600
1522,2025-01-04,522,F05,Yoga Mat,Fitness,1,2200
1523,2025-05-06,1785,E03,Wireless Earphones,Electronics,2,3500
1524,2025-02-24,1658,O06,Notebook & Pen Set,Office,1,600
1525,2025-05-10,1247,O06,Notebook & Pen Set,Office,1,600
1525,2025-05-10,1247,E02,Screen Protector,Electronics,1,350
1526,2025-06-29,1560,F07,Gym Bag,Fitness,2,2600
1526,2025-06-29,1560,O02,Wireless Mouse,Office,1,1400
1526,2025-06-29,1560,H07,Milk Frother,Home & Kitchen,1,1100
1526,2025-06-29,1560,E04,Fast Phone Charger,Electronics,1,1200
1527,2025-05-11,12,E09,USB-C Cable,Electronics,1,450
1527,2025-05-11,12,P01,Digital Camera,Photography,1,45000
1527,2025-05-11,12,E03,Wireless Earphones,Electronics,2,3500
1528,2025-05-30,1706,F01,Running Shoes,Fitness,1,7500
1528,2025-05-30,1706,F02,Running Socks (3-Pack),Fitness,1,950
1528,2025-05-30,1706,F03,Sports Water Bottle,Fitness,1,700
1529,2025-01-02,420,F04,Fitness Tracker,Fitness,1,4500
1529,2025-01-02,420,F03,Sports Water Bottle,Fitness,2,700
1529,2025-01-02,420,H07,Milk Frother,Home & Kitchen,1,1100
1530,2025-02-10,1575,O02,Wireless Mouse,Office,1,1400
1531,2025-04-18,258,H06,Tea Infuser,Home & Kitchen,2,450
1531,2025-04-18,258,O03,Laptop Stand,Office,1,2100
1531,2025-04-18,258,P05,Extra Camera Battery,Photography,1,2600
1531,2025-04-18,258,E10,Laptop Sleeve,Electronics,1,1800
1532,2025-05-07,1759,O03,Laptop Stand,Office,1,2100
1532,2025-05-07,1759,H04,Blender,Home & Kitchen,1,4800
1532,2025-05-07,1759,E04,Fast Phone Charger,Electronics,1,1200
1533,2025-03-02,380,E04,Fast Phone Charger,Electronics,2,1200
1533,2025-03-02,380,E05,Power Bank 10000mAh,Electronics,1,2800
1533,2025-03-02,380,E09,USB-C Cable,Electronics,1,450
1534,2025-06-29,588,P01,Digital Camera,Photography,1,45000
1534,2025-06-29,588,F06,Resistance Bands Set,Fitness,1,1500
1534,2025-06-29,588,O01,Laptop Bag,Office,1,3200
1534,2025-06-29,588,P03,Camera Bag,Photography,2,3800
1535,2025-03-27,903,F03,Sports Water Bottle,Fitness,1,700
1535,2025-03-27,903,E09,USB-C Cable,Electronics,1,450
1535,2025-03-27,903,F01,Running Shoes,Fitness,2,7500
1536,2025-06-25,1770,H01,Coffee Maker,Home & Kitchen,1,5500
1536,2025-06-25,1770,H02,Coffee Pods (Pack of 20),Home & Kitchen,1,1200
1537,2025-03-31,886,F01,Running Shoes,Fitness,1,7500
1537,2025-03-31,886,F02,Running Socks (3-Pack),Fitness,1,950
1538,2025-05-02,709,H03,Electric Kettle,Home & Kitchen,1,3200
1538,2025-05-02,709,H06,Tea Infuser,Home & Kitchen,1,450
1539,2025-03-31,584,H01,Coffee Maker,Home & Kitchen,1,5500
1539,2025-03-31,584,H02,Coffee Pods (Pack of 20),Home & Kitchen,1,1200
1540,2025-03-17,694,E09,USB-C Cable,Electronics,1,450
1541,2025-02-26,1230,E01,Phone Case,Electronics,1,800
1541,2025-02-26,1230,E02,Screen Protector,Electronics,1,350
1542,2025-03-04,605,H03,Electric Kettle,Home & Kitchen,1,3200
1543,2025-05-05,894,H06,Tea Infuser,Home & Kitchen,1,450
1544,2025-02-02,1410,H02,Coffee Pods (Pack of 20),Home & Kitchen,1,1200
1545,2025-06-24,1320,O01,Laptop Bag,Office,1,3200
1545,2025-06-24,1320,O02,Wireless Mouse,Office,1,1400
1545,2025-06-24,1320,O03,Laptop Stand,Office,1,2100
1545,2025-06-24,1320,O04,Mechanical Keyboard,Office,1,5200
1546,2025-04-05,1390,O05,Desk Lamp,Office,1,1800
1546,2025-04-05,1390,H02,Coffee Pods (Pack of 20),Home & Kitchen,2,1200
1546,2025-04-05,1390,P04,Tripod,Photography,1,3200
1546,2025-04-05,1390,H04,Blender,Home & Kitchen,1,4800
1547,2025-01-12,531,E04,Fast Phone Charger,Electronics,1,1200
1547,2025-01-12,531,E05,Power Bank 10000mAh,Electronics,1,2800
1547,2025-01-12,531,E01,Phone Case,Electronics,1,800
1548,2025-06-05,845,O06,Notebook & Pen Set,Office,1,600
1548,2025-06-05,845,F05,Yoga Mat,Fitness,1,2200
1548,2025-06-05,845,O04,Mechanical Keyboard,Office,2,5200
1548,2025-06-05,845,E02,Screen Protector,Electronics,1,350
1549,2025-01-17,1129,H03,Electric Kettle,Home & Kitchen,1,3200
1549,2025-01-17,1129,H06,Tea Infuser,Home & Kitchen,1,450
1550,2025-03-24,1653,E07,Smartwatch,Electronics,1,6500
1551,2025-01-05,554,F07,Gym Bag,Fitness,1,2600
1551,2025-01-05,554,F05,Yoga Mat,Fitness,1,2200
1552,2025-04-09,373,E04,Fast Phone Charger,Electronics,1,1200
1553,2025-04-19,323,O01,Laptop Bag,Office,1,3200
1553,2025-04-19,323,O02,Wireless Mouse,Office,1,1400
1553,2025-04-19,323,O03,Laptop Stand,Office,1,2100
1554,2025-03-08,183,F05,Yoga Mat,Fitness,1,2200
1555,2025-06-07,1231,E10,Laptop Sleeve,Electronics,2,1800
1555,2025-06-07,1231,F06,Resistance Bands Set,Fitness,1,1500
1555,2025-06-07,1231,E08,Smartwatch Replacement Band,Electronics,1,900
1556,2025-03-05,1400,P05,Extra Camera Battery,Photography,1,2600
1557,2025-01-11,1105,E07,Smartwatch,Electronics,1,6500
1557,2025-01-11,1105,F04,Fitness Tracker,Fitness,1,4500
1557,2025-01-11,1105,F07,Gym Bag,Fitness,1,2600
1558,2025-05-21,911,F04,Fitness Tracker,Fitness,1,4500
1558,2025-05-21,911,F03,Sports Water Bottle,Fitness,1,700
1558,2025-05-21,911,E02,Screen Protector,Electronics,1,350
1559,2025-05-11,1614,E09,USB-C Cable,Electronics,1,450
1559,2025-05-11,1614,P04,Tripod,Photography,1,3200
1559,2025-05-11,1614,E02,Screen Protector,Electronics,2,350
1560,2025-06-30,1178,H03,Electric Kettle,Home & Kitchen,1,3200
1560,2025-06-30,1178,H06,Tea Infuser,Home & Kitchen,2,450
1560,2025-06-30,1178,H07,Milk Frother,Home & Kitchen,1,1100
1561,2025-01-03,306,F04,Fitness Tracker,Fitness,1,4500
1561,2025-01-03,306,F03,Sports Water Bottle,Fitness,1,700
1562,2025-05-05,417,H02,Coffee Pods (Pack of 20),Home & Kitchen,1,1200
1562,2025-05-05,417,F05,Yoga Mat,Fitness,1,2200
1562,2025-05-05,417,H03,Electric Kettle,Home & Kitchen,1,3200
1562,2025-05-05,417,H06,Tea Infuser,Home & Kitchen,1,450
1563,2025-06-04,1457,E05,Power Bank 10000mAh,Electronics,1,2800
1563,2025-06-04,1457,P02,Memory Card 128GB,Photography,1,2200
1564,2025-01-20,1279,F07,Gym Bag,Fitness,1,2600
1564,2025-01-20,1279,F05,Yoga Mat,Fitness,1,2200
1565,2025-01-25,1071,H03,Electric Kettle,Home & Kitchen,1,3200
1565,2025-01-25,1071,H06,Tea Infuser,Home & Kitchen,1,450
1565,2025-01-25,1071,H07,Milk Frother,Home & Kitchen,1,1100
1566,2025-03-26,1454,E10,Laptop Sleeve,Electronics,1,1800
1566,2025-03-26,1454,H05,Travel Mug,Home & Kitchen,1,900
1566,2025-03-26,1454,E05,Power Bank 10000mAh,Electronics,2,2800
1566,2025-03-26,1454,H03,Electric Kettle,Home & Kitchen,1,3200
1567,2025-04-12,1347,E01,Phone Case,Electronics,1,800
1567,2025-04-12,1347,E02,Screen Protector,Electronics,1,350
1568,2025-02-05,722,H01,Coffee Maker,Home & Kitchen,1,5500
1568,2025-02-05,722,H02,Coffee Pods (Pack of 20),Home & Kitchen,1,1200
1569,2025-04-02,988,E05,Power Bank 10000mAh,Electronics,1,2800
1570,2025-05-07,1450,O01,Laptop Bag,Office,1,3200
1570,2025-05-07,1450,F03,Sports Water Bottle,Fitness,1,700
1571,2025-05-27,513,O05,Desk Lamp,Office,1,1800
1572,2025-05-16,134,E01,Phone Case,Electronics,1,800
1572,2025-05-16,134,E02,Screen Protector,Electronics,1,350
1573,2025-06-20,320,E01,Phone Case,Electronics,1,800
1573,2025-06-20,320,E02,Screen Protector,Electronics,1,350
1574,2025-06-30,1206,O01,Laptop Bag,Office,1,3200
1574,2025-06-30,1206,O02,Wireless Mouse,Office,1,1400
1574,2025-06-30,1206,O03,Laptop Stand,Office,1,2100
1575,2025-06-12,566,P02,Memory Card 128GB,Photography,1,2200
1575,2025-06-12,566,F04,Fitness Tracker,Fitness,1,4500
1575,2025-06-12,566,E10,Laptop Sleeve,Electronics,1,1800
1576,2025-04-22,1030,P03,Camera Bag,Photography,1,3800
1576,2025-04-22,1030,F02,Running Socks (3-Pack),Fitness,1,950
1576,2025-04-22,1030,H03,Electric Kettle,Home & Kitchen,1,3200
1577,2025-04-16,1348,F04,Fitness Tracker,Fitness,1,4500
1577,2025-04-16,1348,F03,Sports Water Bottle,Fitness,1,700
1577,2025-04-16,1348,O05,Desk Lamp,Office,1,1800
1578,2025-04-27,1009,E03,Wireless Earphones,Electronics,1,3500
1578,2025-04-27,1009,E02,Screen Protector,Electronics,2,350
1578,2025-04-27,1009,E07,Smartwatch,Electronics,1,6500
1579,2025-05-26,933,P02,Memory Card 128GB,Photography,1,2200
1579,2025-05-26,933,F05,Yoga Mat,Fitness,1,2200
1580,2025-04-24,689,E09,USB-C Cable,Electronics,1,450
1581,2025-01-31,1138,E01,Phone Case,Electronics,1,800
1581,2025-01-31,1138,E02,Screen Protector,Electronics,1,350
1582,2025-06-09,1195,O06,Notebook & Pen Set,Office,1,600
1582,2025-06-09,1195,O03,Laptop Stand,Office,1,2100
1583,2025-05-01,1040,H03,Electric Kettle,Home & Kitchen,1,3200
1584,2025-03-07,186,F01,Running Shoes,Fitness,1,7500
1584,2025-03-07,186,F02,Running Socks (3-Pack),Fitness,1,950
1585,2025-03-19,758,F07,Gym Bag,Fitness,2,2600
1585,2025-03-19,758,F05,Yoga Mat,Fitness,1,2200
1586,2025-06-21,518,E01,Phone Case,Electronics,1,800
1586,2025-06-21,518,E02,Screen Protector,Electronics,1,350
1586,2025-06-21,518,F06,Resistance Bands Set,Fitness,2,1500
1587,2025-03-07,232,E07,Smartwatch,Electronics,1,6500
1587,2025-03-07,232,E08,Smartwatch Replacement Band,Electronics,1,900
1587,2025-03-07,232,O03,Laptop Stand,Office,1,2100
1588,2025-05-28,798,H02,Coffee Pods (Pack of 20),Home & Kitchen,1,1200
1589,2025-06-04,534,F01,Running Shoes,Fitness,1,7500
1589,2025-06-04,534,F02,Running Socks (3-Pack),Fitness,1,950
1589,2025-06-04,534,F03,Sports Water Bottle,Fitness,1,700
1590,2025-03-20,721,F01,Running Shoes,Fitness,1,7500
1591,2025-01-06,301,P03,Camera Bag,Photography,1,3800
1591,2025-01-06,301,P05,Extra Camera Battery,Photography,1,2600
1591,2025-01-06,301,H02,Coffee Pods (Pack of 20),Home & Kitchen,1,1200
1591,2025-01-06,301,H06,Tea Infuser,Home & Kitchen,1,450
1592,2025-03-12,1224,P02,Memory Card 128GB,Photography,1,2200
1593,2025-06-16,1463,O06,Notebook & Pen Set,Office,1,600
1594,2025-06-17,1150,P05,Extra Camera Battery,Photography,2,2600
1594,2025-06-17,1150,E05,Power Bank 10000mAh,Electronics,1,2800
1595,2025-06-16,752,H05,Travel Mug,Home & Kitchen,1,900
1595,2025-06-16,752,F03,Sports Water Bottle,Fitness,2,700
1595,2025-06-16,752,H01,Coffee Maker,Home & Kitchen,1,5500
1595,2025-06-16,752,H04,Blender,Home & Kitchen,1,4800
1596,2025-06-17,406,E02,Screen Protector,Electronics,1,350
1597,2025-03-13,320,P01,Digital Camera,Photography,1,45000
1597,2025-03-13,320,P02,Memory Card 128GB,Photography,1,2200
1597,2025-03-13,320,P03,Camera Bag,Photography,1,3800
1597,2025-03-13,320,P04,Tripod,Photography,1,3200
1598,2025-05-08,1381,H01,Coffee Maker,Home & Kitchen,2,5500
1598,2025-05-08,1381,H02,Coffee Pods (Pack of 20),Home & Kitchen,1,1200
1599,2025-01-03,1169,E09,USB-C Cable,Electronics,1,450
1599,2025-01-03,1169,E07,Smartwatch,Electronics,1,6500
1600,2025-06-18,40,O04,Mechanical Keyboard,Office,1,5200
1600,2025-06-18,40,E05,Power Bank 10000mAh,Electronics,1,2800
1600,2025-06-18,40,F03,Sports Water Bottle,Fitness,2,700
1600,2025-06-18,40,E02,Screen Protector,Electronics,1,350
1601,2025-04-26,52,E07,Smartwatch,Electronics,1,6500
1601,2025-04-26,52,E08,Smartwatch Replacement Band,Electronics,1,900
1601,2025-04-26,52,H03,Electric Kettle,Home & Kitchen,1,3200
1602,2025-06-26,1434,F07,Gym Bag,Fitness,1,2600
1602,2025-06-26,1434,F05,Yoga Mat,Fitness,2,2200
1602,2025-06-26,1434,F06,Resistance Bands Set,Fitness,1,1500
1603,2025-02-26,1283,O01,Laptop Bag,Office,1,3200
1603,2025-02-26,1283,H06,Tea Infuser,Home & Kitchen,1,450
1604,2025-04-02,1776,E01,Phone Case,Electronics,1,800
1604,2025-04-02,1776,E02,Screen Protector,Electronics,1,350
1605,2025-06-04,757,H01,Coffee Maker,Home & Kitchen,1,5500
1606,2025-03-20,1537,E07,Smartwatch,Electronics,2,6500
1606,2025-03-20,1537,E08,Smartwatch Replacement Band,Electronics,1,900
1606,2025-03-20,1537,P01,Digital Camera,Photography,1,45000
1607,2025-06-13,1597,E02,Screen Protector,Electronics,1,350
1608,2025-01-11,442,F07,Gym Bag,Fitness,2,2600
1608,2025-01-11,442,F05,Yoga Mat,Fitness,1,2200
1608,2025-01-11,442,F01,Running Shoes,Fitness,1,7500
1609,2025-05-19,65,E03,Wireless Earphones,Electronics,1,3500
1610,2025-05-09,923,E08,Smartwatch Replacement Band,Electronics,1,900
1610,2025-05-09,923,E06,Bluetooth Speaker,Electronics,1,4200
1610,2025-05-09,923,E07,Smartwatch,Electronics,1,6500
1610,2025-05-09,923,F03,Sports Water Bottle,Fitness,1,700
1611,2025-04-04,654,P03,Camera Bag,Photography,1,3800
1611,2025-04-04,654,P01,Digital Camera,Photography,2,45000
1611,2025-04-04,654,F05,Yoga Mat,Fitness,1,2200
1612,2025-06-02,633,F07,Gym Bag,Fitness,1,2600
1612,2025-06-02,633,F05,Yoga Mat,Fitness,1,2200
1612,2025-06-02,633,F06,Resistance Bands Set,Fitness,1,1500
1613,2025-01-26,1245,E04,Fast Phone Charger,Electronics,1,1200
1613,2025-01-26,1245,E05,Power Bank 10000mAh,Electronics,1,2800
1614,2025-03-29,1473,F02,Running Socks (3-Pack),Fitness,2,950
1615,2025-05-30,1262,E01,Phone Case,Electronics,1,800
1615,2025-05-30,1262,E02,Screen Protector,Electronics,1,350
1616,2025-05-31,500,O01,Laptop Bag,Office,1,3200
1616,2025-05-31,500,O02,Wireless Mouse,Office,2,1400
1616,2025-05-31,500,O03,Laptop Stand,Office,1,2100
1617,2025-06-02,1005,P03,Camera Bag,Photography,1,3800
1618,2025-06-21,1027,F06,Resistance Bands Set,Fitness,2,1500
1618,2025-06-21,1027,H02,Coffee Pods (Pack of 20),Home & Kitchen,1,1200
1618,2025-06-21,1027,H07,Milk Frother,Home & Kitchen,1,1100
1619,2025-04-15,307,E04,Fast Phone Charger,Electronics,1,1200
1619,2025-04-15,307,E05,Power Bank 10000mAh,Electronics,1,2800
1619,2025-04-15,307,H07,Milk Frother,Home & Kitchen,2,1100
1620,2025-02-13,1769,E01,Phone Case,Electronics,1,800
1620,2025-02-13,1769,E02,Screen Protector,Electronics,2,350
1621,2025-06-23,1324,F02,Running Socks (3-Pack),Fitness,2,950
1621,2025-06-23,1324,E01,Phone Case,Electronics,1,800
1621,2025-06-23,1324,F05,Yoga Mat,Fitness,1,2200
1621,2025-06-23,1324,O04,Mechanical Keyboard,Office,1,5200
1622,2025-05-17,61,O06,Notebook & Pen Set,Office,1,600
1622,2025-05-17,61,F05,Yoga Mat,Fitness,1,2200
1623,2025-04-04,1551,P04,Tripod,Photography,1,3200
1624,2025-01-27,256,E07,Smartwatch,Electronics,1,6500
1624,2025-01-27,256,E08,Smartwatch Replacement Band,Electronics,1,900
1624,2025-01-27,256,F05,Yoga Mat,Fitness,1,2200
1625,2025-02-28,1376,O02,Wireless Mouse,Office,1,1400
1625,2025-02-28,1376,H02,Coffee Pods (Pack of 20),Home & Kitchen,1,1200
1626,2025-01-14,1744,E05,Power Bank 10000mAh,Electronics,1,2800
1627,2025-02-05,347,H01,Coffee Maker,Home & Kitchen,1,5500
1627,2025-02-05,347,H02,Coffee Pods (Pack of 20),Home & Kitchen,1,1200
1627,2025-02-05,347,H05,Travel Mug,Home & Kitchen,1,900
1628,2025-06-15,769,F02,Running Socks (3-Pack),Fitness,1,950
1628,2025-06-15,769,F07,Gym Bag,Fitness,1,2600
1628,2025-06-15,769,F01,Running Shoes,Fitness,1,7500
1629,2025-06-01,1450,H03,Electric Kettle,Home & Kitchen,1,3200
1629,2025-06-01,1450,P01,Digital Camera,Photography,1,45000
1630,2025-03-12,1417,F05,Yoga Mat,Fitness,1,2200
1631,2025-02-10,1277,H02,Coffee Pods (Pack of 20),Home & Kitchen,1,1200
1631,2025-02-10,1277,F01,Running Shoes,Fitness,1,7500
1631,2025-02-10,1277,F03,Sports Water Bottle,Fitness,1,700
1631,2025-02-10,1277,P01,Digital Camera,Photography,1,45000
1632,2025-03-22,1728,O01,Laptop Bag,Office,1,3200
1632,2025-03-22,1728,H01,Coffee Maker,Home & Kitchen,1,5500
1633,2025-02-23,1019,E05,Power Bank 10000mAh,Electronics,1,2800
1633,2025-02-23,1019,E03,Wireless Earphones,Electronics,1,3500
1634,2025-06-19,1169,O02,Wireless Mouse,Office,2,1400
1635,2025-02-05,1601,H06,Tea Infuser,Home & Kitchen,1,450
1636,2025-06-06,918,E04,Fast Phone Charger,Electronics,1,1200
1636,2025-06-06,918,E05,Power Bank 10000mAh,Electronics,1,2800
1636,2025-06-06,918,H03,Electric Kettle,Home & Kitchen,1,3200
1637,2025-06-12,730,E07,Smartwatch,Electronics,1,6500
1637,2025-06-12,730,E08,Smartwatch Replacement Band,Electronics,1,900
1638,2025-01-04,93,F01,Running Shoes,Fitness,1,7500
1638,2025-01-04,93,F02,Running Socks (3-Pack),Fitness,1,950
1638,2025-01-04,93,F03,Sports Water Bottle,Fitness,1,700
1639,2025-06-08,1475,F04,Fitness Tracker,Fitness,1,4500
1639,2025-06-08,1475,F03,Sports Water Bottle,Fitness,1,700
1640,2025-01-03,1211,O01,Laptop Bag,Office,1,3200
1640,2025-01-03,1211,O02,Wireless Mouse,Office,1,1400
1640,2025-01-03,1211,O03,Laptop Stand,Office,1,2100
1640,2025-01-03,1211,P03,Camera Bag,Photography,1,3800
1641,2025-05-29,930,F04,Fitness Tracker,Fitness,1,4500
1641,2025-05-29,930,E07,Smartwatch,Electronics,1,6500
1641,2025-05-29,930,E10,Laptop Sleeve,Electronics,1,1800
1641,2025-05-29,930,E05,Power Bank 10000mAh,Electronics,1,2800
1642,2025-05-12,303,E05,Power Bank 10000mAh,Electronics,1,2800
1643,2025-03-15,756,H03,Electric Kettle,Home & Kitchen,1,3200
1643,2025-03-15,756,H06,Tea Infuser,Home & Kitchen,1,450
1644,2025-01-25,170,H03,Electric Kettle,Home & Kitchen,1,3200
1644,2025-01-25,170,H06,Tea Infuser,Home & Kitchen,1,450
1645,2025-01-27,541,E08,Smartwatch Replacement Band,Electronics,2,900
1645,2025-01-27,541,E01,Phone Case,Electronics,1,800
1645,2025-01-27,541,F02,Running Socks (3-Pack),Fitness,1,950
1645,2025-01-27,541,E07,Smartwatch,Electronics,1,6500
1646,2025-05-09,325,P05,Extra Camera Battery,Photography,1,2600
1646,2025-05-09,325,H01,Coffee Maker,Home & Kitchen,1,5500
1646,2025-05-09,325,F01,Running Shoes,Fitness,1,7500
1647,2025-01-02,156,E06,Bluetooth Speaker,Electronics,1,4200
1647,2025-01-02,156,P03,Camera Bag,Photography,1,3800
1647,2025-01-02,156,P01,Digital Camera,Photography,1,45000
1647,2025-01-02,156,E09,USB-C Cable,Electronics,1,450
1648,2025-06-03,161,F04,Fitness Tracker,Fitness,1,4500
1648,2025-06-03,161,E05,Power Bank 10000mAh,Electronics,1,2800
1648,2025-06-03,161,O04,Mechanical Keyboard,Office,1,5200
1649,2025-03-06,82,E05,Power Bank 10000mAh,Electronics,1,2800
1649,2025-03-06,82,P04,Tripod,Photography,1,3200
1650,2025-02-09,1426,E01,Phone Case,Electronics,1,800
1650,2025-02-09,1426,E02,Screen Protector,Electronics,1,350
1651,2025-02-21,1394,H02,Coffee Pods (Pack of 20),Home & Kitchen,1,1200
1652,2025-02-11,477,H03,Electric Kettle,Home & Kitchen,1,3200
1652,2025-02-11,477,H06,Tea Infuser,Home & Kitchen,1,450
1652,2025-02-11,477,E02,Screen Protector,Electronics,1,350
1652,2025-02-11,477,F04,Fitness Tracker,Fitness,2,4500
1653,2025-06-27,1493,H05,Travel Mug,Home & Kitchen,1,900
1653,2025-06-27,1493,O02,Wireless Mouse,Office,1,1400
1653,2025-06-27,1493,O03,Laptop Stand,Office,1,2100
1653,2025-06-27,1493,O05,Desk Lamp,Office,1,1800
1654,2025-04-23,134,E03,Wireless Earphones,Electronics,1,3500
1655,2025-04-01,836,E01,Phone Case,Electronics,1,800
1655,2025-04-01,836,E02,Screen Protector,Electronics,1,350
1656,2025-06-17,1517,F05,Yoga Mat,Fitness,1,2200
1657,2025-02-17,1233,E10,Laptop Sleeve,Electronics,1,1800
1658,2025-02-15,417,F01,Running Shoes,Fitness,1,7500
1658,2025-02-15,417,F02,Running Socks (3-Pack),Fitness,1,950
1659,2025-01-22,370,H01,Coffee Maker,Home & Kitchen,1,5500
1659,2025-01-22,370,H02,Coffee Pods (Pack of 20),Home & Kitchen,1,1200
1660,2025-06-12,740,P03,Camera Bag,Photography,1,3800
1660,2025-06-12,740,E09,USB-C Cable,Electronics,1,450
1660,2025-06-12,740,H05,Travel Mug,Home & Kitchen,1,900
1661,2025-03-21,624,E02,Screen Protector,Electronics,1,350
1661,2025-03-21,624,F01,Running Shoes,Fitness,1,7500
1661,2025-03-21,624,F06,Resistance Bands Set,Fitness,1,1500
1661,2025-03-21,624,F07,Gym Bag,Fitness,1,2600
1662,2025-03-21,1078,H03,Electric Kettle,Home & Kitchen,1,3200
1663,2025-01-09,12,P01,Digital Camera,Photography,2,45000
1664,2025-04-06,858,F01,Running Shoes,Fitness,1,7500
1664,2025-04-06,858,F02,Running Socks (3-Pack),Fitness,1,950
1664,2025-04-06,858,F03,Sports Water Bottle,Fitness,1,700
1665,2025-06-07,478,E01,Phone Case,Electronics,2,800
1665,2025-06-07,478,E02,Screen Protector,Electronics,1,350
1666,2025-02-19,469,E04,Fast Phone Charger,Electronics,1,1200
1666,2025-02-19,469,E03,Wireless Earphones,Electronics,1,3500
1666,2025-02-19,469,P03,Camera Bag,Photography,1,3800
1666,2025-02-19,469,F05,Yoga Mat,Fitness,1,2200
1667,2025-03-01,333,E04,Fast Phone Charger,Electronics,1,1200
1668,2025-03-24,362,E07,Smartwatch,Electronics,1,6500
1668,2025-03-24,362,E08,Smartwatch Replacement Band,Electronics,1,900
1669,2025-01-28,196,O01,Laptop Bag,Office,2,3200
1669,2025-01-28,196,O02,Wireless Mouse,Office,1,1400
1669,2025-01-28,196,O03,Laptop Stand,Office,1,2100
1670,2025-01-07,89,O01,Laptop Bag,Office,1,3200
1670,2025-01-07,89,O02,Wireless Mouse,Office,2,1400
1670,2025-01-07,89,O03,Laptop Stand,Office,2,2100
1671,2025-02-27,10,F06,Resistance Bands Set,Fitness,1,1500
1672,2025-06-17,648,E07,Smartwatch,Electronics,1,6500
1672,2025-06-17,648,E06,Bluetooth Speaker,Electronics,1,4200
1672,2025-06-17,648,P04,Tripod,Photography,1,3200
1673,2025-04-27,804,O02,Wireless Mouse,Office,1,1400
1673,2025-04-27,804,P01,Digital Camera,Photography,1,45000
1673,2025-04-27,804,E03,Wireless Earphones,Electronics,2,3500
1673,2025-04-27,804,H05,Travel Mug,Home & Kitchen,1,900
1674,2025-02-16,755,P05,Extra Camera Battery,Photography,1,2600
1674,2025-02-16,755,E03,Wireless Earphones,Electronics,1,3500
1674,2025-02-16,755,F01,Running Shoes,Fitness,1,7500
1675,2025-06-10,661,H05,Travel Mug,Home & Kitchen,1,900
1675,2025-06-10,661,P05,Extra Camera Battery,Photography,1,2600
1675,2025-06-10,661,O06,Notebook & Pen Set,Office,2,600
1675,2025-06-10,661,P01,Digital Camera,Photography,1,45000
1676,2025-02-13,261,P01,Digital Camera,Photography,1,45000
1676,2025-02-13,261,P02,Memory Card 128GB,Photography,1,2200
1676,2025-02-13,261,P03,Camera Bag,Photography,1,3800
1676,2025-02-13,261,P04,Tripod,Photography,1,3200
1677,2025-02-13,605,P01,Digital Camera,Photography,1,45000
1677,2025-02-13,605,P02,Memory Card 128GB,Photography,2,2200
1677,2025-02-13,605,P03,Camera Bag,Photography,1,3800
1678,2025-06-28,1550,H01,Coffee Maker,Home & Kitchen,1,5500
1678,2025-06-28,1550,E02,Screen Protector,Electronics,2,350
1679,2025-06-12,1000,P01,Digital Camera,Photography,1,45000
1679,2025-06-12,1000,P05,Extra Camera Battery,Photography,1,2600
1680,2025-03-23,1100,E06,Bluetooth Speaker,Electronics,1,4200
1681,2025-05-26,267,O01,Laptop Bag,Office,1,3200
1681,2025-05-26,267,O02,Wireless Mouse,Office,1,1400
1681,2025-05-26,267,O03,Laptop Stand,Office,1,2100
1682,2025-06-24,1077,E06,Bluetooth Speaker,Electronics,1,4200
1683,2025-06-03,1297,E01,Phone Case,Electronics,1,800
1683,2025-06-03,1297,H01,Coffee Maker,Home & Kitchen,1,5500
1683,2025-06-03,1297,H07,Milk Frother,Home & Kitchen,1,1100
1683,2025-06-03,1297,P05,Extra Camera Battery,Photography,1,2600
1684,2025-03-30,362,H04,Blender,Home & Kitchen,1,4800
1684,2025-03-30,362,O06,Notebook & Pen Set,Office,1,600
1684,2025-03-30,362,F02,Running Socks (3-Pack),Fitness,1,950
1684,2025-03-30,362,P04,Tripod,Photography,1,3200
1685,2025-01-05,1798,O06,Notebook & Pen Set,Office,1,600
1685,2025-01-05,1798,E02,Screen Protector,Electronics,1,350
1685,2025-01-05,1798,P05,Extra Camera Battery,Photography,1,2600
1685,2025-01-05,1798,O04,Mechanical Keyboard,Office,1,5200
1686,2025-03-08,1608,E03,Wireless Earphones,Electronics,1,3500
1687,2025-04-05,361,O01,Laptop Bag,Office,1,3200
1687,2025-04-05,361,O02,Wireless Mouse,Office,1,1400
1687,2025-04-05,361,O03,Laptop Stand,Office,1,2100
1688,2025-01-21,1366,F04,Fitness Tracker,Fitness,1,4500
1688,2025-01-21,1366,H04,Blender,Home & Kitchen,1,4800
1688,2025-01-21,1366,P01,Digital Camera,Photography,1,45000
1689,2025-04-08,1123,O04,Mechanical Keyboard,Office,1,5200
1690,2025-03-14,824,P03,Camera Bag,Photography,1,3800
1691,2025-01-25,590,E08,Smartwatch Replacement Band,Electronics,1,900
1692,2025-03-28,1454,E06,Bluetooth Speaker,Electronics,1,4200
1692,2025-03-28,1454,H02,Coffee Pods (Pack of 20),Home & Kitchen,1,1200
1693,2025-05-27,1670,F04,Fitness Tracker,Fitness,1,4500
1693,2025-05-27,1670,F03,Sports Water Bottle,Fitness,1,700
1694,2025-04-04,827,P01,Digital Camera,Photography,1,45000
1694,2025-04-04,827,P02,Memory Card 128GB,Photography,1,2200
1694,2025-04-04,827,P03,Camera Bag,Photography,1,3800
1695,2025-03-30,1061,F01,Running Shoes,Fitness,1,7500
1695,2025-03-30,1061,P02,Memory Card 128GB,Photography,1,2200
1695,2025-03-30,1061,P04,Tripod,Photography,1,3200
1695,2025-03-30,1061,F03,Sports Water Bottle,Fitness,1,700
1696,2025-02-01,1188,F03,Sports Water Bottle,Fitness,1,700
1697,2025-06-27,313,O01,Laptop Bag,Office,1,3200
1697,2025-06-27,313,O02,Wireless Mouse,Office,1,1400
1697,2025-06-27,313,O03,Laptop Stand,Office,1,2100
1698,2025-01-18,381,H01,Coffee Maker,Home & Kitchen,1,5500
1698,2025-01-18,381,H02,Coffee Pods (Pack of 20),Home & Kitchen,2,1200
1699,2025-04-09,721,F04,Fitness Tracker,Fitness,1,4500
1699,2025-04-09,721,F03,Sports Water Bottle,Fitness,1,700
1700,2025-05-20,977,O06,Notebook & Pen Set,Office,1,600
1700,2025-05-20,977,F06,Resistance Bands Set,Fitness,1,1500
1700,2025-05-20,977,F01,Running Shoes,Fitness,1,7500
1701,2025-01-13,73,F04,Fitness Tracker,Fitness,1,4500
1701,2025-01-13,73,F03,Sports Water Bottle,Fitness,1,700
1702,2025-05-22,871,E09,USB-C Cable,Electronics,1,450
1702,2025-05-22,871,O01,Laptop Bag,Office,1,3200
1702,2025-05-22,871,H05,Travel Mug,Home & Kitchen,1,900
1702,2025-05-22,871,F06,Resistance Bands Set,Fitness,1,1500
1703,2025-04-26,1499,E05,Power Bank 10000mAh,Electronics,1,2800
1703,2025-04-26,1499,E10,Laptop Sleeve,Electronics,1,1800
1704,2025-04-26,1177,O05,Desk Lamp,Office,1,1800
1704,2025-04-26,1177,E05,Power Bank 10000mAh,Electronics,1,2800
1704,2025-04-26,1177,E04,Fast Phone Charger,Electronics,1,1200
1705,2025-02-26,435,P01,Digital Camera,Photography,1,45000
1705,2025-02-26,435,P02,Memory Card 128GB,Photography,1,2200
1705,2025-02-26,435,P03,Camera Bag,Photography,1,3800
1706,2025-06-03,371,E07,Smartwatch,Electronics,1,6500
1706,2025-06-03,371,E08,Smartwatch Replacement Band,Electronics,1,900
1706,2025-06-03,371,O02,Wireless Mouse,Office,1,1400
1707,2025-05-04,1655,H03,Electric Kettle,Home & Kitchen,2,3200
1707,2025-05-04,1655,H06,Tea Infuser,Home & Kitchen,1,450
1708,2025-05-27,1150,P01,Digital Camera,Photography,1,45000
1708,2025-05-27,1150,P02,Memory Card 128GB,Photography,1,2200
1708,2025-05-27,1150,P03,Camera Bag,Photography,1,3800
1709,2025-01-25,510,H03,Electric Kettle,Home & Kitchen,1,3200
1709,2025-01-25,510,E06,Bluetooth Speaker,Electronics,1,4200
1709,2025-01-25,510,F02,Running Socks (3-Pack),Fitness,1,950
1709,2025-01-25,510,P02,Memory Card 128GB,Photography,1,2200
1710,2025-03-07,1604,E01,Phone Case,Electronics,1,800
1710,2025-03-07,1604,H06,Tea Infuser,Home & Kitchen,1,450
1710,2025-03-07,1604,E03,Wireless Earphones,Electronics,1,3500
1710,2025-03-07,1604,H03,Electric Kettle,Home & Kitchen,1,3200
1711,2025-04-01,747,P05,Extra Camera Battery,Photography,1,2600
1712,2025-05-04,840,P05,Extra Camera Battery,Photography,1,2600
1712,2025-05-04,840,E06,Bluetooth Speaker,Electronics,1,4200
1712,2025-05-04,840,P01,Digital Camera,Photography,1,45000
1712,2025-05-04,840,H02,Coffee Pods (Pack of 20),Home & Kitchen,1,1200
1713,2025-02-09,946,P01,Digital Camera,Photography,1,45000
1713,2025-02-09,946,P02,Memory Card 128GB,Photography,1,2200
1713,2025-02-09,946,P03,Camera Bag,Photography,1,3800
1714,2025-02-10,543,E01,Phone Case,Electronics,1,800
1714,2025-02-10,543,E02,Screen Protector,Electronics,2,350
1715,2025-05-31,1609,P01,Digital Camera,Photography,1,45000
1716,2025-06-13,592,H01,Coffee Maker,Home & Kitchen,2,5500
1716,2025-06-13,592,E09,USB-C Cable,Electronics,1,450
1716,2025-06-13,592,E10,Laptop Sleeve,Electronics,1,1800
1717,2025-05-01,1316,H07,Milk Frother,Home & Kitchen,1,1100
1717,2025-05-01,1316,E06,Bluetooth Speaker,Electronics,1,4200
1717,2025-05-01,1316,F01,Running Shoes,Fitness,1,7500
1718,2025-05-21,251,E08,Smartwatch Replacement Band,Electronics,1,900
1719,2025-06-23,761,E07,Smartwatch,Electronics,1,6500
1719,2025-06-23,761,E08,Smartwatch Replacement Band,Electronics,1,900
1720,2025-06-26,1786,E04,Fast Phone Charger,Electronics,1,1200
1720,2025-06-26,1786,E05,Power Bank 10000mAh,Electronics,1,2800
1721,2025-04-04,727,P01,Digital Camera,Photography,2,45000
1722,2025-03-13,1388,F04,Fitness Tracker,Fitness,2,4500
1722,2025-03-13,1388,F03,Sports Water Bottle,Fitness,1,700
1723,2025-04-08,1489,O01,Laptop Bag,Office,1,3200
1723,2025-04-08,1489,E05,Power Bank 10000mAh,Electronics,1,2800
1723,2025-04-08,1489,F06,Resistance Bands Set,Fitness,1,1500
1723,2025-04-08,1489,F07,Gym Bag,Fitness,1,2600
1724,2025-01-10,395,H07,Milk Frother,Home & Kitchen,1,1100
1725,2025-03-16,1346,F07,Gym Bag,Fitness,1,2600
1725,2025-03-16,1346,F05,Yoga Mat,Fitness,1,2200
1726,2025-05-21,1439,E04,Fast Phone Charger,Electronics,1,1200
1726,2025-05-21,1439,E05,Power Bank 10000mAh,Electronics,1,2800
1727,2025-01-02,941,H03,Electric Kettle,Home & Kitchen,2,3200
1727,2025-01-02,941,H06,Tea Infuser,Home & Kitchen,1,450
1728,2025-02-22,1126,O06,Notebook & Pen Set,Office,1,600
1728,2025-02-22,1126,P05,Extra Camera Battery,Photography,1,2600
1728,2025-02-22,1126,H02,Coffee Pods (Pack of 20),Home & Kitchen,1,1200
1728,2025-02-22,1126,F02,Running Socks (3-Pack),Fitness,1,950
1729,2025-04-20,1792,F07,Gym Bag,Fitness,1,2600
1730,2025-02-06,1643,F07,Gym Bag,Fitness,2,2600
1730,2025-02-06,1643,E10,Laptop Sleeve,Electronics,1,1800
1730,2025-02-06,1643,O04,Mechanical Keyboard,Office,1,5200
1730,2025-02-06,1643,F02,Running Socks (3-Pack),Fitness,1,950
1731,2025-02-27,1573,E08,Smartwatch Replacement Band,Electronics,2,900
1731,2025-02-27,1573,E10,Laptop Sleeve,Electronics,1,1800
1731,2025-02-27,1573,H01,Coffee Maker,Home & Kitchen,1,5500
1732,2025-05-05,1,F01,Running Shoes,Fitness,1,7500
1732,2025-05-05,1,F02,Running Socks (3-Pack),Fitness,1,950
1732,2025-05-05,1,F03,Sports Water Bottle,Fitness,2,700
1733,2025-06-03,348,E01,Phone Case,Electronics,1,800
1733,2025-06-03,348,E02,Screen Protector,Electronics,1,350
1734,2025-05-02,835,F03,Sports Water Bottle,Fitness,1,700
1735,2025-01-31,172,E05,Power Bank 10000mAh,Electronics,1,2800
1736,2025-05-31,1024,F05,Yoga Mat,Fitness,1,2200
1737,2025-03-09,87,E04,Fast Phone Charger,Electronics,2,1200
1737,2025-03-09,87,E05,Power Bank 10000mAh,Electronics,1,2800
1737,2025-03-09,87,E09,USB-C Cable,Electronics,1,450
1738,2025-06-28,1478,O05,Desk Lamp,Office,1,1800
1738,2025-06-28,1478,H07,Milk Frother,Home & Kitchen,2,1100
1738,2025-06-28,1478,O01,Laptop Bag,Office,1,3200
1738,2025-06-28,1478,E03,Wireless Earphones,Electronics,2,3500
1739,2025-06-05,576,E04,Fast Phone Charger,Electronics,1,1200
1739,2025-06-05,576,E05,Power Bank 10000mAh,Electronics,1,2800
1739,2025-06-05,576,E09,USB-C Cable,Electronics,1,450
1740,2025-01-16,1656,E04,Fast Phone Charger,Electronics,1,1200
1740,2025-01-16,1656,E05,Power Bank 10000mAh,Electronics,1,2800
1740,2025-01-16,1656,E09,USB-C Cable,Electronics,1,450
1741,2025-01-17,201,H01,Coffee Maker,Home & Kitchen,1,5500
1741,2025-01-17,201,H02,Coffee Pods (Pack of 20),Home & Kitchen,2,1200
1742,2025-03-29,590,E01,Phone Case,Electronics,1,800
1743,2025-03-25,1693,H01,Coffee Maker,Home & Kitchen,1,5500
1743,2025-03-25,1693,H02,Coffee Pods (Pack of 20),Home & Kitchen,1,1200
1743,2025-03-25,1693,H05,Travel Mug,Home & Kitchen,1,900
1744,2025-06-03,286,E07,Smartwatch,Electronics,1,6500
1744,2025-06-03,286,H06,Tea Infuser,Home & Kitchen,1,450
1745,2025-03-13,1692,H01,Coffee Maker,Home & Kitchen,1,5500
1745,2025-03-13,1692,F06,Resistance Bands Set,Fitness,1,1500
1745,2025-03-13,1692,O05,Desk Lamp,Office,1,1800
1746,2025-03-29,915,E07,Smartwatch,Electronics,1,6500
1746,2025-03-29,915,E08,Smartwatch Replacement Band,Electronics,1,900
1747,2025-02-27,602,P01,Digital Camera,Photography,1,45000
1747,2025-02-27,602,P02,Memory Card 128GB,Photography,1,2200
1747,2025-02-27,602,P03,Camera Bag,Photography,2,3800
1747,2025-02-27,602,P04,Tripod,Photography,2,3200
1748,2025-02-21,1691,E07,Smartwatch,Electronics,1,6500
1748,2025-02-21,1691,P04,Tripod,Photography,1,3200
1749,2025-02-12,1753,H07,Milk Frother,Home & Kitchen,1,1100
1749,2025-02-12,1753,E02,Screen Protector,Electronics,1,350
1749,2025-02-12,1753,H04,Blender,Home & Kitchen,1,4800
1750,2025-05-06,1222,E07,Smartwatch,Electronics,1,6500
1750,2025-05-06,1222,F06,Resistance Bands Set,Fitness,1,1500
1751,2025-02-25,973,E09,USB-C Cable,Electronics,2,450
1752,2025-05-17,1698,P02,Memory Card 128GB,Photography,1,2200
1753,2025-02-10,388,O04,Mechanical Keyboard,Office,1,5200
1753,2025-02-10,388,H07,Milk Frother,Home & Kitchen,1,1100
1754,2025-04-02,20,P04,Tripod,Photography,1,3200
1754,2025-04-02,20,E01,Phone Case,Electronics,1,800
1754,2025-04-02,20,E03,Wireless Earphones,Electronics,1,3500
1754,2025-04-02,20,E07,Smartwatch,Electronics,1,6500
1755,2025-03-27,299,O04,Mechanical Keyboard,Office,1,5200
1755,2025-03-27,299,F04,Fitness Tracker,Fitness,1,4500
1755,2025-03-27,299,E01,Phone Case,Electronics,1,800
1756,2025-06-29,202,F04,Fitness Tracker,Fitness,2,4500
1756,2025-06-29,202,F03,Sports Water Bottle,Fitness,1,700
1757,2025-02-13,1519,F04,Fitness Tracker,Fitness,1,4500
1757,2025-02-13,1519,F03,Sports Water Bottle,Fitness,2,700
1758,2025-04-28,1772,H03,Electric Kettle,Home & Kitchen,1,3200
1758,2025-04-28,1772,H06,Tea Infuser,Home & Kitchen,1,450
1759,2025-05-22,51,F07,Gym Bag,Fitness,1,2600
1759,2025-05-22,51,F05,Yoga Mat,Fitness,1,2200
1760,2025-01-27,889,O01,Laptop Bag,Office,1,3200
1760,2025-01-27,889,O02,Wireless Mouse,Office,1,1400
1760,2025-01-27,889,O03,Laptop Stand,Office,1,2100
1760,2025-01-27,889,O04,Mechanical Keyboard,Office,1,5200
1761,2025-04-03,433,F02,Running Socks (3-Pack),Fitness,1,950
1762,2025-04-14,239,H03,Electric Kettle,Home & Kitchen,1,3200
1762,2025-04-14,239,H06,Tea Infuser,Home & Kitchen,1,450
1763,2025-04-24,219,F04,Fitness Tracker,Fitness,1,4500
1763,2025-04-24,219,O06,Notebook & Pen Set,Office,2,600
1763,2025-04-24,219,H01,Coffee Maker,Home & Kitchen,1,5500
1763,2025-04-24,219,F05,Yoga Mat,Fitness,1,2200
1764,2025-01-12,520,H06,Tea Infuser,Home & Kitchen,1,450
1764,2025-01-12,520,E01,Phone Case,Electronics,1,800
1765,2025-01-06,1329,E04,Fast Phone Charger,Electronics,1,1200
1765,2025-01-06,1329,E05,Power Bank 10000mAh,Electronics,1,2800
1766,2025-04-24,84,H05,Travel Mug,Home & Kitchen,1,900
1767,2025-01-13,1467,F05,Yoga Mat,Fitness,2,2200
1768,2025-04-03,937,E07,Smartwatch,Electronics,1,6500
1768,2025-04-03,937,E08,Smartwatch Replacement Band,Electronics,1,900
1769,2025-06-20,1601,E05,Power Bank 10000mAh,Electronics,1,2800
1770,2025-06-04,1062,F04,Fitness Tracker,Fitness,1,4500
1770,2025-06-04,1062,F03,Sports Water Bottle,Fitness,2,700
1771,2025-05-11,1496,O05,Desk Lamp,Office,1,1800
1771,2025-05-11,1496,E09,USB-C Cable,Electronics,1,450
1771,2025-05-11,1496,F07,Gym Bag,Fitness,1,2600
1772,2025-01-24,954,O01,Laptop Bag,Office,1,3200
1772,2025-01-24,954,O02,Wireless Mouse,Office,1,1400
1772,2025-01-24,954,O03,Laptop Stand,Office,1,2100
1773,2025-05-17,1183,P01,Digital Camera,Photography,1,45000
1773,2025-05-17,1183,P02,Memory Card 128GB,Photography,1,2200
1773,2025-05-17,1183,P03,Camera Bag,Photography,2,3800
1773,2025-05-17,1183,P04,Tripod,Photography,1,3200
1774,2025-05-24,1432,E03,Wireless Earphones,Electronics,1,3500
1774,2025-05-24,1432,F02,Running Socks (3-Pack),Fitness,2,950
1774,2025-05-24,1432,P03,Camera Bag,Photography,1,3800
1775,2025-03-23,1568,F04,Fitness Tracker,Fitness,1,4500
1775,2025-03-23,1568,F01,Running Shoes,Fitness,1,7500
1775,2025-03-23,1568,E09,USB-C Cable,Electronics,1,450
1775,2025-03-23,1568,P03,Camera Bag,Photography,1,3800
1776,2025-05-03,1329,O04,Mechanical Keyboard,Office,1,5200
1777,2025-03-20,945,E07,Smartwatch,Electronics,1,6500
1777,2025-03-20,945,E08,Smartwatch Replacement Band,Electronics,1,900
1778,2025-05-01,1382,H01,Coffee Maker,Home & Kitchen,1,5500
1778,2025-05-01,1382,H02,Coffee Pods (Pack of 20),Home & Kitchen,2,1200
1778,2025-05-01,1382,H05,Travel Mug,Home & Kitchen,1,900
1779,2025-02-03,1330,F06,Resistance Bands Set,Fitness,1,1500
1779,2025-02-03,1330,E07,Smartwatch,Electronics,1,6500
1780,2025-03-01,352,O03,Laptop Stand,Office,2,2100
1780,2025-03-01,352,O06,Notebook & Pen Set,Office,1,600
1781,2025-02-28,1151,P03,Camera Bag,Photography,1,3800
1781,2025-02-28,1151,H05,Travel Mug,Home & Kitchen,1,900
1781,2025-02-28,1151,E07,Smartwatch,Electronics,2,6500
1781,2025-02-28,1151,E05,Power Bank 10000mAh,Electronics,1,2800
1782,2025-03-28,1131,E01,Phone Case,Electronics,1,800
1782,2025-03-28,1131,E02,Screen Protector,Electronics,1,350
1783,2025-02-02,1780,E08,Smartwatch Replacement Band,Electronics,1,900
1784,2025-03-16,375,P01,Digital Camera,Photography,1,45000
1784,2025-03-16,375,P02,Memory Card 128GB,Photography,1,2200
1784,2025-03-16,375,P03,Camera Bag,Photography,2,3800
1784,2025-03-16,375,P04,Tripod,Photography,1,3200
1785,2025-01-22,1109,O05,Desk Lamp,Office,1,1800
1786,2025-06-12,1381,F05,Yoga Mat,Fitness,1,2200
1787,2025-05-15,439,E10,Laptop Sleeve,Electronics,1,1800
1788,2025-06-21,1364,E06,Bluetooth Speaker,Electronics,1,4200
1788,2025-06-21,1364,H02,Coffee Pods (Pack of 20),Home & Kitchen,1,1200
1788,2025-06-21,1364,O04,Mechanical Keyboard,Office,1,5200
1788,2025-06-21,1364,E04,Fast Phone Charger,Electronics,1,1200
1789,2025-01-18,216,P03,Camera Bag,Photography,1,3800
1789,2025-01-18,216,O06,Notebook & Pen Set,Office,1,600
1789,2025-01-18,216,O03,Laptop Stand,Office,2,2100
1789,2025-01-18,216,E08,Smartwatch Replacement Band,Electronics,1,900
1790,2025-06-26,430,F07,Gym Bag,Fitness,2,2600
1791,2025-02-07,1299,O05,Desk Lamp,Office,1,1800
1792,2025-03-11,1085,F05,Yoga Mat,Fitness,1,2200
1792,2025-03-11,1085,E01,Phone Case,Electronics,1,800
1792,2025-03-11,1085,E07,Smartwatch,Electronics,1,6500
1793,2025-05-10,643,E01,Phone Case,Electronics,1,800
1794,2025-05-01,713,E04,Fast Phone Charger,Electronics,1,1200
1794,2025-05-01,713,E05,Power Bank 10000mAh,Electronics,1,2800
1795,2025-05-14,1024,P01,Digital Camera,Photography,1,45000
1795,2025-05-14,1024,P02,Memory Card 128GB,Photography,1,2200
1795,2025-05-14,1024,P03,Camera Bag,Photography,1,3800
1796,2025-05-09,1677,H02,Coffee Pods (Pack of 20),Home & Kitchen,1,1200
1796,2025-05-09,1677,E03,Wireless Earphones,Electronics,1,3500
1796,2025-05-09,1677,H06,Tea Infuser,Home & Kitchen,1,450
1797,2025-02-28,1550,E07,Smartwatch,Electronics,1,6500
1798,2025-03-16,1570,F01,Running Shoes,Fitness,2,7500
1798,2025-03-16,1570,F02,Running Socks (3-Pack),Fitness,1,950
1798,2025-03-16,1570,F03,Sports Water Bottle,Fitness,1,700
1799,2025-04-20,389,E03,Wireless Earphones,Electronics,1,3500
1799,2025-04-20,389,H03,Electric Kettle,Home & Kitchen,2,3200
1799,2025-04-20,389,E02,Screen Protector,Electronics,1,350
1799,2025-04-20,389,H07,Milk Frother,Home & Kitchen,1,1100
1800,2025-02-25,899,F07,Gym Bag,Fitness,1,2600
1800,2025-02-25,899,F05,Yoga Mat,Fitness,1,2200
1800,2025-02-25,899,H02,Coffee Pods (Pack of 20),Home & Kitchen,1,1200
1801,2025-04-21,317,O02,Wireless Mouse,Office,1,1400
1801,2025-04-21,317,F07,Gym Bag,Fitness,1,2600
1801,2025-04-21,317,E10,Laptop Sleeve,Electronics,1,1800
1802,2025-02-22,291,E01,Phone Case,Electronics,1,800
1802,2025-02-22,291,E02,Screen Protector,Electronics,1,350
1802,2025-02-22,291,E04,Fast Phone Charger,Electronics,1,1200
1802,2025-02-22,291,F02,Running Socks (3-Pack),Fitness,1,950
1803,2025-01-30,391,H03,Electric Kettle,Home & Kitchen,2,3200
1803,2025-01-30,391,F05,Yoga Mat,Fitness,1,2200
1804,2025-01-29,1033,P04,Tripod,Photography,1,3200
1804,2025-01-29,1033,F04,Fitness Tracker,Fitness,1,4500
1804,2025-01-29,1033,O01,Laptop Bag,Office,1,3200
1805,2025-01-05,105,H01,Coffee Maker,Home & Kitchen,1,5500
1806,2025-05-26,729,O06,Notebook & Pen Set,Office,2,600
1806,2025-05-26,729,E04,Fast Phone Charger,Electronics,1,1200
1806,2025-05-26,729,H07,Milk Frother,Home & Kitchen,1,1100
1806,2025-05-26,729,E01,Phone Case,Electronics,1,800
1807,2025-04-25,142,P04,Tripod,Photography,1,3200
1807,2025-04-25,142,E04,Fast Phone Charger,Electronics,1,1200
1807,2025-04-25,142,E06,Bluetooth Speaker,Electronics,1,4200
1808,2025-06-28,1727,P04,Tripod,Photography,1,3200
1809,2025-05-12,936,H05,Travel Mug,Home & Kitchen,1,900
1809,2025-05-12,936,O05,Desk Lamp,Office,1,1800
1809,2025-05-12,936,P01,Digital Camera,Photography,2,45000
1809,2025-05-12,936,F01,Running Shoes,Fitness,1,7500
1810,2025-01-16,506,P01,Digital Camera,Photography,1,45000
1810,2025-01-16,506,P02,Memory Card 128GB,Photography,1,2200
1810,2025-01-16,506,P03,Camera Bag,Photography,1,3800
1810,2025-01-16,506,P04,Tripod,Photography,1,3200
1811,2025-02-08,195,O01,Laptop Bag,Office,1,3200
1812,2025-05-11,1547,H06,Tea Infuser,Home & Kitchen,1,450
1813,2025-01-16,476,E02,Screen Protector,Electronics,1,350
1813,2025-01-16,476,E04,Fast Phone Charger,Electronics,1,1200
1813,2025-01-16,476,E10,Laptop Sleeve,Electronics,1,1800
1813,2025-01-16,476,F04,Fitness Tracker,Fitness,1,4500
1814,2025-02-01,225,F06,Resistance Bands Set,Fitness,1,1500
1815,2025-05-04,851,E01,Phone Case,Electronics,1,800
1815,2025-05-04,851,E02,Screen Protector,Electronics,1,350
1816,2025-03-24,586,E01,Phone Case,Electronics,1,800
1816,2025-03-24,586,E02,Screen Protector,Electronics,2,350
1817,2025-06-09,1480,E03,Wireless Earphones,Electronics,1,3500
1817,2025-06-09,1480,H02,Coffee Pods (Pack of 20),Home & Kitchen,1,1200
1818,2025-06-29,445,F04,Fitness Tracker,Fitness,1,4500
1819,2025-01-10,1269,P03,Camera Bag,Photography,1,3800
1820,2025-02-11,251,O01,Laptop Bag,Office,1,3200
1820,2025-02-11,251,O02,Wireless Mouse,Office,1,1400
1820,2025-02-11,251,O03,Laptop Stand,Office,2,2100
1820,2025-02-11,251,P04,Tripod,Photography,1,3200
1821,2025-02-27,1041,H03,Electric Kettle,Home & Kitchen,1,3200
1821,2025-02-27,1041,H06,Tea Infuser,Home & Kitchen,1,450
1822,2025-06-16,1261,P01,Digital Camera,Photography,2,45000
1823,2025-05-25,1239,F01,Running Shoes,Fitness,2,7500
1823,2025-05-25,1239,F02,Running Socks (3-Pack),Fitness,1,950
1824,2025-01-15,1289,E05,Power Bank 10000mAh,Electronics,1,2800
1824,2025-01-15,1289,H05,Travel Mug,Home & Kitchen,1,900
1824,2025-01-15,1289,F01,Running Shoes,Fitness,1,7500
1824,2025-01-15,1289,P04,Tripod,Photography,1,3200
1825,2025-02-12,797,O05,Desk Lamp,Office,2,1800
1826,2025-03-23,1407,E07,Smartwatch,Electronics,1,6500
1826,2025-03-23,1407,E08,Smartwatch Replacement Band,Electronics,1,900
1827,2025-05-05,810,F07,Gym Bag,Fitness,1,2600
1827,2025-05-05,810,H05,Travel Mug,Home & Kitchen,1,900
1828,2025-03-28,692,H01,Coffee Maker,Home & Kitchen,1,5500
1828,2025-03-28,692,H02,Coffee Pods (Pack of 20),Home & Kitchen,1,1200
1829,2025-04-20,1485,H06,Tea Infuser,Home & Kitchen,1,450
1830,2025-03-05,1368,P01,Digital Camera,Photography,1,45000
1830,2025-03-05,1368,P02,Memory Card 128GB,Photography,1,2200
1830,2025-03-05,1368,P03,Camera Bag,Photography,1,3800
1831,2025-03-30,140,O01,Laptop Bag,Office,1,3200
1831,2025-03-30,140,O02,Wireless Mouse,Office,1,1400
1831,2025-03-30,140,O03,Laptop Stand,Office,1,2100
1832,2025-06-21,1314,E07,Smartwatch,Electronics,1,6500
1833,2025-02-01,1409,E01,Phone Case,Electronics,1,800
1833,2025-02-01,1409,E02,Screen Protector,Electronics,1,350
1834,2025-03-04,1319,H03,Electric Kettle,Home & Kitchen,1,3200
1834,2025-03-04,1319,H06,Tea Infuser,Home & Kitchen,1,450
1834,2025-03-04,1319,H07,Milk Frother,Home & Kitchen,1,1100
1835,2025-06-11,744,E01,Phone Case,Electronics,1,800
1835,2025-06-11,744,E02,Screen Protector,Electronics,1,350
1836,2025-02-23,274,E01,Phone Case,Electronics,1,800
1836,2025-02-23,274,E02,Screen Protector,Electronics,1,350
1836,2025-02-23,274,H02,Coffee Pods (Pack of 20),Home & Kitchen,1,1200
1837,2025-01-09,657,O03,Laptop Stand,Office,1,2100
1837,2025-01-09,657,E03,Wireless Earphones,Electronics,2,3500
1838,2025-04-30,1443,E10,Laptop Sleeve,Electronics,1,1800
1838,2025-04-30,1443,H07,Milk Frother,Home & Kitchen,1,1100
1839,2025-06-02,139,E05,Power Bank 10000mAh,Electronics,1,2800
1840,2025-02-08,133,E04,Fast Phone Charger,Electronics,1,1200
1840,2025-02-08,133,E05,Power Bank 10000mAh,Electronics,1,2800
1841,2025-04-30,608,O01,Laptop Bag,Office,1,3200
1841,2025-04-30,608,O02,Wireless Mouse,Office,1,1400
1841,2025-04-30,608,O03,Laptop Stand,Office,1,2100
1842,2025-01-07,166,P01,Digital Camera,Photography,1,45000
1843,2025-04-19,1761,E08,Smartwatch Replacement Band,Electronics,1,900
1844,2025-04-23,1097,H04,Blender,Home & Kitchen,1,4800
1844,2025-04-23,1097,O06,Notebook & Pen Set,Office,1,600
1844,2025-04-23,1097,E08,Smartwatch Replacement Band,Electronics,1,900
1844,2025-04-23,1097,P02,Memory Card 128GB,Photography,1,2200
1845,2025-04-27,1171,E08,Smartwatch Replacement Band,Electronics,1,900
1845,2025-04-27,1171,O02,Wireless Mouse,Office,2,1400
1845,2025-04-27,1171,P03,Camera Bag,Photography,1,3800
1845,2025-04-27,1171,H04,Blender,Home & Kitchen,1,4800
1846,2025-04-23,1792,H03,Electric Kettle,Home & Kitchen,1,3200
1846,2025-04-23,1792,H06,Tea Infuser,Home & Kitchen,1,450
1846,2025-04-23,1792,F05,Yoga Mat,Fitness,1,2200
1847,2025-06-28,1110,F01,Running Shoes,Fitness,1,7500
1848,2025-03-11,1666,P03,Camera Bag,Photography,1,3800
1848,2025-03-11,1666,H02,Coffee Pods (Pack of 20),Home & Kitchen,1,1200
1848,2025-03-11,1666,P01,Digital Camera,Photography,1,45000
1848,2025-03-11,1666,F07,Gym Bag,Fitness,1,2600
1849,2025-04-28,735,H01,Coffee Maker,Home & Kitchen,1,5500
1849,2025-04-28,735,O05,Desk Lamp,Office,1,1800
1850,2025-06-09,558,O01,Laptop Bag,Office,1,3200
1850,2025-06-09,558,E02,Screen Protector,Electronics,1,350
1850,2025-06-09,558,P05,Extra Camera Battery,Photography,2,2600
1850,2025-06-09,558,F05,Yoga Mat,Fitness,2,2200
1851,2025-03-05,1503,H03,Electric Kettle,Home & Kitchen,2,3200
1851,2025-03-05,1503,O05,Desk Lamp,Office,2,1800
1851,2025-03-05,1503,E10,Laptop Sleeve,Electronics,1,1800
1851,2025-03-05,1503,E04,Fast Phone Charger,Electronics,1,1200
1852,2025-06-16,1583,F01,Running Shoes,Fitness,1,7500
1852,2025-06-16,1583,F02,Running Socks (3-Pack),Fitness,1,950
1853,2025-05-11,1560,O02,Wireless Mouse,Office,1,1400
1853,2025-05-11,1560,F07,Gym Bag,Fitness,1,2600
1854,2025-05-27,474,O05,Desk Lamp,Office,1,1800
1854,2025-05-27,474,E10,Laptop Sleeve,Electronics,1,1800
1854,2025-05-27,474,O04,Mechanical Keyboard,Office,1,5200
1855,2025-04-19,688,H03,Electric Kettle,Home & Kitchen,1,3200
1855,2025-04-19,688,H06,Tea Infuser,Home & Kitchen,1,450
1856,2025-05-15,944,P03,Camera Bag,Photography,1,3800
1857,2025-06-13,853,F04,Fitness Tracker,Fitness,2,4500
1857,2025-06-13,853,F03,Sports Water Bottle,Fitness,1,700
1858,2025-04-03,1634,H03,Electric Kettle,Home & Kitchen,1,3200
1858,2025-04-03,1634,H06,Tea Infuser,Home & Kitchen,1,450
1859,2025-03-20,1595,E04,Fast Phone Charger,Electronics,1,1200
1860,2025-05-08,417,P01,Digital Camera,Photography,1,45000
1860,2025-05-08,417,E06,Bluetooth Speaker,Electronics,1,4200
1861,2025-05-30,1402,E03,Wireless Earphones,Electronics,2,3500
1862,2025-06-16,1136,E04,Fast Phone Charger,Electronics,1,1200
1862,2025-06-16,1136,E05,Power Bank 10000mAh,Electronics,1,2800
1863,2025-06-07,152,F07,Gym Bag,Fitness,1,2600
1864,2025-01-17,930,E04,Fast Phone Charger,Electronics,1,1200
1865,2025-03-24,941,H03,Electric Kettle,Home & Kitchen,1,3200
1865,2025-03-24,941,H06,Tea Infuser,Home & Kitchen,1,450
1866,2025-06-19,90,O01,Laptop Bag,Office,1,3200
1866,2025-06-19,90,O02,Wireless Mouse,Office,1,1400
1866,2025-06-19,90,O03,Laptop Stand,Office,1,2100
1867,2025-01-12,1386,H03,Electric Kettle,Home & Kitchen,1,3200
1867,2025-01-12,1386,H07,Milk Frother,Home & Kitchen,1,1100
1868,2025-05-08,1624,F04,Fitness Tracker,Fitness,1,4500
1868,2025-05-08,1624,F03,Sports Water Bottle,Fitness,1,700
1869,2025-04-08,1080,F01,Running Shoes,Fitness,1,7500
1869,2025-04-08,1080,H01,Coffee Maker,Home & Kitchen,1,5500
1869,2025-04-08,1080,E05,Power Bank 10000mAh,Electronics,2,2800
1870,2025-02-05,204,P05,Extra Camera Battery,Photography,1,2600
1870,2025-02-05,204,E04,Fast Phone Charger,Electronics,1,1200
1870,2025-02-05,204,E08,Smartwatch Replacement Band,Electronics,1,900
1870,2025-02-05,204,F01,Running Shoes,Fitness,1,7500
1871,2025-04-26,1521,H01,Coffee Maker,Home & Kitchen,1,5500
1871,2025-04-26,1521,H02,Coffee Pods (Pack of 20),Home & Kitchen,1,1200
1872,2025-01-06,201,E02,Screen Protector,Electronics,1,350
1872,2025-01-06,201,P04,Tripod,Photography,1,3200
1873,2025-03-15,450,E07,Smartwatch,Electronics,1,6500
1873,2025-03-15,450,E08,Smartwatch Replacement Band,Electronics,2,900
1873,2025-03-15,450,E09,USB-C Cable,Electronics,1,450
1874,2025-06-23,1065,P04,Tripod,Photography,1,3200
1875,2025-02-08,1565,P01,Digital Camera,Photography,2,45000
1875,2025-02-08,1565,P02,Memory Card 128GB,Photography,1,2200
1875,2025-02-08,1565,P03,Camera Bag,Photography,1,3800
1876,2025-04-01,1039,E01,Phone Case,Electronics,1,800
1876,2025-04-01,1039,E02,Screen Protector,Electronics,1,350
1876,2025-04-01,1039,E04,Fast Phone Charger,Electronics,1,1200
1877,2025-05-11,216,P01,Digital Camera,Photography,1,45000
1877,2025-05-11,216,P02,Memory Card 128GB,Photography,1,2200
1877,2025-05-11,216,P03,Camera Bag,Photography,1,3800
1877,2025-05-11,216,H05,Travel Mug,Home & Kitchen,2,900
1878,2025-03-03,1628,E10,Laptop Sleeve,Electronics,2,1800
1878,2025-03-03,1628,F01,Running Shoes,Fitness,1,7500
1878,2025-03-03,1628,H07,Milk Frother,Home & Kitchen,2,1100
1879,2025-01-29,1012,H01,Coffee Maker,Home & Kitchen,1,5500
1880,2025-02-13,480,F07,Gym Bag,Fitness,1,2600
1880,2025-02-13,480,F05,Yoga Mat,Fitness,2,2200
1881,2025-06-28,630,E07,Smartwatch,Electronics,1,6500
1881,2025-06-28,630,E08,Smartwatch Replacement Band,Electronics,1,900
1881,2025-06-28,630,F03,Sports Water Bottle,Fitness,1,700
1882,2025-03-23,763,O01,Laptop Bag,Office,1,3200
1882,2025-03-23,763,F04,Fitness Tracker,Fitness,1,4500
1883,2025-06-25,231,E09,USB-C Cable,Electronics,1,450
1884,2025-04-02,560,H03,Electric Kettle,Home & Kitchen,1,3200
1885,2025-06-14,951,E07,Smartwatch,Electronics,1,6500
1885,2025-06-14,951,E08,Smartwatch Replacement Band,Electronics,2,900
1886,2025-03-27,1161,O04,Mechanical Keyboard,Office,2,5200
1887,2025-03-05,1475,H04,Blender,Home & Kitchen,1,4800
1888,2025-04-23,476,O01,Laptop Bag,Office,1,3200
1888,2025-04-23,476,P05,Extra Camera Battery,Photography,1,2600
1888,2025-04-23,476,H01,Coffee Maker,Home & Kitchen,1,5500
1888,2025-04-23,476,P02,Memory Card 128GB,Photography,1,2200
1889,2025-02-03,20,H01,Coffee Maker,Home & Kitchen,1,5500
1889,2025-02-03,20,H02,Coffee Pods (Pack of 20),Home & Kitchen,1,1200
1890,2025-03-14,824,E05,Power Bank 10000mAh,Electronics,1,2800
1891,2025-02-21,1323,F01,Running Shoes,Fitness,1,7500
1891,2025-02-21,1323,F02,Running Socks (3-Pack),Fitness,1,950
1891,2025-02-21,1323,F03,Sports Water Bottle,Fitness,1,700
1892,2025-04-09,1110,H03,Electric Kettle,Home & Kitchen,1,3200
1892,2025-04-09,1110,H06,Tea Infuser,Home & Kitchen,1,450
1893,2025-03-17,585,P04,Tripod,Photography,1,3200
1894,2025-02-10,574,E06,Bluetooth Speaker,Electronics,1,4200
1894,2025-02-10,574,E05,Power Bank 10000mAh,Electronics,1,2800
1894,2025-02-10,574,O02,Wireless Mouse,Office,1,1400
1894,2025-02-10,574,P05,Extra Camera Battery,Photography,1,2600
1895,2025-01-21,225,H04,Blender,Home & Kitchen,1,4800
1895,2025-01-21,225,F05,Yoga Mat,Fitness,1,2200
1896,2025-01-20,1552,O06,Notebook & Pen Set,Office,1,600
1897,2025-05-22,574,E07,Smartwatch,Electronics,1,6500
1897,2025-05-22,574,E08,Smartwatch Replacement Band,Electronics,1,900
1898,2025-05-13,914,H02,Coffee Pods (Pack of 20),Home & Kitchen,1,1200
1898,2025-05-13,914,O01,Laptop Bag,Office,1,3200
1898,2025-05-13,914,O05,Desk Lamp,Office,1,1800
1898,2025-05-13,914,H05,Travel Mug,Home & Kitchen,1,900
1899,2025-03-31,921,E09,USB-C Cable,Electronics,1,450
1899,2025-03-31,921,E03,Wireless Earphones,Electronics,1,3500
1899,2025-03-31,921,F03,Sports Water Bottle,Fitness,1,700
1899,2025-03-31,921,F01,Running Shoes,Fitness,1,7500
1900,2025-04-27,1570,F02,Running Socks (3-Pack),Fitness,1,950
1901,2025-05-16,1240,F01,Running Shoes,Fitness,1,7500
1902,2025-04-12,517,H02,Coffee Pods (Pack of 20),Home & Kitchen,1,1200
1903,2025-02-04,190,P01,Digital Camera,Photography,1,45000
1903,2025-02-04,190,P02,Memory Card 128GB,Photography,1,2200
1903,2025-02-04,190,P03,Camera Bag,Photography,1,3800
1904,2025-02-07,1056,E04,Fast Phone Charger,Electronics,1,1200
1904,2025-02-07,1056,E02,Screen Protector,Electronics,1,350
1904,2025-02-07,1056,F04,Fitness Tracker,Fitness,1,4500
1904,2025-02-07,1056,E09,USB-C Cable,Electronics,2,450
1905,2025-04-08,868,P04,Tripod,Photography,1,3200
1906,2025-05-09,1000,E01,Phone Case,Electronics,1,800
1906,2025-05-09,1000,E02,Screen Protector,Electronics,1,350
1907,2025-06-12,1543,P01,Digital Camera,Photography,1,45000
1908,2025-06-02,944,E04,Fast Phone Charger,Electronics,1,1200
1908,2025-06-02,944,E05,Power Bank 10000mAh,Electronics,1,2800
1909,2025-03-26,227,E02,Screen Protector,Electronics,1,350
1909,2025-03-26,227,H05,Travel Mug,Home & Kitchen,1,900
1909,2025-03-26,227,H06,Tea Infuser,Home & Kitchen,1,450
1910,2025-06-04,313,H01,Coffee Maker,Home & Kitchen,1,5500
1910,2025-06-04,313,H02,Coffee Pods (Pack of 20),Home & Kitchen,1,1200
1911,2025-03-13,1186,E10,Laptop Sleeve,Electronics,1,1800
1911,2025-03-13,1186,P03,Camera Bag,Photography,1,3800
1911,2025-03-13,1186,H02,Coffee Pods (Pack of 20),Home & Kitchen,1,1200
1911,2025-03-13,1186,P04,Tripod,Photography,1,3200
1912,2025-05-12,1101,E08,Smartwatch Replacement Band,Electronics,1,900
1912,2025-05-12,1101,F07,Gym Bag,Fitness,1,2600
1912,2025-05-12,1101,P05,Extra Camera Battery,Photography,1,2600
1913,2025-05-08,407,H01,Coffee Maker,Home & Kitchen,1,5500
1913,2025-05-08,407,H02,Coffee Pods (Pack of 20),Home & Kitchen,1,1200
1914,2025-02-25,741,P02,Memory Card 128GB,Photography,1,2200
1915,2025-06-05,1115,F01,Running Shoes,Fitness,1,7500
1915,2025-06-05,1115,H06,Tea Infuser,Home & Kitchen,1,450
1915,2025-06-05,1115,O03,Laptop Stand,Office,1,2100
1915,2025-06-05,1115,E03,Wireless Earphones,Electronics,1,3500
1916,2025-01-11,1,F01,Running Shoes,Fitness,1,7500
1916,2025-01-11,1,F02,Running Socks (3-Pack),Fitness,1,950
1917,2025-03-01,1758,E05,Power Bank 10000mAh,Electronics,1,2800
1918,2025-05-11,472,H04,Blender,Home & Kitchen,1,4800
1918,2025-05-11,472,E05,Power Bank 10000mAh,Electronics,1,2800
1918,2025-05-11,472,H06,Tea Infuser,Home & Kitchen,1,450
1918,2025-05-11,472,E07,Smartwatch,Electronics,1,6500
1919,2025-03-25,846,H06,Tea Infuser,Home & Kitchen,1,450
1920,2025-03-23,1480,H06,Tea Infuser,Home & Kitchen,1,450
1921,2025-04-14,1040,O01,Laptop Bag,Office,1,3200
1921,2025-04-14,1040,O02,Wireless Mouse,Office,1,1400
1921,2025-04-14,1040,O03,Laptop Stand,Office,1,2100
1922,2025-02-28,639,E07,Smartwatch,Electronics,1,6500
1922,2025-02-28,639,E08,Smartwatch Replacement Band,Electronics,1,900
1923,2025-05-14,1401,O02,Wireless Mouse,Office,1,1400
1923,2025-05-14,1401,E02,Screen Protector,Electronics,1,350
1923,2025-05-14,1401,E06,Bluetooth Speaker,Electronics,2,4200
1923,2025-05-14,1401,F06,Resistance Bands Set,Fitness,1,1500
1924,2025-06-09,1729,F07,Gym Bag,Fitness,1,2600
1924,2025-06-09,1729,F05,Yoga Mat,Fitness,1,2200
1924,2025-06-09,1729,F06,Resistance Bands Set,Fitness,1,1500
1925,2025-01-20,1339,H03,Electric Kettle,Home & Kitchen,1,3200
1925,2025-01-20,1339,H06,Tea Infuser,Home & Kitchen,2,450
1925,2025-01-20,1339,H07,Milk Frother,Home & Kitchen,1,1100
1926,2025-04-19,1367,F02,Running Socks (3-Pack),Fitness,1,950
1927,2025-05-21,249,H03,Electric Kettle,Home & Kitchen,1,3200
1927,2025-05-21,249,H06,Tea Infuser,Home & Kitchen,1,450
1928,2025-02-24,1584,H03,Electric Kettle,Home & Kitchen,1,3200
1929,2025-02-10,786,E07,Smartwatch,Electronics,1,6500
1929,2025-02-10,786,E08,Smartwatch Replacement Band,Electronics,1,900
1929,2025-02-10,786,P01,Digital Camera,Photography,1,45000
1930,2025-06-16,33,O01,Laptop Bag,Office,1,3200
1930,2025-06-16,33,O02,Wireless Mouse,Office,1,1400
1930,2025-06-16,33,O03,Laptop Stand,Office,2,2100
1931,2025-06-03,336,H01,Coffee Maker,Home & Kitchen,1,5500
1931,2025-06-03,336,H02,Coffee Pods (Pack of 20),Home & Kitchen,1,1200
1931,2025-06-03,336,H05,Travel Mug,Home & Kitchen,1,900
1932,2025-01-02,185,E07,Smartwatch,Electronics,1,6500
1932,2025-01-02,185,E08,Smartwatch Replacement Band,Electronics,1,900
1933,2025-03-09,973,E04,Fast Phone Charger,Electronics,2,1200
1933,2025-03-09,973,H03,Electric Kettle,Home & Kitchen,1,3200
1933,2025-03-09,973,P05,Extra Camera Battery,Photography,1,2600
1933,2025-03-09,973,E03,Wireless Earphones,Electronics,1,3500
1934,2025-03-22,624,H03,Electric Kettle,Home & Kitchen,2,3200
1934,2025-03-22,624,E07,Smartwatch,Electronics,1,6500
1935,2025-04-23,276,P04,Tripod,Photography,1,3200
1936,2025-03-17,1435,E02,Screen Protector,Electronics,1,350
1936,2025-03-17,1435,O03,Laptop Stand,Office,1,2100
1937,2025-04-08,1608,H01,Coffee Maker,Home & Kitchen,1,5500
1937,2025-04-08,1608,H02,Coffee Pods (Pack of 20),Home & Kitchen,1,1200
1938,2025-01-20,626,H01,Coffee Maker,Home & Kitchen,1,5500
1938,2025-01-20,626,H02,Coffee Pods (Pack of 20),Home & Kitchen,1,1200
1938,2025-01-20,626,F05,Yoga Mat,Fitness,2,2200
1939,2025-02-12,773,P03,Camera Bag,Photography,1,3800
1940,2025-06-03,881,E01,Phone Case,Electronics,1,800
1940,2025-06-03,881,O03,Laptop Stand,Office,1,2100
1940,2025-06-03,881,P05,Extra Camera Battery,Photography,1,2600
1940,2025-06-03,881,F07,Gym Bag,Fitness,1,2600
1941,2025-05-30,823,O01,Laptop Bag,Office,1,3200
1941,2025-05-30,823,O02,Wireless Mouse,Office,1,1400
1941,2025-05-30,823,O03,Laptop Stand,Office,2,2100
1942,2025-04-05,1103,E10,Laptop Sleeve,Electronics,1,1800
1942,2025-04-05,1103,O01,Laptop Bag,Office,1,3200
1942,2025-04-05,1103,E02,Screen Protector,Electronics,1,350
1943,2025-05-01,590,H01,Coffee Maker,Home & Kitchen,1,5500
1943,2025-05-01,590,H02,Coffee Pods (Pack of 20),Home & Kitchen,1,1200
1944,2025-03-24,1452,P01,Digital Camera,Photography,1,45000
1944,2025-03-24,1452,P02,Memory Card 128GB,Photography,1,2200
1944,2025-03-24,1452,P03,Camera Bag,Photography,1,3800
1945,2025-03-14,1349,E09,USB-C Cable,Electronics,1,450
1945,2025-03-14,1349,O02,Wireless Mouse,Office,1,1400
1945,2025-03-14,1349,E03,Wireless Earphones,Electronics,1,3500
1946,2025-04-06,757,F01,Running Shoes,Fitness,1,7500
1946,2025-04-06,757,F02,Running Socks (3-Pack),Fitness,2,950
1947,2025-02-02,1572,O01,Laptop Bag,Office,1,3200
1947,2025-02-02,1572,O02,Wireless Mouse,Office,2,1400
1947,2025-02-02,1572,O03,Laptop Stand,Office,1,2100
1948,2025-04-13,128,O05,Desk Lamp,Office,1,1800
1949,2025-02-10,754,H01,Coffee Maker,Home & Kitchen,1,5500
1949,2025-02-10,754,H02,Coffee Pods (Pack of 20),Home & Kitchen,1,1200
1950,2025-01-13,119,F07,Gym Bag,Fitness,1,2600
1950,2025-01-13,119,F05,Yoga Mat,Fitness,1,2200
1950,2025-01-13,119,F06,Resistance Bands Set,Fitness,1,1500
1951,2025-03-08,1212,P04,Tripod,Photography,1,3200
1952,2025-03-16,1041,F07,Gym Bag,Fitness,1,2600
1953,2025-04-28,73,H01,Coffee Maker,Home & Kitchen,1,5500
1953,2025-04-28,73,H02,Coffee Pods (Pack of 20),Home & Kitchen,1,1200
1954,2025-02-13,1065,E04,Fast Phone Charger,Electronics,1,1200
1954,2025-02-13,1065,E05,Power Bank 10000mAh,Electronics,2,2800
1955,2025-03-05,472,F04,Fitness Tracker,Fitness,1,4500
1955,2025-03-05,472,F03,Sports Water Bottle,Fitness,1,700
1956,2025-02-05,1631,O04,Mechanical Keyboard,Office,2,5200
1956,2025-02-05,1631,H03,Electric Kettle,Home & Kitchen,1,3200
1956,2025-02-05,1631,E10,Laptop Sleeve,Electronics,1,1800
1957,2025-04-06,1010,P04,Tripod,Photography,1,3200
1958,2025-06-23,1766,F05,Yoga Mat,Fitness,1,2200
1959,2025-04-30,199,P01,Digital Camera,Photography,1,45000
1959,2025-04-30,199,P02,Memory Card 128GB,Photography,1,2200
1959,2025-04-30,199,P03,Camera Bag,Photography,1,3800
1959,2025-04-30,199,P04,Tripod,Photography,1,3200
1960,2025-01-05,1235,P01,Digital Camera,Photography,1,45000
1960,2025-01-05,1235,P02,Memory Card 128GB,Photography,2,2200
1960,2025-01-05,1235,P03,Camera Bag,Photography,1,3800
1961,2025-03-02,1461,P01,Digital Camera,Photography,1,45000
1961,2025-03-02,1461,P02,Memory Card 128GB,Photography,1,2200
1961,2025-03-02,1461,P03,Camera Bag,Photography,1,3800
1961,2025-03-02,1461,E04,Fast Phone Charger,Electronics,1,1200
1962,2025-03-04,1277,H01,Coffee Maker,Home & Kitchen,1,5500
1962,2025-03-04,1277,H02,Coffee Pods (Pack of 20),Home & Kitchen,1,1200
1963,2025-02-12,123,E07,Smartwatch,Electronics,1,6500
1963,2025-02-12,123,E01,Phone Case,Electronics,1,800
1963,2025-02-12,123,E10,Laptop Sleeve,Electronics,1,1800
1963,2025-02-12,123,E06,Bluetooth Speaker,Electronics,1,4200
1964,2025-04-08,1581,F07,Gym Bag,Fitness,1,2600
1964,2025-04-08,1581,F05,Yoga Mat,Fitness,1,2200
1965,2025-06-08,278,F07,Gym Bag,Fitness,2,2600
1966,2025-06-07,327,F07,Gym Bag,Fitness,1,2600
1966,2025-06-07,327,F05,Yoga Mat,Fitness,1,2200
1967,2025-03-01,151,H05,Travel Mug,Home & Kitchen,1,900
1967,2025-03-01,151,O04,Mechanical Keyboard,Office,1,5200
1967,2025-03-01,151,E01,Phone Case,Electronics,2,800
1967,2025-03-01,151,H01,Coffee Maker,Home & Kitchen,1,5500
1968,2025-05-20,1693,F02,Running Socks (3-Pack),Fitness,1,950
1968,2025-05-20,1693,F05,Yoga Mat,Fitness,1,2200
1968,2025-05-20,1693,H07,Milk Frother,Home & Kitchen,2,1100
1968,2025-05-20,1693,H02,Coffee Pods (Pack of 20),Home & Kitchen,1,1200
1969,2025-05-13,1586,E09,USB-C Cable,Electronics,1,450
1969,2025-05-13,1586,O01,Laptop Bag,Office,1,3200
1970,2025-06-12,1189,F07,Gym Bag,Fitness,1,2600
1970,2025-06-12,1189,F05,Yoga Mat,Fitness,1,2200
1970,2025-06-12,1189,F06,Resistance Bands Set,Fitness,1,1500
1971,2025-05-09,1475,F04,Fitness Tracker,Fitness,1,4500
1971,2025-05-09,1475,F03,Sports Water Bottle,Fitness,1,700
1972,2025-04-24,322,E07,Smartwatch,Electronics,1,6500
1972,2025-04-24,322,E08,Smartwatch Replacement Band,Electronics,1,900
1972,2025-04-24,322,P05,Extra Camera Battery,Photography,1,2600
1973,2025-05-09,467,F01,Running Shoes,Fitness,2,7500
1973,2025-05-09,467,F02,Running Socks (3-Pack),Fitness,1,950
1974,2025-01-29,135,H03,Electric Kettle,Home & Kitchen,1,3200
1974,2025-01-29,135,H06,Tea Infuser,Home & Kitchen,2,450
1974,2025-01-29,135,H07,Milk Frother,Home & Kitchen,1,1100
1975,2025-04-09,266,E01,Phone Case,Electronics,1,800
1975,2025-04-09,266,F05,Yoga Mat,Fitness,1,2200
1976,2025-05-26,636,E07,Smartwatch,Electronics,1,6500
1976,2025-05-26,636,E08,Smartwatch Replacement Band,Electronics,1,900
1977,2025-04-04,1779,H05,Travel Mug,Home & Kitchen,1,900
1977,2025-04-04,1779,E10,Laptop Sleeve,Electronics,2,1800
1977,2025-04-04,1779,H01,Coffee Maker,Home & Kitchen,1,5500
1977,2025-04-04,1779,F04,Fitness Tracker,Fitness,1,4500
1978,2025-02-20,785,P02,Memory Card 128GB,Photography,1,2200
1978,2025-02-20,785,O01,Laptop Bag,Office,1,3200
1978,2025-02-20,785,O03,Laptop Stand,Office,1,2100
1978,2025-02-20,785,O05,Desk Lamp,Office,1,1800
1979,2025-06-13,189,H03,Electric Kettle,Home & Kitchen,2,3200
1979,2025-06-13,189,E04,Fast Phone Charger,Electronics,1,1200
1979,2025-06-13,189,P04,Tripod,Photography,1,3200
1979,2025-06-13,189,F01,Running Shoes,Fitness,1,7500
1980,2025-05-28,624,F05,Yoga Mat,Fitness,1,2200
1980,2025-05-28,624,E07,Smartwatch,Electronics,1,6500
1980,2025-05-28,624,H03,Electric Kettle,Home & Kitchen,1,3200
1981,2025-01-12,107,F06,Resistance Bands Set,Fitness,2,1500
1981,2025-01-12,107,E04,Fast Phone Charger,Electronics,1,1200
1982,2025-05-08,532,E04,Fast Phone Charger,Electronics,1,1200
1982,2025-05-08,532,E05,Power Bank 10000mAh,Electronics,1,2800
1983,2025-01-17,1147,H02,Coffee Pods (Pack of 20),Home & Kitchen,1,1200
1984,2025-06-19,1344,F03,Sports Water Bottle,Fitness,2,700
1985,2025-03-26,19,H03,Electric Kettle,Home & Kitchen,1,3200
1985,2025-03-26,19,H06,Tea Infuser,Home & Kitchen,2,450
1986,2025-04-26,68,E08,Smartwatch Replacement Band,Electronics,1,900
1987,2025-06-25,134,E01,Phone Case,Electronics,1,800
1988,2025-05-29,909,E04,Fast Phone Charger,Electronics,1,1200
1988,2025-05-29,909,E05,Power Bank 10000mAh,Electronics,1,2800
1988,2025-05-29,909,E07,Smartwatch,Electronics,2,6500
1989,2025-03-24,976,E01,Phone Case,Electronics,1,800
1989,2025-03-24,976,E02,Screen Protector,Electronics,1,350
1990,2025-06-21,1582,E05,Power Bank 10000mAh,Electronics,2,2800
1990,2025-06-21,1582,F03,Sports Water Bottle,Fitness,1,700
1991,2025-05-12,148,P04,Tripod,Photography,1,3200
1992,2025-02-08,1157,O01,Laptop Bag,Office,1,3200
1992,2025-02-08,1157,H07,Milk Frother,Home & Kitchen,1,1100
1992,2025-02-08,1157,F02,Running Socks (3-Pack),Fitness,1,950
1992,2025-02-08,1157,F03,Sports Water Bottle,Fitness,1,700
1993,2025-02-08,558,F05,Yoga Mat,Fitness,2,2200
1994,2025-02-20,481,F01,Running Shoes,Fitness,1,7500
1994,2025-02-20,481,F02,Running Socks (3-Pack),Fitness,1,950
1995,2025-05-03,1393,H06,Tea Infuser,Home & Kitchen,1,450
1995,2025-05-03,1393,E06,Bluetooth Speaker,Electronics,1,4200
1996,2025-02-09,1625,E02,Screen Protector,Electronics,1,350
1997,2025-03-20,927,F07,Gym Bag,Fitness,1,2600
1997,2025-03-20,927,F05,Yoga Mat,Fitness,1,2200
1998,2025-02-23,1666,F05,Yoga Mat,Fitness,1,2200
1998,2025-02-23,1666,H07,Milk Frother,Home & Kitchen,2,1100
1999,2025-04-07,770,H01,Coffee Maker,Home & Kitchen,1,5500
2000,2025-03-31,772,E04,Fast Phone Charger,Electronics,1,1200
2000,2025-03-31,772,E05,Power Bank 10000mAh,Electronics,1,2800
2001,2025-04-30,827,E09,USB-C Cable,Electronics,1,450
2001,2025-04-30,827,H03,Electric Kettle,Home & Kitchen,1,3200
2002,2025-01-18,1771,F05,Yoga Mat,Fitness,1,2200
2003,2025-05-28,1663,E04,Fast Phone Charger,Electronics,1,1200
2003,2025-05-28,1663,E05,Power Bank 10000mAh,Electronics,1,2800
2004,2025-04-18,1225,P03,Camera Bag,Photography,1,3800
2005,2025-03-11,1660,F04,Fitness Tracker,Fitness,1,4500
2005,2025-03-11,1660,F03,Sports Water Bottle,Fitness,2,700
2006,2025-02-22,740,F07,Gym Bag,Fitness,1,2600
2006,2025-02-22,740,F05,Yoga Mat,Fitness,1,2200
2007,2025-03-31,1235,P01,Digital Camera,Photography,2,45000
2007,2025-03-31,1235,P02,Memory Card 128GB,Photography,1,2200
2007,2025-03-31,1235,P03,Camera Bag,Photography,1,3800
2008,2025-03-19,1300,F01,Running Shoes,Fitness,1,7500
2008,2025-03-19,1300,F02,Running Socks (3-Pack),Fitness,1,950
2009,2025-05-22,1551,E07,Smartwatch,Electronics,1,6500
2009,2025-05-22,1551,H02,Coffee Pods (Pack of 20),Home & Kitchen,1,1200
2009,2025-05-22,1551,O06,Notebook & Pen Set,Office,1,600
2009,2025-05-22,1551,H07,Milk Frother,Home & Kitchen,1,1100
2010,2025-02-10,781,O06,Notebook & Pen Set,Office,1,600
2011,2025-05-19,308,E07,Smartwatch,Electronics,1,6500
2011,2025-05-19,308,H04,Blender,Home & Kitchen,1,4800
2011,2025-05-19,308,O04,Mechanical Keyboard,Office,1,5200
2011,2025-05-19,308,O06,Notebook & Pen Set,Office,1,600
2012,2025-04-02,686,F02,Running Socks (3-Pack),Fitness,1,950
2012,2025-04-02,686,H06,Tea Infuser,Home & Kitchen,1,450
2012,2025-04-02,686,E02,Screen Protector,Electronics,1,350
2013,2025-04-07,108,E01,Phone Case,Electronics,1,800
2013,2025-04-07,108,E02,Screen Protector,Electronics,1,350
2014,2025-05-26,1396,F07,Gym Bag,Fitness,2,2600
2014,2025-05-26,1396,F05,Yoga Mat,Fitness,1,2200
2014,2025-05-26,1396,F06,Resistance Bands Set,Fitness,1,1500
2015,2025-02-27,881,O01,Laptop Bag,Office,1,3200
2015,2025-02-27,881,O02,Wireless Mouse,Office,1,1400
2015,2025-02-27,881,O03,Laptop Stand,Office,1,2100
2016,2025-02-19,430,H03,Electric Kettle,Home & Kitchen,1,3200
2017,2025-04-05,1696,H03,Electric Kettle,Home & Kitchen,1,3200
2017,2025-04-05,1696,H06,Tea Infuser,Home & Kitchen,1,450
2018,2025-01-02,1149,E07,Smartwatch,Electronics,1,6500
2019,2025-04-10,802,E04,Fast Phone Charger,Electronics,2,1200
2019,2025-04-10,802,E05,Power Bank 10000mAh,Electronics,1,2800
2019,2025-04-10,802,P01,Digital Camera,Photography,1,45000
2020,2025-05-20,373,H06,Tea Infuser,Home & Kitchen,1,450
2020,2025-05-20,373,O06,Notebook & Pen Set,Office,1,600
2021,2025-02-13,1068,O01,Laptop Bag,Office,1,3200
2021,2025-02-13,1068,O02,Wireless Mouse,Office,1,1400
2021,2025-02-13,1068,O03,Laptop Stand,Office,1,2100
2022,2025-01-28,768,E04,Fast Phone Charger,Electronics,1,1200
2022,2025-01-28,768,E05,Power Bank 10000mAh,Electronics,1,2800
2023,2025-01-02,1364,F04,Fitness Tracker,Fitness,1,4500
2023,2025-01-02,1364,F03,Sports Water Bottle,Fitness,1,700
2024,2025-06-26,694,H05,Travel Mug,Home & Kitchen,1,900
2024,2025-06-26,694,F02,Running Socks (3-Pack),Fitness,1,950
2024,2025-06-26,694,O06,Notebook & Pen Set,Office,1,600
2024,2025-06-26,694,P04,Tripod,Photography,1,3200
2025,2025-01-25,751,P05,Extra Camera Battery,Photography,1,2600
2026,2025-04-05,174,E06,Bluetooth Speaker,Electronics,1,4200
2027,2025-04-05,1202,E09,USB-C Cable,Electronics,1,450
2027,2025-04-05,1202,E02,Screen Protector,Electronics,2,350
2027,2025-04-05,1202,O06,Notebook & Pen Set,Office,1,600
2028,2025-06-27,73,E09,USB-C Cable,Electronics,1,450
2028,2025-06-27,73,H02,Coffee Pods (Pack of 20),Home & Kitchen,1,1200
2028,2025-06-27,73,F05,Yoga Mat,Fitness,1,2200
2028,2025-06-27,73,O05,Desk Lamp,Office,1,1800
2029,2025-06-29,426,O01,Laptop Bag,Office,1,3200
2029,2025-06-29,426,O02,Wireless Mouse,Office,1,1400
2029,2025-06-29,426,O03,Laptop Stand,Office,1,2100
2029,2025-06-29,426,E04,Fast Phone Charger,Electronics,1,1200
2030,2025-04-21,1593,E07,Smartwatch,Electronics,1,6500
2030,2025-04-21,1593,H06,Tea Infuser,Home & Kitchen,1,450
2030,2025-04-21,1593,O03,Laptop Stand,Office,1,2100
2030,2025-04-21,1593,H05,Travel Mug,Home & Kitchen,1,900
2031,2025-03-13,1623,E08,Smartwatch Replacement Band,Electronics,1,900
2032,2025-02-27,656,E04,Fast Phone Charger,Electronics,1,1200
2032,2025-02-27,656,E05,Power Bank 10000mAh,Electronics,1,2800
2033,2025-05-07,245,H03,Electric Kettle,Home & Kitchen,1,3200
2033,2025-05-07,245,F07,Gym Bag,Fitness,1,2600
2033,2025-05-07,245,O01,Laptop Bag,Office,2,3200
2034,2025-06-01,808,F01,Running Shoes,Fitness,1,7500
2034,2025-06-01,808,F02,Running Socks (3-Pack),Fitness,1,950
2034,2025-06-01,808,F03,Sports Water Bottle,Fitness,1,700
2035,2025-04-29,360,E04,Fast Phone Charger,Electronics,1,1200
2035,2025-04-29,360,E05,Power Bank 10000mAh,Electronics,1,2800
2036,2025-04-12,844,F06,Resistance Bands Set,Fitness,1,1500
2037,2025-02-25,1721,H04,Blender,Home & Kitchen,1,4800
2037,2025-02-25,1721,F06,Resistance Bands Set,Fitness,2,1500
2037,2025-02-25,1721,E07,Smartwatch,Electronics,1,6500
2038,2025-01-03,1015,F06,Resistance Bands Set,Fitness,1,1500
2038,2025-01-03,1015,H03,Electric Kettle,Home & Kitchen,2,3200
2038,2025-01-03,1015,O06,Notebook & Pen Set,Office,2,600
2039,2025-06-09,37,O05,Desk Lamp,Office,2,1800
2039,2025-06-09,37,P03,Camera Bag,Photography,1,3800
2039,2025-06-09,37,H02,Coffee Pods (Pack of 20),Home & Kitchen,1,1200
2040,2025-04-25,1763,E04,Fast Phone Charger,Electronics,2,1200
2040,2025-04-25,1763,E05,Power Bank 10000mAh,Electronics,1,2800
2041,2025-06-23,1555,E04,Fast Phone Charger,Electronics,1,1200
2042,2025-03-14,22,F01,Running Shoes,Fitness,1,7500
2042,2025-03-14,22,F02,Running Socks (3-Pack),Fitness,2,950
2042,2025-03-14,22,F03,Sports Water Bottle,Fitness,1,700
2043,2025-06-25,1430,F04,Fitness Tracker,Fitness,1,4500
2043,2025-06-25,1430,F03,Sports Water Bottle,Fitness,1,700
2044,2025-01-05,1439,F01,Running Shoes,Fitness,1,7500
2045,2025-03-06,1507,E08,Smartwatch Replacement Band,Electronics,1,900
2046,2025-06-04,788,O05,Desk Lamp,Office,1,1800
2046,2025-06-04,788,F06,Resistance Bands Set,Fitness,1,1500
2046,2025-06-04,788,E04,Fast Phone Charger,Electronics,1,1200
2047,2025-02-27,741,P05,Extra Camera Battery,Photography,1,2600
2047,2025-02-27,741,H02,Coffee Pods (Pack of 20),Home & Kitchen,1,1200
2048,2025-02-01,547,E10,Laptop Sleeve,Electronics,1,1800
2049,2025-04-25,1090,F03,Sports Water Bottle,Fitness,1,700
2049,2025-04-25,1090,O06,Notebook & Pen Set,Office,1,600
2049,2025-04-25,1090,F06,Resistance Bands Set,Fitness,1,1500
2050,2025-04-13,218,E01,Phone Case,Electronics,1,800
2051,2025-04-26,445,F01,Running Shoes,Fitness,1,7500
2051,2025-04-26,445,H02,Coffee Pods (Pack of 20),Home & Kitchen,1,1200
2051,2025-04-26,445,E09,USB-C Cable,Electronics,2,450
2051,2025-04-26,445,E07,Smartwatch,Electronics,1,6500
2052,2025-03-14,141,P01,Digital Camera,Photography,1,45000
2052,2025-03-14,141,P02,Memory Card 128GB,Photography,1,2200
2052,2025-03-14,141,P03,Camera Bag,Photography,2,3800
2052,2025-03-14,141,P04,Tripod,Photography,1,3200
2053,2025-01-29,1383,H01,Coffee Maker,Home & Kitchen,1,5500
2053,2025-01-29,1383,O05,Desk Lamp,Office,1,1800
2054,2025-06-26,1501,E01,Phone Case,Electronics,1,800
2054,2025-06-26,1501,E02,Screen Protector,Electronics,2,350
2055,2025-02-12,1257,P01,Digital Camera,Photography,2,45000
2055,2025-02-12,1257,P02,Memory Card 128GB,Photography,2,2200
2055,2025-02-12,1257,P03,Camera Bag,Photography,1,3800
2056,2025-06-30,1202,H01,Coffee Maker,Home & Kitchen,1,5500
2057,2025-05-30,1522,E01,Phone Case,Electronics,1,800
2057,2025-05-30,1522,E02,Screen Protector,Electronics,1,350
2058,2025-03-05,868,P05,Extra Camera Battery,Photography,2,2600
2059,2025-01-11,831,P03,Camera Bag,Photography,1,3800
2059,2025-01-11,831,H02,Coffee Pods (Pack of 20),Home & Kitchen,1,1200
2059,2025-01-11,831,O05,Desk Lamp,Office,1,1800
2059,2025-01-11,831,F06,Resistance Bands Set,Fitness,1,1500
2060,2025-02-07,1632,P01,Digital Camera,Photography,1,45000
2060,2025-02-07,1632,P02,Memory Card 128GB,Photography,1,2200
2060,2025-02-07,1632,P03,Camera Bag,Photography,2,3800
2061,2025-06-18,177,H06,Tea Infuser,Home & Kitchen,2,450
2061,2025-06-18,177,E09,USB-C Cable,Electronics,1,450
2061,2025-06-18,177,F05,Yoga Mat,Fitness,2,2200
2061,2025-06-18,177,E04,Fast Phone Charger,Electronics,1,1200
2062,2025-06-12,1462,E05,Power Bank 10000mAh,Electronics,1,2800
2062,2025-06-12,1462,F04,Fitness Tracker,Fitness,1,4500
2063,2025-04-25,1734,O06,Notebook & Pen Set,Office,1,600
2064,2025-06-12,211,H03,Electric Kettle,Home & Kitchen,1,3200
2064,2025-06-12,211,H06,Tea Infuser,Home & Kitchen,1,450
2065,2025-05-27,684,F07,Gym Bag,Fitness,1,2600
2065,2025-05-27,684,F05,Yoga Mat,Fitness,1,2200
2065,2025-05-27,684,F06,Resistance Bands Set,Fitness,1,1500
2065,2025-05-27,684,H05,Travel Mug,Home & Kitchen,1,900
2066,2025-02-16,9,E05,Power Bank 10000mAh,Electronics,1,2800
2067,2025-06-05,658,E02,Screen Protector,Electronics,1,350
2068,2025-06-20,475,H07,Milk Frother,Home & Kitchen,1,1100
2069,2025-06-20,307,O01,Laptop Bag,Office,1,3200
2069,2025-06-20,307,O03,Laptop Stand,Office,1,2100
2070,2025-02-24,1004,O01,Laptop Bag,Office,1,3200
2070,2025-02-24,1004,O02,Wireless Mouse,Office,1,1400
2070,2025-02-24,1004,O03,Laptop Stand,Office,1,2100
2070,2025-02-24,1004,O04,Mechanical Keyboard,Office,1,5200
2071,2025-04-25,118,O02,Wireless Mouse,Office,2,1400
2072,2025-03-04,101,E04,Fast Phone Charger,Electronics,1,1200
2072,2025-03-04,101,E05,Power Bank 10000mAh,Electronics,1,2800
2072,2025-03-04,101,E09,USB-C Cable,Electronics,1,450
2073,2025-03-16,645,F01,Running Shoes,Fitness,2,7500
2073,2025-03-16,645,F02,Running Socks (3-Pack),Fitness,2,950
2073,2025-03-16,645,F03,Sports Water Bottle,Fitness,1,700
2074,2025-01-21,265,E06,Bluetooth Speaker,Electronics,1,4200
2075,2025-01-11,232,H05,Travel Mug,Home & Kitchen,1,900
2075,2025-01-11,232,E04,Fast Phone Charger,Electronics,1,1200
2075,2025-01-11,232,E07,Smartwatch,Electronics,1,6500
2075,2025-01-11,232,H03,Electric Kettle,Home & Kitchen,1,3200
2076,2025-01-03,1296,F01,Running Shoes,Fitness,2,7500
2076,2025-01-03,1296,F02,Running Socks (3-Pack),Fitness,1,950
2076,2025-01-03,1296,P04,Tripod,Photography,1,3200
2077,2025-02-01,1194,O03,Laptop Stand,Office,1,2100
2078,2025-04-03,253,F07,Gym Bag,Fitness,1,2600
2078,2025-04-03,253,F05,Yoga Mat,Fitness,1,2200
2079,2025-01-29,1060,E10,Laptop Sleeve,Electronics,1,1800
2079,2025-01-29,1060,H06,Tea Infuser,Home & Kitchen,2,450
2079,2025-01-29,1060,H01,Coffee Maker,Home & Kitchen,1,5500
2079,2025-01-29,1060,O03,Laptop Stand,Office,1,2100
2080,2025-04-15,1438,O06,Notebook & Pen Set,Office,1,600
2080,2025-04-15,1438,F05,Yoga Mat,Fitness,1,2200
2080,2025-04-15,1438,O05,Desk Lamp,Office,1,1800
2081,2025-05-16,59,E08,Smartwatch Replacement Band,Electronics,1,900
2081,2025-05-16,59,F07,Gym Bag,Fitness,1,2600
2081,2025-05-16,59,P02,Memory Card 128GB,Photography,1,2200
2081,2025-05-16,59,H01,Coffee Maker,Home & Kitchen,1,5500
2082,2025-01-10,351,P04,Tripod,Photography,2,3200
2082,2025-01-10,351,H02,Coffee Pods (Pack of 20),Home & Kitchen,1,1200
2082,2025-01-10,351,F02,Running Socks (3-Pack),Fitness,1,950
2083,2025-02-09,419,F01,Running Shoes,Fitness,2,7500
2084,2025-06-14,134,H01,Coffee Maker,Home & Kitchen,2,5500
2084,2025-06-14,134,H07,Milk Frother,Home & Kitchen,1,1100
2085,2025-06-28,832,E02,Screen Protector,Electronics,1,350
2086,2025-01-22,1710,O01,Laptop Bag,Office,1,3200
2086,2025-01-22,1710,O02,Wireless Mouse,Office,1,1400
2086,2025-01-22,1710,O03,Laptop Stand,Office,1,2100
2087,2025-03-08,825,O01,Laptop Bag,Office,1,3200
2088,2025-05-02,1444,H03,Electric Kettle,Home & Kitchen,1,3200
2088,2025-05-02,1444,H06,Tea Infuser,Home & Kitchen,1,450
2089,2025-03-31,1789,F04,Fitness Tracker,Fitness,1,4500
2090,2025-01-30,884,E09,USB-C Cable,Electronics,1,450
2091,2025-05-02,1445,E01,Phone Case,Electronics,1,800
2091,2025-05-02,1445,E02,Screen Protector,Electronics,2,350
2091,2025-05-02,1445,E04,Fast Phone Charger,Electronics,2,1200
2092,2025-04-29,35,F04,Fitness Tracker,Fitness,1,4500
2092,2025-04-29,35,F03,Sports Water Bottle,Fitness,1,700
2093,2025-03-06,30,F03,Sports Water Bottle,Fitness,1,700
2094,2025-05-07,886,P01,Digital Camera,Photography,1,45000
2095,2025-06-01,578,E07,Smartwatch,Electronics,1,6500
2095,2025-06-01,578,E01,Phone Case,Electronics,1,800
2095,2025-06-01,578,F03,Sports Water Bottle,Fitness,1,700
2096,2025-04-10,773,E01,Phone Case,Electronics,1,800
2096,2025-04-10,773,E02,Screen Protector,Electronics,1,350
2096,2025-04-10,773,E04,Fast Phone Charger,Electronics,1,1200
2097,2025-05-19,1795,F01,Running Shoes,Fitness,1,7500
2098,2025-02-20,551,E02,Screen Protector,Electronics,1,350
2099,2025-05-25,684,O01,Laptop Bag,Office,1,3200
2099,2025-05-25,684,O02,Wireless Mouse,Office,1,1400
2099,2025-05-25,684,O03,Laptop Stand,Office,1,2100
2099,2025-05-25,684,O04,Mechanical Keyboard,Office,1,5200
2100,2025-02-23,297,F07,Gym Bag,Fitness,1,2600
2100,2025-02-23,297,E09,USB-C Cable,Electronics,1,450
2100,2025-02-23,297,F05,Yoga Mat,Fitness,1,2200
2101,2025-05-29,1586,F01,Running Shoes,Fitness,1,7500
2101,2025-05-29,1586,H02,Coffee Pods (Pack of 20),Home & Kitchen,1,1200
2101,2025-05-29,1586,E02,Screen Protector,Electronics,1,350
2102,2025-06-12,1493,O03,Laptop Stand,Office,1,2100
2103,2025-06-09,1216,E04,Fast Phone Charger,Electronics,1,1200
2104,2025-03-04,1651,P01,Digital Camera,Photography,1,45000
2104,2025-03-04,1651,P02,Memory Card 128GB,Photography,1,2200
2104,2025-03-04,1651,P03,Camera Bag,Photography,1,3800
2105,2025-06-18,725,E10,Laptop Sleeve,Electronics,1,1800
2105,2025-06-18,725,E07,Smartwatch,Electronics,1,6500
2105,2025-06-18,725,E05,Power Bank 10000mAh,Electronics,1,2800
2105,2025-06-18,725,P02,Memory Card 128GB,Photography,1,2200
2106,2025-03-15,21,P03,Camera Bag,Photography,1,3800
2106,2025-03-15,21,P05,Extra Camera Battery,Photography,1,2600
2106,2025-03-15,21,F06,Resistance Bands Set,Fitness,1,1500
2107,2025-05-31,51,P04,Tripod,Photography,1,3200
2108,2025-02-18,1236,F04,Fitness Tracker,Fitness,1,4500
2108,2025-02-18,1236,F03,Sports Water Bottle,Fitness,1,700
2109,2025-04-07,1763,P05,Extra Camera Battery,Photography,1,2600
2109,2025-04-07,1763,P01,Digital Camera,Photography,2,45000
2109,2025-04-07,1763,O01,Laptop Bag,Office,1,3200
2110,2025-06-29,529,P01,Digital Camera,Photography,1,45000
2110,2025-06-29,529,P02,Memory Card 128GB,Photography,1,2200
2110,2025-06-29,529,P03,Camera Bag,Photography,2,3800
2111,2025-03-29,924,P02,Memory Card 128GB,Photography,2,2200
2111,2025-03-29,924,P05,Extra Camera Battery,Photography,1,2600
2111,2025-03-29,924,H01,Coffee Maker,Home & Kitchen,1,5500
2112,2025-06-08,1109,E07,Smartwatch,Electronics,1,6500
2113,2025-01-23,267,H03,Electric Kettle,Home & Kitchen,2,3200
2113,2025-01-23,267,H06,Tea Infuser,Home & Kitchen,1,450
2113,2025-01-23,267,H07,Milk Frother,Home & Kitchen,1,1100
2114,2025-06-23,467,E08,Smartwatch Replacement Band,Electronics,1,900
2114,2025-06-23,467,E01,Phone Case,Electronics,1,800
2114,2025-06-23,467,O01,Laptop Bag,Office,1,3200
2115,2025-04-05,1028,H03,Electric Kettle,Home & Kitchen,1,3200
2115,2025-04-05,1028,H06,Tea Infuser,Home & Kitchen,1,450
2116,2025-01-21,1042,O01,Laptop Bag,Office,1,3200
2117,2025-05-04,60,P01,Digital Camera,Photography,1,45000
2117,2025-05-04,60,P02,Memory Card 128GB,Photography,1,2200
2117,2025-05-04,60,P03,Camera Bag,Photography,2,3800
2117,2025-05-04,60,E03,Wireless Earphones,Electronics,1,3500
2118,2025-04-06,1734,F07,Gym Bag,Fitness,2,2600
2119,2025-04-23,399,E08,Smartwatch Replacement Band,Electronics,1,900
2119,2025-04-23,399,P05,Extra Camera Battery,Photography,1,2600
2120,2025-02-03,1446,E01,Phone Case,Electronics,1,800
2120,2025-02-03,1446,E02,Screen Protector,Electronics,1,350
2121,2025-02-15,1032,F02,Running Socks (3-Pack),Fitness,1,950
2121,2025-02-15,1032,E04,Fast Phone Charger,Electronics,1,1200
2121,2025-02-15,1032,H03,Electric Kettle,Home & Kitchen,1,3200
2121,2025-02-15,1032,O05,Desk Lamp,Office,1,1800
2122,2025-04-23,1460,E07,Smartwatch,Electronics,2,6500
2122,2025-04-23,1460,E08,Smartwatch Replacement Band,Electronics,1,900
2123,2025-02-03,367,E04,Fast Phone Charger,Electronics,1,1200
2124,2025-03-03,777,O01,Laptop Bag,Office,1,3200
2124,2025-03-03,777,O02,Wireless Mouse,Office,1,1400
2124,2025-03-03,777,O03,Laptop Stand,Office,1,2100
2125,2025-06-17,893,E06,Bluetooth Speaker,Electronics,1,4200
2126,2025-03-02,1722,P05,Extra Camera Battery,Photography,1,2600
2126,2025-03-02,1722,F01,Running Shoes,Fitness,1,7500
2126,2025-03-02,1722,O04,Mechanical Keyboard,Office,1,5200
2127,2025-01-18,1435,H01,Coffee Maker,Home & Kitchen,1,5500
2127,2025-01-18,1435,H02,Coffee Pods (Pack of 20),Home & Kitchen,1,1200
2128,2025-03-27,1063,F07,Gym Bag,Fitness,1,2600
2128,2025-03-27,1063,F05,Yoga Mat,Fitness,1,2200
2129,2025-06-04,494,F02,Running Socks (3-Pack),Fitness,2,950
2129,2025-06-04,494,O04,Mechanical Keyboard,Office,1,5200
2129,2025-06-04,494,O03,Laptop Stand,Office,1,2100
2130,2025-02-15,1712,H02,Coffee Pods (Pack of 20),Home & Kitchen,1,1200
2131,2025-05-24,589,H03,Electric Kettle,Home & Kitchen,1,3200
2131,2025-05-24,589,E01,Phone Case,Electronics,1,800
2131,2025-05-24,589,P01,Digital Camera,Photography,2,45000
2132,2025-02-24,943,E04,Fast Phone Charger,Electronics,1,1200
2132,2025-02-24,943,E05,Power Bank 10000mAh,Electronics,1,2800
2133,2025-02-17,239,F01,Running Shoes,Fitness,1,7500
2133,2025-02-17,239,P01,Digital Camera,Photography,1,45000
2133,2025-02-17,239,E03,Wireless Earphones,Electronics,2,3500
2134,2025-04-07,707,O01,Laptop Bag,Office,1,3200
2134,2025-04-07,707,O02,Wireless Mouse,Office,1,1400
2134,2025-04-07,707,O03,Laptop Stand,Office,1,2100
2135,2025-05-31,122,H01,Coffee Maker,Home & Kitchen,1,5500
2135,2025-05-31,122,H02,Coffee Pods (Pack of 20),Home & Kitchen,1,1200
2136,2025-01-30,1191,H03,Electric Kettle,Home & Kitchen,1,3200
2137,2025-05-29,81,F04,Fitness Tracker,Fitness,1,4500
2138,2025-02-24,1527,F07,Gym Bag,Fitness,1,2600
2138,2025-02-24,1527,F05,Yoga Mat,Fitness,1,2200
2138,2025-02-24,1527,F02,Running Socks (3-Pack),Fitness,1,950
2139,2025-03-04,462,E01,Phone Case,Electronics,1,800
2139,2025-03-04,462,E02,Screen Protector,Electronics,1,350
2140,2025-06-13,430,H07,Milk Frother,Home & Kitchen,1,1100
2140,2025-06-13,430,O01,Laptop Bag,Office,1,3200
2140,2025-06-13,430,E04,Fast Phone Charger,Electronics,1,1200
2141,2025-05-31,374,P01,Digital Camera,Photography,1,45000
2141,2025-05-31,374,P02,Memory Card 128GB,Photography,1,2200
2141,2025-05-31,374,P03,Camera Bag,Photography,1,3800
2142,2025-04-03,1366,H04,Blender,Home & Kitchen,1,4800
2143,2025-02-21,1031,P02,Memory Card 128GB,Photography,1,2200
2144,2025-02-02,209,P02,Memory Card 128GB,Photography,1,2200
2144,2025-02-02,209,H04,Blender,Home & Kitchen,2,4800
2144,2025-02-02,209,F03,Sports Water Bottle,Fitness,1,700
2145,2025-02-24,1760,E06,Bluetooth Speaker,Electronics,1,4200
2146,2025-06-22,883,F07,Gym Bag,Fitness,1,2600
2146,2025-06-22,883,F05,Yoga Mat,Fitness,1,2200
2146,2025-06-22,883,E08,Smartwatch Replacement Band,Electronics,1,900
2147,2025-02-11,713,F07,Gym Bag,Fitness,1,2600
2147,2025-02-11,713,F05,Yoga Mat,Fitness,1,2200
2148,2025-05-30,942,H05,Travel Mug,Home & Kitchen,1,900
2149,2025-02-05,691,E01,Phone Case,Electronics,1,800
2150,2025-05-03,1175,F04,Fitness Tracker,Fitness,1,4500
2150,2025-05-03,1175,F03,Sports Water Bottle,Fitness,1,700
2151,2025-03-19,260,O01,Laptop Bag,Office,1,3200
2152,2025-04-23,1799,E08,Smartwatch Replacement Band,Electronics,1,900
2152,2025-04-23,1799,F04,Fitness Tracker,Fitness,1,4500
2152,2025-04-23,1799,O04,Mechanical Keyboard,Office,1,5200
2153,2025-01-09,1385,P01,Digital Camera,Photography,1,45000
2153,2025-01-09,1385,P02,Memory Card 128GB,Photography,1,2200
2153,2025-01-09,1385,P03,Camera Bag,Photography,2,3800
2154,2025-03-30,825,F05,Yoga Mat,Fitness,2,2200
2155,2025-04-01,1323,E01,Phone Case,Electronics,1,800
2155,2025-04-01,1323,H02,Coffee Pods (Pack of 20),Home & Kitchen,1,1200
2155,2025-04-01,1323,O01,Laptop Bag,Office,1,3200
2156,2025-02-23,312,E09,USB-C Cable,Electronics,1,450
2156,2025-02-23,312,F03,Sports Water Bottle,Fitness,1,700
2157,2025-06-07,586,O06,Notebook & Pen Set,Office,1,600
2157,2025-06-07,586,P05,Extra Camera Battery,Photography,1,2600
2158,2025-03-16,1035,H01,Coffee Maker,Home & Kitchen,2,5500
2158,2025-03-16,1035,H02,Coffee Pods (Pack of 20),Home & Kitchen,1,1200
2159,2025-05-01,897,O04,Mechanical Keyboard,Office,1,5200
2160,2025-06-17,1218,E06,Bluetooth Speaker,Electronics,1,4200
2160,2025-06-17,1218,H01,Coffee Maker,Home & Kitchen,1,5500
2161,2025-02-19,50,E02,Screen Protector,Electronics,1,350
2162,2025-01-09,789,E01,Phone Case,Electronics,1,800
2162,2025-01-09,789,E02,Screen Protector,Electronics,1,350
2163,2025-02-24,1729,P01,Digital Camera,Photography,1,45000
2163,2025-02-24,1729,P02,Memory Card 128GB,Photography,1,2200
2163,2025-02-24,1729,P03,Camera Bag,Photography,1,3800
2164,2025-03-13,237,H04,Blender,Home & Kitchen,1,4800
2165,2025-03-26,1205,E03,Wireless Earphones,Electronics,1,3500
2165,2025-03-26,1205,O06,Notebook & Pen Set,Office,2,600
2165,2025-03-26,1205,F07,Gym Bag,Fitness,1,2600
2166,2025-05-24,1621,E08,Smartwatch Replacement Band,Electronics,1,900
2167,2025-06-24,813,P01,Digital Camera,Photography,1,45000
2167,2025-06-24,813,P02,Memory Card 128GB,Photography,1,2200
2167,2025-06-24,813,P03,Camera Bag,Photography,1,3800
2167,2025-06-24,813,E10,Laptop Sleeve,Electronics,1,1800
2168,2025-05-21,937,H01,Coffee Maker,Home & Kitchen,1,5500
2168,2025-05-21,937,H02,Coffee Pods (Pack of 20),Home & Kitchen,1,1200
2169,2025-01-07,1682,O06,Notebook & Pen Set,Office,1,600
2169,2025-01-07,1682,O03,Laptop Stand,Office,1,2100
2170,2025-06-12,1270,E01,Phone Case,Electronics,2,800
2171,2025-02-28,1165,O01,Laptop Bag,Office,1,3200
2172,2025-06-07,1419,H03,Electric Kettle,Home & Kitchen,1,3200
2172,2025-06-07,1419,H06,Tea Infuser,Home & Kitchen,1,450
2172,2025-06-07,1419,H07,Milk Frother,Home & Kitchen,1,1100
2173,2025-06-16,403,O01,Laptop Bag,Office,1,3200
2173,2025-06-16,403,O02,Wireless Mouse,Office,1,1400
2173,2025-06-16,403,O03,Laptop Stand,Office,1,2100
2173,2025-06-16,403,O04,Mechanical Keyboard,Office,1,5200
2174,2025-03-26,627,E07,Smartwatch,Electronics,2,6500
2174,2025-03-26,627,E08,Smartwatch Replacement Band,Electronics,1,900
2175,2025-02-12,856,F07,Gym Bag,Fitness,1,2600
2175,2025-02-12,856,F05,Yoga Mat,Fitness,1,2200
2176,2025-03-25,283,H06,Tea Infuser,Home & Kitchen,1,450
2177,2025-01-30,895,E04,Fast Phone Charger,Electronics,1,1200
2177,2025-01-30,895,F05,Yoga Mat,Fitness,1,2200
2178,2025-02-24,1417,F07,Gym Bag,Fitness,1,2600
2178,2025-02-24,1417,F05,Yoga Mat,Fitness,1,2200
2179,2025-01-23,1663,P01,Digital Camera,Photography,1,45000
2179,2025-01-23,1663,P02,Memory Card 128GB,Photography,1,2200
2179,2025-01-23,1663,P03,Camera Bag,Photography,1,3800
2179,2025-01-23,1663,P04,Tripod,Photography,1,3200
2180,2025-04-03,19,F02,Running Socks (3-Pack),Fitness,1,950
2180,2025-04-03,19,H02,Coffee Pods (Pack of 20),Home & Kitchen,1,1200
2180,2025-04-03,19,H06,Tea Infuser,Home & Kitchen,1,450
2181,2025-02-04,766,F03,Sports Water Bottle,Fitness,1,700
2181,2025-02-04,766,O05,Desk Lamp,Office,1,1800
2182,2025-01-24,306,E10,Laptop Sleeve,Electronics,1,1800
2182,2025-01-24,306,H04,Blender,Home & Kitchen,1,4800
2183,2025-02-02,719,E10,Laptop Sleeve,Electronics,1,1800
2184,2025-06-27,1661,F07,Gym Bag,Fitness,2,2600
2184,2025-06-27,1661,F05,Yoga Mat,Fitness,1,2200
2184,2025-06-27,1661,F06,Resistance Bands Set,Fitness,1,1500
2184,2025-06-27,1661,E09,USB-C Cable,Electronics,1,450
2185,2025-06-03,528,E01,Phone Case,Electronics,1,800
2185,2025-06-03,528,E02,Screen Protector,Electronics,1,350
2186,2025-02-02,633,P04,Tripod,Photography,1,3200
2186,2025-02-02,633,E06,Bluetooth Speaker,Electronics,1,4200
2186,2025-02-02,633,E03,Wireless Earphones,Electronics,1,3500
2186,2025-02-02,633,P01,Digital Camera,Photography,1,45000
2187,2025-03-26,866,E06,Bluetooth Speaker,Electronics,2,4200
2188,2025-06-09,1565,F07,Gym Bag,Fitness,1,2600
2188,2025-06-09,1565,F05,Yoga Mat,Fitness,1,2200
2189,2025-02-02,504,H01,Coffee Maker,Home & Kitchen,1,5500
2190,2025-01-21,58,O05,Desk Lamp,Office,1,1800
2191,2025-05-09,1143,H01,Coffee Maker,Home & Kitchen,1,5500
2191,2025-05-09,1143,H02,Coffee Pods (Pack of 20),Home & Kitchen,1,1200
2192,2025-01-05,461,E09,USB-C Cable,Electronics,1,450
2192,2025-01-05,461,F06,Resistance Bands Set,Fitness,1,1500
2192,2025-01-05,461,F01,Running Shoes,Fitness,1,7500
2192,2025-01-05,461,F04,Fitness Tracker,Fitness,1,4500
2193,2025-06-22,426,E08,Smartwatch Replacement Band,Electronics,1,900
2194,2025-06-13,333,P03,Camera Bag,Photography,1,3800
2195,2025-06-28,1548,E07,Smartwatch,Electronics,1,6500
2195,2025-06-28,1548,E08,Smartwatch Replacement Band,Electronics,1,900
2196,2025-04-16,919,H01,Coffee Maker,Home & Kitchen,1,5500
2196,2025-04-16,919,H02,Coffee Pods (Pack of 20),Home & Kitchen,1,1200
2197,2025-05-12,1693,O02,Wireless Mouse,Office,1,1400
2197,2025-05-12,1693,H04,Blender,Home & Kitchen,2,4800
2198,2025-03-23,1323,E03,Wireless Earphones,Electronics,1,3500
2198,2025-03-23,1323,H07,Milk Frother,Home & Kitchen,1,1100
2199,2025-02-02,498,E01,Phone Case,Electronics,2,800
2199,2025-02-02,498,E02,Screen Protector,Electronics,1,350
2199,2025-02-02,498,H06,Tea Infuser,Home & Kitchen,2,450
2200,2025-01-12,1243,H04,Blender,Home & Kitchen,1,4800
2200,2025-01-12,1243,E07,Smartwatch,Electronics,1,6500
2201,2025-04-15,298,H01,Coffee Maker,Home & Kitchen,2,5500
2201,2025-04-15,298,H02,Coffee Pods (Pack of 20),Home & Kitchen,1,1200
2202,2025-02-22,1153,E09,USB-C Cable,Electronics,1,450
2203,2025-05-13,544,P01,Digital Camera,Photography,1,45000
2203,2025-05-13,544,P02,Memory Card 128GB,Photography,1,2200
2203,2025-05-13,544,P03,Camera Bag,Photography,1,3800
2204,2025-05-19,142,O01,Laptop Bag,Office,1,3200
2204,2025-05-19,142,O02,Wireless Mouse,Office,1,1400
2204,2025-05-19,142,O03,Laptop Stand,Office,1,2100
2205,2025-03-12,1275,E09,USB-C Cable,Electronics,1,450
2206,2025-01-16,363,F02,Running Socks (3-Pack),Fitness,1,950
2207,2025-01-29,520,E01,Phone Case,Electronics,1,800
2207,2025-01-29,520,E02,Screen Protector,Electronics,1,350
2208,2025-04-23,1539,O01,Laptop Bag,Office,1,3200
2208,2025-04-23,1539,H05,Travel Mug,Home & Kitchen,1,900
2208,2025-04-23,1539,F03,Sports Water Bottle,Fitness,1,700
2208,2025-04-23,1539,H01,Coffee Maker,Home & Kitchen,1,5500
2209,2025-06-24,1172,H03,Electric Kettle,Home & Kitchen,1,3200
2209,2025-06-24,1172,H06,Tea Infuser,Home & Kitchen,1,450
2210,2025-03-13,464,P05,Extra Camera Battery,Photography,1,2600
2210,2025-03-13,464,E07,Smartwatch,Electronics,1,6500
2210,2025-03-13,464,H05,Travel Mug,Home & Kitchen,1,900
2211,2025-04-09,591,H02,Coffee Pods (Pack of 20),Home & Kitchen,1,1200
2211,2025-04-09,591,H06,Tea Infuser,Home & Kitchen,1,450
2211,2025-04-09,591,H05,Travel Mug,Home & Kitchen,1,900
2211,2025-04-09,591,F05,Yoga Mat,Fitness,1,2200
2212,2025-05-13,770,F02,Running Socks (3-Pack),Fitness,1,950
2213,2025-06-09,1162,O06,Notebook & Pen Set,Office,1,600
2214,2025-06-08,831,F02,Running Socks (3-Pack),Fitness,1,950
2214,2025-06-08,831,F03,Sports Water Bottle,Fitness,1,700
2215,2025-01-13,1709,H06,Tea Infuser,Home & Kitchen,1,450
2216,2025-02-06,562,F03,Sports Water Bottle,Fitness,1,700
2216,2025-02-06,562,E01,Phone Case,Electronics,1,800
2217,2025-04-10,1039,H06,Tea Infuser,Home & Kitchen,1,450
2218,2025-06-08,445,E01,Phone Case,Electronics,1,800
2218,2025-06-08,445,E02,Screen Protector,Electronics,1,350
2218,2025-06-08,445,E04,Fast Phone Charger,Electronics,1,1200
2219,2025-03-14,842,P01,Digital Camera,Photography,1,45000
2219,2025-03-14,842,P02,Memory Card 128GB,Photography,1,2200
2219,2025-03-14,842,P03,Camera Bag,Photography,1,3800
2220,2025-04-26,368,H01,Coffee Maker,Home & Kitchen,1,5500
2220,2025-04-26,368,H02,Coffee Pods (Pack of 20),Home & Kitchen,1,1200
2221,2025-05-05,466,E08,Smartwatch Replacement Band,Electronics,1,900
2222,2025-03-27,719,O04,Mechanical Keyboard,Office,1,5200
2222,2025-03-27,719,H06,Tea Infuser,Home & Kitchen,1,450
2223,2025-01-14,411,O04,Mechanical Keyboard,Office,1,5200
2224,2025-06-01,1410,F04,Fitness Tracker,Fitness,1,4500
2224,2025-06-01,1410,F03,Sports Water Bottle,Fitness,1,700
2225,2025-04-14,1308,P05,Extra Camera Battery,Photography,1,2600
2225,2025-04-14,1308,O02,Wireless Mouse,Office,1,1400
2226,2025-06-01,1398,E03,Wireless Earphones,Electronics,1,3500
2226,2025-06-01,1398,E05,Power Bank 10000mAh,Electronics,1,2800
2227,2025-03-07,1257,P01,Digital Camera,Photography,1,45000
2227,2025-03-07,1257,P02,Memory Card 128GB,Photography,1,2200
2227,2025-03-07,1257,P03,Camera Bag,Photography,1,3800
2227,2025-03-07,1257,H01,Coffee Maker,Home & Kitchen,1,5500
2228,2025-04-21,1076,O01,Laptop Bag,Office,2,3200
2229,2025-01-11,1004,E07,Smartwatch,Electronics,1,6500
2229,2025-01-11,1004,H03,Electric Kettle,Home & Kitchen,2,3200
2229,2025-01-11,1004,E10,Laptop Sleeve,Electronics,1,1800
2229,2025-01-11,1004,F06,Resistance Bands Set,Fitness,1,1500
2230,2025-03-22,1316,O03,Laptop Stand,Office,1,2100
2231,2025-05-20,1685,O01,Laptop Bag,Office,1,3200
2231,2025-05-20,1685,E05,Power Bank 10000mAh,Electronics,1,2800
2231,2025-05-20,1685,E08,Smartwatch Replacement Band,Electronics,1,900
2231,2025-05-20,1685,E01,Phone Case,Electronics,1,800
2232,2025-02-17,1052,E01,Phone Case,Electronics,1,800
2232,2025-02-17,1052,E02,Screen Protector,Electronics,1,350
2233,2025-04-10,1720,O01,Laptop Bag,Office,2,3200
2234,2025-06-18,472,P01,Digital Camera,Photography,1,45000
2234,2025-06-18,472,P02,Memory Card 128GB,Photography,1,2200
2234,2025-06-18,472,P03,Camera Bag,Photography,1,3800
2234,2025-06-18,472,F02,Running Socks (3-Pack),Fitness,1,950
2235,2025-02-01,1280,F02,Running Socks (3-Pack),Fitness,1,950
2236,2025-02-10,93,E01,Phone Case,Electronics,2,800
2236,2025-02-10,93,E02,Screen Protector,Electronics,1,350
2237,2025-03-25,241,H03,Electric Kettle,Home & Kitchen,1,3200
2237,2025-03-25,241,H06,Tea Infuser,Home & Kitchen,1,450
2238,2025-06-26,942,E09,USB-C Cable,Electronics,1,450
2238,2025-06-26,942,H01,Coffee Maker,Home & Kitchen,1,5500
2239,2025-06-28,39,P01,Digital Camera,Photography,1,45000
2239,2025-06-28,39,P02,Memory Card 128GB,Photography,1,2200
2239,2025-06-28,39,P03,Camera Bag,Photography,1,3800
2240,2025-06-28,1073,O05,Desk Lamp,Office,1,1800
2241,2025-06-04,412,O01,Laptop Bag,Office,1,3200
2241,2025-06-04,412,P02,Memory Card 128GB,Photography,1,2200
2241,2025-06-04,412,F06,Resistance Bands Set,Fitness,1,1500
2241,2025-06-04,412,O02,Wireless Mouse,Office,1,1400
2242,2025-02-02,1770,E02,Screen Protector,Electronics,1,350
2243,2025-04-28,1418,P05,Extra Camera Battery,Photography,1,2600
2243,2025-04-28,1418,F03,Sports Water Bottle,Fitness,1,700
2243,2025-04-28,1418,H02,Coffee Pods (Pack of 20),Home & Kitchen,2,1200
2244,2025-04-22,1475,H03,Electric Kettle,Home & Kitchen,1,3200
2244,2025-04-22,1475,H06,Tea Infuser,Home & Kitchen,1,450
2244,2025-04-22,1475,H07,Milk Frother,Home & Kitchen,1,1100
2245,2025-01-08,1289,H03,Electric Kettle,Home & Kitchen,1,3200
2245,2025-01-08,1289,H06,Tea Infuser,Home & Kitchen,1,450
2245,2025-01-08,1289,H07,Milk Frother,Home & Kitchen,1,1100
2246,2025-01-27,1732,F05,Yoga Mat,Fitness,1,2200
2246,2025-01-27,1732,H01,Coffee Maker,Home & Kitchen,1,5500
2246,2025-01-27,1732,P04,Tripod,Photography,1,3200
2247,2025-06-25,1048,H03,Electric Kettle,Home & Kitchen,1,3200
2247,2025-06-25,1048,H06,Tea Infuser,Home & Kitchen,1,450
2248,2025-04-29,177,H04,Blender,Home & Kitchen,1,4800
2248,2025-04-29,177,F05,Yoga Mat,Fitness,2,2200
2248,2025-04-29,177,P03,Camera Bag,Photography,1,3800
2248,2025-04-29,177,F07,Gym Bag,Fitness,1,2600
2249,2025-04-09,466,H05,Travel Mug,Home & Kitchen,1,900
2250,2025-03-11,1356,P01,Digital Camera,Photography,1,45000
2250,2025-03-11,1356,P02,Memory Card 128GB,Photography,1,2200
2250,2025-03-11,1356,P03,Camera Bag,Photography,1,3800
2250,2025-03-11,1356,F05,Yoga Mat,Fitness,1,2200
2251,2025-03-17,223,E01,Phone Case,Electronics,1,800
2251,2025-03-17,223,E02,Screen Protector,Electronics,1,350
2251,2025-03-17,223,E04,Fast Phone Charger,Electronics,2,1200
2252,2025-06-18,1245,F01,Running Shoes,Fitness,1,7500
2253,2025-01-25,1432,H01,Coffee Maker,Home & Kitchen,1,5500
2253,2025-01-25,1432,H02,Coffee Pods (Pack of 20),Home & Kitchen,1,1200
2254,2025-02-23,430,O04,Mechanical Keyboard,Office,1,5200
2255,2025-04-10,988,E04,Fast Phone Charger,Electronics,1,1200
2255,2025-04-10,988,E05,Power Bank 10000mAh,Electronics,1,2800
2256,2025-01-13,58,F01,Running Shoes,Fitness,1,7500
2256,2025-01-13,58,F02,Running Socks (3-Pack),Fitness,1,950
2257,2025-05-08,1669,O04,Mechanical Keyboard,Office,1,5200
2257,2025-05-08,1669,E09,USB-C Cable,Electronics,1,450
2257,2025-05-08,1669,F03,Sports Water Bottle,Fitness,1,700
2257,2025-05-08,1669,P01,Digital Camera,Photography,1,45000
2258,2025-06-23,489,H03,Electric Kettle,Home & Kitchen,1,3200
2258,2025-06-23,489,H06,Tea Infuser,Home & Kitchen,2,450
2259,2025-06-07,444,E04,Fast Phone Charger,Electronics,1,1200
2259,2025-06-07,444,E05,Power Bank 10000mAh,Electronics,1,2800
2260,2025-01-19,771,E07,Smartwatch,Electronics,1,6500
2260,2025-01-19,771,H02,Coffee Pods (Pack of 20),Home & Kitchen,1,1200
2261,2025-03-26,1442,E04,Fast Phone Charger,Electronics,1,1200
2261,2025-03-26,1442,E05,Power Bank 10000mAh,Electronics,1,2800
2261,2025-03-26,1442,E09,USB-C Cable,Electronics,1,450
2262,2025-04-15,617,F04,Fitness Tracker,Fitness,1,4500
2262,2025-04-15,617,F03,Sports Water Bottle,Fitness,1,700
2263,2025-05-30,503,F02,Running Socks (3-Pack),Fitness,2,950
2263,2025-05-30,503,O06,Notebook & Pen Set,Office,1,600
2264,2025-06-02,935,E01,Phone Case,Electronics,1,800
2264,2025-06-02,935,E02,Screen Protector,Electronics,1,350
2265,2025-01-03,359,H07,Milk Frother,Home & Kitchen,1,1100
2266,2025-01-03,1505,F06,Resistance Bands Set,Fitness,2,1500
2266,2025-01-03,1505,P04,Tripod,Photography,2,3200
2266,2025-01-03,1505,O04,Mechanical Keyboard,Office,1,5200
2267,2025-02-15,622,F07,Gym Bag,Fitness,1,2600
2267,2025-02-15,622,F05,Yoga Mat,Fitness,1,2200
2268,2025-05-18,1483,E01,Phone Case,Electronics,2,800
2268,2025-05-18,1483,E02,Screen Protector,Electronics,1,350
2269,2025-02-14,1421,P02,Memory Card 128GB,Photography,2,2200
2269,2025-02-14,1421,P01,Digital Camera,Photography,1,45000
2270,2025-05-22,664,E07,Smartwatch,Electronics,1,6500
2270,2025-05-22,664,E08,Smartwatch Replacement Band,Electronics,1,900
2271,2025-02-12,38,F05,Yoga Mat,Fitness,1,2200
2272,2025-06-24,1741,O05,Desk Lamp,Office,1,1800
2272,2025-06-24,1741,O01,Laptop Bag,Office,1,3200
2272,2025-06-24,1741,P02,Memory Card 128GB,Photography,1,2200
2272,2025-06-24,1741,F03,Sports Water Bottle,Fitness,1,700
2273,2025-02-19,1216,O01,Laptop Bag,Office,1,3200
2273,2025-02-19,1216,O02,Wireless Mouse,Office,1,1400
2273,2025-02-19,1216,O03,Laptop Stand,Office,1,2100
2273,2025-02-19,1216,O04,Mechanical Keyboard,Office,1,5200
2273,2025-02-19,1216,H06,Tea Infuser,Home & Kitchen,1,450
2274,2025-04-08,1356,O04,Mechanical Keyboard,Office,1,5200
2274,2025-04-08,1356,P02,Memory Card 128GB,Photography,1,2200
2275,2025-02-06,1174,E01,Phone Case,Electronics,1,800
2275,2025-02-06,1174,E02,Screen Protector,Electronics,1,350
2275,2025-02-06,1174,E04,Fast Phone Charger,Electronics,1,1200
2276,2025-03-06,1040,F01,Running Shoes,Fitness,1,7500
2276,2025-03-06,1040,F02,Running Socks (3-Pack),Fitness,1,950
2277,2025-05-21,275,F04,Fitness Tracker,Fitness,1,4500
2278,2025-04-05,449,F07,Gym Bag,Fitness,1,2600
2278,2025-04-05,449,F05,Yoga Mat,Fitness,1,2200
2278,2025-04-05,449,F06,Resistance Bands Set,Fitness,1,1500
2279,2025-05-08,466,F03,Sports Water Bottle,Fitness,2,700
2280,2025-02-14,286,F04,Fitness Tracker,Fitness,1,4500
2280,2025-02-14,286,F03,Sports Water Bottle,Fitness,1,700
2281,2025-01-15,1192,H01,Coffee Maker,Home & Kitchen,1,5500
2281,2025-01-15,1192,H02,Coffee Pods (Pack of 20),Home & Kitchen,1,1200
2281,2025-01-15,1192,H05,Travel Mug,Home & Kitchen,1,900
2282,2025-05-28,826,E05,Power Bank 10000mAh,Electronics,1,2800
2283,2025-04-02,821,F07,Gym Bag,Fitness,1,2600
2283,2025-04-02,821,F05,Yoga Mat,Fitness,1,2200
2284,2025-06-27,1121,H07,Milk Frother,Home & Kitchen,1,1100
2285,2025-02-18,377,H02,Coffee Pods (Pack of 20),Home & Kitchen,2,1200
2285,2025-02-18,377,H01,Coffee Maker,Home & Kitchen,1,5500
2286,2025-02-26,1662,P01,Digital Camera,Photography,1,45000
2286,2025-02-26,1662,O01,Laptop Bag,Office,1,3200
2286,2025-02-26,1662,H05,Travel Mug,Home & Kitchen,1,900
2286,2025-02-26,1662,E03,Wireless Earphones,Electronics,1,3500
2287,2025-06-05,860,E07,Smartwatch,Electronics,1,6500
2287,2025-06-05,860,E08,Smartwatch Replacement Band,Electronics,1,900
2288,2025-02-15,1555,E04,Fast Phone Charger,Electronics,1,1200
2289,2025-03-25,1538,E07,Smartwatch,Electronics,1,6500
2289,2025-03-25,1538,E08,Smartwatch Replacement Band,Electronics,1,900
2290,2025-05-13,1083,P01,Digital Camera,Photography,1,45000
2290,2025-05-13,1083,P02,Memory Card 128GB,Photography,1,2200
2290,2025-05-13,1083,P03,Camera Bag,Photography,1,3800
2290,2025-05-13,1083,H06,Tea Infuser,Home & Kitchen,1,450
2291,2025-06-02,740,F07,Gym Bag,Fitness,1,2600
2291,2025-06-02,740,F05,Yoga Mat,Fitness,1,2200
2291,2025-06-02,740,E06,Bluetooth Speaker,Electronics,1,4200
2292,2025-02-15,1768,P03,Camera Bag,Photography,1,3800
2293,2025-01-13,547,E01,Phone Case,Electronics,1,800
2293,2025-01-13,547,E02,Screen Protector,Electronics,1,350
2293,2025-01-13,547,E04,Fast Phone Charger,Electronics,1,1200
2294,2025-03-10,726,H04,Blender,Home & Kitchen,1,4800
2294,2025-03-10,726,H05,Travel Mug,Home & Kitchen,1,900
2294,2025-03-10,726,E03,Wireless Earphones,Electronics,1,3500
2294,2025-03-10,726,E02,Screen Protector,Electronics,1,350
2295,2025-02-16,902,P04,Tripod,Photography,1,3200
2295,2025-02-16,902,O06,Notebook & Pen Set,Office,1,600
2295,2025-02-16,902,E06,Bluetooth Speaker,Electronics,2,4200
2296,2025-04-09,1721,F01,Running Shoes,Fitness,1,7500
2296,2025-04-09,1721,F07,Gym Bag,Fitness,1,2600
2297,2025-04-05,839,E07,Smartwatch,Electronics,1,6500
2297,2025-04-05,839,E08,Smartwatch Replacement Band,Electronics,2,900
2298,2025-01-15,833,F05,Yoga Mat,Fitness,1,2200
2299,2025-05-04,1464,H02,Coffee Pods (Pack of 20),Home & Kitchen,2,1200
2299,2025-05-04,1464,F03,Sports Water Bottle,Fitness,1,700
2300,2025-04-19,1049,H01,Coffee Maker,Home & Kitchen,1,5500
2300,2025-04-19,1049,H02,Coffee Pods (Pack of 20),Home & Kitchen,2,1200
2300,2025-04-19,1049,H05,Travel Mug,Home & Kitchen,1,900
2301,2025-02-09,427,O04,Mechanical Keyboard,Office,1,5200
2302,2025-04-04,519,F04,Fitness Tracker,Fitness,1,4500
2302,2025-04-04,519,F03,Sports Water Bottle,Fitness,1,700
2303,2025-05-19,575,P05,Extra Camera Battery,Photography,1,2600
2303,2025-05-19,575,F01,Running Shoes,Fitness,2,7500
2303,2025-05-19,575,F07,Gym Bag,Fitness,1,2600
2303,2025-05-19,575,O04,Mechanical Keyboard,Office,1,5200
2304,2025-01-10,572,O02,Wireless Mouse,Office,1,1400
2305,2025-06-06,1723,O06,Notebook & Pen Set,Office,1,600
2305,2025-06-06,1723,F05,Yoga Mat,Fitness,1,2200
2306,2025-04-07,408,O02,Wireless Mouse,Office,1,1400
2306,2025-04-07,408,F01,Running Shoes,Fitness,1,7500
2307,2025-01-02,1271,F06,Resistance Bands Set,Fitness,1,1500
2307,2025-01-02,1271,O02,Wireless Mouse,Office,2,1400
2308,2025-01-09,1761,F01,Running Shoes,Fitness,1,7500
2308,2025-01-09,1761,F02,Running Socks (3-Pack),Fitness,1,950
2309,2025-06-10,643,O01,Laptop Bag,Office,1,3200
2309,2025-06-10,643,H01,Coffee Maker,Home & Kitchen,1,5500
2309,2025-06-10,643,P04,Tripod,Photography,1,3200
2310,2025-04-28,1730,O03,Laptop Stand,Office,2,2100
2310,2025-04-28,1730,E08,Smartwatch Replacement Band,Electronics,1,900
2311,2025-02-01,960,H04,Blender,Home & Kitchen,1,4800
2311,2025-02-01,960,E05,Power Bank 10000mAh,Electronics,1,2800
2311,2025-02-01,960,E10,Laptop Sleeve,Electronics,1,1800
2311,2025-02-01,960,E04,Fast Phone Charger,Electronics,1,1200
2312,2025-05-07,1539,E01,Phone Case,Electronics,1,800
2312,2025-05-07,1539,O04,Mechanical Keyboard,Office,1,5200
2313,2025-05-14,937,H03,Electric Kettle,Home & Kitchen,1,3200
2313,2025-05-14,937,H06,Tea Infuser,Home & Kitchen,1,450
2314,2025-06-01,929,H03,Electric Kettle,Home & Kitchen,1,3200
2314,2025-06-01,929,H06,Tea Infuser,Home & Kitchen,1,450
2315,2025-03-11,415,H04,Blender,Home & Kitchen,1,4800
2316,2025-04-19,499,P03,Camera Bag,Photography,1,3800
2317,2025-02-26,1367,E01,Phone Case,Electronics,1,800
2317,2025-02-26,1367,E02,Screen Protector,Electronics,1,350
2318,2025-03-02,260,E04,Fast Phone Charger,Electronics,1,1200
2318,2025-03-02,260,E05,Power Bank 10000mAh,Electronics,1,2800
2318,2025-03-02,260,E09,USB-C Cable,Electronics,1,450
2319,2025-03-07,60,F01,Running Shoes,Fitness,1,7500
2319,2025-03-07,60,E06,Bluetooth Speaker,Electronics,1,4200
2320,2025-05-19,1066,O01,Laptop Bag,Office,1,3200
2320,2025-05-19,1066,O02,Wireless Mouse,Office,1,1400
2320,2025-05-19,1066,O03,Laptop Stand,Office,1,2100
2321,2025-02-16,630,H06,Tea Infuser,Home & Kitchen,1,450
2321,2025-02-16,630,F03,Sports Water Bottle,Fitness,1,700
2322,2025-02-07,79,F01,Running Shoes,Fitness,1,7500
2322,2025-02-07,79,F02,Running Socks (3-Pack),Fitness,1,950
2323,2025-06-13,1764,H02,Coffee Pods (Pack of 20),Home & Kitchen,1,1200
2324,2025-05-09,1576,F07,Gym Bag,Fitness,2,2600
2324,2025-05-09,1576,F05,Yoga Mat,Fitness,1,2200
2325,2025-02-06,408,E05,Power Bank 10000mAh,Electronics,1,2800
2325,2025-02-06,408,P02,Memory Card 128GB,Photography,1,2200
2325,2025-02-06,408,H07,Milk Frother,Home & Kitchen,2,1100
2325,2025-02-06,408,O02,Wireless Mouse,Office,1,1400
2326,2025-05-13,417,O05,Desk Lamp,Office,1,1800
2327,2025-02-08,1034,E08,Smartwatch Replacement Band,Electronics,1,900
2327,2025-02-08,1034,H06,Tea Infuser,Home & Kitchen,1,450
2327,2025-02-08,1034,H05,Travel Mug,Home & Kitchen,1,900
2327,2025-02-08,1034,E03,Wireless Earphones,Electronics,1,3500
2328,2025-03-18,88,E01,Phone Case,Electronics,1,800
2328,2025-03-18,88,E02,Screen Protector,Electronics,2,350
2329,2025-06-18,363,E10,Laptop Sleeve,Electronics,1,1800
2329,2025-06-18,363,P01,Digital Camera,Photography,1,45000
2330,2025-04-30,1650,E04,Fast Phone Charger,Electronics,2,1200
2331,2025-06-15,809,O06,Notebook & Pen Set,Office,1,600
2331,2025-06-15,809,H04,Blender,Home & Kitchen,1,4800
2332,2025-06-03,1767,F04,Fitness Tracker,Fitness,1,4500
2332,2025-06-03,1767,F03,Sports Water Bottle,Fitness,1,700
2333,2025-04-03,708,H01,Coffee Maker,Home & Kitchen,1,5500
2333,2025-04-03,708,H02,Coffee Pods (Pack of 20),Home & Kitchen,1,1200
2333,2025-04-03,708,H05,Travel Mug,Home & Kitchen,1,900
2334,2025-05-28,1065,O04,Mechanical Keyboard,Office,1,5200
2334,2025-05-28,1065,F03,Sports Water Bottle,Fitness,1,700
2334,2025-05-28,1065,H06,Tea Infuser,Home & Kitchen,1,450
2334,2025-05-28,1065,H07,Milk Frother,Home & Kitchen,1,1100
2335,2025-06-05,1687,O06,Notebook & Pen Set,Office,1,600
2335,2025-06-05,1687,E08,Smartwatch Replacement Band,Electronics,1,900
2336,2025-06-09,500,E01,Phone Case,Electronics,1,800
2336,2025-06-09,500,E02,Screen Protector,Electronics,1,350
2336,2025-06-09,500,F03,Sports Water Bottle,Fitness,1,700
2337,2025-03-27,1481,E04,Fast Phone Charger,Electronics,1,1200
2338,2025-06-02,1759,P01,Digital Camera,Photography,1,45000
2338,2025-06-02,1759,P02,Memory Card 128GB,Photography,2,2200
2338,2025-06-02,1759,P03,Camera Bag,Photography,1,3800
2339,2025-02-23,1527,F01,Running Shoes,Fitness,1,7500
2340,2025-03-25,1695,F07,Gym Bag,Fitness,1,2600
2340,2025-03-25,1695,F05,Yoga Mat,Fitness,1,2200
2340,2025-03-25,1695,E05,Power Bank 10000mAh,Electronics,1,2800
2341,2025-03-16,507,P01,Digital Camera,Photography,1,45000
2341,2025-03-16,507,P02,Memory Card 128GB,Photography,1,2200
2341,2025-03-16,507,P03,Camera Bag,Photography,1,3800
2342,2025-04-19,147,O06,Notebook & Pen Set,Office,1,600
2342,2025-04-19,147,F07,Gym Bag,Fitness,1,2600
2342,2025-04-19,147,O02,Wireless Mouse,Office,1,1400
2343,2025-01-02,1420,O01,Laptop Bag,Office,1,3200
2344,2025-03-07,1442,H01,Coffee Maker,Home & Kitchen,1,5500
2344,2025-03-07,1442,H02,Coffee Pods (Pack of 20),Home & Kitchen,1,1200
2345,2025-05-09,236,E04,Fast Phone Charger,Electronics,1,1200
2345,2025-05-09,236,E05,Power Bank 10000mAh,Electronics,1,2800
2346,2025-04-28,487,P05,Extra Camera Battery,Photography,1,2600
2346,2025-04-28,487,O02,Wireless Mouse,Office,1,1400
2346,2025-04-28,487,O06,Notebook & Pen Set,Office,1,600
2346,2025-04-28,487,E08,Smartwatch Replacement Band,Electronics,1,900
2347,2025-05-22,1225,E09,USB-C Cable,Electronics,1,450
2348,2025-02-26,576,E07,Smartwatch,Electronics,2,6500
2348,2025-02-26,576,F05,Yoga Mat,Fitness,1,2200
2348,2025-02-26,576,H04,Blender,Home & Kitchen,1,4800
2348,2025-02-26,576,F01,Running Shoes,Fitness,2,7500
2349,2025-02-26,1120,H01,Coffee Maker,Home & Kitchen,1,5500
2349,2025-02-26,1120,O01,Laptop Bag,Office,1,3200
2349,2025-02-26,1120,H06,Tea Infuser,Home & Kitchen,1,450
2350,2025-03-02,611,F04,Fitness Tracker,Fitness,1,4500
2350,2025-03-02,611,F03,Sports Water Bottle,Fitness,1,700
2351,2025-05-13,201,H07,Milk Frother,Home & Kitchen,1,1100
2351,2025-05-13,201,E06,Bluetooth Speaker,Electronics,1,4200
2351,2025-05-13,201,P05,Extra Camera Battery,Photography,1,2600
2352,2025-02-22,1430,H03,Electric Kettle,Home & Kitchen,1,3200
2352,2025-02-22,1430,H06,Tea Infuser,Home & Kitchen,1,450
2353,2025-03-11,726,F07,Gym Bag,Fitness,1,2600
2353,2025-03-11,726,F05,Yoga Mat,Fitness,1,2200
2354,2025-04-11,166,E05,Power Bank 10000mAh,Electronics,1,2800
2355,2025-04-05,814,F04,Fitness Tracker,Fitness,1,4500
2355,2025-04-05,814,F03,Sports Water Bottle,Fitness,2,700
2356,2025-01-23,975,E07,Smartwatch,Electronics,1,6500
2356,2025-01-23,975,E08,Smartwatch Replacement Band,Electronics,1,900
2357,2025-03-20,24,F07,Gym Bag,Fitness,2,2600
2357,2025-03-20,24,F05,Yoga Mat,Fitness,1,2200
2357,2025-03-20,24,F06,Resistance Bands Set,Fitness,1,1500
2358,2025-01-26,972,E04,Fast Phone Charger,Electronics,2,1200
2358,2025-01-26,972,E05,Power Bank 10000mAh,Electronics,1,2800
2358,2025-01-26,972,E09,USB-C Cable,Electronics,2,450
2358,2025-01-26,972,E10,Laptop Sleeve,Electronics,1,1800
2359,2025-03-06,1594,O05,Desk Lamp,Office,1,1800
2360,2025-05-02,1586,E02,Screen Protector,Electronics,1,350
2361,2025-05-06,1083,H01,Coffee Maker,Home & Kitchen,1,5500
2361,2025-05-06,1083,H02,Coffee Pods (Pack of 20),Home & Kitchen,1,1200
2361,2025-05-06,1083,E06,Bluetooth Speaker,Electronics,1,4200
2362,2025-06-28,1737,O06,Notebook & Pen Set,Office,2,600
2363,2025-01-08,395,H03,Electric Kettle,Home & Kitchen,1,3200
2363,2025-01-08,395,H06,Tea Infuser,Home & Kitchen,1,450
2363,2025-01-08,395,F01,Running Shoes,Fitness,2,7500
2364,2025-01-19,1099,E08,Smartwatch Replacement Band,Electronics,2,900
2365,2025-05-26,1232,O02,Wireless Mouse,Office,1,1400
2366,2025-01-29,1500,E07,Smartwatch,Electronics,1,6500
2366,2025-01-29,1500,E08,Smartwatch Replacement Band,Electronics,1,900
2366,2025-01-29,1500,H04,Blender,Home & Kitchen,2,4800
2367,2025-01-27,496,E04,Fast Phone Charger,Electronics,1,1200
2367,2025-01-27,496,E09,USB-C Cable,Electronics,1,450
2368,2025-05-07,144,O06,Notebook & Pen Set,Office,1,600
2369,2025-02-12,272,F04,Fitness Tracker,Fitness,2,4500
2369,2025-02-12,272,F03,Sports Water Bottle,Fitness,1,700
2370,2025-06-04,221,E09,USB-C Cable,Electronics,1,450
2370,2025-06-04,221,H06,Tea Infuser,Home & Kitchen,1,450
2370,2025-06-04,221,E10,Laptop Sleeve,Electronics,1,1800
2371,2025-04-10,119,F04,Fitness Tracker,Fitness,1,4500
2371,2025-04-10,119,E08,Smartwatch Replacement Band,Electronics,1,900
2371,2025-04-10,119,F05,Yoga Mat,Fitness,2,2200
2372,2025-04-22,759,E07,Smartwatch,Electronics,1,6500
2372,2025-04-22,759,E04,Fast Phone Charger,Electronics,1,1200
2372,2025-04-22,759,F01,Running Shoes,Fitness,1,7500
2372,2025-04-22,759,H06,Tea Infuser,Home & Kitchen,1,450
2373,2025-06-16,1077,E04,Fast Phone Charger,Electronics,1,1200
2373,2025-06-16,1077,E05,Power Bank 10000mAh,Electronics,1,2800
2373,2025-06-16,1077,E09,USB-C Cable,Electronics,1,450
2374,2025-04-19,652,E01,Phone Case,Electronics,1,800
2374,2025-04-19,652,E02,Screen Protector,Electronics,2,350
2374,2025-04-19,652,E04,Fast Phone Charger,Electronics,1,1200
2375,2025-06-04,1768,F07,Gym Bag,Fitness,1,2600
2375,2025-06-04,1768,F05,Yoga Mat,Fitness,1,2200
2376,2025-02-01,509,P01,Digital Camera,Photography,1,45000
2376,2025-02-01,509,P02,Memory Card 128GB,Photography,1,2200
2376,2025-02-01,509,P03,Camera Bag,Photography,1,3800
2377,2025-03-09,565,E02,Screen Protector,Electronics,2,350
2378,2025-05-21,1614,P03,Camera Bag,Photography,1,3800
2379,2025-06-20,1281,H02,Coffee Pods (Pack of 20),Home & Kitchen,1,1200
2379,2025-06-20,1281,O06,Notebook & Pen Set,Office,1,600
2379,2025-06-20,1281,O01,Laptop Bag,Office,1,3200
2379,2025-06-20,1281,F03,Sports Water Bottle,Fitness,1,700
2380,2025-05-07,349,H04,Blender,Home & Kitchen,1,4800
2380,2025-05-07,349,E07,Smartwatch,Electronics,1,6500
2381,2025-01-12,1734,P01,Digital Camera,Photography,1,45000
2381,2025-01-12,1734,P02,Memory Card 128GB,Photography,1,2200
2381,2025-01-12,1734,P03,Camera Bag,Photography,1,3800
2382,2025-01-08,1067,E01,Phone Case,Electronics,1,800
2382,2025-01-08,1067,E05,Power Bank 10000mAh,Electronics,2,2800
2382,2025-01-08,1067,F01,Running Shoes,Fitness,1,7500
2382,2025-01-08,1067,H06,Tea Infuser,Home & Kitchen,1,450
2383,2025-04-27,992,E01,Phone Case,Electronics,2,800
2383,2025-04-27,992,E02,Screen Protector,Electronics,1,350
2384,2025-05-18,900,P05,Extra Camera Battery,Photography,1,2600
2385,2025-02-21,509,F01,Running Shoes,Fitness,1,7500
2385,2025-02-21,509,F02,Running Socks (3-Pack),Fitness,1,950
2386,2025-02-24,173,E01,Phone Case,Electronics,1,800
2386,2025-02-24,173,E02,Screen Protector,Electronics,1,350
2386,2025-02-24,173,O04,Mechanical Keyboard,Office,1,5200
2387,2025-03-01,1747,H01,Coffee Maker,Home & Kitchen,1,5500
2387,2025-03-01,1747,H02,Coffee Pods (Pack of 20),Home & Kitchen,1,1200
2388,2025-04-13,1532,F03,Sports Water Bottle,Fitness,1,700
2388,2025-04-13,1532,E02,Screen Protector,Electronics,1,350
2388,2025-04-13,1532,P05,Extra Camera Battery,Photography,1,2600
2389,2025-03-26,1489,E05,Power Bank 10000mAh,Electronics,1,2800
2390,2025-06-21,791,E05,Power Bank 10000mAh,Electronics,1,2800
2390,2025-06-21,791,E08,Smartwatch Replacement Band,Electronics,2,900
2390,2025-06-21,791,H05,Travel Mug,Home & Kitchen,1,900
2391,2025-01-27,1122,F04,Fitness Tracker,Fitness,2,4500
2391,2025-01-27,1122,F03,Sports Water Bottle,Fitness,1,700
2392,2025-02-24,331,H05,Travel Mug,Home & Kitchen,1,900
2392,2025-02-24,331,H02,Coffee Pods (Pack of 20),Home & Kitchen,1,1200
2393,2025-03-10,737,F07,Gym Bag,Fitness,1,2600
2394,2025-01-26,675,H04,Blender,Home & Kitchen,1,4800
2394,2025-01-26,675,O03,Laptop Stand,Office,1,2100
2395,2025-02-16,1246,F01,Running Shoes,Fitness,1,7500
2395,2025-02-16,1246,F02,Running Socks (3-Pack),Fitness,1,950
2395,2025-02-16,1246,F03,Sports Water Bottle,Fitness,1,700
2395,2025-02-16,1246,O02,Wireless Mouse,Office,1,1400
2396,2025-05-24,1436,H07,Milk Frother,Home & Kitchen,1,1100
2396,2025-05-24,1436,F01,Running Shoes,Fitness,1,7500
2396,2025-05-24,1436,P05,Extra Camera Battery,Photography,1,2600
2397,2025-06-30,38,P01,Digital Camera,Photography,1,45000
2397,2025-06-30,38,P02,Memory Card 128GB,Photography,1,2200
2397,2025-06-30,38,P03,Camera Bag,Photography,1,3800
2397,2025-06-30,38,P04,Tripod,Photography,2,3200
2398,2025-06-13,1424,E03,Wireless Earphones,Electronics,1,3500
2399,2025-04-15,1005,E07,Smartwatch,Electronics,1,6500
2399,2025-04-15,1005,P05,Extra Camera Battery,Photography,1,2600
2400,2025-02-18,110,E04,Fast Phone Charger,Electronics,2,1200
2400,2025-02-18,110,E08,Smartwatch Replacement Band,Electronics,1,900
2400,2025-02-18,110,H03,Electric Kettle,Home & Kitchen,1,3200
2401,2025-05-31,1077,O01,Laptop Bag,Office,1,3200
2401,2025-05-31,1077,O02,Wireless Mouse,Office,1,1400
2401,2025-05-31,1077,O03,Laptop Stand,Office,2,2100
2402,2025-04-14,190,F02,Running Socks (3-Pack),Fitness,2,950
2403,2025-04-17,1061,P01,Digital Camera,Photography,1,45000
2403,2025-04-17,1061,P02,Memory Card 128GB,Photography,1,2200
2403,2025-04-17,1061,P03,Camera Bag,Photography,1,3800
2404,2025-02-17,384,F01,Running Shoes,Fitness,1,7500
2404,2025-02-17,384,H03,Electric Kettle,Home & Kitchen,1,3200
2404,2025-02-17,384,P04,Tripod,Photography,1,3200
2404,2025-02-17,384,E04,Fast Phone Charger,Electronics,1,1200
2405,2025-01-03,901,F07,Gym Bag,Fitness,1,2600
2405,2025-01-03,901,F05,Yoga Mat,Fitness,1,2200
2406,2025-02-16,659,P01,Digital Camera,Photography,1,45000
2407,2025-01-10,1352,O05,Desk Lamp,Office,1,1800
2407,2025-01-10,1352,F06,Resistance Bands Set,Fitness,1,1500
2407,2025-01-10,1352,E08,Smartwatch Replacement Band,Electronics,1,900
2408,2025-05-12,775,H03,Electric Kettle,Home & Kitchen,1,3200
2408,2025-05-12,775,H06,Tea Infuser,Home & Kitchen,1,450
2409,2025-06-16,322,H06,Tea Infuser,Home & Kitchen,1,450
2410,2025-06-27,1573,E01,Phone Case,Electronics,2,800
2410,2025-06-27,1573,E02,Screen Protector,Electronics,1,350
2410,2025-06-27,1573,F02,Running Socks (3-Pack),Fitness,1,950
2411,2025-01-04,1145,E07,Smartwatch,Electronics,1,6500
2411,2025-01-04,1145,E08,Smartwatch Replacement Band,Electronics,1,900
2412,2025-03-14,781,F02,Running Socks (3-Pack),Fitness,1,950
2412,2025-03-14,781,E03,Wireless Earphones,Electronics,1,3500
2412,2025-03-14,781,E05,Power Bank 10000mAh,Electronics,1,2800
2412,2025-03-14,781,F03,Sports Water Bottle,Fitness,1,700
2413,2025-02-28,964,O03,Laptop Stand,Office,1,2100
2413,2025-02-28,964,E03,Wireless Earphones,Electronics,2,3500
2413,2025-02-28,964,E10,Laptop Sleeve,Electronics,1,1800
2413,2025-02-28,964,P04,Tripod,Photography,1,3200
2414,2025-02-23,1776,O04,Mechanical Keyboard,Office,1,5200
2415,2025-02-12,1336,P01,Digital Camera,Photography,1,45000
2416,2025-04-19,1565,O01,Laptop Bag,Office,1,3200
2416,2025-04-19,1565,O02,Wireless Mouse,Office,1,1400
2416,2025-04-19,1565,O03,Laptop Stand,Office,1,2100
2417,2025-05-18,1610,P03,Camera Bag,Photography,1,3800
2417,2025-05-18,1610,E07,Smartwatch,Electronics,2,6500
2417,2025-05-18,1610,O03,Laptop Stand,Office,1,2100
2417,2025-05-18,1610,E02,Screen Protector,Electronics,1,350
2418,2025-04-22,1160,O04,Mechanical Keyboard,Office,1,5200
2418,2025-04-22,1160,P03,Camera Bag,Photography,1,3800
2419,2025-06-03,820,F07,Gym Bag,Fitness,2,2600
2419,2025-06-03,820,F05,Yoga Mat,Fitness,1,2200
2419,2025-06-03,820,F06,Resistance Bands Set,Fitness,1,1500
2419,2025-06-03,820,H05,Travel Mug,Home & Kitchen,1,900
2420,2025-03-29,1519,E04,Fast Phone Charger,Electronics,1,1200
2420,2025-03-29,1519,E05,Power Bank 10000mAh,Electronics,1,2800
2420,2025-03-29,1519,O06,Notebook & Pen Set,Office,1,600
2421,2025-06-11,349,E02,Screen Protector,Electronics,1,350
2421,2025-06-11,349,H05,Travel Mug,Home & Kitchen,1,900
2422,2025-05-26,334,E03,Wireless Earphones,Electronics,1,3500
2423,2025-05-05,1149,O01,Laptop Bag,Office,1,3200
2423,2025-05-05,1149,F04,Fitness Tracker,Fitness,1,4500
2424,2025-05-15,1652,F03,Sports Water Bottle,Fitness,1,700
2425,2025-02-23,456,F07,Gym Bag,Fitness,1,2600
2425,2025-02-23,456,F05,Yoga Mat,Fitness,1,2200
2425,2025-02-23,456,F06,Resistance Bands Set,Fitness,1,1500
2426,2025-05-17,619,H06,Tea Infuser,Home & Kitchen,1,450
2426,2025-05-17,619,E02,Screen Protector,Electronics,1,350
2427,2025-04-30,1648,P01,Digital Camera,Photography,1,45000
2427,2025-04-30,1648,P02,Memory Card 128GB,Photography,1,2200
2427,2025-04-30,1648,P03,Camera Bag,Photography,1,3800
2428,2025-04-04,748,E01,Phone Case,Electronics,1,800
2429,2025-03-30,807,E09,USB-C Cable,Electronics,2,450
2429,2025-03-30,807,F01,Running Shoes,Fitness,1,7500
2430,2025-05-21,210,F01,Running Shoes,Fitness,1,7500
2430,2025-05-21,210,O06,Notebook & Pen Set,Office,1,600
2431,2025-03-04,1791,O06,Notebook & Pen Set,Office,1,600
2431,2025-03-04,1791,O05,Desk Lamp,Office,1,1800
2431,2025-03-04,1791,F06,Resistance Bands Set,Fitness,1,1500
2432,2025-03-21,299,O03,Laptop Stand,Office,1,2100
2433,2025-05-07,1117,O06,Notebook & Pen Set,Office,2,600
2433,2025-05-07,1117,O01,Laptop Bag,Office,1,3200
2433,2025-05-07,1117,P04,Tripod,Photography,1,3200
2434,2025-01-19,1645,F01,Running Shoes,Fitness,1,7500
2434,2025-01-19,1645,F02,Running Socks (3-Pack),Fitness,2,950
2435,2025-04-16,564,E07,Smartwatch,Electronics,2,6500
2435,2025-04-16,564,F05,Yoga Mat,Fitness,1,2200
2435,2025-04-16,564,E01,Phone Case,Electronics,1,800
2436,2025-01-17,1423,O05,Desk Lamp,Office,1,1800
2436,2025-01-17,1423,E05,Power Bank 10000mAh,Electronics,2,2800
2436,2025-01-17,1423,P01,Digital Camera,Photography,1,45000
2437,2025-04-11,998,H01,Coffee Maker,Home & Kitchen,1,5500
2437,2025-04-11,998,H02,Coffee Pods (Pack of 20),Home & Kitchen,2,1200
2437,2025-04-11,998,H05,Travel Mug,Home & Kitchen,1,900
2438,2025-06-25,601,P01,Digital Camera,Photography,1,45000
2438,2025-06-25,601,P02,Memory Card 128GB,Photography,1,2200
2438,2025-06-25,601,P03,Camera Bag,Photography,1,3800
2439,2025-03-24,1288,P01,Digital Camera,Photography,1,45000
2439,2025-03-24,1288,E09,USB-C Cable,Electronics,1,450
2440,2025-04-30,766,F05,Yoga Mat,Fitness,1,2200
2441,2025-01-22,218,O05,Desk Lamp,Office,1,1800
2442,2025-05-30,761,E03,Wireless Earphones,Electronics,1,3500
2443,2025-02-12,874,E05,Power Bank 10000mAh,Electronics,1,2800
2444,2025-06-21,314,P05,Extra Camera Battery,Photography,1,2600
2444,2025-06-21,314,O06,Notebook & Pen Set,Office,1,600
2445,2025-05-30,1115,E07,Smartwatch,Electronics,1,6500
2445,2025-05-30,1115,E08,Smartwatch Replacement Band,Electronics,2,900
2446,2025-01-01,366,F07,Gym Bag,Fitness,1,2600
2446,2025-01-01,366,F05,Yoga Mat,Fitness,2,2200
2447,2025-01-13,280,E07,Smartwatch,Electronics,1,6500
2447,2025-01-13,280,E08,Smartwatch Replacement Band,Electronics,1,900
2448,2025-01-04,1791,E01,Phone Case,Electronics,1,800
2448,2025-01-04,1791,E02,Screen Protector,Electronics,1,350
2449,2025-03-23,1035,E01,Phone Case,Electronics,1,800
2449,2025-03-23,1035,E02,Screen Protector,Electronics,1,350
2450,2025-04-18,767,H06,Tea Infuser,Home & Kitchen,1,450
2450,2025-04-18,767,F07,Gym Bag,Fitness,1,2600
2451,2025-06-30,634,E01,Phone Case,Electronics,1,800
2451,2025-06-30,634,E02,Screen Protector,Electronics,1,350
2452,2025-03-09,347,P03,Camera Bag,Photography,1,3800
2452,2025-03-09,347,H01,Coffee Maker,Home & Kitchen,1,5500
2453,2025-04-11,721,O03,Laptop Stand,Office,1,2100
2454,2025-02-11,1588,F04,Fitness Tracker,Fitness,1,4500
2454,2025-02-11,1588,F05,Yoga Mat,Fitness,1,2200
2454,2025-02-11,1588,E01,Phone Case,Electronics,1,800
2454,2025-02-11,1588,F01,Running Shoes,Fitness,1,7500
2455,2025-06-18,1116,O05,Desk Lamp,Office,2,1800
2455,2025-06-18,1116,E06,Bluetooth Speaker,Electronics,1,4200
2455,2025-06-18,1116,H06,Tea Infuser,Home & Kitchen,1,450
2455,2025-06-18,1116,P05,Extra Camera Battery,Photography,1,2600
2456,2025-01-10,641,O01,Laptop Bag,Office,1,3200
2456,2025-01-10,641,O02,Wireless Mouse,Office,1,1400
2456,2025-01-10,641,O03,Laptop Stand,Office,1,2100
2457,2025-03-31,20,P01,Digital Camera,Photography,1,45000
2457,2025-03-31,20,P02,Memory Card 128GB,Photography,1,2200
2457,2025-03-31,20,P03,Camera Bag,Photography,1,3800
2458,2025-03-21,1049,F07,Gym Bag,Fitness,1,2600
2458,2025-03-21,1049,F05,Yoga Mat,Fitness,1,2200
2459,2025-01-28,996,F01,Running Shoes,Fitness,1,7500
2459,2025-01-28,996,F02,Running Socks (3-Pack),Fitness,1,950
2459,2025-01-28,996,F03,Sports Water Bottle,Fitness,1,700
2460,2025-06-09,1777,E02,Screen Protector,Electronics,1,350
2461,2025-06-22,104,O01,Laptop Bag,Office,1,3200
2461,2025-06-22,104,O02,Wireless Mouse,Office,1,1400
2461,2025-06-22,104,O03,Laptop Stand,Office,1,2100
2462,2025-05-27,682,F04,Fitness Tracker,Fitness,1,4500
2463,2025-06-08,197,E01,Phone Case,Electronics,1,800
2463,2025-06-08,197,E02,Screen Protector,Electronics,1,350
2464,2025-01-30,901,E02,Screen Protector,Electronics,1,350
2464,2025-01-30,901,H07,Milk Frother,Home & Kitchen,1,1100
2464,2025-01-30,901,P05,Extra Camera Battery,Photography,1,2600
2465,2025-04-19,1364,P01,Digital Camera,Photography,1,45000
2465,2025-04-19,1364,P02,Memory Card 128GB,Photography,1,2200
2465,2025-04-19,1364,P03,Camera Bag,Photography,1,3800
2465,2025-04-19,1364,P04,Tripod,Photography,1,3200
2466,2025-03-25,851,H01,Coffee Maker,Home & Kitchen,1,5500
2466,2025-03-25,851,H02,Coffee Pods (Pack of 20),Home & Kitchen,1,1200
2466,2025-03-25,851,O03,Laptop Stand,Office,1,2100
2467,2025-06-01,1114,O01,Laptop Bag,Office,1,3200
2467,2025-06-01,1114,O02,Wireless Mouse,Office,1,1400
2467,2025-06-01,1114,O03,Laptop Stand,Office,1,2100
2467,2025-06-01,1114,O04,Mechanical Keyboard,Office,1,5200
2468,2025-04-23,1116,F02,Running Socks (3-Pack),Fitness,1,950
2469,2025-03-29,1612,F07,Gym Bag,Fitness,2,2600
2469,2025-03-29,1612,F05,Yoga Mat,Fitness,1,2200
2469,2025-03-29,1612,F06,Resistance Bands Set,Fitness,1,1500
2470,2025-03-06,722,P01,Digital Camera,Photography,1,45000
2470,2025-03-06,722,P02,Memory Card 128GB,Photography,1,2200
2470,2025-03-06,722,P03,Camera Bag,Photography,1,3800
2471,2025-06-08,309,F07,Gym Bag,Fitness,1,2600
2471,2025-06-08,309,F05,Yoga Mat,Fitness,1,2200
2471,2025-06-08,309,F06,Resistance Bands Set,Fitness,1,1500
2472,2025-01-05,1030,E02,Screen Protector,Electronics,1,350
2473,2025-03-14,1420,P01,Digital Camera,Photography,1,45000
2473,2025-03-14,1420,P02,Memory Card 128GB,Photography,1,2200
2473,2025-03-14,1420,P03,Camera Bag,Photography,1,3800
2474,2025-05-05,794,E07,Smartwatch,Electronics,1,6500
2474,2025-05-05,794,H07,Milk Frother,Home & Kitchen,1,1100
2474,2025-05-05,794,P03,Camera Bag,Photography,1,3800
2474,2025-05-05,794,O01,Laptop Bag,Office,1,3200
2475,2025-01-08,583,H01,Coffee Maker,Home & Kitchen,1,5500
2475,2025-01-08,583,H02,Coffee Pods (Pack of 20),Home & Kitchen,1,1200
2475,2025-01-08,583,H05,Travel Mug,Home & Kitchen,1,900
2476,2025-01-22,1264,H07,Milk Frother,Home & Kitchen,1,1100
2477,2025-01-02,789,O01,Laptop Bag,Office,2,3200
2477,2025-01-02,789,O02,Wireless Mouse,Office,2,1400
2477,2025-01-02,789,O03,Laptop Stand,Office,1,2100
2477,2025-01-02,789,O04,Mechanical Keyboard,Office,1,5200
2478,2025-03-15,1057,O06,Notebook & Pen Set,Office,1,600
2478,2025-03-15,1057,O01,Laptop Bag,Office,1,3200
2479,2025-04-07,1245,O01,Laptop Bag,Office,1,3200
2479,2025-04-07,1245,O02,Wireless Mouse,Office,1,1400
2479,2025-04-07,1245,O03,Laptop Stand,Office,1,2100
2479,2025-04-07,1245,E08,Smartwatch Replacement Band,Electronics,1,900
2480,2025-06-18,1249,E02,Screen Protector,Electronics,1,350
2481,2025-03-10,896,F05,Yoga Mat,Fitness,1,2200
2481,2025-03-10,896,O06,Notebook & Pen Set,Office,1,600
2481,2025-03-10,896,P03,Camera Bag,Photography,1,3800
2482,2025-03-24,1561,P04,Tripod,Photography,1,3200
2482,2025-03-24,1561,E04,Fast Phone Charger,Electronics,1,1200
2482,2025-03-24,1561,O05,Desk Lamp,Office,2,1800
2482,2025-03-24,1561,E08,Smartwatch Replacement Band,Electronics,1,900
2483,2025-04-26,1447,P01,Digital Camera,Photography,1,45000
2483,2025-04-26,1447,P02,Memory Card 128GB,Photography,1,2200
2483,2025-04-26,1447,P03,Camera Bag,Photography,1,3800
2483,2025-04-26,1447,F04,Fitness Tracker,Fitness,2,4500
2484,2025-03-19,435,O04,Mechanical Keyboard,Office,1,5200
2484,2025-03-19,435,P05,Extra Camera Battery,Photography,1,2600
2485,2025-04-28,589,P02,Memory Card 128GB,Photography,1,2200
2486,2025-06-04,781,H01,Coffee Maker,Home & Kitchen,1,5500
2486,2025-06-04,781,P03,Camera Bag,Photography,2,3800
2486,2025-06-04,781,O05,Desk Lamp,Office,1,1800
2487,2025-05-09,1668,E02,Screen Protector,Electronics,1,350
2488,2025-04-09,625,F04,Fitness Tracker,Fitness,1,4500
2488,2025-04-09,625,F03,Sports Water Bottle,Fitness,2,700
2489,2025-05-07,1748,H01,Coffee Maker,Home & Kitchen,1,5500
2490,2025-02-15,86,F04,Fitness Tracker,Fitness,1,4500
2490,2025-02-15,86,F03,Sports Water Bottle,Fitness,2,700
2490,2025-02-15,86,F01,Running Shoes,Fitness,1,7500
2491,2025-06-23,52,P01,Digital Camera,Photography,1,45000
2491,2025-06-23,52,P02,Memory Card 128GB,Photography,1,2200
2491,2025-06-23,52,P03,Camera Bag,Photography,2,3800
2492,2025-01-25,1162,F06,Resistance Bands Set,Fitness,1,1500
2492,2025-01-25,1162,F02,Running Socks (3-Pack),Fitness,2,950
2493,2025-02-14,1375,H01,Coffee Maker,Home & Kitchen,1,5500
2494,2025-06-11,1477,F04,Fitness Tracker,Fitness,1,4500
2494,2025-06-11,1477,F03,Sports Water Bottle,Fitness,2,700
2495,2025-03-14,759,H03,Electric Kettle,Home & Kitchen,1,3200
2495,2025-03-14,759,H06,Tea Infuser,Home & Kitchen,1,450
2496,2025-01-14,102,E07,Smartwatch,Electronics,1,6500
2496,2025-01-14,102,H01,Coffee Maker,Home & Kitchen,1,5500
2497,2025-05-24,799,H01,Coffee Maker,Home & Kitchen,1,5500
2497,2025-05-24,799,H02,Coffee Pods (Pack of 20),Home & Kitchen,2,1200
2497,2025-05-24,799,H05,Travel Mug,Home & Kitchen,1,900
2498,2025-05-26,477,O01,Laptop Bag,Office,2,3200
2499,2025-01-23,1483,F04,Fitness Tracker,Fitness,1,4500
2499,2025-01-23,1483,F03,Sports Water Bottle,Fitness,1,700
2500,2025-06-29,1585,F03,Sports Water Bottle,Fitness,1,700
2500,2025-06-29,1585,F07,Gym Bag,Fitness,1,2600
2500,2025-06-29,1585,E05,Power Bank 10000mAh,Electronics,1,2800
2500,2025-06-29,1585,F01,Running Shoes,Fitness,1,7500
2501,2025-03-06,493,F07,Gym Bag,Fitness,1,2600
2501,2025-03-06,493,F05,Yoga Mat,Fitness,1,2200
2502,2025-02-11,276,H03,Electric Kettle,Home & Kitchen,1,3200
2503,2025-02-19,1136,E07,Smartwatch,Electronics,1,6500
2503,2025-02-19,1136,E08,Smartwatch Replacement Band,Electronics,1,900
2504,2025-02-11,1002,H05,Travel Mug,Home & Kitchen,1,900
2505,2025-03-22,1796,E04,Fast Phone Charger,Electronics,1,1200
2505,2025-03-22,1796,E05,Power Bank 10000mAh,Electronics,1,2800
2506,2025-05-01,581,E01,Phone Case,Electronics,1,800
2506,2025-05-01,581,E02,Screen Protector,Electronics,1,350
2507,2025-06-11,897,E03,Wireless Earphones,Electronics,1,3500
2508,2025-01-17,873,F05,Yoga Mat,Fitness,1,2200
2509,2025-05-02,448,H01,Coffee Maker,Home & Kitchen,1,5500
2509,2025-05-02,448,H02,Coffee Pods (Pack of 20),Home & Kitchen,1,1200
2510,2025-06-17,317,H01,Coffee Maker,Home & Kitchen,1,5500
2510,2025-06-17,317,H02,Coffee Pods (Pack of 20),Home & Kitchen,1,1200
2511,2025-05-14,1264,P01,Digital Camera,Photography,1,45000
2511,2025-05-14,1264,P02,Memory Card 128GB,Photography,1,2200
2511,2025-05-14,1264,P03,Camera Bag,Photography,1,3800
2512,2025-03-07,1772,H04,Blender,Home & Kitchen,2,4800
2513,2025-05-20,1280,H06,Tea Infuser,Home & Kitchen,1,450
2513,2025-05-20,1280,H04,Blender,Home & Kitchen,1,4800
2513,2025-05-20,1280,O02,Wireless Mouse,Office,1,1400
2513,2025-05-20,1280,E04,Fast Phone Charger,Electronics,1,1200
2514,2025-04-30,1360,F04,Fitness Tracker,Fitness,1,4500
2514,2025-04-30,1360,F03,Sports Water Bottle,Fitness,1,700
2515,2025-05-04,1211,E02,Screen Protector,Electronics,1,350
2515,2025-05-04,1211,P02,Memory Card 128GB,Photography,1,2200
2515,2025-05-04,1211,H01,Coffee Maker,Home & Kitchen,1,5500
2516,2025-01-26,554,O01,Laptop Bag,Office,2,3200
2516,2025-01-26,554,E07,Smartwatch,Electronics,1,6500
2517,2025-03-03,1127,E07,Smartwatch,Electronics,1,6500
2517,2025-03-03,1127,E08,Smartwatch Replacement Band,Electronics,1,900
2518,2025-06-08,806,F01,Running Shoes,Fitness,1,7500
2518,2025-06-08,806,F02,Running Socks (3-Pack),Fitness,1,950
2519,2025-04-14,379,O04,Mechanical Keyboard,Office,1,5200
2519,2025-04-14,379,E01,Phone Case,Electronics,1,800
2520,2025-02-06,1107,E01,Phone Case,Electronics,2,800
2520,2025-02-06,1107,H06,Tea Infuser,Home & Kitchen,1,450
2521,2025-03-04,643,P02,Memory Card 128GB,Photography,1,2200
2522,2025-04-01,919,F01,Running Shoes,Fitness,1,7500
2522,2025-04-01,919,F02,Running Socks (3-Pack),Fitness,1,950
2522,2025-04-01,919,F03,Sports Water Bottle,Fitness,1,700
2523,2025-04-20,391,H02,Coffee Pods (Pack of 20),Home & Kitchen,1,1200
2523,2025-04-20,391,E01,Phone Case,Electronics,1,800
2523,2025-04-20,391,P04,Tripod,Photography,1,3200
2523,2025-04-20,391,F07,Gym Bag,Fitness,1,2600
2524,2025-01-01,1290,H01,Coffee Maker,Home & Kitchen,1,5500
2524,2025-01-01,1290,H02,Coffee Pods (Pack of 20),Home & Kitchen,1,1200
2525,2025-06-28,1283,E02,Screen Protector,Electronics,1,350
2526,2025-01-11,1250,E07,Smartwatch,Electronics,1,6500
2526,2025-01-11,1250,E08,Smartwatch Replacement Band,Electronics,1,900
2527,2025-02-14,1056,E09,USB-C Cable,Electronics,1,450
2528,2025-05-08,491,P01,Digital Camera,Photography,1,45000
2528,2025-05-08,491,P02,Memory Card 128GB,Photography,1,2200
2528,2025-05-08,491,P03,Camera Bag,Photography,1,3800
2528,2025-05-08,491,P04,Tripod,Photography,1,3200
2529,2025-04-30,1677,E10,Laptop Sleeve,Electronics,1,1800
2530,2025-02-26,584,H01,Coffee Maker,Home & Kitchen,1,5500
2530,2025-02-26,584,H02,Coffee Pods (Pack of 20),Home & Kitchen,1,1200
2531,2025-04-20,1294,E08,Smartwatch Replacement Band,Electronics,1,900
2531,2025-04-20,1294,H06,Tea Infuser,Home & Kitchen,1,450
2532,2025-03-29,759,E07,Smartwatch,Electronics,1,6500
2532,2025-03-29,759,E08,Smartwatch Replacement Band,Electronics,1,900
2533,2025-05-03,991,O01,Laptop Bag,Office,1,3200
2533,2025-05-03,991,O02,Wireless Mouse,Office,1,1400
2533,2025-05-03,991,O03,Laptop Stand,Office,1,2100
2533,2025-05-03,991,O04,Mechanical Keyboard,Office,1,5200
2533,2025-05-03,991,H02,Coffee Pods (Pack of 20),Home & Kitchen,2,1200
2534,2025-02-03,584,O01,Laptop Bag,Office,1,3200
2534,2025-02-03,584,O03,Laptop Stand,Office,1,2100
2534,2025-02-03,584,F07,Gym Bag,Fitness,1,2600
2534,2025-02-03,584,F05,Yoga Mat,Fitness,1,2200
2535,2025-03-16,538,F07,Gym Bag,Fitness,1,2600
2536,2025-04-22,37,F07,Gym Bag,Fitness,1,2600
2536,2025-04-22,37,F05,Yoga Mat,Fitness,1,2200
2537,2025-05-07,342,F07,Gym Bag,Fitness,2,2600
2537,2025-05-07,342,F05,Yoga Mat,Fitness,1,2200
2537,2025-05-07,342,H06,Tea Infuser,Home & Kitchen,1,450
2538,2025-03-13,660,O06,Notebook & Pen Set,Office,1,600
2539,2025-03-01,886,P01,Digital Camera,Photography,1,45000
2539,2025-03-01,886,O04,Mechanical Keyboard,Office,1,5200
2539,2025-03-01,886,O02,Wireless Mouse,Office,1,1400
2540,2025-02-01,382,H03,Electric Kettle,Home & Kitchen,1,3200
2541,2025-04-18,185,E07,Smartwatch,Electronics,1,6500
2541,2025-04-18,185,E08,Smartwatch Replacement Band,Electronics,1,900
2542,2025-05-25,1506,O01,Laptop Bag,Office,1,3200
2542,2025-05-25,1506,F05,Yoga Mat,Fitness,1,2200
2542,2025-05-25,1506,P01,Digital Camera,Photography,1,45000
2543,2025-06-24,594,H07,Milk Frother,Home & Kitchen,1,1100
2544,2025-04-09,707,O06,Notebook & Pen Set,Office,1,600
2544,2025-04-09,707,F04,Fitness Tracker,Fitness,1,4500
2545,2025-04-27,1675,E03,Wireless Earphones,Electronics,1,3500
2546,2025-02-15,67,H06,Tea Infuser,Home & Kitchen,1,450
2546,2025-02-15,67,P04,Tripod,Photography,1,3200
2547,2025-06-05,1125,F02,Running Socks (3-Pack),Fitness,1,950
2548,2025-01-29,1023,E09,USB-C Cable,Electronics,2,450
2549,2025-04-03,479,F04,Fitness Tracker,Fitness,1,4500
2549,2025-04-03,479,F03,Sports Water Bottle,Fitness,1,700
2550,2025-02-13,1733,H02,Coffee Pods (Pack of 20),Home & Kitchen,1,1200
2551,2025-06-09,357,H04,Blender,Home & Kitchen,1,4800
2552,2025-04-23,1581,O05,Desk Lamp,Office,1,1800
2553,2025-06-12,29,H03,Electric Kettle,Home & Kitchen,1,3200
2554,2025-05-17,1029,E04,Fast Phone Charger,Electronics,1,1200
2554,2025-05-17,1029,E05,Power Bank 10000mAh,Electronics,1,2800
2554,2025-05-17,1029,F06,Resistance Bands Set,Fitness,1,1500
2555,2025-05-14,1138,H06,Tea Infuser,Home & Kitchen,1,450
2555,2025-05-14,1138,O05,Desk Lamp,Office,1,1800
2555,2025-05-14,1138,H05,Travel Mug,Home & Kitchen,1,900
2556,2025-01-11,1200,E07,Smartwatch,Electronics,1,6500
2556,2025-01-11,1200,E08,Smartwatch Replacement Band,Electronics,1,900
2557,2025-05-27,467,E04,Fast Phone Charger,Electronics,1,1200
2557,2025-05-27,467,E05,Power Bank 10000mAh,Electronics,1,2800
2557,2025-05-27,467,E09,USB-C Cable,Electronics,1,450
2558,2025-01-30,215,P01,Digital Camera,Photography,1,45000
2558,2025-01-30,215,P02,Memory Card 128GB,Photography,1,2200
2558,2025-01-30,215,P03,Camera Bag,Photography,1,3800
2558,2025-01-30,215,P04,Tripod,Photography,1,3200
2558,2025-01-30,215,O03,Laptop Stand,Office,1,2100
2559,2025-01-30,1542,E07,Smartwatch,Electronics,1,6500
2559,2025-01-30,1542,E08,Smartwatch Replacement Band,Electronics,1,900
2560,2025-05-31,80,P01,Digital Camera,Photography,1,45000
2560,2025-05-31,80,E04,Fast Phone Charger,Electronics,1,1200
2560,2025-05-31,80,E08,Smartwatch Replacement Band,Electronics,1,900
2560,2025-05-31,80,F01,Running Shoes,Fitness,1,7500
2561,2025-06-14,50,E03,Wireless Earphones,Electronics,1,3500
2561,2025-06-14,50,E02,Screen Protector,Electronics,2,350
2562,2025-04-02,1122,P01,Digital Camera,Photography,2,45000
2563,2025-06-16,604,H03,Electric Kettle,Home & Kitchen,1,3200
2563,2025-06-16,604,H01,Coffee Maker,Home & Kitchen,1,5500
2563,2025-06-16,604,E03,Wireless Earphones,Electronics,1,3500
2563,2025-06-16,604,O05,Desk Lamp,Office,1,1800
2564,2025-01-19,1272,E06,Bluetooth Speaker,Electronics,1,4200
2565,2025-06-08,483,H02,Coffee Pods (Pack of 20),Home & Kitchen,1,1200
2566,2025-05-26,1441,F07,Gym Bag,Fitness,1,2600
2566,2025-05-26,1441,F05,Yoga Mat,Fitness,1,2200
2567,2025-05-18,466,O06,Notebook & Pen Set,Office,1,600
2568,2025-05-23,412,H07,Milk Frother,Home & Kitchen,1,1100
2568,2025-05-23,412,O05,Desk Lamp,Office,1,1800
2568,2025-05-23,412,H04,Blender,Home & Kitchen,1,4800
2569,2025-02-01,726,E08,Smartwatch Replacement Band,Electronics,1,900
2570,2025-06-03,985,P02,Memory Card 128GB,Photography,1,2200
2570,2025-06-03,985,E09,USB-C Cable,Electronics,1,450
2570,2025-06-03,985,E07,Smartwatch,Electronics,1,6500
2571,2025-06-11,970,E05,Power Bank 10000mAh,Electronics,2,2800
2571,2025-06-11,970,F02,Running Socks (3-Pack),Fitness,1,950
2572,2025-01-03,864,P01,Digital Camera,Photography,1,45000
2572,2025-01-03,864,P02,Memory Card 128GB,Photography,1,2200
2572,2025-01-03,864,P03,Camera Bag,Photography,1,3800
2572,2025-01-03,864,P04,Tripod,Photography,1,3200
2572,2025-01-03,864,E10,Laptop Sleeve,Electronics,1,1800
2573,2025-02-27,1747,P01,Digital Camera,Photography,1,45000
2574,2025-02-01,235,H04,Blender,Home & Kitchen,1,4800
2575,2025-03-05,1652,O02,Wireless Mouse,Office,1,1400
2576,2025-01-26,541,E01,Phone Case,Electronics,2,800
2576,2025-01-26,541,E02,Screen Protector,Electronics,1,350
2577,2025-06-04,1646,E08,Smartwatch Replacement Band,Electronics,1,900
2577,2025-06-04,1646,F01,Running Shoes,Fitness,1,7500
2577,2025-06-04,1646,F02,Running Socks (3-Pack),Fitness,1,950
2577,2025-06-04,1646,F04,Fitness Tracker,Fitness,2,4500
2578,2025-03-16,700,E10,Laptop Sleeve,Electronics,1,1800
2579,2025-06-09,689,E03,Wireless Earphones,Electronics,1,3500
2579,2025-06-09,689,E05,Power Bank 10000mAh,Electronics,1,2800
2579,2025-06-09,689,P05,Extra Camera Battery,Photography,1,2600
2580,2025-01-17,1529,E01,Phone Case,Electronics,1,800
2580,2025-01-17,1529,E02,Screen Protector,Electronics,1,350
2581,2025-04-30,555,H01,Coffee Maker,Home & Kitchen,1,5500
2581,2025-04-30,555,H05,Travel Mug,Home & Kitchen,2,900
2581,2025-04-30,555,O03,Laptop Stand,Office,1,2100
2581,2025-04-30,555,O04,Mechanical Keyboard,Office,1,5200
2582,2025-02-26,1102,E01,Phone Case,Electronics,1,800
2583,2025-04-23,735,O04,Mechanical Keyboard,Office,1,5200
2583,2025-04-23,735,H07,Milk Frother,Home & Kitchen,1,1100
2583,2025-04-23,735,E05,Power Bank 10000mAh,Electronics,1,2800
2583,2025-04-23,735,P02,Memory Card 128GB,Photography,2,2200
2584,2025-03-12,1645,P01,Digital Camera,Photography,1,45000
2584,2025-03-12,1645,P02,Memory Card 128GB,Photography,1,2200
2584,2025-03-12,1645,P03,Camera Bag,Photography,1,3800
2585,2025-06-30,521,O06,Notebook & Pen Set,Office,1,600
2585,2025-06-30,521,F05,Yoga Mat,Fitness,1,2200
2585,2025-06-30,521,O03,Laptop Stand,Office,1,2100
2585,2025-06-30,521,H01,Coffee Maker,Home & Kitchen,1,5500
2586,2025-03-10,1383,F03,Sports Water Bottle,Fitness,1,700
2586,2025-03-10,1383,O06,Notebook & Pen Set,Office,1,600
2587,2025-04-07,1319,O01,Laptop Bag,Office,1,3200
2587,2025-04-07,1319,O04,Mechanical Keyboard,Office,2,5200
2587,2025-04-07,1319,F01,Running Shoes,Fitness,1,7500
2587,2025-04-07,1319,E02,Screen Protector,Electronics,1,350
2588,2025-03-20,1315,P05,Extra Camera Battery,Photography,1,2600
2589,2025-04-01,1544,F05,Yoga Mat,Fitness,2,2200
2590,2025-06-29,1800,E01,Phone Case,Electronics,1,800
2590,2025-06-29,1800,E02,Screen Protector,Electronics,1,350
2591,2025-05-17,1053,H01,Coffee Maker,Home & Kitchen,1,5500
2591,2025-05-17,1053,H02,Coffee Pods (Pack of 20),Home & Kitchen,1,1200
2592,2025-02-26,1554,F06,Resistance Bands Set,Fitness,1,1500
2593,2025-06-05,109,F01,Running Shoes,Fitness,1,7500
2593,2025-06-05,109,F02,Running Socks (3-Pack),Fitness,1,950
2594,2025-02-25,933,O01,Laptop Bag,Office,1,3200
2594,2025-02-25,933,O02,Wireless Mouse,Office,1,1400
2594,2025-02-25,933,O03,Laptop Stand,Office,1,2100
2595,2025-06-20,458,P02,Memory Card 128GB,Photography,1,2200
2596,2025-06-14,423,P01,Digital Camera,Photography,1,45000
2596,2025-06-14,423,P02,Memory Card 128GB,Photography,1,2200
2596,2025-06-14,423,P03,Camera Bag,Photography,2,3800
2596,2025-06-14,423,P04,Tripod,Photography,1,3200
2597,2025-01-14,1727,E04,Fast Phone Charger,Electronics,1,1200
2597,2025-01-14,1727,E05,Power Bank 10000mAh,Electronics,1,2800
2598,2025-06-12,1128,P04,Tripod,Photography,1,3200
2599,2025-04-07,1081,H06,Tea Infuser,Home & Kitchen,1,450
2599,2025-04-07,1081,E02,Screen Protector,Electronics,1,350
2599,2025-04-07,1081,P01,Digital Camera,Photography,1,45000
2599,2025-04-07,1081,E07,Smartwatch,Electronics,1,6500
2600,2025-06-02,202,O01,Laptop Bag,Office,1,3200
2600,2025-06-02,202,H06,Tea Infuser,Home & Kitchen,1,450
2600,2025-06-02,202,H01,Coffee Maker,Home & Kitchen,1,5500
2601,2025-03-04,1260,E07,Smartwatch,Electronics,1,6500
2601,2025-03-04,1260,E05,Power Bank 10000mAh,Electronics,1,2800
2601,2025-03-04,1260,P04,Tripod,Photography,1,3200
2602,2025-05-24,534,H01,Coffee Maker,Home & Kitchen,1,5500
2602,2025-05-24,534,H02,Coffee Pods (Pack of 20),Home & Kitchen,1,1200
2603,2025-03-18,218,O01,Laptop Bag,Office,1,3200
2603,2025-03-18,218,O02,Wireless Mouse,Office,2,1400
2603,2025-03-18,218,O03,Laptop Stand,Office,1,2100
2604,2025-02-19,137,F05,Yoga Mat,Fitness,2,2200
2604,2025-02-19,137,E09,USB-C Cable,Electronics,1,450
2604,2025-02-19,137,O01,Laptop Bag,Office,1,3200
2605,2025-01-16,102,H04,Blender,Home & Kitchen,1,4800
2606,2025-02-04,1207,H03,Electric Kettle,Home & Kitchen,1,3200
2606,2025-02-04,1207,H06,Tea Infuser,Home & Kitchen,1,450
2607,2025-05-04,1460,F01,Running Shoes,Fitness,1,7500
2607,2025-05-04,1460,F02,Running Socks (3-Pack),Fitness,1,950
2607,2025-05-04,1460,F03,Sports Water Bottle,Fitness,2,700
2608,2025-02-13,1472,F04,Fitness Tracker,Fitness,1,4500
2608,2025-02-13,1472,F03,Sports Water Bottle,Fitness,2,700
2609,2025-06-21,138,E07,Smartwatch,Electronics,1,6500
2609,2025-06-21,138,E08,Smartwatch Replacement Band,Electronics,1,900
2610,2025-01-30,1006,O01,Laptop Bag,Office,1,3200
2611,2025-02-14,550,H01,Coffee Maker,Home & Kitchen,1,5500
2611,2025-02-14,550,H02,Coffee Pods (Pack of 20),Home & Kitchen,1,1200
2612,2025-05-31,1682,O01,Laptop Bag,Office,1,3200
2612,2025-05-31,1682,O02,Wireless Mouse,Office,1,1400
2612,2025-05-31,1682,O03,Laptop Stand,Office,1,2100
2613,2025-01-26,548,O03,Laptop Stand,Office,1,2100
2614,2025-06-07,405,F01,Running Shoes,Fitness,1,7500
2615,2025-05-04,418,E01,Phone Case,Electronics,1,800
2616,2025-03-07,1630,P02,Memory Card 128GB,Photography,1,2200
2616,2025-03-07,1630,P05,Extra Camera Battery,Photography,2,2600
2617,2025-06-25,341,P05,Extra Camera Battery,Photography,1,2600
2617,2025-06-25,341,E08,Smartwatch Replacement Band,Electronics,1,900
2617,2025-06-25,341,P04,Tripod,Photography,2,3200
2618,2025-03-05,1796,F04,Fitness Tracker,Fitness,1,4500
2618,2025-03-05,1796,O06,Notebook & Pen Set,Office,1,600
2618,2025-03-05,1796,O02,Wireless Mouse,Office,1,1400
2618,2025-03-05,1796,E09,USB-C Cable,Electronics,1,450
2619,2025-04-01,1042,H06,Tea Infuser,Home & Kitchen,1,450
2619,2025-04-01,1042,F07,Gym Bag,Fitness,1,2600
2620,2025-05-28,973,E10,Laptop Sleeve,Electronics,1,1800
2621,2025-05-19,556,E01,Phone Case,Electronics,1,800
2622,2025-03-24,886,F01,Running Shoes,Fitness,1,7500
2623,2025-02-23,1551,E04,Fast Phone Charger,Electronics,1,1200
2624,2025-05-31,1727,H01,Coffee Maker,Home & Kitchen,1,5500
2624,2025-05-31,1727,H02,Coffee Pods (Pack of 20),Home & Kitchen,1,1200
2625,2025-03-13,1113,O01,Laptop Bag,Office,2,3200
2625,2025-03-13,1113,O02,Wireless Mouse,Office,1,1400
2625,2025-03-13,1113,O03,Laptop Stand,Office,2,2100
2625,2025-03-13,1113,O04,Mechanical Keyboard,Office,1,5200
2626,2025-03-10,931,F01,Running Shoes,Fitness,1,7500
2626,2025-03-10,931,F02,Running Socks (3-Pack),Fitness,1,950
2627,2025-05-31,150,O01,Laptop Bag,Office,1,3200
2627,2025-05-31,150,O02,Wireless Mouse,Office,1,1400
2627,2025-05-31,150,O03,Laptop Stand,Office,1,2100
2627,2025-05-31,150,O04,Mechanical Keyboard,Office,1,5200
2628,2025-05-19,204,H03,Electric Kettle,Home & Kitchen,1,3200
2628,2025-05-19,204,H06,Tea Infuser,Home & Kitchen,1,450
2629,2025-06-15,583,E06,Bluetooth Speaker,Electronics,1,4200
2629,2025-06-15,583,O03,Laptop Stand,Office,1,2100
2629,2025-06-15,583,F06,Resistance Bands Set,Fitness,1,1500
2629,2025-06-15,583,P05,Extra Camera Battery,Photography,1,2600
2630,2025-01-13,207,E01,Phone Case,Electronics,1,800
2630,2025-01-13,207,E02,Screen Protector,Electronics,1,350
2631,2025-02-18,386,O01,Laptop Bag,Office,1,3200
2632,2025-03-11,1093,O03,Laptop Stand,Office,1,2100
2633,2025-01-29,1541,H07,Milk Frother,Home & Kitchen,1,1100
2634,2025-04-21,952,H02,Coffee Pods (Pack of 20),Home & Kitchen,1,1200
2635,2025-03-13,347,H05,Travel Mug,Home & Kitchen,1,900
2635,2025-03-13,347,H02,Coffee Pods (Pack of 20),Home & Kitchen,1,1200
2636,2025-03-15,1105,P04,Tripod,Photography,1,3200
2637,2025-03-07,1070,F07,Gym Bag,Fitness,1,2600
2637,2025-03-07,1070,F05,Yoga Mat,Fitness,1,2200
2637,2025-03-07,1070,F06,Resistance Bands Set,Fitness,1,1500
2638,2025-05-27,1072,O05,Desk Lamp,Office,1,1800
2638,2025-05-27,1072,P03,Camera Bag,Photography,1,3800
2638,2025-05-27,1072,E10,Laptop Sleeve,Electronics,1,1800
2639,2025-06-13,1792,O01,Laptop Bag,Office,1,3200
2639,2025-06-13,1792,F02,Running Socks (3-Pack),Fitness,1,950
2640,2025-03-27,1368,P03,Camera Bag,Photography,1,3800
2641,2025-02-10,1534,E07,Smartwatch,Electronics,1,6500
2641,2025-02-10,1534,E08,Smartwatch Replacement Band,Electronics,1,900
2642,2025-06-30,1719,O02,Wireless Mouse,Office,1,1400
2643,2025-04-09,725,F04,Fitness Tracker,Fitness,1,4500
2643,2025-04-09,725,F03,Sports Water Bottle,Fitness,1,700
2644,2025-02-03,975,F04,Fitness Tracker,Fitness,1,4500
2644,2025-02-03,975,F03,Sports Water Bottle,Fitness,2,700
2645,2025-02-03,385,H03,Electric Kettle,Home & Kitchen,1,3200
2645,2025-02-03,385,H06,Tea Infuser,Home & Kitchen,1,450
2646,2025-04-08,535,F07,Gym Bag,Fitness,1,2600
2646,2025-04-08,535,F05,Yoga Mat,Fitness,1,2200
2647,2025-02-08,248,F02,Running Socks (3-Pack),Fitness,1,950
2648,2025-01-31,867,H03,Electric Kettle,Home & Kitchen,1,3200
2648,2025-01-31,867,E05,Power Bank 10000mAh,Electronics,1,2800
2648,2025-01-31,867,F06,Resistance Bands Set,Fitness,1,1500
2649,2025-03-20,1720,F07,Gym Bag,Fitness,1,2600
2649,2025-03-20,1720,F05,Yoga Mat,Fitness,1,2200
2649,2025-03-20,1720,F06,Resistance Bands Set,Fitness,1,1500
2650,2025-01-29,710,F01,Running Shoes,Fitness,1,7500
2651,2025-05-02,1229,H06,Tea Infuser,Home & Kitchen,1,450
2651,2025-05-02,1229,H01,Coffee Maker,Home & Kitchen,1,5500
2652,2025-04-18,1489,O01,Laptop Bag,Office,2,3200
2652,2025-04-18,1489,O02,Wireless Mouse,Office,1,1400
2652,2025-04-18,1489,O03,Laptop Stand,Office,1,2100
2652,2025-04-18,1489,O04,Mechanical Keyboard,Office,1,5200
2653,2025-03-07,1634,H04,Blender,Home & Kitchen,1,4800
2653,2025-03-07,1634,F02,Running Socks (3-Pack),Fitness,1,950
2653,2025-03-07,1634,F06,Resistance Bands Set,Fitness,1,1500
2653,2025-03-07,1634,F05,Yoga Mat,Fitness,1,2200
2654,2025-03-25,735,F03,Sports Water Bottle,Fitness,1,700
2654,2025-03-25,735,E07,Smartwatch,Electronics,1,6500
2654,2025-03-25,735,F06,Resistance Bands Set,Fitness,1,1500
2654,2025-03-25,735,F07,Gym Bag,Fitness,1,2600
2655,2025-03-14,1566,F01,Running Shoes,Fitness,1,7500
2655,2025-03-14,1566,F02,Running Socks (3-Pack),Fitness,1,950
2656,2025-01-01,817,F05,Yoga Mat,Fitness,1,2200
2656,2025-01-01,817,O01,Laptop Bag,Office,1,3200
2656,2025-01-01,817,E10,Laptop Sleeve,Electronics,1,1800
2656,2025-01-01,817,H03,Electric Kettle,Home & Kitchen,1,3200
2657,2025-02-07,1223,F01,Running Shoes,Fitness,1,7500
2657,2025-02-07,1223,O06,Notebook & Pen Set,Office,1,600
2658,2025-05-01,1753,H02,Coffee Pods (Pack of 20),Home & Kitchen,1,1200
2659,2025-01-14,178,E07,Smartwatch,Electronics,1,6500
2659,2025-01-14,178,E08,Smartwatch Replacement Band,Electronics,1,900
2660,2025-02-18,1241,P05,Extra Camera Battery,Photography,1,2600
2661,2025-02-26,1137,F07,Gym Bag,Fitness,1,2600
2661,2025-02-26,1137,F05,Yoga Mat,Fitness,1,2200
2662,2025-01-27,130,E01,Phone Case,Electronics,1,800
2662,2025-01-27,130,H01,Coffee Maker,Home & Kitchen,1,5500
2662,2025-01-27,130,F04,Fitness Tracker,Fitness,1,4500
2662,2025-01-27,130,E09,USB-C Cable,Electronics,1,450
2663,2025-04-29,222,E07,Smartwatch,Electronics,1,6500
2663,2025-04-29,222,E01,Phone Case,Electronics,1,800
2664,2025-02-17,1394,E01,Phone Case,Electronics,2,800
2664,2025-02-17,1394,E02,Screen Protector,Electronics,1,350
2664,2025-02-17,1394,E04,Fast Phone Charger,Electronics,1,1200
2665,2025-02-28,1349,H03,Electric Kettle,Home & Kitchen,1,3200
2665,2025-02-28,1349,H06,Tea Infuser,Home & Kitchen,1,450
2665,2025-02-28,1349,H07,Milk Frother,Home & Kitchen,1,1100
2666,2025-02-02,662,E04,Fast Phone Charger,Electronics,1,1200
2666,2025-02-02,662,E05,Power Bank 10000mAh,Electronics,1,2800
2667,2025-05-19,1430,P01,Digital Camera,Photography,1,45000
2667,2025-05-19,1430,P02,Memory Card 128GB,Photography,1,2200
2667,2025-05-19,1430,P03,Camera Bag,Photography,1,3800
2667,2025-05-19,1430,P04,Tripod,Photography,1,3200
2668,2025-05-27,678,E07,Smartwatch,Electronics,1,6500
2668,2025-05-27,678,E08,Smartwatch Replacement Band,Electronics,1,900
2669,2025-02-12,1701,F07,Gym Bag,Fitness,1,2600
2669,2025-02-12,1701,F05,Yoga Mat,Fitness,1,2200
2670,2025-06-20,1563,P02,Memory Card 128GB,Photography,1,2200
2670,2025-06-20,1563,O02,Wireless Mouse,Office,1,1400
2670,2025-06-20,1563,E06,Bluetooth Speaker,Electronics,1,4200
2670,2025-06-20,1563,H07,Milk Frother,Home & Kitchen,1,1100
2671,2025-05-13,665,E06,Bluetooth Speaker,Electronics,1,4200
2672,2025-01-17,485,P01,Digital Camera,Photography,1,45000
2672,2025-01-17,485,E06,Bluetooth Speaker,Electronics,1,4200
2672,2025-01-17,485,H01,Coffee Maker,Home & Kitchen,1,5500
2673,2025-05-04,854,O05,Desk Lamp,Office,1,1800
2673,2025-05-04,854,O02,Wireless Mouse,Office,1,1400
2673,2025-05-04,854,F07,Gym Bag,Fitness,1,2600
2673,2025-05-04,854,E08,Smartwatch Replacement Band,Electronics,2,900
2674,2025-04-09,1298,O04,Mechanical Keyboard,Office,1,5200
2674,2025-04-09,1298,H03,Electric Kettle,Home & Kitchen,2,3200
2674,2025-04-09,1298,H01,Coffee Maker,Home & Kitchen,2,5500
2674,2025-04-09,1298,H02,Coffee Pods (Pack of 20),Home & Kitchen,1,1200
2675,2025-03-25,632,O03,Laptop Stand,Office,1,2100
2675,2025-03-25,632,O04,Mechanical Keyboard,Office,1,5200
2675,2025-03-25,632,H06,Tea Infuser,Home & Kitchen,1,450
2676,2025-05-18,1759,H01,Coffee Maker,Home & Kitchen,1,5500
2676,2025-05-18,1759,H02,Coffee Pods (Pack of 20),Home & Kitchen,1,1200
2677,2025-04-21,1411,P04,Tripod,Photography,1,3200
2678,2025-01-15,402,E07,Smartwatch,Electronics,1,6500
2678,2025-01-15,402,E08,Smartwatch Replacement Band,Electronics,1,900
2679,2025-02-24,719,E01,Phone Case,Electronics,1,800
2679,2025-02-24,719,E02,Screen Protector,Electronics,1,350
2680,2025-06-02,1591,F04,Fitness Tracker,Fitness,1,4500
2680,2025-06-02,1591,F03,Sports Water Bottle,Fitness,1,700
2680,2025-06-02,1591,E07,Smartwatch,Electronics,1,6500
2681,2025-06-18,727,E07,Smartwatch,Electronics,1,6500
2681,2025-06-18,727,E08,Smartwatch Replacement Band,Electronics,1,900
2682,2025-02-11,824,F01,Running Shoes,Fitness,1,7500
2682,2025-02-11,824,F02,Running Socks (3-Pack),Fitness,1,950
2682,2025-02-11,824,P05,Extra Camera Battery,Photography,1,2600
2683,2025-02-15,1578,P01,Digital Camera,Photography,1,45000
2683,2025-02-15,1578,P02,Memory Card 128GB,Photography,2,2200
2683,2025-02-15,1578,H06,Tea Infuser,Home & Kitchen,1,450
2684,2025-06-19,445,E03,Wireless Earphones,Electronics,1,3500
2684,2025-06-19,445,H02,Coffee Pods (Pack of 20),Home & Kitchen,1,1200
2685,2025-02-21,603,F04,Fitness Tracker,Fitness,1,4500
2686,2025-04-29,546,H07,Milk Frother,Home & Kitchen,1,1100
2686,2025-04-29,546,E07,Smartwatch,Electronics,1,6500
2686,2025-04-29,546,E03,Wireless Earphones,Electronics,1,3500
2687,2025-06-26,1682,H04,Blender,Home & Kitchen,1,4800
2688,2025-01-22,60,E09,USB-C Cable,Electronics,1,450
2689,2025-01-21,1238,F07,Gym Bag,Fitness,1,2600
2689,2025-01-21,1238,F05,Yoga Mat,Fitness,1,2200
2689,2025-01-21,1238,E04,Fast Phone Charger,Electronics,1,1200
2690,2025-04-06,1558,E06,Bluetooth Speaker,Electronics,1,4200
2690,2025-04-06,1558,E03,Wireless Earphones,Electronics,1,3500
2691,2025-06-12,849,O01,Laptop Bag,Office,1,3200
2691,2025-06-12,849,P05,Extra Camera Battery,Photography,1,2600
2691,2025-06-12,849,H06,Tea Infuser,Home & Kitchen,2,450
2692,2025-05-26,1556,O03,Laptop Stand,Office,1,2100
2692,2025-05-26,1556,O04,Mechanical Keyboard,Office,2,5200
2692,2025-05-26,1556,E08,Smartwatch Replacement Band,Electronics,1,900
2693,2025-02-11,1369,F05,Yoga Mat,Fitness,1,2200
2694,2025-02-03,1071,O01,Laptop Bag,Office,1,3200
2694,2025-02-03,1071,O02,Wireless Mouse,Office,2,1400
2694,2025-02-03,1071,O03,Laptop Stand,Office,1,2100
2695,2025-02-25,1723,P01,Digital Camera,Photography,1,45000
2695,2025-02-25,1723,P02,Memory Card 128GB,Photography,1,2200
2695,2025-02-25,1723,P03,Camera Bag,Photography,1,3800
2696,2025-05-13,498,E07,Smartwatch,Electronics,1,6500
2696,2025-05-13,498,E08,Smartwatch Replacement Band,Electronics,1,900
2697,2025-03-08,601,H05,Travel Mug,Home & Kitchen,1,900
2698,2025-04-09,717,E02,Screen Protector,Electronics,1,350
2699,2025-06-15,207,P05,Extra Camera Battery,Photography,1,2600
2699,2025-06-15,207,E03,Wireless Earphones,Electronics,1,3500
2700,2025-01-09,538,E04,Fast Phone Charger,Electronics,1,1200
2701,2025-06-10,1428,F04,Fitness Tracker,Fitness,2,4500
2701,2025-06-10,1428,F03,Sports Water Bottle,Fitness,1,700
2702,2025-01-05,1276,F04,Fitness Tracker,Fitness,2,4500
2702,2025-01-05,1276,F03,Sports Water Bottle,Fitness,1,700
2703,2025-01-30,740,H03,Electric Kettle,Home & Kitchen,2,3200
2704,2025-03-12,1259,H03,Electric Kettle,Home & Kitchen,1,3200
2704,2025-03-12,1259,H06,Tea Infuser,Home & Kitchen,1,450
2704,2025-03-12,1259,H07,Milk Frother,Home & Kitchen,1,1100
2705,2025-02-16,862,O03,Laptop Stand,Office,1,2100
2706,2025-01-31,1146,E04,Fast Phone Charger,Electronics,1,1200
2706,2025-01-31,1146,E05,Power Bank 10000mAh,Electronics,1,2800
2707,2025-05-16,1417,E02,Screen Protector,Electronics,1,350
2708,2025-01-10,13,P01,Digital Camera,Photography,1,45000
2708,2025-01-10,13,P02,Memory Card 128GB,Photography,1,2200
2708,2025-01-10,13,P03,Camera Bag,Photography,1,3800
2708,2025-01-10,13,P04,Tripod,Photography,1,3200
2709,2025-03-20,960,P01,Digital Camera,Photography,1,45000
2709,2025-03-20,960,P02,Memory Card 128GB,Photography,1,2200
2709,2025-03-20,960,P03,Camera Bag,Photography,1,3800
2709,2025-03-20,960,P04,Tripod,Photography,1,3200
2709,2025-03-20,960,E04,Fast Phone Charger,Electronics,1,1200
2710,2025-03-22,990,F02,Running Socks (3-Pack),Fitness,1,950
2710,2025-03-22,990,H05,Travel Mug,Home & Kitchen,1,900
2710,2025-03-22,990,H06,Tea Infuser,Home & Kitchen,1,450
2711,2025-02-27,419,O04,Mechanical Keyboard,Office,1,5200
2712,2025-03-20,335,H04,Blender,Home & Kitchen,1,4800
2713,2025-02-03,1157,F04,Fitness Tracker,Fitness,2,4500
2713,2025-02-03,1157,F03,Sports Water Bottle,Fitness,1,700
2714,2025-06-22,603,E10,Laptop Sleeve,Electronics,1,1800
2715,2025-04-07,834,F03,Sports Water Bottle,Fitness,1,700
2716,2025-06-15,45,E07,Smartwatch,Electronics,1,6500
2716,2025-06-15,45,E08,Smartwatch Replacement Band,Electronics,1,900
2717,2025-01-23,493,H03,Electric Kettle,Home & Kitchen,1,3200
2717,2025-01-23,493,P02,Memory Card 128GB,Photography,1,2200
2717,2025-01-23,493,P04,Tripod,Photography,1,3200
2717,2025-01-23,493,E01,Phone Case,Electronics,2,800
2718,2025-06-01,857,E06,Bluetooth Speaker,Electronics,1,4200
2718,2025-06-01,857,F06,Resistance Bands Set,Fitness,2,1500
2719,2025-02-12,1237,H01,Coffee Maker,Home & Kitchen,1,5500
2719,2025-02-12,1237,H02,Coffee Pods (Pack of 20),Home & Kitchen,1,1200
2719,2025-02-12,1237,H05,Travel Mug,Home & Kitchen,1,900
2720,2025-06-04,278,F07,Gym Bag,Fitness,1,2600
2720,2025-06-04,278,F05,Yoga Mat,Fitness,2,2200
2721,2025-05-25,1678,E06,Bluetooth Speaker,Electronics,1,4200
2721,2025-05-25,1678,O03,Laptop Stand,Office,1,2100
2722,2025-01-16,1277,F06,Resistance Bands Set,Fitness,1,1500
2722,2025-01-16,1277,O02,Wireless Mouse,Office,1,1400
2722,2025-01-16,1277,H06,Tea Infuser,Home & Kitchen,1,450
2722,2025-01-16,1277,O04,Mechanical Keyboard,Office,2,5200
2723,2025-05-23,566,F07,Gym Bag,Fitness,1,2600
2723,2025-05-23,566,F05,Yoga Mat,Fitness,2,2200
2723,2025-05-23,566,F06,Resistance Bands Set,Fitness,1,1500
2724,2025-01-05,131,E04,Fast Phone Charger,Electronics,1,1200
2724,2025-01-05,131,E05,Power Bank 10000mAh,Electronics,1,2800
2725,2025-02-25,77,E10,Laptop Sleeve,Electronics,1,1800
2726,2025-01-12,232,H03,Electric Kettle,Home & Kitchen,1,3200
2727,2025-06-07,7,P01,Digital Camera,Photography,1,45000
2727,2025-06-07,7,P02,Memory Card 128GB,Photography,1,2200
2727,2025-06-07,7,P03,Camera Bag,Photography,1,3800
2728,2025-01-23,643,F04,Fitness Tracker,Fitness,1,4500
2728,2025-01-23,643,F03,Sports Water Bottle,Fitness,1,700
2729,2025-02-16,1764,O01,Laptop Bag,Office,1,3200
2729,2025-02-16,1764,O02,Wireless Mouse,Office,1,1400
2729,2025-02-16,1764,O03,Laptop Stand,Office,1,2100
2730,2025-05-29,846,H01,Coffee Maker,Home & Kitchen,1,5500
2730,2025-05-29,846,F05,Yoga Mat,Fitness,1,2200
2731,2025-05-04,142,E06,Bluetooth Speaker,Electronics,1,4200
2731,2025-05-04,142,P02,Memory Card 128GB,Photography,2,2200
2731,2025-05-04,142,E10,Laptop Sleeve,Electronics,1,1800
2732,2025-02-27,1669,P02,Memory Card 128GB,Photography,2,2200
2732,2025-02-27,1669,H04,Blender,Home & Kitchen,1,4800
2733,2025-05-29,1013,F06,Resistance Bands Set,Fitness,1,1500
2733,2025-05-29,1013,O01,Laptop Bag,Office,1,3200
2733,2025-05-29,1013,E09,USB-C Cable,Electronics,1,450
2733,2025-05-29,1013,E08,Smartwatch Replacement Band,Electronics,1,900
2734,2025-01-29,671,F04,Fitness Tracker,Fitness,1,4500
2734,2025-01-29,671,F03,Sports Water Bottle,Fitness,1,700
2735,2025-04-05,1479,P01,Digital Camera,Photography,1,45000
2735,2025-04-05,1479,P02,Memory Card 128GB,Photography,1,2200
2735,2025-04-05,1479,P03,Camera Bag,Photography,1,3800
2735,2025-04-05,1479,P04,Tripod,Photography,1,3200
2736,2025-03-06,184,E04,Fast Phone Charger,Electronics,1,1200
2737,2025-05-24,308,O01,Laptop Bag,Office,1,3200
2737,2025-05-24,308,O02,Wireless Mouse,Office,1,1400
2737,2025-05-24,308,O03,Laptop Stand,Office,1,2100
2738,2025-03-05,26,O01,Laptop Bag,Office,1,3200
2738,2025-03-05,26,O02,Wireless Mouse,Office,1,1400
2738,2025-03-05,26,O03,Laptop Stand,Office,1,2100
2738,2025-03-05,26,E04,Fast Phone Charger,Electronics,1,1200
2739,2025-05-22,1528,O01,Laptop Bag,Office,1,3200
2739,2025-05-22,1528,O02,Wireless Mouse,Office,1,1400
2739,2025-05-22,1528,O03,Laptop Stand,Office,1,2100
2739,2025-05-22,1528,O04,Mechanical Keyboard,Office,1,5200
2740,2025-02-25,507,F04,Fitness Tracker,Fitness,1,4500
2740,2025-02-25,507,F03,Sports Water Bottle,Fitness,1,700
2741,2025-05-01,1474,P01,Digital Camera,Photography,1,45000
2741,2025-05-01,1474,P02,Memory Card 128GB,Photography,1,2200
2741,2025-05-01,1474,P03,Camera Bag,Photography,2,3800
2741,2025-05-01,1474,P04,Tripod,Photography,1,3200
2742,2025-05-19,458,H06,Tea Infuser,Home & Kitchen,2,450
2743,2025-04-11,1152,E01,Phone Case,Electronics,1,800
2744,2025-02-28,1710,F01,Running Shoes,Fitness,1,7500
2744,2025-02-28,1710,P01,Digital Camera,Photography,1,45000
2744,2025-02-28,1710,O05,Desk Lamp,Office,1,1800
2745,2025-01-02,539,F07,Gym Bag,Fitness,1,2600
2745,2025-01-02,539,O01,Laptop Bag,Office,1,3200
2745,2025-01-02,539,E04,Fast Phone Charger,Electronics,1,1200
2745,2025-01-02,539,E07,Smartwatch,Electronics,1,6500
2746,2025-06-09,1418,E07,Smartwatch,Electronics,1,6500
2746,2025-06-09,1418,E08,Smartwatch Replacement Band,Electronics,1,900
2746,2025-06-09,1418,F07,Gym Bag,Fitness,1,2600
2747,2025-02-07,1067,F04,Fitness Tracker,Fitness,1,4500
2747,2025-02-07,1067,F06,Resistance Bands Set,Fitness,1,1500
2747,2025-02-07,1067,E10,Laptop Sleeve,Electronics,2,1800
2747,2025-02-07,1067,O04,Mechanical Keyboard,Office,1,5200
2748,2025-06-13,488,O03,Laptop Stand,Office,1,2100
2748,2025-06-13,488,E03,Wireless Earphones,Electronics,1,3500
2749,2025-06-11,1183,O04,Mechanical Keyboard,Office,1,5200
2750,2025-03-23,757,F01,Running Shoes,Fitness,1,7500
2750,2025-03-23,757,P05,Extra Camera Battery,Photography,2,2600
2750,2025-03-23,757,E06,Bluetooth Speaker,Electronics,1,4200
2751,2025-01-15,1535,H01,Coffee Maker,Home & Kitchen,2,5500
2751,2025-01-15,1535,H02,Coffee Pods (Pack of 20),Home & Kitchen,1,1200
2752,2025-06-18,1639,F04,Fitness Tracker,Fitness,1,4500
2752,2025-06-18,1639,F03,Sports Water Bottle,Fitness,1,700
2752,2025-06-18,1639,F07,Gym Bag,Fitness,1,2600
2753,2025-05-08,1416,P03,Camera Bag,Photography,1,3800
2753,2025-05-08,1416,E09,USB-C Cable,Electronics,1,450
2754,2025-03-03,1519,E07,Smartwatch,Electronics,1,6500
2754,2025-03-03,1519,E08,Smartwatch Replacement Band,Electronics,1,900
2755,2025-04-19,451,E06,Bluetooth Speaker,Electronics,1,4200
2755,2025-04-19,451,E07,Smartwatch,Electronics,1,6500
2756,2025-05-07,1429,O03,Laptop Stand,Office,1,2100
2757,2025-03-19,1612,E04,Fast Phone Charger,Electronics,1,1200
2757,2025-03-19,1612,E05,Power Bank 10000mAh,Electronics,1,2800
2758,2025-01-18,1690,H03,Electric Kettle,Home & Kitchen,1,3200
2758,2025-01-18,1690,H06,Tea Infuser,Home & Kitchen,1,450
2758,2025-01-18,1690,H07,Milk Frother,Home & Kitchen,1,1100
2759,2025-01-13,1100,H03,Electric Kettle,Home & Kitchen,1,3200
2760,2025-06-25,1121,E09,USB-C Cable,Electronics,1,450
2761,2025-04-08,268,F01,Running Shoes,Fitness,1,7500
2761,2025-04-08,268,E07,Smartwatch,Electronics,1,6500
2762,2025-03-30,504,E01,Phone Case,Electronics,2,800
2762,2025-03-30,504,E02,Screen Protector,Electronics,2,350
2763,2025-06-06,1437,H03,Electric Kettle,Home & Kitchen,1,3200
2763,2025-06-06,1437,H06,Tea Infuser,Home & Kitchen,2,450
2764,2025-02-12,970,E09,USB-C Cable,Electronics,1,450
2764,2025-02-12,970,O01,Laptop Bag,Office,1,3200
2764,2025-02-12,970,P04,Tripod,Photography,1,3200
2764,2025-02-12,970,H06,Tea Infuser,Home & Kitchen,1,450
2765,2025-05-26,1454,O01,Laptop Bag,Office,1,3200
2766,2025-03-23,729,O01,Laptop Bag,Office,1,3200
2766,2025-03-23,729,O02,Wireless Mouse,Office,1,1400
2766,2025-03-23,729,O03,Laptop Stand,Office,1,2100
2767,2025-02-27,1415,E07,Smartwatch,Electronics,1,6500
2767,2025-02-27,1415,E08,Smartwatch Replacement Band,Electronics,1,900
2768,2025-04-21,679,P05,Extra Camera Battery,Photography,1,2600
2769,2025-04-13,1234,H04,Blender,Home & Kitchen,1,4800
2769,2025-04-13,1234,O04,Mechanical Keyboard,Office,1,5200
2769,2025-04-13,1234,O01,Laptop Bag,Office,2,3200
2769,2025-04-13,1234,O02,Wireless Mouse,Office,1,1400
2770,2025-02-23,557,P01,Digital Camera,Photography,1,45000
2771,2025-03-23,1246,H01,Coffee Maker,Home & Kitchen,1,5500
2772,2025-02-18,873,O01,Laptop Bag,Office,1,3200
2773,2025-02-03,686,F07,Gym Bag,Fitness,1,2600
2774,2025-05-11,279,E04,Fast Phone Charger,Electronics,1,1200
2774,2025-05-11,279,E05,Power Bank 10000mAh,Electronics,1,2800
2775,2025-06-22,1381,F07,Gym Bag,Fitness,1,2600
2775,2025-06-22,1381,F05,Yoga Mat,Fitness,1,2200
2776,2025-01-03,557,H05,Travel Mug,Home & Kitchen,1,900
2776,2025-01-03,557,F06,Resistance Bands Set,Fitness,1,1500
2776,2025-01-03,557,E08,Smartwatch Replacement Band,Electronics,2,900
2777,2025-04-14,1339,E06,Bluetooth Speaker,Electronics,1,4200
2777,2025-04-14,1339,F04,Fitness Tracker,Fitness,1,4500
2777,2025-04-14,1339,P05,Extra Camera Battery,Photography,1,2600
2777,2025-04-14,1339,P01,Digital Camera,Photography,1,45000
2778,2025-03-02,930,H01,Coffee Maker,Home & Kitchen,1,5500
2778,2025-03-02,930,H02,Coffee Pods (Pack of 20),Home & Kitchen,2,1200
2778,2025-03-02,930,H05,Travel Mug,Home & Kitchen,1,900
2779,2025-05-11,1588,O06,Notebook & Pen Set,Office,2,600
2780,2025-01-09,1255,E04,Fast Phone Charger,Electronics,1,1200
2780,2025-01-09,1255,E05,Power Bank 10000mAh,Electronics,1,2800
2780,2025-01-09,1255,E09,USB-C Cable,Electronics,1,450
2781,2025-05-18,438,P04,Tripod,Photography,1,3200
2782,2025-02-28,1227,O03,Laptop Stand,Office,1,2100
2782,2025-02-28,1227,P01,Digital Camera,Photography,1,45000
2783,2025-04-19,63,F07,Gym Bag,Fitness,1,2600
2783,2025-04-19,63,F05,Yoga Mat,Fitness,1,2200
2784,2025-02-12,907,F03,Sports Water Bottle,Fitness,1,700
2784,2025-02-12,907,H02,Coffee Pods (Pack of 20),Home & Kitchen,1,1200
2784,2025-02-12,907,O06,Notebook & Pen Set,Office,1,600
2784,2025-02-12,907,O05,Desk Lamp,Office,1,1800
2785,2025-03-01,548,E01,Phone Case,Electronics,2,800
2785,2025-03-01,548,E02,Screen Protector,Electronics,1,350
2785,2025-03-01,548,E04,Fast Phone Charger,Electronics,1,1200
2785,2025-03-01,548,H01,Coffee Maker,Home & Kitchen,1,5500
2786,2025-06-20,1005,E07,Smartwatch,Electronics,1,6500
2786,2025-06-20,1005,E08,Smartwatch Replacement Band,Electronics,1,900
2787,2025-06-02,131,F04,Fitness Tracker,Fitness,1,4500
2787,2025-06-02,131,F03,Sports Water Bottle,Fitness,1,700
2788,2025-03-20,763,E04,Fast Phone Charger,Electronics,2,1200
2788,2025-03-20,763,P04,Tripod,Photography,1,3200
2788,2025-03-20,763,H01,Coffee Maker,Home & Kitchen,1,5500
2788,2025-03-20,763,O06,Notebook & Pen Set,Office,1,600
2789,2025-01-25,755,O03,Laptop Stand,Office,1,2100
2789,2025-01-25,755,E07,Smartwatch,Electronics,1,6500
2789,2025-01-25,755,E02,Screen Protector,Electronics,1,350
2790,2025-01-25,1172,F01,Running Shoes,Fitness,1,7500
2790,2025-01-25,1172,E02,Screen Protector,Electronics,1,350
2790,2025-01-25,1172,P02,Memory Card 128GB,Photography,1,2200
2791,2025-01-03,1618,H03,Electric Kettle,Home & Kitchen,1,3200
2792,2025-03-26,137,E04,Fast Phone Charger,Electronics,2,1200
2792,2025-03-26,137,E05,Power Bank 10000mAh,Electronics,1,2800
2793,2025-04-19,1373,P04,Tripod,Photography,1,3200
2793,2025-04-19,1373,H02,Coffee Pods (Pack of 20),Home & Kitchen,1,1200
2793,2025-04-19,1373,E03,Wireless Earphones,Electronics,1,3500
2793,2025-04-19,1373,F04,Fitness Tracker,Fitness,1,4500
2794,2025-02-17,1390,H03,Electric Kettle,Home & Kitchen,1,3200
2794,2025-02-17,1390,H06,Tea Infuser,Home & Kitchen,1,450
2794,2025-02-17,1390,H07,Milk Frother,Home & Kitchen,1,1100
2795,2025-01-26,1005,P02,Memory Card 128GB,Photography,2,2200
2796,2025-01-29,130,H03,Electric Kettle,Home & Kitchen,1,3200
2796,2025-01-29,130,H06,Tea Infuser,Home & Kitchen,1,450
2796,2025-01-29,130,H07,Milk Frother,Home & Kitchen,1,1100
2797,2025-03-29,602,E01,Phone Case,Electronics,1,800
2797,2025-03-29,602,E02,Screen Protector,Electronics,1,350
2797,2025-03-29,602,E04,Fast Phone Charger,Electronics,1,1200
2798,2025-04-12,86,P01,Digital Camera,Photography,1,45000
2798,2025-04-12,86,P02,Memory Card 128GB,Photography,1,2200
2798,2025-04-12,86,P03,Camera Bag,Photography,1,3800
2799,2025-03-14,122,H07,Milk Frother,Home & Kitchen,1,1100
2800,2025-03-16,1765,E07,Smartwatch,Electronics,1,6500
2801,2025-02-10,1218,E01,Phone Case,Electronics,1,800
2801,2025-02-10,1218,E02,Screen Protector,Electronics,1,350
2801,2025-02-10,1218,E04,Fast Phone Charger,Electronics,1,1200
2802,2025-04-19,838,H03,Electric Kettle,Home & Kitchen,1,3200
2802,2025-04-19,838,H06,Tea Infuser,Home & Kitchen,1,450
2803,2025-01-27,432,E01,Phone Case,Electronics,1,800
2803,2025-01-27,432,E05,Power Bank 10000mAh,Electronics,1,2800
2803,2025-01-27,432,O02,Wireless Mouse,Office,1,1400
2803,2025-01-27,432,F03,Sports Water Bottle,Fitness,1,700
2804,2025-02-24,426,E05,Power Bank 10000mAh,Electronics,2,2800
2805,2025-01-02,364,E09,USB-C Cable,Electronics,2,450
2805,2025-01-02,364,F02,Running Socks (3-Pack),Fitness,1,950
2805,2025-01-02,364,F06,Resistance Bands Set,Fitness,1,1500
2806,2025-04-08,1547,P01,Digital Camera,Photography,1,45000
2806,2025-04-08,1547,E08,Smartwatch Replacement Band,Electronics,1,900
2806,2025-04-08,1547,F02,Running Socks (3-Pack),Fitness,1,950
2806,2025-04-08,1547,P03,Camera Bag,Photography,1,3800
2807,2025-04-06,834,H07,Milk Frother,Home & Kitchen,1,1100
2807,2025-04-06,834,P05,Extra Camera Battery,Photography,1,2600
2807,2025-04-06,834,O02,Wireless Mouse,Office,1,1400
2808,2025-02-05,606,E10,Laptop Sleeve,Electronics,1,1800
2809,2025-04-26,1688,O03,Laptop Stand,Office,2,2100
2810,2025-04-23,1488,F01,Running Shoes,Fitness,2,7500
2810,2025-04-23,1488,F02,Running Socks (3-Pack),Fitness,1,950
2810,2025-04-23,1488,F03,Sports Water Bottle,Fitness,1,700
2811,2025-01-03,880,H01,Coffee Maker,Home & Kitchen,1,5500
2812,2025-02-05,1160,H03,Electric Kettle,Home & Kitchen,1,3200
2812,2025-02-05,1160,H06,Tea Infuser,Home & Kitchen,2,450
2813,2025-05-07,495,E04,Fast Phone Charger,Electronics,1,1200
2813,2025-05-07,495,E05,Power Bank 10000mAh,Electronics,1,2800
2813,2025-05-07,495,E09,USB-C Cable,Electronics,1,450
2814,2025-05-10,810,F07,Gym Bag,Fitness,1,2600
2814,2025-05-10,810,E03,Wireless Earphones,Electronics,1,3500
2814,2025-05-10,810,F04,Fitness Tracker,Fitness,1,4500
2814,2025-05-10,810,H05,Travel Mug,Home & Kitchen,2,900
2815,2025-05-27,1744,F04,Fitness Tracker,Fitness,1,4500
2815,2025-05-27,1744,H02,Coffee Pods (Pack of 20),Home & Kitchen,1,1200
2815,2025-05-27,1744,E04,Fast Phone Charger,Electronics,1,1200
2815,2025-05-27,1744,F03,Sports Water Bottle,Fitness,1,700
2816,2025-02-22,1707,O02,Wireless Mouse,Office,1,1400
2817,2025-01-24,1643,E08,Smartwatch Replacement Band,Electronics,1,900
2817,2025-01-24,1643,O06,Notebook & Pen Set,Office,1,600
2817,2025-01-24,1643,O04,Mechanical Keyboard,Office,1,5200
2818,2025-05-05,1309,H01,Coffee Maker,Home & Kitchen,1,5500
2818,2025-05-05,1309,H02,Coffee Pods (Pack of 20),Home & Kitchen,1,1200
2818,2025-05-05,1309,E03,Wireless Earphones,Electronics,1,3500
2819,2025-03-22,570,E04,Fast Phone Charger,Electronics,1,1200
2819,2025-03-22,570,E05,Power Bank 10000mAh,Electronics,2,2800
2820,2025-05-29,1564,O06,Notebook & Pen Set,Office,1,600
2820,2025-05-29,1564,O03,Laptop Stand,Office,1,2100
2821,2025-02-03,1676,F04,Fitness Tracker,Fitness,2,4500
2821,2025-02-03,1676,E05,Power Bank 10000mAh,Electronics,1,2800
2821,2025-02-03,1676,F06,Resistance Bands Set,Fitness,1,1500
2821,2025-02-03,1676,H07,Milk Frother,Home & Kitchen,1,1100
2822,2025-01-21,458,F04,Fitness Tracker,Fitness,1,4500
2822,2025-01-21,458,F03,Sports Water Bottle,Fitness,2,700
2823,2025-03-17,729,F02,Running Socks (3-Pack),Fitness,2,950
2823,2025-03-17,729,E07,Smartwatch,Electronics,1,6500
2823,2025-03-17,729,E02,Screen Protector,Electronics,1,350
2823,2025-03-17,729,H01,Coffee Maker,Home & Kitchen,1,5500
2824,2025-06-01,523,F03,Sports Water Bottle,Fitness,1,700
2824,2025-06-01,523,H03,Electric Kettle,Home & Kitchen,1,3200
2825,2025-04-04,283,E02,Screen Protector,Electronics,2,350
2825,2025-04-04,283,O04,Mechanical Keyboard,Office,1,5200
2825,2025-04-04,283,E01,Phone Case,Electronics,2,800
2826,2025-02-25,400,E01,Phone Case,Electronics,2,800
2826,2025-02-25,400,E02,Screen Protector,Electronics,1,350
2827,2025-05-03,1562,F06,Resistance Bands Set,Fitness,1,1500
2828,2025-05-21,884,O01,Laptop Bag,Office,1,3200
2828,2025-05-21,884,H07,Milk Frother,Home & Kitchen,1,1100
2828,2025-05-21,884,P02,Memory Card 128GB,Photography,1,2200
2829,2025-04-22,803,F07,Gym Bag,Fitness,1,2600
2830,2025-03-25,1673,E09,USB-C Cable,Electronics,1,450
2830,2025-03-25,1673,E04,Fast Phone Charger,Electronics,1,1200
2830,2025-03-25,1673,H05,Travel Mug,Home & Kitchen,1,900
2831,2025-06-24,1502,P01,Digital Camera,Photography,1,45000
2831,2025-06-24,1502,P02,Memory Card 128GB,Photography,1,2200
2831,2025-06-24,1502,P03,Camera Bag,Photography,1,3800
2831,2025-06-24,1502,P04,Tripod,Photography,1,3200
2832,2025-05-26,102,E07,Smartwatch,Electronics,1,6500
2832,2025-05-26,102,E08,Smartwatch Replacement Band,Electronics,2,900
2832,2025-05-26,102,O05,Desk Lamp,Office,1,1800
2833,2025-06-13,1754,F04,Fitness Tracker,Fitness,1,4500
2833,2025-06-13,1754,F03,Sports Water Bottle,Fitness,2,700
2833,2025-06-13,1754,E02,Screen Protector,Electronics,1,350
2834,2025-05-30,1611,O01,Laptop Bag,Office,1,3200
2834,2025-05-30,1611,O02,Wireless Mouse,Office,1,1400
2834,2025-05-30,1611,O03,Laptop Stand,Office,1,2100
2835,2025-03-27,21,H03,Electric Kettle,Home & Kitchen,1,3200
2836,2025-01-02,1189,H01,Coffee Maker,Home & Kitchen,1,5500
2836,2025-01-02,1189,H07,Milk Frother,Home & Kitchen,1,1100
2837,2025-06-10,1357,F06,Resistance Bands Set,Fitness,2,1500
2837,2025-06-10,1357,F05,Yoga Mat,Fitness,1,2200
2837,2025-06-10,1357,O05,Desk Lamp,Office,1,1800
2838,2025-02-16,1383,O04,Mechanical Keyboard,Office,1,5200
2838,2025-02-16,1383,E04,Fast Phone Charger,Electronics,1,1200
2838,2025-02-16,1383,H01,Coffee Maker,Home & Kitchen,1,5500
2839,2025-03-12,1798,H05,Travel Mug,Home & Kitchen,1,900
2840,2025-03-21,1423,E07,Smartwatch,Electronics,1,6500
2840,2025-03-21,1423,E08,Smartwatch Replacement Band,Electronics,1,900
2841,2025-02-13,234,F07,Gym Bag,Fitness,1,2600
2841,2025-02-13,234,F05,Yoga Mat,Fitness,1,2200
2842,2025-05-16,1349,H01,Coffee Maker,Home & Kitchen,1,5500
2842,2025-05-16,1349,H02,Coffee Pods (Pack of 20),Home & Kitchen,1,1200
2842,2025-05-16,1349,H05,Travel Mug,Home & Kitchen,1,900
2843,2025-03-14,1271,F07,Gym Bag,Fitness,1,2600
2843,2025-03-14,1271,F05,Yoga Mat,Fitness,1,2200
2844,2025-03-17,447,P05,Extra Camera Battery,Photography,1,2600
2844,2025-03-17,447,F03,Sports Water Bottle,Fitness,1,700
2844,2025-03-17,447,O05,Desk Lamp,Office,1,1800
2845,2025-02-15,1420,F04,Fitness Tracker,Fitness,1,4500
2845,2025-02-15,1420,F03,Sports Water Bottle,Fitness,1,700
2845,2025-02-15,1420,E03,Wireless Earphones,Electronics,1,3500
2846,2025-04-11,509,H06,Tea Infuser,Home & Kitchen,1,450
2847,2025-06-22,751,E04,Fast Phone Charger,Electronics,1,1200
2847,2025-06-22,751,E05,Power Bank 10000mAh,Electronics,2,2800
2847,2025-06-22,751,E09,USB-C Cable,Electronics,1,450
2848,2025-04-13,1694,P01,Digital Camera,Photography,1,45000
2848,2025-04-13,1694,P02,Memory Card 128GB,Photography,1,2200
2848,2025-04-13,1694,P03,Camera Bag,Photography,1,3800
2848,2025-04-13,1694,F05,Yoga Mat,Fitness,1,2200
2849,2025-06-08,52,E01,Phone Case,Electronics,1,800
2850,2025-05-03,1685,P01,Digital Camera,Photography,1,45000
2850,2025-05-03,1685,P02,Memory Card 128GB,Photography,1,2200
2850,2025-05-03,1685,P03,Camera Bag,Photography,1,3800
2851,2025-01-15,306,F01,Running Shoes,Fitness,1,7500
2851,2025-01-15,306,F02,Running Socks (3-Pack),Fitness,1,950
2851,2025-01-15,306,F03,Sports Water Bottle,Fitness,1,700
2852,2025-04-07,26,O01,Laptop Bag,Office,1,3200
2852,2025-04-07,26,O02,Wireless Mouse,Office,1,1400
2852,2025-04-07,26,O03,Laptop Stand,Office,1,2100
2853,2025-05-21,1286,E04,Fast Phone Charger,Electronics,1,1200
2853,2025-05-21,1286,E05,Power Bank 10000mAh,Electronics,2,2800
2853,2025-05-21,1286,E09,USB-C Cable,Electronics,1,450
2853,2025-05-21,1286,F03,Sports Water Bottle,Fitness,1,700
2854,2025-03-09,323,O01,Laptop Bag,Office,1,3200
2854,2025-03-09,323,O02,Wireless Mouse,Office,1,1400
2854,2025-03-09,323,O03,Laptop Stand,Office,1,2100
2854,2025-03-09,323,O04,Mechanical Keyboard,Office,1,5200
2854,2025-03-09,323,E05,Power Bank 10000mAh,Electronics,2,2800
2855,2025-05-12,1651,H07,Milk Frother,Home & Kitchen,1,1100
2855,2025-05-12,1651,E01,Phone Case,Electronics,1,800
2856,2025-02-19,1027,F07,Gym Bag,Fitness,1,2600
2856,2025-02-19,1027,F05,Yoga Mat,Fitness,1,2200
2856,2025-02-19,1027,F06,Resistance Bands Set,Fitness,1,1500
2857,2025-06-21,261,E07,Smartwatch,Electronics,2,6500
2858,2025-03-24,1205,F04,Fitness Tracker,Fitness,1,4500
2858,2025-03-24,1205,F03,Sports Water Bottle,Fitness,1,700
2859,2025-02-20,584,H04,Blender,Home & Kitchen,1,4800
2859,2025-02-20,584,H07,Milk Frother,Home & Kitchen,1,1100
2859,2025-02-20,584,P01,Digital Camera,Photography,1,45000
2860,2025-05-01,1234,E07,Smartwatch,Electronics,2,6500
2860,2025-05-01,1234,E08,Smartwatch Replacement Band,Electronics,1,900
2860,2025-05-01,1234,E10,Laptop Sleeve,Electronics,1,1800
2860,2025-05-01,1234,H01,Coffee Maker,Home & Kitchen,1,5500
2861,2025-03-14,249,E09,USB-C Cable,Electronics,1,450
2862,2025-02-08,355,P02,Memory Card 128GB,Photography,1,2200
2863,2025-05-12,1725,F07,Gym Bag,Fitness,1,2600
2863,2025-05-12,1725,E05,Power Bank 10000mAh,Electronics,1,2800
2863,2025-05-12,1725,P01,Digital Camera,Photography,1,45000
2863,2025-05-12,1725,P05,Extra Camera Battery,Photography,1,2600
2864,2025-06-04,17,O01,Laptop Bag,Office,1,3200
2864,2025-06-04,17,E04,Fast Phone Charger,Electronics,1,1200
2864,2025-06-04,17,F04,Fitness Tracker,Fitness,1,4500
2864,2025-06-04,17,E08,Smartwatch Replacement Band,Electronics,2,900
2865,2025-04-22,1021,F02,Running Socks (3-Pack),Fitness,1,950
2866,2025-06-02,273,H03,Electric Kettle,Home & Kitchen,1,3200
2866,2025-06-02,273,H06,Tea Infuser,Home & Kitchen,1,450
2867,2025-05-13,638,F01,Running Shoes,Fitness,2,7500
2867,2025-05-13,638,F02,Running Socks (3-Pack),Fitness,1,950
2867,2025-05-13,638,F03,Sports Water Bottle,Fitness,1,700
2868,2025-04-06,1571,F03,Sports Water Bottle,Fitness,1,700
2869,2025-01-06,989,H03,Electric Kettle,Home & Kitchen,1,3200
2869,2025-01-06,989,H06,Tea Infuser,Home & Kitchen,1,450
2870,2025-04-05,381,H05,Travel Mug,Home & Kitchen,1,900
2870,2025-04-05,381,F07,Gym Bag,Fitness,1,2600
2870,2025-04-05,381,E02,Screen Protector,Electronics,2,350
2871,2025-01-24,1424,E05,Power Bank 10000mAh,Electronics,1,2800
2871,2025-01-24,1424,P05,Extra Camera Battery,Photography,1,2600
2871,2025-01-24,1424,O03,Laptop Stand,Office,1,2100
2872,2025-01-26,1214,E07,Smartwatch,Electronics,1,6500
2872,2025-01-26,1214,E08,Smartwatch Replacement Band,Electronics,1,900
2873,2025-01-03,1703,O06,Notebook & Pen Set,Office,1,600
2873,2025-01-03,1703,F04,Fitness Tracker,Fitness,1,4500
2874,2025-04-01,1391,P01,Digital Camera,Photography,1,45000
2874,2025-04-01,1391,P02,Memory Card 128GB,Photography,1,2200
2874,2025-04-01,1391,P03,Camera Bag,Photography,1,3800
2874,2025-04-01,1391,P04,Tripod,Photography,1,3200
2875,2025-01-11,1350,F07,Gym Bag,Fitness,1,2600
2875,2025-01-11,1350,F05,Yoga Mat,Fitness,1,2200
2875,2025-01-11,1350,F06,Resistance Bands Set,Fitness,1,1500
2875,2025-01-11,1350,P03,Camera Bag,Photography,1,3800
2876,2025-03-06,100,P01,Digital Camera,Photography,1,45000
2876,2025-03-06,100,P02,Memory Card 128GB,Photography,1,2200
2876,2025-03-06,100,P03,Camera Bag,Photography,1,3800
2877,2025-01-26,482,F04,Fitness Tracker,Fitness,1,4500
2877,2025-01-26,482,F03,Sports Water Bottle,Fitness,1,700
2878,2025-04-25,1442,P04,Tripod,Photography,1,3200
2878,2025-04-25,1442,H04,Blender,Home & Kitchen,1,4800
2878,2025-04-25,1442,H07,Milk Frother,Home & Kitchen,1,1100
2878,2025-04-25,1442,E10,Laptop Sleeve,Electronics,1,1800
2879,2025-04-05,1341,E04,Fast Phone Charger,Electronics,1,1200
2879,2025-04-05,1341,E05,Power Bank 10000mAh,Electronics,2,2800
2880,2025-04-01,349,P05,Extra Camera Battery,Photography,1,2600
2881,2025-05-27,1393,P01,Digital Camera,Photography,1,45000
2881,2025-05-27,1393,P02,Memory Card 128GB,Photography,1,2200
2881,2025-05-27,1393,P03,Camera Bag,Photography,1,3800
2881,2025-05-27,1393,F04,Fitness Tracker,Fitness,1,4500
2882,2025-03-25,1275,F01,Running Shoes,Fitness,1,7500
2883,2025-03-15,1760,E01,Phone Case,Electronics,1,800
2883,2025-03-15,1760,E02,Screen Protector,Electronics,1,350
2883,2025-03-15,1760,F06,Resistance Bands Set,Fitness,1,1500
2884,2025-02-09,1014,P03,Camera Bag,Photography,1,3800
2884,2025-02-09,1014,E10,Laptop Sleeve,Electronics,1,1800
2885,2025-04-20,1247,O01,Laptop Bag,Office,1,3200
2885,2025-04-20,1247,E02,Screen Protector,Electronics,1,350
2886,2025-06-02,951,P04,Tripod,Photography,1,3200
2887,2025-05-29,295,E03,Wireless Earphones,Electronics,1,3500
2887,2025-05-29,295,H05,Travel Mug,Home & Kitchen,1,900
2887,2025-05-29,295,P02,Memory Card 128GB,Photography,1,2200
2888,2025-06-21,1412,F01,Running Shoes,Fitness,2,7500
2888,2025-06-21,1412,F02,Running Socks (3-Pack),Fitness,1,950
2888,2025-06-21,1412,F03,Sports Water Bottle,Fitness,1,700
2889,2025-04-30,428,E10,Laptop Sleeve,Electronics,1,1800
2889,2025-04-30,428,F05,Yoga Mat,Fitness,1,2200
2889,2025-04-30,428,O04,Mechanical Keyboard,Office,1,5200
2890,2025-02-22,859,F07,Gym Bag,Fitness,1,2600
2891,2025-04-11,1051,O01,Laptop Bag,Office,1,3200
2891,2025-04-11,1051,O02,Wireless Mouse,Office,1,1400
2891,2025-04-11,1051,O03,Laptop Stand,Office,1,2100
2891,2025-04-11,1051,O04,Mechanical Keyboard,Office,1,5200
2891,2025-04-11,1051,O05,Desk Lamp,Office,1,1800
2892,2025-02-18,897,O02,Wireless Mouse,Office,1,1400
2892,2025-02-18,897,F03,Sports Water Bottle,Fitness,1,700
2892,2025-02-18,897,H01,Coffee Maker,Home & Kitchen,2,5500
2892,2025-02-18,897,P01,Digital Camera,Photography,1,45000
2893,2025-02-17,425,O01,Laptop Bag,Office,1,3200
2894,2025-06-16,135,F07,Gym Bag,Fitness,1,2600
2895,2025-02-20,940,O01,Laptop Bag,Office,1,3200
2895,2025-02-20,940,O02,Wireless Mouse,Office,1,1400
2895,2025-02-20,940,O03,Laptop Stand,Office,1,2100
2895,2025-02-20,940,O04,Mechanical Keyboard,Office,1,5200
2896,2025-03-20,950,O05,Desk Lamp,Office,1,1800
2896,2025-03-20,950,E09,USB-C Cable,Electronics,1,450
2897,2025-01-29,945,E07,Smartwatch,Electronics,1,6500
2897,2025-01-29,945,E08,Smartwatch Replacement Band,Electronics,1,900
2898,2025-01-06,190,H03,Electric Kettle,Home & Kitchen,1,3200
2899,2025-06-17,1516,H01,Coffee Maker,Home & Kitchen,1,5500
2900,2025-01-06,1659,E01,Phone Case,Electronics,1,800
2900,2025-01-06,1659,E02,Screen Protector,Electronics,1,350
2900,2025-01-06,1659,E04,Fast Phone Charger,Electronics,2,1200
2900,2025-01-06,1659,E06,Bluetooth Speaker,Electronics,1,4200
2901,2025-03-25,988,E07,Smartwatch,Electronics,1,6500
2901,2025-03-25,988,O05,Desk Lamp,Office,1,1800
2902,2025-04-28,1753,P05,Extra Camera Battery,Photography,1,2600
2902,2025-04-28,1753,E04,Fast Phone Charger,Electronics,1,1200
2902,2025-04-28,1753,P04,Tripod,Photography,1,3200
2902,2025-04-28,1753,F04,Fitness Tracker,Fitness,1,4500
2903,2025-01-04,878,F04,Fitness Tracker,Fitness,1,4500
2904,2025-04-19,298,F01,Running Shoes,Fitness,1,7500
2904,2025-04-19,298,H04,Blender,Home & Kitchen,1,4800
2904,2025-04-19,298,E01,Phone Case,Electronics,1,800
2905,2025-01-30,216,H01,Coffee Maker,Home & Kitchen,1,5500
2905,2025-01-30,216,H02,Coffee Pods (Pack of 20),Home & Kitchen,1,1200
2906,2025-01-22,1550,E04,Fast Phone Charger,Electronics,2,1200
2906,2025-01-22,1550,E05,Power Bank 10000mAh,Electronics,1,2800
2906,2025-01-22,1550,E09,USB-C Cable,Electronics,2,450
2907,2025-01-07,1153,H06,Tea Infuser,Home & Kitchen,1,450
2908,2025-02-12,1596,H01,Coffee Maker,Home & Kitchen,1,5500
2908,2025-02-12,1596,H02,Coffee Pods (Pack of 20),Home & Kitchen,1,1200
2909,2025-03-30,9,E04,Fast Phone Charger,Electronics,1,1200
2909,2025-03-30,9,E05,Power Bank 10000mAh,Electronics,1,2800
2910,2025-02-28,625,P01,Digital Camera,Photography,2,45000
2910,2025-02-28,625,P02,Memory Card 128GB,Photography,1,2200
2910,2025-02-28,625,P03,Camera Bag,Photography,2,3800
2911,2025-03-29,122,H04,Blender,Home & Kitchen,1,4800
2911,2025-03-29,122,P03,Camera Bag,Photography,2,3800
2912,2025-04-15,383,F06,Resistance Bands Set,Fitness,1,1500
2913,2025-04-29,1481,H01,Coffee Maker,Home & Kitchen,1,5500
2914,2025-05-16,684,E07,Smartwatch,Electronics,1,6500
2914,2025-05-16,684,E08,Smartwatch Replacement Band,Electronics,1,900
2915,2025-03-06,434,E01,Phone Case,Electronics,1,800
2915,2025-03-06,434,E02,Screen Protector,Electronics,1,350
2916,2025-06-13,1139,H01,Coffee Maker,Home & Kitchen,1,5500
2916,2025-06-13,1139,H02,Coffee Pods (Pack of 20),Home & Kitchen,1,1200
2917,2025-05-18,165,E04,Fast Phone Charger,Electronics,2,1200
2917,2025-05-18,165,E05,Power Bank 10000mAh,Electronics,1,2800
2918,2025-03-08,905,O04,Mechanical Keyboard,Office,1,5200
2919,2025-06-23,377,E09,USB-C Cable,Electronics,1,450
2920,2025-03-07,90,E07,Smartwatch,Electronics,1,6500
2920,2025-03-07,90,E08,Smartwatch Replacement Band,Electronics,1,900
2920,2025-03-07,90,H05,Travel Mug,Home & Kitchen,1,900
2921,2025-06-18,197,E02,Screen Protector,Electronics,1,350
2921,2025-06-18,197,E05,Power Bank 10000mAh,Electronics,1,2800
2921,2025-06-18,197,O05,Desk Lamp,Office,1,1800
2922,2025-05-16,1147,P01,Digital Camera,Photography,1,45000
2922,2025-05-16,1147,P02,Memory Card 128GB,Photography,1,2200
2922,2025-05-16,1147,P03,Camera Bag,Photography,1,3800
2922,2025-05-16,1147,P04,Tripod,Photography,1,3200
2923,2025-01-21,669,F07,Gym Bag,Fitness,1,2600
2923,2025-01-21,669,F05,Yoga Mat,Fitness,1,2200
2923,2025-01-21,669,E09,USB-C Cable,Electronics,1,450
2924,2025-01-06,839,H06,Tea Infuser,Home & Kitchen,1,450
2924,2025-01-06,839,P05,Extra Camera Battery,Photography,1,2600
2924,2025-01-06,839,H01,Coffee Maker,Home & Kitchen,1,5500
2925,2025-01-07,421,F01,Running Shoes,Fitness,1,7500
2925,2025-01-07,421,F02,Running Socks (3-Pack),Fitness,1,950
2926,2025-05-30,126,P02,Memory Card 128GB,Photography,1,2200
2926,2025-05-30,126,O04,Mechanical Keyboard,Office,1,5200
2926,2025-05-30,126,P01,Digital Camera,Photography,1,45000
2927,2025-05-04,763,E06,Bluetooth Speaker,Electronics,1,4200
2928,2025-06-14,1047,H03,Electric Kettle,Home & Kitchen,1,3200
2928,2025-06-14,1047,H06,Tea Infuser,Home & Kitchen,1,450
2929,2025-05-01,596,F03,Sports Water Bottle,Fitness,1,700
2930,2025-03-05,569,O03,Laptop Stand,Office,1,2100
2931,2025-04-25,1683,P01,Digital Camera,Photography,1,45000
2931,2025-04-25,1683,P02,Memory Card 128GB,Photography,1,2200
2931,2025-04-25,1683,P03,Camera Bag,Photography,1,3800
2932,2025-03-07,480,E07,Smartwatch,Electronics,1,6500
2932,2025-03-07,480,E08,Smartwatch Replacement Band,Electronics,1,900
2933,2025-01-11,1232,F07,Gym Bag,Fitness,1,2600
2933,2025-01-11,1232,F05,Yoga Mat,Fitness,1,2200
2934,2025-06-20,1399,F07,Gym Bag,Fitness,1,2600
2934,2025-06-20,1399,E06,Bluetooth Speaker,Electronics,1,4200
2934,2025-06-20,1399,H02,Coffee Pods (Pack of 20),Home & Kitchen,1,1200
2935,2025-01-19,82,H01,Coffee Maker,Home & Kitchen,2,5500
2935,2025-01-19,82,H02,Coffee Pods (Pack of 20),Home & Kitchen,2,1200
2935,2025-01-19,82,H05,Travel Mug,Home & Kitchen,1,900
2936,2025-06-14,1053,F02,Running Socks (3-Pack),Fitness,1,950
2937,2025-06-21,1796,F04,Fitness Tracker,Fitness,1,4500
2937,2025-06-21,1796,F03,Sports Water Bottle,Fitness,1,700
2938,2025-04-28,1272,E01,Phone Case,Electronics,1,800
2938,2025-04-28,1272,E02,Screen Protector,Electronics,1,350
2939,2025-01-21,1655,H02,Coffee Pods (Pack of 20),Home & Kitchen,1,1200
2939,2025-01-21,1655,H07,Milk Frother,Home & Kitchen,1,1100
2939,2025-01-21,1655,H06,Tea Infuser,Home & Kitchen,2,450
2939,2025-01-21,1655,P04,Tripod,Photography,1,3200
2940,2025-03-02,1699,H01,Coffee Maker,Home & Kitchen,1,5500
2940,2025-03-02,1699,H02,Coffee Pods (Pack of 20),Home & Kitchen,1,1200
2941,2025-06-12,717,P01,Digital Camera,Photography,1,45000
2941,2025-06-12,717,P02,Memory Card 128GB,Photography,1,2200
2941,2025-06-12,717,P03,Camera Bag,Photography,1,3800
2941,2025-06-12,717,P04,Tripod,Photography,1,3200
2942,2025-01-05,109,H04,Blender,Home & Kitchen,1,4800
2943,2025-06-13,341,P04,Tripod,Photography,2,3200
2943,2025-06-13,341,E06,Bluetooth Speaker,Electronics,1,4200
2943,2025-06-13,341,E10,Laptop Sleeve,Electronics,1,1800
2943,2025-06-13,341,F04,Fitness Tracker,Fitness,1,4500
2944,2025-01-17,1194,E08,Smartwatch Replacement Band,Electronics,1,900
2944,2025-01-17,1194,P04,Tripod,Photography,1,3200
2944,2025-01-17,1194,F03,Sports Water Bottle,Fitness,1,700
2945,2025-03-08,1722,F07,Gym Bag,Fitness,2,2600
2945,2025-03-08,1722,F05,Yoga Mat,Fitness,1,2200
2946,2025-03-13,1748,P05,Extra Camera Battery,Photography,1,2600
2947,2025-03-13,1364,E09,USB-C Cable,Electronics,1,450
2948,2025-04-26,1548,F05,Yoga Mat,Fitness,2,2200
2948,2025-04-26,1548,H07,Milk Frother,Home & Kitchen,1,1100
2948,2025-04-26,1548,O02,Wireless Mouse,Office,1,1400
2949,2025-05-16,398,O05,Desk Lamp,Office,1,1800
2950,2025-01-28,1196,H06,Tea Infuser,Home & Kitchen,1,450
2950,2025-01-28,1196,O01,Laptop Bag,Office,1,3200
2950,2025-01-28,1196,P04,Tripod,Photography,1,3200
2951,2025-02-28,642,E01,Phone Case,Electronics,1,800
2951,2025-02-28,642,E02,Screen Protector,Electronics,1,350
2952,2025-01-08,1546,E03,Wireless Earphones,Electronics,1,3500
2952,2025-01-08,1546,P04,Tripod,Photography,1,3200
2952,2025-01-08,1546,E05,Power Bank 10000mAh,Electronics,1,2800
2952,2025-01-08,1546,O06,Notebook & Pen Set,Office,1,600
2953,2025-04-09,24,E09,USB-C Cable,Electronics,1,450
2954,2025-06-30,49,E02,Screen Protector,Electronics,1,350
2954,2025-06-30,49,E05,Power Bank 10000mAh,Electronics,1,2800
2955,2025-04-07,1735,H03,Electric Kettle,Home & Kitchen,1,3200
2955,2025-04-07,1735,H06,Tea Infuser,Home & Kitchen,2,450
2956,2025-02-18,1398,F03,Sports Water Bottle,Fitness,1,700
2956,2025-02-18,1398,F01,Running Shoes,Fitness,1,7500
2956,2025-02-18,1398,O06,Notebook & Pen Set,Office,2,600
2956,2025-02-18,1398,H01,Coffee Maker,Home & Kitchen,1,5500
2957,2025-02-22,720,H03,Electric Kettle,Home & Kitchen,1,3200
2957,2025-02-22,720,F05,Yoga Mat,Fitness,1,2200
2957,2025-02-22,720,E07,Smartwatch,Electronics,1,6500
2957,2025-02-22,720,E08,Smartwatch Replacement Band,Electronics,1,900
2958,2025-01-05,303,P02,Memory Card 128GB,Photography,1,2200
2959,2025-04-22,522,E04,Fast Phone Charger,Electronics,1,1200
2959,2025-04-22,522,E05,Power Bank 10000mAh,Electronics,1,2800
2960,2025-02-10,938,E10,Laptop Sleeve,Electronics,1,1800
2961,2025-06-21,1425,E07,Smartwatch,Electronics,1,6500
2961,2025-06-21,1425,E08,Smartwatch Replacement Band,Electronics,1,900
2962,2025-02-18,48,O04,Mechanical Keyboard,Office,1,5200
2962,2025-02-18,48,O01,Laptop Bag,Office,2,3200
2963,2025-03-04,1610,E01,Phone Case,Electronics,1,800
2963,2025-03-04,1610,E02,Screen Protector,Electronics,1,350
2964,2025-03-22,1583,E07,Smartwatch,Electronics,1,6500
2964,2025-03-22,1583,E08,Smartwatch Replacement Band,Electronics,1,900
2965,2025-05-17,773,E05,Power Bank 10000mAh,Electronics,1,2800
2965,2025-05-17,773,E02,Screen Protector,Electronics,1,350
2965,2025-05-17,773,E07,Smartwatch,Electronics,1,6500
2966,2025-04-14,1230,H04,Blender,Home & Kitchen,1,4800
2967,2025-04-22,1398,H04,Blender,Home & Kitchen,1,4800
2968,2025-05-08,984,O04,Mechanical Keyboard,Office,1,5200
2968,2025-05-08,984,E03,Wireless Earphones,Electronics,2,3500
2968,2025-05-08,984,F02,Running Socks (3-Pack),Fitness,1,950
2969,2025-02-11,1569,P02,Memory Card 128GB,Photography,1,2200
2969,2025-02-11,1569,P04,Tripod,Photography,1,3200
2969,2025-02-11,1569,E05,Power Bank 10000mAh,Electronics,1,2800
2970,2025-02-12,1324,F04,Fitness Tracker,Fitness,1,4500
2970,2025-02-12,1324,F03,Sports Water Bottle,Fitness,1,700
2970,2025-02-12,1324,E04,Fast Phone Charger,Electronics,1,1200
2971,2025-04-08,315,F01,Running Shoes,Fitness,1,7500
2971,2025-04-08,315,F02,Running Socks (3-Pack),Fitness,1,950
2972,2025-03-29,1770,E04,Fast Phone Charger,Electronics,1,1200
2972,2025-03-29,1770,P03,Camera Bag,Photography,1,3800
2972,2025-03-29,1770,E10,Laptop Sleeve,Electronics,1,1800
2973,2025-03-05,695,E04,Fast Phone Charger,Electronics,1,1200
2973,2025-03-05,695,E05,Power Bank 10000mAh,Electronics,1,2800
2973,2025-03-05,695,E09,USB-C Cable,Electronics,1,450
2974,2025-05-28,1399,O04,Mechanical Keyboard,Office,1,5200
2974,2025-05-28,1399,O01,Laptop Bag,Office,1,3200
2974,2025-05-28,1399,F06,Resistance Bands Set,Fitness,1,1500
2975,2025-01-05,529,P01,Digital Camera,Photography,1,45000
2975,2025-01-05,529,P02,Memory Card 128GB,Photography,1,2200
2975,2025-01-05,529,P03,Camera Bag,Photography,1,3800
2975,2025-01-05,529,P04,Tripod,Photography,1,3200
2976,2025-03-24,1738,F04,Fitness Tracker,Fitness,2,4500
2976,2025-03-24,1738,O02,Wireless Mouse,Office,1,1400
2977,2025-02-07,614,O05,Desk Lamp,Office,1,1800
2977,2025-02-07,614,H03,Electric Kettle,Home & Kitchen,1,3200
2977,2025-02-07,614,P04,Tripod,Photography,1,3200
2978,2025-01-05,1247,E04,Fast Phone Charger,Electronics,1,1200
2978,2025-01-05,1247,E05,Power Bank 10000mAh,Electronics,1,2800
2979,2025-04-18,897,E07,Smartwatch,Electronics,1,6500
2979,2025-04-18,897,P03,Camera Bag,Photography,2,3800
2979,2025-04-18,897,O01,Laptop Bag,Office,1,3200
2979,2025-04-18,897,F03,Sports Water Bottle,Fitness,1,700
2980,2025-01-25,261,E07,Smartwatch,Electronics,1,6500
2980,2025-01-25,261,E01,Phone Case,Electronics,1,800
2980,2025-01-25,261,P03,Camera Bag,Photography,1,3800
2981,2025-03-19,1353,E04,Fast Phone Charger,Electronics,2,1200
2981,2025-03-19,1353,E05,Power Bank 10000mAh,Electronics,2,2800
2982,2025-01-11,490,P01,Digital Camera,Photography,1,45000
2982,2025-01-11,490,P02,Memory Card 128GB,Photography,1,2200
2982,2025-01-11,490,P03,Camera Bag,Photography,1,3800
2983,2025-01-10,1305,E10,Laptop Sleeve,Electronics,1,1800
2983,2025-01-10,1305,H01,Coffee Maker,Home & Kitchen,1,5500
2983,2025-01-10,1305,P04,Tripod,Photography,1,3200
2983,2025-01-10,1305,H04,Blender,Home & Kitchen,1,4800
2984,2025-01-06,1260,E08,Smartwatch Replacement Band,Electronics,1,900
2984,2025-01-06,1260,H04,Blender,Home & Kitchen,1,4800
2985,2025-06-22,1780,O01,Laptop Bag,Office,1,3200
2985,2025-06-22,1780,O02,Wireless Mouse,Office,1,1400
2985,2025-06-22,1780,O03,Laptop Stand,Office,1,2100
2986,2025-06-30,604,F07,Gym Bag,Fitness,1,2600
2986,2025-06-30,604,F05,Yoga Mat,Fitness,1,2200
2986,2025-06-30,604,F06,Resistance Bands Set,Fitness,1,1500
2987,2025-03-30,791,F07,Gym Bag,Fitness,1,2600
2988,2025-02-13,551,F04,Fitness Tracker,Fitness,1,4500
2988,2025-02-13,551,F03,Sports Water Bottle,Fitness,1,700
2989,2025-05-01,91,E07,Smartwatch,Electronics,1,6500
2989,2025-05-01,91,E04,Fast Phone Charger,Electronics,1,1200
2990,2025-03-09,1713,O03,Laptop Stand,Office,1,2100
2990,2025-03-09,1713,E01,Phone Case,Electronics,1,800
2990,2025-03-09,1713,H06,Tea Infuser,Home & Kitchen,1,450
2990,2025-03-09,1713,E02,Screen Protector,Electronics,1,350
2991,2025-04-11,261,H01,Coffee Maker,Home & Kitchen,1,5500
2991,2025-04-11,261,H02,Coffee Pods (Pack of 20),Home & Kitchen,1,1200
2991,2025-04-11,261,F02,Running Socks (3-Pack),Fitness,1,950
2992,2025-04-25,644,E06,Bluetooth Speaker,Electronics,1,4200
2993,2025-01-14,1108,H04,Blender,Home & Kitchen,1,4800
2994,2025-01-28,1715,H04,Blender,Home & Kitchen,1,4800
2994,2025-01-28,1715,H03,Electric Kettle,Home & Kitchen,1,3200
2995,2025-03-03,1303,E10,Laptop Sleeve,Electronics,1,1800
2995,2025-03-03,1303,O04,Mechanical Keyboard,Office,1,5200
2995,2025-03-03,1303,H02,Coffee Pods (Pack of 20),Home & Kitchen,2,1200
2996,2025-04-14,485,F04,Fitness Tracker,Fitness,1,4500
2996,2025-04-14,485,F03,Sports Water Bottle,Fitness,1,700
2997,2025-04-29,588,E01,Phone Case,Electronics,1,800
2997,2025-04-29,588,E02,Screen Protector,Electronics,1,350
2998,2025-06-02,230,H07,Milk Frother,Home & Kitchen,1,1100
2999,2025-02-17,503,H01,Coffee Maker,Home & Kitchen,1,5500
2999,2025-02-17,503,H02,Coffee Pods (Pack of 20),Home & Kitchen,1,1200
2999,2025-02-17,503,H05,Travel Mug,Home & Kitchen,2,900
3000,2025-06-17,1284,H04,Blender,Home & Kitchen,1,4800
3001,2025-03-18,953,O04,Mechanical Keyboard,Office,1,5200
3001,2025-03-18,953,H02,Coffee Pods (Pack of 20),Home & Kitchen,2,1200
3001,2025-03-18,953,E09,USB-C Cable,Electronics,1,450
3001,2025-03-18,953,H01,Coffee Maker,Home & Kitchen,1,5500
3002,2025-03-30,609,O01,Laptop Bag,Office,1,3200
3002,2025-03-30,609,O02,Wireless Mouse,Office,2,1400
3002,2025-03-30,609,O03,Laptop Stand,Office,1,2100
3003,2025-03-22,569,P02,Memory Card 128GB,Photography,1,2200
3003,2025-03-22,569,F03,Sports Water Bottle,Fitness,1,700
3003,2025-03-22,569,E03,Wireless Earphones,Electronics,2,3500
3004,2025-01-26,1315,E08,Smartwatch Replacement Band,Electronics,2,900
3004,2025-01-26,1315,E10,Laptop Sleeve,Electronics,1,1800
3005,2025-02-07,1034,E04,Fast Phone Charger,Electronics,1,1200
3005,2025-02-07,1034,E05,Power Bank 10000mAh,Electronics,1,2800
3006,2025-03-30,122,H06,Tea Infuser,Home & Kitchen,1,450
3006,2025-03-30,122,E04,Fast Phone Charger,Electronics,1,1200
3006,2025-03-30,122,P02,Memory Card 128GB,Photography,1,2200
3007,2025-02-17,29,E10,Laptop Sleeve,Electronics,1,1800
3008,2025-03-17,1583,O05,Desk Lamp,Office,1,1800
3009,2025-04-30,495,E03,Wireless Earphones,Electronics,1,3500
3010,2025-06-03,1278,O01,Laptop Bag,Office,1,3200
3010,2025-06-03,1278,O02,Wireless Mouse,Office,1,1400
3010,2025-06-03,1278,O03,Laptop Stand,Office,1,2100
3010,2025-06-03,1278,O04,Mechanical Keyboard,Office,1,5200
3011,2025-06-16,282,P01,Digital Camera,Photography,1,45000
3011,2025-06-16,282,P02,Memory Card 128GB,Photography,1,2200
3011,2025-06-16,282,P03,Camera Bag,Photography,1,3800
3011,2025-06-16,282,P04,Tripod,Photography,1,3200
3012,2025-04-26,1432,P02,Memory Card 128GB,Photography,1,2200
3012,2025-04-26,1432,F06,Resistance Bands Set,Fitness,1,1500
3012,2025-04-26,1432,E02,Screen Protector,Electronics,1,350
3012,2025-04-26,1432,O02,Wireless Mouse,Office,1,1400
3013,2025-03-30,1476,E04,Fast Phone Charger,Electronics,1,1200
3014,2025-01-19,926,E01,Phone Case,Electronics,1,800
3014,2025-01-19,926,E02,Screen Protector,Electronics,2,350
3014,2025-01-19,926,E04,Fast Phone Charger,Electronics,1,1200
3015,2025-02-05,1546,F07,Gym Bag,Fitness,1,2600
3015,2025-02-05,1546,F05,Yoga Mat,Fitness,1,2200
3015,2025-02-05,1546,F06,Resistance Bands Set,Fitness,1,1500
3015,2025-02-05,1546,E10,Laptop Sleeve,Electronics,1,1800
3016,2025-03-25,1569,H03,Electric Kettle,Home & Kitchen,2,3200
3016,2025-03-25,1569,H06,Tea Infuser,Home & Kitchen,1,450
3017,2025-02-23,882,E01,Phone Case,Electronics,1,800
3017,2025-02-23,882,E02,Screen Protector,Electronics,1,350
3018,2025-03-24,1274,P03,Camera Bag,Photography,1,3800
3019,2025-01-20,1141,E09,USB-C Cable,Electronics,2,450
3019,2025-01-20,1141,H03,Electric Kettle,Home & Kitchen,1,3200
3020,2025-03-31,1796,O04,Mechanical Keyboard,Office,1,5200
3021,2025-03-24,102,H02,Coffee Pods (Pack of 20),Home & Kitchen,2,1200
3021,2025-03-24,102,E06,Bluetooth Speaker,Electronics,1,4200
3021,2025-03-24,102,E02,Screen Protector,Electronics,1,350
3022,2025-06-23,833,H01,Coffee Maker,Home & Kitchen,1,5500
3022,2025-06-23,833,H02,Coffee Pods (Pack of 20),Home & Kitchen,1,1200
3022,2025-06-23,833,H05,Travel Mug,Home & Kitchen,1,900
3023,2025-03-29,1187,P01,Digital Camera,Photography,1,45000
3023,2025-03-29,1187,P02,Memory Card 128GB,Photography,1,2200
3023,2025-03-29,1187,P03,Camera Bag,Photography,1,3800
3024,2025-02-03,359,E07,Smartwatch,Electronics,1,6500
3024,2025-02-03,359,E08,Smartwatch Replacement Band,Electronics,1,900
3025,2025-03-27,660,O01,Laptop Bag,Office,1,3200
3025,2025-03-27,660,O02,Wireless Mouse,Office,1,1400
3025,2025-03-27,660,O03,Laptop Stand,Office,2,2100
3025,2025-03-27,660,O04,Mechanical Keyboard,Office,2,5200
3025,2025-03-27,660,E06,Bluetooth Speaker,Electronics,1,4200
3026,2025-02-21,415,F07,Gym Bag,Fitness,1,2600
3026,2025-02-21,415,F05,Yoga Mat,Fitness,1,2200
3027,2025-02-07,1396,O06,Notebook & Pen Set,Office,1,600
3027,2025-02-07,1396,E01,Phone Case,Electronics,1,800
3027,2025-02-07,1396,P05,Extra Camera Battery,Photography,1,2600
3027,2025-02-07,1396,P02,Memory Card 128GB,Photography,1,2200
3028,2025-01-30,1435,F07,Gym Bag,Fitness,1,2600
3028,2025-01-30,1435,O06,Notebook & Pen Set,Office,1,600
3028,2025-01-30,1435,O03,Laptop Stand,Office,1,2100
3028,2025-01-30,1435,O01,Laptop Bag,Office,1,3200
3029,2025-03-08,475,F04,Fitness Tracker,Fitness,1,4500
3029,2025-03-08,475,F03,Sports Water Bottle,Fitness,1,700
3029,2025-03-08,475,O04,Mechanical Keyboard,Office,1,5200
3030,2025-04-08,429,H01,Coffee Maker,Home & Kitchen,1,5500
3030,2025-04-08,429,H02,Coffee Pods (Pack of 20),Home & Kitchen,1,1200
3031,2025-06-13,1566,E01,Phone Case,Electronics,1,800
3031,2025-06-13,1566,E02,Screen Protector,Electronics,1,350
3032,2025-01-22,1197,E08,Smartwatch Replacement Band,Electronics,1,900
3032,2025-01-22,1197,O04,Mechanical Keyboard,Office,1,5200
3033,2025-06-24,1231,F04,Fitness Tracker,Fitness,1,4500
3033,2025-06-24,1231,F03,Sports Water Bottle,Fitness,1,700
3034,2025-02-20,369,H02,Coffee Pods (Pack of 20),Home & Kitchen,1,1200
3035,2025-02-13,814,F07,Gym Bag,Fitness,1,2600
3035,2025-02-13,814,F05,Yoga Mat,Fitness,1,2200
3036,2025-03-03,1273,E05,Power Bank 10000mAh,Electronics,1,2800
3036,2025-03-03,1273,E01,Phone Case,Electronics,2,800
3036,2025-03-03,1273,H03,Electric Kettle,Home & Kitchen,1,3200
3037,2025-02-22,1033,H04,Blender,Home & Kitchen,1,4800
3037,2025-02-22,1033,P01,Digital Camera,Photography,1,45000
3038,2025-06-15,1496,F01,Running Shoes,Fitness,1,7500
3038,2025-06-15,1496,F02,Running Socks (3-Pack),Fitness,2,950
3038,2025-06-15,1496,F03,Sports Water Bottle,Fitness,1,700
3039,2025-04-13,617,F01,Running Shoes,Fitness,1,7500
3039,2025-04-13,617,F02,Running Socks (3-Pack),Fitness,1,950
3040,2025-03-19,768,H01,Coffee Maker,Home & Kitchen,1,5500
3040,2025-03-19,768,H02,Coffee Pods (Pack of 20),Home & Kitchen,1,1200
3040,2025-03-19,768,H05,Travel Mug,Home & Kitchen,1,900
3041,2025-03-06,175,H01,Coffee Maker,Home & Kitchen,1,5500
3041,2025-03-06,175,P04,Tripod,Photography,1,3200
3041,2025-03-06,175,F06,Resistance Bands Set,Fitness,2,1500
3042,2025-06-28,728,E04,Fast Phone Charger,Electronics,1,1200
3042,2025-06-28,728,H01,Coffee Maker,Home & Kitchen,1,5500
3043,2025-05-15,961,O02,Wireless Mouse,Office,2,1400
3043,2025-05-15,961,O05,Desk Lamp,Office,1,1800
3043,2025-05-15,961,P02,Memory Card 128GB,Photography,1,2200
3043,2025-05-15,961,O06,Notebook & Pen Set,Office,1,600
3044,2025-03-30,1141,O03,Laptop Stand,Office,1,2100
3044,2025-03-30,1141,F05,Yoga Mat,Fitness,1,2200
3044,2025-03-30,1141,E08,Smartwatch Replacement Band,Electronics,1,900
3045,2025-04-18,614,E07,Smartwatch,Electronics,1,6500
3045,2025-04-18,614,E08,Smartwatch Replacement Band,Electronics,2,900
3046,2025-01-24,895,E04,Fast Phone Charger,Electronics,1,1200
3046,2025-01-24,895,E05,Power Bank 10000mAh,Electronics,1,2800
3046,2025-01-24,895,E09,USB-C Cable,Electronics,1,450
3047,2025-06-06,1049,H04,Blender,Home & Kitchen,1,4800
3048,2025-01-29,1320,E07,Smartwatch,Electronics,1,6500
3048,2025-01-29,1320,E08,Smartwatch Replacement Band,Electronics,1,900
3049,2025-06-19,860,P01,Digital Camera,Photography,1,45000
3049,2025-06-19,860,P02,Memory Card 128GB,Photography,1,2200
3049,2025-06-19,860,P03,Camera Bag,Photography,1,3800
3050,2025-04-21,613,F01,Running Shoes,Fitness,2,7500
3050,2025-04-21,613,F02,Running Socks (3-Pack),Fitness,2,950
3050,2025-04-21,613,F03,Sports Water Bottle,Fitness,1,700
3051,2025-02-03,1043,E04,Fast Phone Charger,Electronics,1,1200
3052,2025-04-08,132,E07,Smartwatch,Electronics,1,6500
3052,2025-04-08,132,E08,Smartwatch Replacement Band,Electronics,1,900
3053,2025-02-14,1264,F07,Gym Bag,Fitness,1,2600
3054,2025-06-21,322,E07,Smartwatch,Electronics,1,6500
3054,2025-06-21,322,E08,Smartwatch Replacement Band,Electronics,1,900
3055,2025-05-27,729,P02,Memory Card 128GB,Photography,1,2200
3056,2025-01-08,759,H01,Coffee Maker,Home & Kitchen,2,5500
3056,2025-01-08,759,H02,Coffee Pods (Pack of 20),Home & Kitchen,1,1200
3057,2025-01-17,1391,O04,Mechanical Keyboard,Office,1,5200
3058,2025-03-31,724,P01,Digital Camera,Photography,1,45000
3058,2025-03-31,724,P02,Memory Card 128GB,Photography,1,2200
3058,2025-03-31,724,P03,Camera Bag,Photography,2,3800
3058,2025-03-31,724,P04,Tripod,Photography,1,3200
3059,2025-03-08,457,F01,Running Shoes,Fitness,1,7500
3059,2025-03-08,457,F02,Running Socks (3-Pack),Fitness,1,950
3059,2025-03-08,457,F03,Sports Water Bottle,Fitness,1,700
3059,2025-03-08,457,E05,Power Bank 10000mAh,Electronics,1,2800
3060,2025-01-03,1674,E01,Phone Case,Electronics,1,800
3060,2025-01-03,1674,E02,Screen Protector,Electronics,1,350
3061,2025-06-09,1252,F04,Fitness Tracker,Fitness,1,4500
3061,2025-06-09,1252,F03,Sports Water Bottle,Fitness,2,700
3062,2025-05-06,74,E04,Fast Phone Charger,Electronics,1,1200
3062,2025-05-06,74,E05,Power Bank 10000mAh,Electronics,1,2800
3063,2025-05-29,1073,O01,Laptop Bag,Office,1,3200
3064,2025-03-20,1054,H03,Electric Kettle,Home & Kitchen,1,3200
3064,2025-03-20,1054,H06,Tea Infuser,Home & Kitchen,1,450
3065,2025-03-29,392,F01,Running Shoes,Fitness,1,7500
3065,2025-03-29,392,F02,Running Socks (3-Pack),Fitness,1,950
3066,2025-05-27,1024,F01,Running Shoes,Fitness,1,7500
3066,2025-05-27,1024,F05,Yoga Mat,Fitness,1,2200
3066,2025-05-27,1024,P04,Tripod,Photography,1,3200
3066,2025-05-27,1024,O03,Laptop Stand,Office,1,2100
3067,2025-02-02,744,F01,Running Shoes,Fitness,1,7500
3068,2025-06-19,1429,O05,Desk Lamp,Office,1,1800
3068,2025-06-19,1429,E05,Power Bank 10000mAh,Electronics,1,2800
3068,2025-06-19,1429,E07,Smartwatch,Electronics,1,6500
3068,2025-06-19,1429,H03,Electric Kettle,Home & Kitchen,1,3200
3069,2025-01-17,11,P01,Digital Camera,Photography,1,45000
3070,2025-03-14,1732,O04,Mechanical Keyboard,Office,1,5200
3071,2025-01-01,1727,E08,Smartwatch Replacement Band,Electronics,1,900
3072,2025-05-01,1488,P05,Extra Camera Battery,Photography,1,2600
3072,2025-05-01,1488,E02,Screen Protector,Electronics,1,350
3072,2025-05-01,1488,P02,Memory Card 128GB,Photography,1,2200
3073,2025-04-18,811,F04,Fitness Tracker,Fitness,1,4500
3073,2025-04-18,811,H02,Coffee Pods (Pack of 20),Home & Kitchen,1,1200
3073,2025-04-18,811,O05,Desk Lamp,Office,1,1800
3074,2025-04-15,1487,P01,Digital Camera,Photography,1,45000
3074,2025-04-15,1487,P02,Memory Card 128GB,Photography,1,2200
3074,2025-04-15,1487,P03,Camera Bag,Photography,1,3800
3074,2025-04-15,1487,P04,Tripod,Photography,1,3200
3075,2025-05-23,93,P02,Memory Card 128GB,Photography,1,2200
3076,2025-05-14,975,E02,Screen Protector,Electronics,1,350
3076,2025-05-14,975,E08,Smartwatch Replacement Band,Electronics,1,900
3076,2025-05-14,975,H06,Tea Infuser,Home & Kitchen,1,450
3077,2025-03-20,814,H01,Coffee Maker,Home & Kitchen,1,5500
3077,2025-03-20,814,H02,Coffee Pods (Pack of 20),Home & Kitchen,1,1200
3078,2025-06-29,1771,O01,Laptop Bag,Office,1,3200
3078,2025-06-29,1771,O02,Wireless Mouse,Office,1,1400
3078,2025-06-29,1771,O03,Laptop Stand,Office,1,2100
3079,2025-03-09,760,P02,Memory Card 128GB,Photography,1,2200
3079,2025-03-09,760,F03,Sports Water Bottle,Fitness,2,700
3079,2025-03-09,760,O03,Laptop Stand,Office,1,2100
3080,2025-04-17,1429,E04,Fast Phone Charger,Electronics,1,1200
3080,2025-04-17,1429,E05,Power Bank 10000mAh,Electronics,1,2800
3080,2025-04-17,1429,E03,Wireless Earphones,Electronics,1,3500
3081,2025-01-07,1389,P01,Digital Camera,Photography,1,45000
3081,2025-01-07,1389,P02,Memory Card 128GB,Photography,1,2200
3081,2025-01-07,1389,P03,Camera Bag,Photography,1,3800
3082,2025-01-05,913,E01,Phone Case,Electronics,1,800
3082,2025-01-05,913,E02,Screen Protector,Electronics,1,350
3083,2025-01-09,309,E04,Fast Phone Charger,Electronics,1,1200
3083,2025-01-09,309,E05,Power Bank 10000mAh,Electronics,1,2800
3084,2025-06-07,1714,P04,Tripod,Photography,1,3200
3084,2025-06-07,1714,H07,Milk Frother,Home & Kitchen,1,1100
3084,2025-06-07,1714,P05,Extra Camera Battery,Photography,1,2600
3084,2025-06-07,1714,O04,Mechanical Keyboard,Office,2,5200
3085,2025-02-10,659,F03,Sports Water Bottle,Fitness,1,700
3085,2025-02-10,659,O04,Mechanical Keyboard,Office,1,5200
3085,2025-02-10,659,O05,Desk Lamp,Office,1,1800
3085,2025-02-10,659,H04,Blender,Home & Kitchen,1,4800
3086,2025-01-09,1764,F01,Running Shoes,Fitness,1,7500
3086,2025-01-09,1764,F02,Running Socks (3-Pack),Fitness,1,950
3087,2025-04-11,1227,E09,USB-C Cable,Electronics,1,450
3087,2025-04-11,1227,E04,Fast Phone Charger,Electronics,1,1200
3087,2025-04-11,1227,P01,Digital Camera,Photography,1,45000
3088,2025-05-06,552,F07,Gym Bag,Fitness,1,2600
3088,2025-05-06,552,F05,Yoga Mat,Fitness,1,2200
3088,2025-05-06,552,F06,Resistance Bands Set,Fitness,1,1500
3089,2025-02-15,9,H02,Coffee Pods (Pack of 20),Home & Kitchen,1,1200
3089,2025-02-15,9,P01,Digital Camera,Photography,1,45000
3089,2025-02-15,9,P03,Camera Bag,Photography,1,3800
3090,2025-05-31,364,F07,Gym Bag,Fitness,2,2600
3090,2025-05-31,364,F05,Yoga Mat,Fitness,1,2200
3090,2025-05-31,364,F06,Resistance Bands Set,Fitness,1,1500
3091,2025-05-19,436,E07,Smartwatch,Electronics,1,6500
3092,2025-01-03,1470,P01,Digital Camera,Photography,1,45000
3092,2025-01-03,1470,P02,Memory Card 128GB,Photography,1,2200
3092,2025-01-03,1470,P03,Camera Bag,Photography,1,3800
3093,2025-02-21,1247,O01,Laptop Bag,Office,1,3200
3094,2025-03-31,1234,F04,Fitness Tracker,Fitness,2,4500
3094,2025-03-31,1234,F03,Sports Water Bottle,Fitness,1,700
3095,2025-02-13,884,F01,Running Shoes,Fitness,1,7500
3095,2025-02-13,884,F02,Running Socks (3-Pack),Fitness,1,950
3096,2025-05-31,92,E02,Screen Protector,Electronics,1,350
3096,2025-05-31,92,E07,Smartwatch,Electronics,1,6500
3096,2025-05-31,92,O04,Mechanical Keyboard,Office,1,5200
3097,2025-04-17,793,H01,Coffee Maker,Home & Kitchen,2,5500
3097,2025-04-17,793,H02,Coffee Pods (Pack of 20),Home & Kitchen,1,1200
3098,2025-01-04,1076,F04,Fitness Tracker,Fitness,1,4500
3098,2025-01-04,1076,E05,Power Bank 10000mAh,Electronics,1,2800
3098,2025-01-04,1076,F07,Gym Bag,Fitness,1,2600
3099,2025-05-24,966,F04,Fitness Tracker,Fitness,1,4500
3099,2025-05-24,966,F03,Sports Water Bottle,Fitness,1,700
3100,2025-03-13,1208,F01,Running Shoes,Fitness,1,7500
3100,2025-03-13,1208,F02,Running Socks (3-Pack),Fitness,1,950
3101,2025-03-17,833,F07,Gym Bag,Fitness,1,2600
3101,2025-03-17,833,F05,Yoga Mat,Fitness,1,2200
3102,2025-03-27,1244,O04,Mechanical Keyboard,Office,2,5200
3102,2025-03-27,1244,F02,Running Socks (3-Pack),Fitness,1,950
3103,2025-04-11,727,E09,USB-C Cable,Electronics,1,450
3104,2025-05-15,1217,E07,Smartwatch,Electronics,1,6500
3104,2025-05-15,1217,E08,Smartwatch Replacement Band,Electronics,1,900
3105,2025-05-11,1491,E07,Smartwatch,Electronics,2,6500
3106,2025-01-27,1430,O01,Laptop Bag,Office,1,3200
3106,2025-01-27,1430,O02,Wireless Mouse,Office,1,1400
3106,2025-01-27,1430,O03,Laptop Stand,Office,1,2100
3107,2025-02-05,1225,E07,Smartwatch,Electronics,1,6500
3107,2025-02-05,1225,P05,Extra Camera Battery,Photography,1,2600
3107,2025-02-05,1225,F06,Resistance Bands Set,Fitness,1,1500
3107,2025-02-05,1225,E08,Smartwatch Replacement Band,Electronics,1,900
3108,2025-04-16,342,E09,USB-C Cable,Electronics,1,450
3108,2025-04-16,342,E03,Wireless Earphones,Electronics,1,3500
3108,2025-04-16,342,O05,Desk Lamp,Office,2,1800
3109,2025-06-17,228,F01,Running Shoes,Fitness,2,7500
3109,2025-06-17,228,F02,Running Socks (3-Pack),Fitness,1,950
3110,2025-06-01,1291,E07,Smartwatch,Electronics,2,6500
3110,2025-06-01,1291,E08,Smartwatch Replacement Band,Electronics,1,900
3111,2025-04-12,628,E04,Fast Phone Charger,Electronics,1,1200
3111,2025-04-12,628,E05,Power Bank 10000mAh,Electronics,1,2800
3111,2025-04-12,628,P01,Digital Camera,Photography,1,45000
3112,2025-06-10,912,E07,Smartwatch,Electronics,1,6500
3112,2025-06-10,912,E08,Smartwatch Replacement Band,Electronics,1,900
3113,2025-05-13,679,O02,Wireless Mouse,Office,1,1400
3113,2025-05-13,679,H07,Milk Frother,Home & Kitchen,1,1100
3113,2025-05-13,679,P02,Memory Card 128GB,Photography,2,2200
3114,2025-02-15,436,H01,Coffee Maker,Home & Kitchen,1,5500
3114,2025-02-15,436,H02,Coffee Pods (Pack of 20),Home & Kitchen,1,1200
3115,2025-01-16,807,E04,Fast Phone Charger,Electronics,1,1200
3115,2025-01-16,807,E05,Power Bank 10000mAh,Electronics,1,2800
3115,2025-01-16,807,E09,USB-C Cable,Electronics,1,450
3116,2025-02-25,1716,H01,Coffee Maker,Home & Kitchen,1,5500
3116,2025-02-25,1716,H02,Coffee Pods (Pack of 20),Home & Kitchen,1,1200
3117,2025-05-25,1145,F02,Running Socks (3-Pack),Fitness,1,950
3117,2025-05-25,1145,H07,Milk Frother,Home & Kitchen,1,1100
3117,2025-05-25,1145,O01,Laptop Bag,Office,2,3200
3117,2025-05-25,1145,F04,Fitness Tracker,Fitness,1,4500
3118,2025-06-17,502,F04,Fitness Tracker,Fitness,2,4500
3118,2025-06-17,502,F03,Sports Water Bottle,Fitness,1,700
3119,2025-06-21,1560,O01,Laptop Bag,Office,1,3200
3119,2025-06-21,1560,O02,Wireless Mouse,Office,1,1400
3119,2025-06-21,1560,O03,Laptop Stand,Office,1,2100
3119,2025-06-21,1560,O04,Mechanical Keyboard,Office,1,5200
3120,2025-01-09,1126,H06,Tea Infuser,Home & Kitchen,1,450
3120,2025-01-09,1126,E04,Fast Phone Charger,Electronics,1,1200
3121,2025-03-04,87,P04,Tripod,Photography,1,3200
3122,2025-05-28,1700,F01,Running Shoes,Fitness,1,7500
3122,2025-05-28,1700,F02,Running Socks (3-Pack),Fitness,1,950
3123,2025-06-10,1514,F04,Fitness Tracker,Fitness,1,4500
3123,2025-06-10,1514,F03,Sports Water Bottle,Fitness,1,700
3124,2025-06-30,1152,E07,Smartwatch,Electronics,1,6500
3125,2025-02-08,716,E05,Power Bank 10000mAh,Electronics,1,2800
3126,2025-03-23,1405,O01,Laptop Bag,Office,1,3200
3126,2025-03-23,1405,O02,Wireless Mouse,Office,2,1400
3126,2025-03-23,1405,O03,Laptop Stand,Office,1,2100
3127,2025-02-27,1566,E04,Fast Phone Charger,Electronics,1,1200
3127,2025-02-27,1566,E05,Power Bank 10000mAh,Electronics,1,2800
3127,2025-02-27,1566,E09,USB-C Cable,Electronics,1,450
3128,2025-06-11,536,F07,Gym Bag,Fitness,1,2600
3128,2025-06-11,536,F05,Yoga Mat,Fitness,1,2200
3128,2025-06-11,536,F06,Resistance Bands Set,Fitness,1,1500
3129,2025-05-07,575,E02,Screen Protector,Electronics,2,350
3129,2025-05-07,575,O03,Laptop Stand,Office,1,2100
3129,2025-05-07,575,F01,Running Shoes,Fitness,1,7500
3130,2025-04-10,1298,F02,Running Socks (3-Pack),Fitness,1,950
3131,2025-06-11,607,E09,USB-C Cable,Electronics,1,450
3131,2025-06-11,607,O03,Laptop Stand,Office,1,2100
3131,2025-06-11,607,O04,Mechanical Keyboard,Office,2,5200
3132,2025-03-01,339,E04,Fast Phone Charger,Electronics,1,1200
3132,2025-03-01,339,E05,Power Bank 10000mAh,Electronics,1,2800
3133,2025-01-23,889,P04,Tripod,Photography,1,3200
3133,2025-01-23,889,H01,Coffee Maker,Home & Kitchen,2,5500
3134,2025-05-29,1253,P04,Tripod,Photography,1,3200
3135,2025-05-23,122,P01,Digital Camera,Photography,2,45000
3135,2025-05-23,122,P02,Memory Card 128GB,Photography,1,2200
3135,2025-05-23,122,P03,Camera Bag,Photography,1,3800
3136,2025-04-09,105,E01,Phone Case,Electronics,1,800
3137,2025-03-12,473,H07,Milk Frother,Home & Kitchen,1,1100
3138,2025-06-05,839,H02,Coffee Pods (Pack of 20),Home & Kitchen,1,1200
3139,2025-04-27,309,E06,Bluetooth Speaker,Electronics,1,4200
3139,2025-04-27,309,E09,USB-C Cable,Electronics,1,450
3140,2025-06-18,209,H02,Coffee Pods (Pack of 20),Home & Kitchen,1,1200
3140,2025-06-18,209,O03,Laptop Stand,Office,2,2100
3141,2025-06-29,932,F07,Gym Bag,Fitness,1,2600
3141,2025-06-29,932,F05,Yoga Mat,Fitness,1,2200
3141,2025-06-29,932,F06,Resistance Bands Set,Fitness,1,1500
3142,2025-05-22,145,H03,Electric Kettle,Home & Kitchen,1,3200
3142,2025-05-22,145,H06,Tea Infuser,Home & Kitchen,1,450
3143,2025-03-01,541,F07,Gym Bag,Fitness,1,2600
3143,2025-03-01,541,F05,Yoga Mat,Fitness,1,2200
3144,2025-03-20,1284,F07,Gym Bag,Fitness,1,2600
3144,2025-03-20,1284,F05,Yoga Mat,Fitness,1,2200
3145,2025-05-29,1415,E01,Phone Case,Electronics,1,800
3145,2025-05-29,1415,E02,Screen Protector,Electronics,2,350
3145,2025-05-29,1415,E04,Fast Phone Charger,Electronics,1,1200
3146,2025-01-26,1332,F01,Running Shoes,Fitness,2,7500
3146,2025-01-26,1332,F02,Running Socks (3-Pack),Fitness,1,950
3147,2025-04-27,398,P03,Camera Bag,Photography,1,3800
3147,2025-04-27,398,O04,Mechanical Keyboard,Office,1,5200
3148,2025-01-04,5,E04,Fast Phone Charger,Electronics,1,1200
3148,2025-01-04,5,E05,Power Bank 10000mAh,Electronics,1,2800
3149,2025-02-13,294,F07,Gym Bag,Fitness,1,2600
3149,2025-02-13,294,F05,Yoga Mat,Fitness,1,2200
3149,2025-02-13,294,F06,Resistance Bands Set,Fitness,1,1500
3150,2025-06-26,1745,P02,Memory Card 128GB,Photography,1,2200
3151,2025-03-18,245,E07,Smartwatch,Electronics,1,6500
3151,2025-03-18,245,E08,Smartwatch Replacement Band,Electronics,1,900
3152,2025-03-30,208,H01,Coffee Maker,Home & Kitchen,1,5500
3152,2025-03-30,208,H02,Coffee Pods (Pack of 20),Home & Kitchen,1,1200
3153,2025-01-16,1128,F04,Fitness Tracker,Fitness,1,4500
3153,2025-01-16,1128,F03,Sports Water Bottle,Fitness,1,700
3153,2025-01-16,1128,F06,Resistance Bands Set,Fitness,1,1500
3154,2025-03-27,1219,O01,Laptop Bag,Office,1,3200
3154,2025-03-27,1219,O02,Wireless Mouse,Office,1,1400
3154,2025-03-27,1219,O03,Laptop Stand,Office,2,2100
3155,2025-01-12,949,F07,Gym Bag,Fitness,1,2600
3155,2025-01-12,949,H03,Electric Kettle,Home & Kitchen,2,3200
3156,2025-01-12,331,F04,Fitness Tracker,Fitness,1,4500
3156,2025-01-12,331,F03,Sports Water Bottle,Fitness,2,700
3157,2025-03-04,1709,H03,Electric Kettle,Home & Kitchen,1,3200
3157,2025-03-04,1709,H06,Tea Infuser,Home & Kitchen,1,450
3158,2025-03-07,1568,F07,Gym Bag,Fitness,1,2600
3158,2025-03-07,1568,F05,Yoga Mat,Fitness,1,2200
3158,2025-03-07,1568,F06,Resistance Bands Set,Fitness,1,1500
3159,2025-01-06,1162,O03,Laptop Stand,Office,1,2100
3159,2025-01-06,1162,F01,Running Shoes,Fitness,1,7500
3159,2025-01-06,1162,O06,Notebook & Pen Set,Office,1,600
3160,2025-05-26,402,F01,Running Shoes,Fitness,2,7500
3160,2025-05-26,402,E07,Smartwatch,Electronics,2,6500
3161,2025-06-29,78,H07,Milk Frother,Home & Kitchen,2,1100
3162,2025-05-21,765,E04,Fast Phone Charger,Electronics,1,1200
3163,2025-05-18,1724,F05,Yoga Mat,Fitness,1,2200
3163,2025-05-18,1724,E08,Smartwatch Replacement Band,Electronics,1,900
3164,2025-02-18,177,F03,Sports Water Bottle,Fitness,1,700
3164,2025-02-18,177,H01,Coffee Maker,Home & Kitchen,1,5500
3164,2025-02-18,177,F05,Yoga Mat,Fitness,1,2200
3165,2025-01-31,1192,E01,Phone Case,Electronics,1,800
3165,2025-01-31,1192,E02,Screen Protector,Electronics,1,350
3166,2025-06-01,866,E05,Power Bank 10000mAh,Electronics,1,2800
3166,2025-06-01,866,F02,Running Socks (3-Pack),Fitness,1,950
3167,2025-06-18,1412,F07,Gym Bag,Fitness,1,2600
3167,2025-06-18,1412,O03,Laptop Stand,Office,1,2100
3167,2025-06-18,1412,E04,Fast Phone Charger,Electronics,2,1200
3167,2025-06-18,1412,H07,Milk Frother,Home & Kitchen,1,1100
3168,2025-04-16,1318,F04,Fitness Tracker,Fitness,1,4500
3168,2025-04-16,1318,F03,Sports Water Bottle,Fitness,1,700
3169,2025-01-05,354,P01,Digital Camera,Photography,1,45000
3169,2025-01-05,354,P02,Memory Card 128GB,Photography,1,2200
3169,2025-01-05,354,P03,Camera Bag,Photography,1,3800
3169,2025-01-05,354,P04,Tripod,Photography,1,3200
3170,2025-05-18,1371,F01,Running Shoes,Fitness,2,7500
3170,2025-05-18,1371,F02,Running Socks (3-Pack),Fitness,1,950
3170,2025-05-18,1371,F03,Sports Water Bottle,Fitness,1,700
3170,2025-05-18,1371,H01,Coffee Maker,Home & Kitchen,1,5500
3171,2025-04-03,412,E01,Phone Case,Electronics,1,800
3171,2025-04-03,412,E02,Screen Protector,Electronics,1,350
3172,2025-05-02,584,E07,Smartwatch,Electronics,1,6500
3172,2025-05-02,584,O06,Notebook & Pen Set,Office,1,600
3173,2025-04-15,1472,E05,Power Bank 10000mAh,Electronics,1,2800
3174,2025-05-25,839,E07,Smartwatch,Electronics,1,6500
3175,2025-01-17,349,P01,Digital Camera,Photography,1,45000
3175,2025-01-17,349,F05,Yoga Mat,Fitness,1,2200
3175,2025-01-17,349,E02,Screen Protector,Electronics,1,350
3176,2025-01-30,1442,E07,Smartwatch,Electronics,1,6500
3176,2025-01-30,1442,E08,Smartwatch Replacement Band,Electronics,1,900
3177,2025-03-14,960,H01,Coffee Maker,Home & Kitchen,1,5500
3177,2025-03-14,960,H02,Coffee Pods (Pack of 20),Home & Kitchen,1,1200
3177,2025-03-14,960,P04,Tripod,Photography,1,3200
3178,2025-04-21,955,E04,Fast Phone Charger,Electronics,2,1200
3178,2025-04-21,955,E05,Power Bank 10000mAh,Electronics,1,2800
3179,2025-01-23,1450,O01,Laptop Bag,Office,1,3200
3179,2025-01-23,1450,O02,Wireless Mouse,Office,1,1400
3179,2025-01-23,1450,O03,Laptop Stand,Office,1,2100
3179,2025-01-23,1450,O04,Mechanical Keyboard,Office,1,5200
3179,2025-01-23,1450,E07,Smartwatch,Electronics,1,6500
3180,2025-06-13,1661,P01,Digital Camera,Photography,1,45000
3180,2025-06-13,1661,P02,Memory Card 128GB,Photography,1,2200
3180,2025-06-13,1661,P03,Camera Bag,Photography,1,3800
3181,2025-06-23,480,H06,Tea Infuser,Home & Kitchen,1,450
3181,2025-06-23,480,P03,Camera Bag,Photography,2,3800
3181,2025-06-23,480,F01,Running Shoes,Fitness,2,7500
3182,2025-06-15,1264,F01,Running Shoes,Fitness,1,7500
3182,2025-06-15,1264,F02,Running Socks (3-Pack),Fitness,1,950
3182,2025-06-15,1264,F03,Sports Water Bottle,Fitness,1,700
3183,2025-06-27,851,F01,Running Shoes,Fitness,1,7500
3183,2025-06-27,851,F02,Running Socks (3-Pack),Fitness,1,950
3183,2025-06-27,851,E07,Smartwatch,Electronics,1,6500
3184,2025-05-09,350,F04,Fitness Tracker,Fitness,2,4500
3185,2025-02-02,172,O01,Laptop Bag,Office,1,3200
3185,2025-02-02,172,O02,Wireless Mouse,Office,1,1400
3185,2025-02-02,172,O03,Laptop Stand,Office,1,2100
3186,2025-05-05,994,E09,USB-C Cable,Electronics,1,450
3186,2025-05-05,994,P01,Digital Camera,Photography,1,45000
3187,2025-05-28,329,O06,Notebook & Pen Set,Office,1,600
3188,2025-01-12,564,O04,Mechanical Keyboard,Office,1,5200
3189,2025-06-17,723,F07,Gym Bag,Fitness,1,2600
3189,2025-06-17,723,F05,Yoga Mat,Fitness,1,2200
3190,2025-04-24,438,E03,Wireless Earphones,Electronics,1,3500
3191,2025-01-20,528,P01,Digital Camera,Photography,1,45000
3191,2025-01-20,528,P02,Memory Card 128GB,Photography,1,2200
3191,2025-01-20,528,P03,Camera Bag,Photography,1,3800
3192,2025-01-05,1669,F07,Gym Bag,Fitness,1,2600
3192,2025-01-05,1669,F05,Yoga Mat,Fitness,1,2200
3193,2025-01-13,738,F04,Fitness Tracker,Fitness,1,4500
3193,2025-01-13,738,F03,Sports Water Bottle,Fitness,1,700
3194,2025-03-19,840,F01,Running Shoes,Fitness,1,7500
3194,2025-03-19,840,F02,Running Socks (3-Pack),Fitness,1,950
3195,2025-05-27,491,E06,Bluetooth Speaker,Electronics,1,4200
3195,2025-05-27,491,O06,Notebook & Pen Set,Office,1,600
3195,2025-05-27,491,E02,Screen Protector,Electronics,1,350
3195,2025-05-27,491,O02,Wireless Mouse,Office,1,1400
3196,2025-04-21,632,E04,Fast Phone Charger,Electronics,1,1200
3196,2025-04-21,632,E05,Power Bank 10000mAh,Electronics,1,2800
3197,2025-01-24,997,F04,Fitness Tracker,Fitness,1,4500
3197,2025-01-24,997,F03,Sports Water Bottle,Fitness,1,700
3198,2025-05-04,999,H03,Electric Kettle,Home & Kitchen,1,3200
3199,2025-05-29,664,H01,Coffee Maker,Home & Kitchen,1,5500
3199,2025-05-29,664,H02,Coffee Pods (Pack of 20),Home & Kitchen,1,1200
3199,2025-05-29,664,E01,Phone Case,Electronics,1,800
3200,2025-06-01,1511,E01,Phone Case,Electronics,1,800
3201,2025-03-09,1558,H03,Electric Kettle,Home & Kitchen,1,3200
3202,2025-04-15,35,O01,Laptop Bag,Office,1,3200
3202,2025-04-15,35,O02,Wireless Mouse,Office,1,1400
3202,2025-04-15,35,O03,Laptop Stand,Office,1,2100
3203,2025-01-28,1435,F07,Gym Bag,Fitness,1,2600
3203,2025-01-28,1435,F05,Yoga Mat,Fitness,1,2200
3203,2025-01-28,1435,P04,Tripod,Photography,1,3200
3203,2025-01-28,1435,E06,Bluetooth Speaker,Electronics,1,4200
3204,2025-01-04,715,O01,Laptop Bag,Office,1,3200
3204,2025-01-04,715,O02,Wireless Mouse,Office,2,1400
3204,2025-01-04,715,O03,Laptop Stand,Office,2,2100
3205,2025-06-03,404,H01,Coffee Maker,Home & Kitchen,1,5500
3205,2025-06-03,404,H02,Coffee Pods (Pack of 20),Home & Kitchen,1,1200
3205,2025-06-03,404,H05,Travel Mug,Home & Kitchen,1,900
3206,2025-04-27,1125,E01,Phone Case,Electronics,1,800
3206,2025-04-27,1125,E02,Screen Protector,Electronics,1,350
3207,2025-05-23,1159,O02,Wireless Mouse,Office,1,1400
3207,2025-05-23,1159,E08,Smartwatch Replacement Band,Electronics,1,900
3208,2025-03-31,1086,H01,Coffee Maker,Home & Kitchen,1,5500
3208,2025-03-31,1086,P03,Camera Bag,Photography,1,3800
3208,2025-03-31,1086,O02,Wireless Mouse,Office,1,1400
3209,2025-01-26,1635,F01,Running Shoes,Fitness,1,7500
3209,2025-01-26,1635,F02,Running Socks (3-Pack),Fitness,2,950
3210,2025-04-30,720,E04,Fast Phone Charger,Electronics,1,1200
3210,2025-04-30,720,E05,Power Bank 10000mAh,Electronics,1,2800
3211,2025-06-21,1128,H06,Tea Infuser,Home & Kitchen,1,450
3211,2025-06-21,1128,F06,Resistance Bands Set,Fitness,1,1500
3211,2025-06-21,1128,O01,Laptop Bag,Office,1,3200
3211,2025-06-21,1128,E02,Screen Protector,Electronics,1,350
3212,2025-06-19,1521,E07,Smartwatch,Electronics,1,6500
3212,2025-06-19,1521,H04,Blender,Home & Kitchen,1,4800
3212,2025-06-19,1521,E05,Power Bank 10000mAh,Electronics,1,2800
3213,2025-01-30,494,E01,Phone Case,Electronics,1,800
3213,2025-01-30,494,F02,Running Socks (3-Pack),Fitness,1,950
3214,2025-05-05,78,H03,Electric Kettle,Home & Kitchen,2,3200
3214,2025-05-05,78,H06,Tea Infuser,Home & Kitchen,1,450
3215,2025-03-22,530,H01,Coffee Maker,Home & Kitchen,1,5500
3215,2025-03-22,530,H02,Coffee Pods (Pack of 20),Home & Kitchen,1,1200
3216,2025-03-31,1104,O04,Mechanical Keyboard,Office,1,5200
3216,2025-03-31,1104,F05,Yoga Mat,Fitness,1,2200
3216,2025-03-31,1104,P02,Memory Card 128GB,Photography,1,2200
3217,2025-04-02,1607,O05,Desk Lamp,Office,1,1800
3217,2025-04-02,1607,H05,Travel Mug,Home & Kitchen,1,900
3218,2025-03-26,97,O04,Mechanical Keyboard,Office,1,5200
3218,2025-03-26,97,F01,Running Shoes,Fitness,2,7500
3218,2025-03-26,97,O06,Notebook & Pen Set,Office,1,600
3219,2025-03-07,520,P04,Tripod,Photography,1,3200
3220,2025-03-29,176,F01,Running Shoes,Fitness,1,7500
3221,2025-02-08,222,F01,Running Shoes,Fitness,1,7500
3221,2025-02-08,222,F02,Running Socks (3-Pack),Fitness,1,950
3221,2025-02-08,222,F07,Gym Bag,Fitness,1,2600
3222,2025-05-03,6,F05,Yoga Mat,Fitness,1,2200
3222,2025-05-03,6,O05,Desk Lamp,Office,1,1800
3222,2025-05-03,6,H03,Electric Kettle,Home & Kitchen,1,3200
3222,2025-05-03,6,F04,Fitness Tracker,Fitness,1,4500
3223,2025-02-26,138,H05,Travel Mug,Home & Kitchen,1,900
3224,2025-03-24,1325,O04,Mechanical Keyboard,Office,1,5200
3224,2025-03-24,1325,O01,Laptop Bag,Office,1,3200
3225,2025-03-24,148,F01,Running Shoes,Fitness,1,7500
3225,2025-03-24,148,F02,Running Socks (3-Pack),Fitness,2,950
3226,2025-06-07,952,H01,Coffee Maker,Home & Kitchen,1,5500
3226,2025-06-07,952,H02,Coffee Pods (Pack of 20),Home & Kitchen,2,1200
3227,2025-02-03,1520,H06,Tea Infuser,Home & Kitchen,2,450
3227,2025-02-03,1520,P01,Digital Camera,Photography,1,45000
3227,2025-02-03,1520,O02,Wireless Mouse,Office,1,1400
3228,2025-01-06,1704,H02,Coffee Pods (Pack of 20),Home & Kitchen,1,1200
3228,2025-01-06,1704,F02,Running Socks (3-Pack),Fitness,1,950
3228,2025-01-06,1704,H04,Blender,Home & Kitchen,1,4800
3229,2025-05-17,1782,H01,Coffee Maker,Home & Kitchen,1,5500
3229,2025-05-17,1782,H02,Coffee Pods (Pack of 20),Home & Kitchen,1,1200
3230,2025-02-21,1733,H01,Coffee Maker,Home & Kitchen,1,5500
3231,2025-02-10,728,E04,Fast Phone Charger,Electronics,2,1200
3231,2025-02-10,728,E05,Power Bank 10000mAh,Electronics,1,2800
3232,2025-01-20,522,F03,Sports Water Bottle,Fitness,1,700
3233,2025-05-20,1453,O06,Notebook & Pen Set,Office,1,600
3233,2025-05-20,1453,P01,Digital Camera,Photography,1,45000
3234,2025-02-08,268,O01,Laptop Bag,Office,2,3200
3234,2025-02-08,268,O02,Wireless Mouse,Office,1,1400
3234,2025-02-08,268,O03,Laptop Stand,Office,1,2100
3235,2025-02-22,761,H05,Travel Mug,Home & Kitchen,1,900
3236,2025-06-13,77,F04,Fitness Tracker,Fitness,1,4500
3236,2025-06-13,77,F03,Sports Water Bottle,Fitness,1,700
3237,2025-06-02,1006,H03,Electric Kettle,Home & Kitchen,1,3200
3237,2025-06-02,1006,H06,Tea Infuser,Home & Kitchen,1,450
3238,2025-02-01,1362,F03,Sports Water Bottle,Fitness,1,700
3238,2025-02-01,1362,P03,Camera Bag,Photography,1,3800
3238,2025-02-01,1362,H07,Milk Frother,Home & Kitchen,1,1100
3238,2025-02-01,1362,E07,Smartwatch,Electronics,1,6500
3239,2025-05-10,886,F01,Running Shoes,Fitness,1,7500
3239,2025-05-10,886,F02,Running Socks (3-Pack),Fitness,1,950
3239,2025-05-10,886,F03,Sports Water Bottle,Fitness,1,700
3240,2025-03-03,320,E01,Phone Case,Electronics,1,800
3240,2025-03-03,320,E02,Screen Protector,Electronics,1,350
3241,2025-03-06,914,H05,Travel Mug,Home & Kitchen,1,900
3241,2025-03-06,914,E02,Screen Protector,Electronics,1,350
3242,2025-05-04,443,E07,Smartwatch,Electronics,1,6500
3242,2025-05-04,443,E08,Smartwatch Replacement Band,Electronics,1,900
3243,2025-02-06,995,H03,Electric Kettle,Home & Kitchen,2,3200
3243,2025-02-06,995,H07,Milk Frother,Home & Kitchen,2,1100
3243,2025-02-06,995,O01,Laptop Bag,Office,1,3200
3244,2025-05-03,890,E04,Fast Phone Charger,Electronics,1,1200
3244,2025-05-03,890,F02,Running Socks (3-Pack),Fitness,1,950
3244,2025-05-03,890,F04,Fitness Tracker,Fitness,1,4500
3245,2025-05-15,9,O03,Laptop Stand,Office,1,2100
3246,2025-05-11,336,E02,Screen Protector,Electronics,1,350
3246,2025-05-11,336,F02,Running Socks (3-Pack),Fitness,1,950
3246,2025-05-11,336,P03,Camera Bag,Photography,1,3800
3247,2025-02-12,1735,E04,Fast Phone Charger,Electronics,1,1200
3247,2025-02-12,1735,E05,Power Bank 10000mAh,Electronics,2,2800
3248,2025-04-26,845,E06,Bluetooth Speaker,Electronics,1,4200
3248,2025-04-26,845,P03,Camera Bag,Photography,2,3800
3248,2025-04-26,845,F03,Sports Water Bottle,Fitness,1,700
3248,2025-04-26,845,F07,Gym Bag,Fitness,1,2600
3249,2025-02-14,1585,H04,Blender,Home & Kitchen,1,4800
3249,2025-02-14,1585,H07,Milk Frother,Home & Kitchen,1,1100
3249,2025-02-14,1585,E07,Smartwatch,Electronics,1,6500
3250,2025-02-23,421,H02,Coffee Pods (Pack of 20),Home & Kitchen,1,1200
3251,2025-05-04,1187,H02,Coffee Pods (Pack of 20),Home & Kitchen,1,1200
3251,2025-05-04,1187,P01,Digital Camera,Photography,2,45000
3251,2025-05-04,1187,E05,Power Bank 10000mAh,Electronics,1,2800
3252,2025-03-07,315,F04,Fitness Tracker,Fitness,1,4500
3252,2025-03-07,315,O01,Laptop Bag,Office,1,3200
3252,2025-03-07,315,E10,Laptop Sleeve,Electronics,2,1800
3253,2025-01-24,1116,F06,Resistance Bands Set,Fitness,1,1500
3253,2025-01-24,1116,E07,Smartwatch,Electronics,1,6500
3253,2025-01-24,1116,P05,Extra Camera Battery,Photography,1,2600
3253,2025-01-24,1116,E10,Laptop Sleeve,Electronics,1,1800
3254,2025-05-22,45,E04,Fast Phone Charger,Electronics,1,1200
3254,2025-05-22,45,E05,Power Bank 10000mAh,Electronics,1,2800
3255,2025-01-16,933,F05,Yoga Mat,Fitness,1,2200
3256,2025-01-13,620,F01,Running Shoes,Fitness,1,7500
3256,2025-01-13,620,E02,Screen Protector,Electronics,1,350
3256,2025-01-13,620,F06,Resistance Bands Set,Fitness,1,1500
3256,2025-01-13,620,E04,Fast Phone Charger,Electronics,1,1200
3257,2025-03-13,628,P01,Digital Camera,Photography,1,45000
3257,2025-03-13,628,P02,Memory Card 128GB,Photography,2,2200
3257,2025-03-13,628,P03,Camera Bag,Photography,2,3800
3257,2025-03-13,628,P04,Tripod,Photography,1,3200
3258,2025-01-17,1119,O01,Laptop Bag,Office,1,3200
3258,2025-01-17,1119,E06,Bluetooth Speaker,Electronics,1,4200
3258,2025-01-17,1119,E08,Smartwatch Replacement Band,Electronics,2,900
3258,2025-01-17,1119,F03,Sports Water Bottle,Fitness,1,700
3259,2025-02-07,936,E10,Laptop Sleeve,Electronics,1,1800
3260,2025-02-09,749,P01,Digital Camera,Photography,1,45000
3260,2025-02-09,749,P02,Memory Card 128GB,Photography,1,2200
3260,2025-02-09,749,P03,Camera Bag,Photography,2,3800
3261,2025-01-17,1245,E02,Screen Protector,Electronics,1,350
3262,2025-02-01,1344,P05,Extra Camera Battery,Photography,1,2600
3262,2025-02-01,1344,H07,Milk Frother,Home & Kitchen,1,1100
3262,2025-02-01,1344,H01,Coffee Maker,Home & Kitchen,1,5500
3263,2025-04-16,774,H04,Blender,Home & Kitchen,1,4800
3263,2025-04-16,774,E02,Screen Protector,Electronics,1,350
3263,2025-04-16,774,H05,Travel Mug,Home & Kitchen,1,900
3263,2025-04-16,774,F01,Running Shoes,Fitness,2,7500
3264,2025-06-11,30,O01,Laptop Bag,Office,2,3200
3264,2025-06-11,30,F03,Sports Water Bottle,Fitness,1,700
3265,2025-06-10,1496,F07,Gym Bag,Fitness,1,2600
3266,2025-03-22,963,O01,Laptop Bag,Office,1,3200
3266,2025-03-22,963,O02,Wireless Mouse,Office,1,1400
3266,2025-03-22,963,O03,Laptop Stand,Office,1,2100
3267,2025-05-05,787,E07,Smartwatch,Electronics,1,6500
3267,2025-05-05,787,E08,Smartwatch Replacement Band,Electronics,2,900
3268,2025-03-12,1497,F02,Running Socks (3-Pack),Fitness,1,950
3268,2025-03-12,1497,H03,Electric Kettle,Home & Kitchen,1,3200
3268,2025-03-12,1497,H04,Blender,Home & Kitchen,2,4800
3269,2025-01-17,494,E07,Smartwatch,Electronics,1,6500
3269,2025-01-17,494,E08,Smartwatch Replacement Band,Electronics,1,900
3270,2025-01-26,884,H01,Coffee Maker,Home & Kitchen,1,5500
3270,2025-01-26,884,H02,Coffee Pods (Pack of 20),Home & Kitchen,1,1200
3271,2025-01-22,504,O01,Laptop Bag,Office,1,3200
3271,2025-01-22,504,O02,Wireless Mouse,Office,1,1400
3271,2025-01-22,504,O03,Laptop Stand,Office,1,2100
3271,2025-01-22,504,O04,Mechanical Keyboard,Office,1,5200
3272,2025-03-31,1776,F06,Resistance Bands Set,Fitness,1,1500
3272,2025-03-31,1776,E08,Smartwatch Replacement Band,Electronics,1,900
3273,2025-02-24,881,E04,Fast Phone Charger,Electronics,1,1200
3273,2025-02-24,881,E05,Power Bank 10000mAh,Electronics,1,2800
3273,2025-02-24,881,E09,USB-C Cable,Electronics,1,450
3274,2025-03-05,1655,H01,Coffee Maker,Home & Kitchen,2,5500
3274,2025-03-05,1655,H02,Coffee Pods (Pack of 20),Home & Kitchen,1,1200
3274,2025-03-05,1655,O04,Mechanical Keyboard,Office,2,5200
3275,2025-06-15,1149,E09,USB-C Cable,Electronics,1,450
3276,2025-01-30,192,F01,Running Shoes,Fitness,1,7500
3276,2025-01-30,192,F02,Running Socks (3-Pack),Fitness,1,950
3277,2025-01-05,750,E07,Smartwatch,Electronics,1,6500
3278,2025-01-22,1748,E09,USB-C Cable,Electronics,1,450
3279,2025-01-19,584,E01,Phone Case,Electronics,1,800
3279,2025-01-19,584,E02,Screen Protector,Electronics,1,350
3280,2025-02-20,938,E10,Laptop Sleeve,Electronics,1,1800
3281,2025-06-08,198,F07,Gym Bag,Fitness,1,2600
3281,2025-06-08,198,F05,Yoga Mat,Fitness,1,2200
3282,2025-04-02,1123,H04,Blender,Home & Kitchen,1,4800
3283,2025-06-01,1266,F02,Running Socks (3-Pack),Fitness,1,950
3283,2025-06-01,1266,E04,Fast Phone Charger,Electronics,1,1200
3283,2025-06-01,1266,P02,Memory Card 128GB,Photography,1,2200
3284,2025-05-26,1592,H03,Electric Kettle,Home & Kitchen,1,3200
3284,2025-05-26,1592,H06,Tea Infuser,Home & Kitchen,1,450
3284,2025-05-26,1592,H07,Milk Frother,Home & Kitchen,2,1100
3285,2025-05-16,808,H01,Coffee Maker,Home & Kitchen,1,5500
3285,2025-05-16,808,H02,Coffee Pods (Pack of 20),Home & Kitchen,1,1200
3286,2025-04-23,443,E04,Fast Phone Charger,Electronics,1,1200
3286,2025-04-23,443,E05,Power Bank 10000mAh,Electronics,1,2800
3287,2025-04-16,572,H03,Electric Kettle,Home & Kitchen,1,3200
3287,2025-04-16,572,H06,Tea Infuser,Home & Kitchen,2,450
3287,2025-04-16,572,H07,Milk Frother,Home & Kitchen,2,1100
3288,2025-03-10,457,F01,Running Shoes,Fitness,2,7500
3288,2025-03-10,457,F02,Running Socks (3-Pack),Fitness,1,950
3288,2025-03-10,457,E08,Smartwatch Replacement Band,Electronics,1,900
3289,2025-02-25,271,P05,Extra Camera Battery,Photography,1,2600
3290,2025-05-26,37,O01,Laptop Bag,Office,1,3200
3290,2025-05-26,37,O02,Wireless Mouse,Office,1,1400
3290,2025-05-26,37,O03,Laptop Stand,Office,1,2100
3291,2025-02-08,1382,E04,Fast Phone Charger,Electronics,1,1200
3291,2025-02-08,1382,E05,Power Bank 10000mAh,Electronics,2,2800
3292,2025-05-09,575,E07,Smartwatch,Electronics,1,6500
3292,2025-05-09,575,E08,Smartwatch Replacement Band,Electronics,1,900
3293,2025-01-09,506,F06,Resistance Bands Set,Fitness,1,1500
3293,2025-01-09,506,H07,Milk Frother,Home & Kitchen,1,1100
3293,2025-01-09,506,E06,Bluetooth Speaker,Electronics,1,4200
3294,2025-01-10,1720,H04,Blender,Home & Kitchen,1,4800
3294,2025-01-10,1720,E06,Bluetooth Speaker,Electronics,1,4200
3294,2025-01-10,1720,F02,Running Socks (3-Pack),Fitness,1,950
3294,2025-01-10,1720,E01,Phone Case,Electronics,1,800
3295,2025-02-19,1053,P03,Camera Bag,Photography,1,3800
3296,2025-04-30,464,O01,Laptop Bag,Office,1,3200
3296,2025-04-30,464,O02,Wireless Mouse,Office,1,1400
3296,2025-04-30,464,O03,Laptop Stand,Office,1,2100
3297,2025-04-02,1481,P04,Tripod,Photography,1,3200
3298,2025-06-05,878,E07,Smartwatch,Electronics,1,6500
3299,2025-01-10,1775,E01,Phone Case,Electronics,1,800
3299,2025-01-10,1775,E02,Screen Protector,Electronics,1,350
3300,2025-06-05,989,F06,Resistance Bands Set,Fitness,1,1500
3300,2025-06-05,989,O05,Desk Lamp,Office,1,1800
3300,2025-06-05,989,P02,Memory Card 128GB,Photography,1,2200
3300,2025-06-05,989,E10,Laptop Sleeve,Electronics,1,1800
3301,2025-05-07,198,E07,Smartwatch,Electronics,1,6500
3301,2025-05-07,198,E08,Smartwatch Replacement Band,Electronics,1,900
3302,2025-02-04,746,E01,Phone Case,Electronics,1,800
3302,2025-02-04,746,E10,Laptop Sleeve,Electronics,1,1800
3303,2025-05-03,420,F07,Gym Bag,Fitness,1,2600
3303,2025-05-03,420,F05,Yoga Mat,Fitness,1,2200
3303,2025-05-03,420,F06,Resistance Bands Set,Fitness,2,1500
3304,2025-06-09,89,O05,Desk Lamp,Office,1,1800
3304,2025-06-09,89,F04,Fitness Tracker,Fitness,1,4500
3305,2025-04-26,630,O01,Laptop Bag,Office,1,3200
3305,2025-04-26,630,O02,Wireless Mouse,Office,1,1400
3305,2025-04-26,630,O03,Laptop Stand,Office,1,2100
3305,2025-04-26,630,O04,Mechanical Keyboard,Office,1,5200
3306,2025-04-07,906,P03,Camera Bag,Photography,2,3800
3307,2025-05-27,1195,O05,Desk Lamp,Office,2,1800
3307,2025-05-27,1195,E01,Phone Case,Electronics,1,800
3307,2025-05-27,1195,F06,Resistance Bands Set,Fitness,1,1500
3308,2025-02-23,1533,E01,Phone Case,Electronics,1,800
3308,2025-02-23,1533,E02,Screen Protector,Electronics,1,350
3309,2025-01-14,763,E01,Phone Case,Electronics,1,800
3309,2025-01-14,763,O01,Laptop Bag,Office,1,3200
3310,2025-01-17,1388,H03,Electric Kettle,Home & Kitchen,1,3200
3310,2025-01-17,1388,H04,Blender,Home & Kitchen,1,4800
3310,2025-01-17,1388,O05,Desk Lamp,Office,1,1800
3310,2025-01-17,1388,E09,USB-C Cable,Electronics,1,450
3311,2025-05-10,1246,F01,Running Shoes,Fitness,1,7500
3311,2025-05-10,1246,F02,Running Socks (3-Pack),Fitness,1,950
3312,2025-01-29,1644,E07,Smartwatch,Electronics,1,6500
3312,2025-01-29,1644,E08,Smartwatch Replacement Band,Electronics,1,900
3313,2025-01-05,511,E04,Fast Phone Charger,Electronics,1,1200
3313,2025-01-05,511,E05,Power Bank 10000mAh,Electronics,1,2800
3314,2025-04-15,689,H06,Tea Infuser,Home & Kitchen,1,450
3314,2025-04-15,689,H05,Travel Mug,Home & Kitchen,2,900
3314,2025-04-15,689,F03,Sports Water Bottle,Fitness,1,700
3315,2025-06-28,261,E04,Fast Phone Charger,Electronics,1,1200
3315,2025-06-28,261,F02,Running Socks (3-Pack),Fitness,1,950
3316,2025-02-24,193,H03,Electric Kettle,Home & Kitchen,2,3200
3316,2025-02-24,193,H06,Tea Infuser,Home & Kitchen,1,450
3316,2025-02-24,193,H07,Milk Frother,Home & Kitchen,1,1100
3317,2025-01-25,1405,P01,Digital Camera,Photography,1,45000
3317,2025-01-25,1405,P02,Memory Card 128GB,Photography,1,2200
3317,2025-01-25,1405,P03,Camera Bag,Photography,2,3800
3318,2025-04-18,439,H01,Coffee Maker,Home & Kitchen,1,5500
3318,2025-04-18,439,H02,Coffee Pods (Pack of 20),Home & Kitchen,1,1200
3318,2025-04-18,439,E07,Smartwatch,Electronics,1,6500
3319,2025-03-22,270,E01,Phone Case,Electronics,1,800
3319,2025-03-22,270,E02,Screen Protector,Electronics,2,350
3319,2025-03-22,270,E04,Fast Phone Charger,Electronics,1,1200
3320,2025-02-18,1398,F07,Gym Bag,Fitness,1,2600
3320,2025-02-18,1398,F05,Yoga Mat,Fitness,2,2200
3321,2025-03-04,1499,E04,Fast Phone Charger,Electronics,1,1200
3321,2025-03-04,1499,E05,Power Bank 10000mAh,Electronics,1,2800
3321,2025-03-04,1499,E09,USB-C Cable,Electronics,1,450
3322,2025-06-18,115,F04,Fitness Tracker,Fitness,1,4500
3322,2025-06-18,115,F03,Sports Water Bottle,Fitness,1,700
3323,2025-04-24,1664,F04,Fitness Tracker,Fitness,2,4500
3323,2025-04-24,1664,F03,Sports Water Bottle,Fitness,1,700
3324,2025-01-06,494,H05,Travel Mug,Home & Kitchen,2,900
3325,2025-03-13,1782,E01,Phone Case,Electronics,1,800
3325,2025-03-13,1782,E02,Screen Protector,Electronics,1,350
3326,2025-05-05,1624,F04,Fitness Tracker,Fitness,1,4500
3326,2025-05-05,1624,P01,Digital Camera,Photography,1,45000
3326,2025-05-05,1624,P05,Extra Camera Battery,Photography,1,2600
3326,2025-05-05,1624,E07,Smartwatch,Electronics,1,6500
3327,2025-06-08,1364,F01,Running Shoes,Fitness,1,7500
3327,2025-06-08,1364,F02,Running Socks (3-Pack),Fitness,2,950
3328,2025-04-13,908,F04,Fitness Tracker,Fitness,1,4500
3328,2025-04-13,908,F03,Sports Water Bottle,Fitness,2,700
3329,2025-03-11,749,E08,Smartwatch Replacement Band,Electronics,1,900
3330,2025-02-07,1791,H01,Coffee Maker,Home & Kitchen,1,5500
3330,2025-02-07,1791,H02,Coffee Pods (Pack of 20),Home & Kitchen,1,1200
3330,2025-02-07,1791,H05,Travel Mug,Home & Kitchen,1,900
3331,2025-05-08,719,E04,Fast Phone Charger,Electronics,1,1200
3331,2025-05-08,719,E05,Power Bank 10000mAh,Electronics,2,2800
3331,2025-05-08,719,E09,USB-C Cable,Electronics,1,450
3332,2025-06-12,1637,E04,Fast Phone Charger,Electronics,1,1200
3332,2025-06-12,1637,F01,Running Shoes,Fitness,1,7500
3332,2025-06-12,1637,E02,Screen Protector,Electronics,1,350
3333,2025-01-28,1118,F07,Gym Bag,Fitness,1,2600
3333,2025-01-28,1118,F05,Yoga Mat,Fitness,1,2200
3333,2025-01-28,1118,F06,Resistance Bands Set,Fitness,1,1500
3334,2025-02-27,1798,P01,Digital Camera,Photography,1,45000
3334,2025-02-27,1798,P02,Memory Card 128GB,Photography,1,2200
3334,2025-02-27,1798,P03,Camera Bag,Photography,1,3800
3334,2025-02-27,1798,F06,Resistance Bands Set,Fitness,1,1500
3335,2025-05-05,1689,E04,Fast Phone Charger,Electronics,2,1200
3335,2025-05-05,1689,P02,Memory Card 128GB,Photography,2,2200
3336,2025-02-17,1341,P03,Camera Bag,Photography,1,3800
3337,2025-04-13,813,H03,Electric Kettle,Home & Kitchen,1,3200
3337,2025-04-13,813,H06,Tea Infuser,Home & Kitchen,1,450
3337,2025-04-13,813,H07,Milk Frother,Home & Kitchen,1,1100
3338,2025-06-14,514,E02,Screen Protector,Electronics,2,350
3338,2025-06-14,514,E06,Bluetooth Speaker,Electronics,2,4200
3338,2025-06-14,514,E08,Smartwatch Replacement Band,Electronics,2,900
3339,2025-06-01,1530,E04,Fast Phone Charger,Electronics,1,1200
3339,2025-06-01,1530,H02,Coffee Pods (Pack of 20),Home & Kitchen,1,1200
3339,2025-06-01,1530,H01,Coffee Maker,Home & Kitchen,1,5500
3339,2025-06-01,1530,H03,Electric Kettle,Home & Kitchen,1,3200
3340,2025-04-16,1182,F05,Yoga Mat,Fitness,1,2200
3341,2025-01-16,347,P02,Memory Card 128GB,Photography,1,2200
3341,2025-01-16,347,F03,Sports Water Bottle,Fitness,1,700
3341,2025-01-16,347,E04,Fast Phone Charger,Electronics,1,1200
3341,2025-01-16,347,H04,Blender,Home & Kitchen,1,4800
3342,2025-02-27,1032,F05,Yoga Mat,Fitness,1,2200
3342,2025-02-27,1032,E06,Bluetooth Speaker,Electronics,1,4200
3342,2025-02-27,1032,P01,Digital Camera,Photography,1,45000
3342,2025-02-27,1032,E04,Fast Phone Charger,Electronics,1,1200
3343,2025-03-27,837,H03,Electric Kettle,Home & Kitchen,1,3200
3343,2025-03-27,837,H06,Tea Infuser,Home & Kitchen,1,450
3343,2025-03-27,837,H07,Milk Frother,Home & Kitchen,1,1100
3344,2025-04-15,70,E07,Smartwatch,Electronics,1,6500
3344,2025-04-15,70,E08,Smartwatch Replacement Band,Electronics,1,900
3344,2025-04-15,70,H01,Coffee Maker,Home & Kitchen,1,5500
3345,2025-05-30,149,O01,Laptop Bag,Office,1,3200
3345,2025-05-30,149,H07,Milk Frother,Home & Kitchen,1,1100
3345,2025-05-30,149,F05,Yoga Mat,Fitness,1,2200
3346,2025-06-23,1212,P02,Memory Card 128GB,Photography,1,2200
3347,2025-05-26,1245,E06,Bluetooth Speaker,Electronics,2,4200
3348,2025-03-20,587,H03,Electric Kettle,Home & Kitchen,1,3200
3348,2025-03-20,587,H06,Tea Infuser,Home & Kitchen,1,450
3349,2025-06-07,248,E07,Smartwatch,Electronics,1,6500
3349,2025-06-07,248,F02,Running Socks (3-Pack),Fitness,1,950
3349,2025-06-07,248,P01,Digital Camera,Photography,1,45000
3350,2025-03-20,230,F06,Resistance Bands Set,Fitness,1,1500
3350,2025-03-20,230,H01,Coffee Maker,Home & Kitchen,1,5500
3351,2025-05-01,377,P02,Memory Card 128GB,Photography,1,2200
3351,2025-05-01,377,H02,Coffee Pods (Pack of 20),Home & Kitchen,1,1200
3351,2025-05-01,377,O03,Laptop Stand,Office,1,2100
3351,2025-05-01,377,H01,Coffee Maker,Home & Kitchen,1,5500
3352,2025-04-08,1441,O01,Laptop Bag,Office,1,3200
3352,2025-04-08,1441,O02,Wireless Mouse,Office,1,1400
3352,2025-04-08,1441,O03,Laptop Stand,Office,2,2100
3352,2025-04-08,1441,O04,Mechanical Keyboard,Office,1,5200
3353,2025-01-05,499,E05,Power Bank 10000mAh,Electronics,1,2800
3353,2025-01-05,499,E08,Smartwatch Replacement Band,Electronics,1,900
3353,2025-01-05,499,F03,Sports Water Bottle,Fitness,1,700
3353,2025-01-05,499,E07,Smartwatch,Electronics,2,6500
3354,2025-01-13,537,F05,Yoga Mat,Fitness,1,2200
3355,2025-05-20,127,H01,Coffee Maker,Home & Kitchen,1,5500
3355,2025-05-20,127,H02,Coffee Pods (Pack of 20),Home & Kitchen,1,1200
3355,2025-05-20,127,H07,Milk Frother,Home & Kitchen,1,1100
3356,2025-04-11,667,H01,Coffee Maker,Home & Kitchen,2,5500
3356,2025-04-11,667,H02,Coffee Pods (Pack of 20),Home & Kitchen,1,1200
3357,2025-02-19,565,F04,Fitness Tracker,Fitness,1,4500
3358,2025-05-18,1427,P05,Extra Camera Battery,Photography,1,2600
3358,2025-05-18,1427,E08,Smartwatch Replacement Band,Electronics,1,900
3358,2025-05-18,1427,F07,Gym Bag,Fitness,1,2600
3359,2025-05-24,1084,E03,Wireless Earphones,Electronics,1,3500
3360,2025-06-28,1006,O03,Laptop Stand,Office,1,2100
3361,2025-04-27,1577,O05,Desk Lamp,Office,1,1800
3361,2025-04-27,1577,H05,Travel Mug,Home & Kitchen,1,900
3361,2025-04-27,1577,F06,Resistance Bands Set,Fitness,1,1500
3361,2025-04-27,1577,O04,Mechanical Keyboard,Office,1,5200
3362,2025-01-16,524,F02,Running Socks (3-Pack),Fitness,1,950
3363,2025-05-31,1322,H01,Coffee Maker,Home & Kitchen,1,5500
3363,2025-05-31,1322,E01,Phone Case,Electronics,1,800
3363,2025-05-31,1322,E09,USB-C Cable,Electronics,1,450
3364,2025-03-18,1409,P04,Tripod,Photography,1,3200
3364,2025-03-18,1409,P02,Memory Card 128GB,Photography,2,2200
3364,2025-03-18,1409,E07,Smartwatch,Electronics,1,6500
3365,2025-01-12,222,H01,Coffee Maker,Home & Kitchen,1,5500
3365,2025-01-12,222,H02,Coffee Pods (Pack of 20),Home & Kitchen,1,1200
3366,2025-03-21,758,E09,USB-C Cable,Electronics,1,450
3366,2025-03-21,758,O01,Laptop Bag,Office,1,3200
3366,2025-03-21,758,F03,Sports Water Bottle,Fitness,1,700
3366,2025-03-21,758,O03,Laptop Stand,Office,1,2100
3367,2025-02-28,667,E07,Smartwatch,Electronics,1,6500
3367,2025-02-28,667,E08,Smartwatch Replacement Band,Electronics,1,900
3368,2025-01-02,1549,E07,Smartwatch,Electronics,1,6500
3368,2025-01-02,1549,E08,Smartwatch Replacement Band,Electronics,1,900
3369,2025-04-15,266,H01,Coffee Maker,Home & Kitchen,1,5500
3369,2025-04-15,266,H02,Coffee Pods (Pack of 20),Home & Kitchen,1,1200
3370,2025-03-17,253,E07,Smartwatch,Electronics,1,6500
3370,2025-03-17,253,E08,Smartwatch Replacement Band,Electronics,1,900
3371,2025-01-29,26,H04,Blender,Home & Kitchen,1,4800
3372,2025-02-06,876,F01,Running Shoes,Fitness,1,7500
3372,2025-02-06,876,F02,Running Socks (3-Pack),Fitness,1,950
3372,2025-02-06,876,F03,Sports Water Bottle,Fitness,1,700
3373,2025-03-29,971,H03,Electric Kettle,Home & Kitchen,1,3200
3373,2025-03-29,971,H06,Tea Infuser,Home & Kitchen,1,450
3374,2025-02-14,1302,E07,Smartwatch,Electronics,1,6500
3374,2025-02-14,1302,E08,Smartwatch Replacement Band,Electronics,1,900
3375,2025-02-27,304,E09,USB-C Cable,Electronics,1,450
3376,2025-05-05,693,P03,Camera Bag,Photography,1,3800
3377,2025-01-23,745,H03,Electric Kettle,Home & Kitchen,1,3200
3377,2025-01-23,745,H06,Tea Infuser,Home & Kitchen,1,450
3378,2025-03-09,1732,H06,Tea Infuser,Home & Kitchen,1,450
3378,2025-03-09,1732,E01,Phone Case,Electronics,1,800
3379,2025-01-02,68,H01,Coffee Maker,Home & Kitchen,1,5500
3379,2025-01-02,68,O02,Wireless Mouse,Office,2,1400
3379,2025-01-02,68,H07,Milk Frother,Home & Kitchen,1,1100
3380,2025-02-11,1413,H03,Electric Kettle,Home & Kitchen,1,3200
3380,2025-02-11,1413,H06,Tea Infuser,Home & Kitchen,1,450
3381,2025-02-19,1405,H01,Coffee Maker,Home & Kitchen,1,5500
3381,2025-02-19,1405,H02,Coffee Pods (Pack of 20),Home & Kitchen,1,1200
3381,2025-02-19,1405,H05,Travel Mug,Home & Kitchen,1,900
3382,2025-01-10,589,E04,Fast Phone Charger,Electronics,1,1200
3382,2025-01-10,589,E05,Power Bank 10000mAh,Electronics,1,2800
3383,2025-05-15,1011,E02,Screen Protector,Electronics,1,350
3383,2025-05-15,1011,O06,Notebook & Pen Set,Office,1,600
3383,2025-05-15,1011,H03,Electric Kettle,Home & Kitchen,1,3200
3383,2025-05-15,1011,F06,Resistance Bands Set,Fitness,1,1500
3384,2025-01-31,1022,F04,Fitness Tracker,Fitness,1,4500
3384,2025-01-31,1022,F03,Sports Water Bottle,Fitness,1,700
3385,2025-01-01,1736,H07,Milk Frother,Home & Kitchen,1,1100
3386,2025-03-16,1780,H01,Coffee Maker,Home & Kitchen,1,5500
3387,2025-01-18,22,F01,Running Shoes,Fitness,1,7500
3387,2025-01-18,22,F02,Running Socks (3-Pack),Fitness,1,950
3387,2025-01-18,22,F03,Sports Water Bottle,Fitness,1,700
3388,2025-06-08,1652,H02,Coffee Pods (Pack of 20),Home & Kitchen,2,1200
3389,2025-02-02,638,P03,Camera Bag,Photography,1,3800
3390,2025-03-10,10,E07,Smartwatch,Electronics,1,6500
3390,2025-03-10,10,E08,Smartwatch Replacement Band,Electronics,1,900
3391,2025-05-18,596,E01,Phone Case,Electronics,1,800
3391,2025-05-18,596,F06,Resistance Bands Set,Fitness,2,1500
3391,2025-05-18,596,O04,Mechanical Keyboard,Office,1,5200
3391,2025-05-18,596,O02,Wireless Mouse,Office,1,1400
3392,2025-06-21,155,H01,Coffee Maker,Home & Kitchen,1,5500
3392,2025-06-21,155,H02,Coffee Pods (Pack of 20),Home & Kitchen,2,1200
3393,2025-02-13,1017,H01,Coffee Maker,Home & Kitchen,1,5500
3393,2025-02-13,1017,H02,Coffee Pods (Pack of 20),Home & Kitchen,1,1200
3394,2025-06-12,957,E04,Fast Phone Charger,Electronics,1,1200
3394,2025-06-12,957,E05,Power Bank 10000mAh,Electronics,1,2800
3395,2025-01-09,294,H03,Electric Kettle,Home & Kitchen,1,3200
3395,2025-01-09,294,F04,Fitness Tracker,Fitness,1,4500
3395,2025-01-09,294,E03,Wireless Earphones,Electronics,1,3500
3396,2025-01-11,26,H01,Coffee Maker,Home & Kitchen,1,5500
3396,2025-01-11,26,H02,Coffee Pods (Pack of 20),Home & Kitchen,1,1200
3397,2025-02-01,952,E04,Fast Phone Charger,Electronics,1,1200
3397,2025-02-01,952,E05,Power Bank 10000mAh,Electronics,1,2800
3397,2025-02-01,952,E09,USB-C Cable,Electronics,2,450
3398,2025-04-02,828,E07,Smartwatch,Electronics,1,6500
3398,2025-04-02,828,E08,Smartwatch Replacement Band,Electronics,1,900
3399,2025-02-21,937,H03,Electric Kettle,Home & Kitchen,1,3200
3399,2025-02-21,937,H06,Tea Infuser,Home & Kitchen,2,450
3399,2025-02-21,937,O05,Desk Lamp,Office,1,1800
3399,2025-02-21,937,E04,Fast Phone Charger,Electronics,1,1200
3400,2025-06-10,1692,H05,Travel Mug,Home & Kitchen,1,900
3400,2025-06-10,1692,P01,Digital Camera,Photography,1,45000
3400,2025-06-10,1692,F03,Sports Water Bottle,Fitness,1,700
3401,2025-05-15,1249,H03,Electric Kettle,Home & Kitchen,1,3200
3401,2025-05-15,1249,H06,Tea Infuser,Home & Kitchen,2,450
3401,2025-05-15,1249,H07,Milk Frother,Home & Kitchen,1,1100
3402,2025-01-18,985,H05,Travel Mug,Home & Kitchen,1,900
3403,2025-04-18,567,P02,Memory Card 128GB,Photography,2,2200
3404,2025-04-23,241,E04,Fast Phone Charger,Electronics,1,1200
3404,2025-04-23,241,E05,Power Bank 10000mAh,Electronics,1,2800
3405,2025-03-21,916,F04,Fitness Tracker,Fitness,1,4500
3405,2025-03-21,916,P04,Tripod,Photography,1,3200
3405,2025-03-21,916,E10,Laptop Sleeve,Electronics,1,1800
3405,2025-03-21,916,O06,Notebook & Pen Set,Office,2,600
3406,2025-04-21,775,F01,Running Shoes,Fitness,1,7500
3407,2025-03-11,954,H07,Milk Frother,Home & Kitchen,1,1100
3407,2025-03-11,954,E10,Laptop Sleeve,Electronics,1,1800
3408,2025-05-31,1636,E04,Fast Phone Charger,Electronics,2,1200
3408,2025-05-31,1636,E05,Power Bank 10000mAh,Electronics,1,2800
3409,2025-05-18,1210,F07,Gym Bag,Fitness,1,2600
3409,2025-05-18,1210,F05,Yoga Mat,Fitness,1,2200
3409,2025-05-18,1210,F06,Resistance Bands Set,Fitness,1,1500
3410,2025-05-18,516,E04,Fast Phone Charger,Electronics,1,1200
3410,2025-05-18,516,E07,Smartwatch,Electronics,2,6500
3410,2025-05-18,516,F01,Running Shoes,Fitness,1,7500
3411,2025-03-23,1396,H05,Travel Mug,Home & Kitchen,1,900
3411,2025-03-23,1396,H07,Milk Frother,Home & Kitchen,1,1100
3411,2025-03-23,1396,E04,Fast Phone Charger,Electronics,1,1200
3411,2025-03-23,1396,E09,USB-C Cable,Electronics,2,450
3412,2025-02-27,530,F01,Running Shoes,Fitness,1,7500
3412,2025-02-27,530,H02,Coffee Pods (Pack of 20),Home & Kitchen,2,1200
3412,2025-02-27,530,O01,Laptop Bag,Office,1,3200
3413,2025-05-24,778,H05,Travel Mug,Home & Kitchen,1,900
3414,2025-06-25,1224,P05,Extra Camera Battery,Photography,1,2600
3415,2025-05-20,926,E08,Smartwatch Replacement Band,Electronics,1,900
3415,2025-05-20,926,P01,Digital Camera,Photography,1,45000
3415,2025-05-20,926,E09,USB-C Cable,Electronics,1,450
3416,2025-04-29,887,O01,Laptop Bag,Office,1,3200
3416,2025-04-29,887,O02,Wireless Mouse,Office,1,1400
3416,2025-04-29,887,O03,Laptop Stand,Office,1,2100
3417,2025-05-27,137,F04,Fitness Tracker,Fitness,1,4500
3417,2025-05-27,137,H07,Milk Frother,Home & Kitchen,1,1100
3417,2025-05-27,137,E08,Smartwatch Replacement Band,Electronics,1,900
3418,2025-05-01,1325,H07,Milk Frother,Home & Kitchen,1,1100
3418,2025-05-01,1325,O05,Desk Lamp,Office,1,1800
3418,2025-05-01,1325,E02,Screen Protector,Electronics,1,350
3418,2025-05-01,1325,E04,Fast Phone Charger,Electronics,1,1200
3419,2025-04-03,873,H03,Electric Kettle,Home & Kitchen,1,3200
3419,2025-04-03,873,H06,Tea Infuser,Home & Kitchen,1,450
3420,2025-03-16,337,O01,Laptop Bag,Office,1,3200
3420,2025-03-16,337,P01,Digital Camera,Photography,2,45000
3420,2025-03-16,337,E07,Smartwatch,Electronics,1,6500
3420,2025-03-16,337,O02,Wireless Mouse,Office,1,1400
3421,2025-02-09,296,H01,Coffee Maker,Home & Kitchen,1,5500
3421,2025-02-09,296,E10,Laptop Sleeve,Electronics,2,1800
3421,2025-02-09,296,F03,Sports Water Bottle,Fitness,1,700
3422,2025-03-03,38,E07,Smartwatch,Electronics,1,6500
3422,2025-03-03,38,E08,Smartwatch Replacement Band,Electronics,1,900
3423,2025-06-27,1096,H03,Electric Kettle,Home & Kitchen,1,3200
3423,2025-06-27,1096,H06,Tea Infuser,Home & Kitchen,1,450
3424,2025-02-13,133,O01,Laptop Bag,Office,1,3200
3424,2025-02-13,133,F03,Sports Water Bottle,Fitness,1,700
3425,2025-03-13,96,F04,Fitness Tracker,Fitness,1,4500
3425,2025-03-13,96,O05,Desk Lamp,Office,1,1800
3425,2025-03-13,96,E02,Screen Protector,Electronics,1,350
3425,2025-03-13,96,O01,Laptop Bag,Office,1,3200
3426,2025-06-23,1789,E09,USB-C Cable,Electronics,1,450
3426,2025-06-23,1789,P02,Memory Card 128GB,Photography,1,2200
3426,2025-06-23,1789,H02,Coffee Pods (Pack of 20),Home & Kitchen,1,1200
3427,2025-03-14,1300,F07,Gym Bag,Fitness,1,2600
3427,2025-03-14,1300,F05,Yoga Mat,Fitness,1,2200
3428,2025-05-18,1083,E02,Screen Protector,Electronics,1,350
3428,2025-05-18,1083,E04,Fast Phone Charger,Electronics,2,1200
3429,2025-03-14,1000,E04,Fast Phone Charger,Electronics,1,1200
3429,2025-03-14,1000,E05,Power Bank 10000mAh,Electronics,1,2800
3429,2025-03-14,1000,E06,Bluetooth Speaker,Electronics,1,4200
3430,2025-04-06,177,F04,Fitness Tracker,Fitness,1,4500
3430,2025-04-06,177,F03,Sports Water Bottle,Fitness,1,700
3431,2025-03-07,406,F01,Running Shoes,Fitness,1,7500
3431,2025-03-07,406,F02,Running Socks (3-Pack),Fitness,1,950
3431,2025-03-07,406,F03,Sports Water Bottle,Fitness,1,700
3432,2025-03-25,988,P01,Digital Camera,Photography,2,45000
3432,2025-03-25,988,P02,Memory Card 128GB,Photography,1,2200
3432,2025-03-25,988,P03,Camera Bag,Photography,1,3800
3433,2025-06-15,506,H01,Coffee Maker,Home & Kitchen,1,5500
3433,2025-06-15,506,H02,Coffee Pods (Pack of 20),Home & Kitchen,2,1200
3434,2025-02-04,1750,E07,Smartwatch,Electronics,1,6500
3435,2025-05-07,1063,H04,Blender,Home & Kitchen,1,4800
3435,2025-05-07,1063,P02,Memory Card 128GB,Photography,1,2200
3435,2025-05-07,1063,O04,Mechanical Keyboard,Office,1,5200
3435,2025-05-07,1063,F02,Running Socks (3-Pack),Fitness,1,950
3436,2025-05-03,810,E05,Power Bank 10000mAh,Electronics,1,2800
3437,2025-01-29,521,P04,Tripod,Photography,1,3200
3437,2025-01-29,521,P05,Extra Camera Battery,Photography,1,2600
3438,2025-02-23,787,O01,Laptop Bag,Office,1,3200
3439,2025-01-16,425,P01,Digital Camera,Photography,1,45000
3439,2025-01-16,425,P02,Memory Card 128GB,Photography,1,2200
3439,2025-01-16,425,P03,Camera Bag,Photography,1,3800
3439,2025-01-16,425,E10,Laptop Sleeve,Electronics,1,1800
3440,2025-03-24,1147,E01,Phone Case,Electronics,1,800
3440,2025-03-24,1147,E02,Screen Protector,Electronics,1,350
3441,2025-05-21,1175,O01,Laptop Bag,Office,1,3200
3441,2025-05-21,1175,H06,Tea Infuser,Home & Kitchen,2,450
3442,2025-05-13,842,H07,Milk Frother,Home & Kitchen,1,1100
3443,2025-06-10,1671,E07,Smartwatch,Electronics,2,6500
3443,2025-06-10,1671,E08,Smartwatch Replacement Band,Electronics,1,900
3444,2025-03-21,953,P03,Camera Bag,Photography,2,3800
3444,2025-03-21,953,P01,Digital Camera,Photography,1,45000
3444,2025-03-21,953,F03,Sports Water Bottle,Fitness,1,700
3445,2025-04-05,1341,E06,Bluetooth Speaker,Electronics,1,4200
3446,2025-05-05,4,F07,Gym Bag,Fitness,1,2600
3446,2025-05-05,4,F05,Yoga Mat,Fitness,2,2200
3446,2025-05-05,4,E04,Fast Phone Charger,Electronics,1,1200
3447,2025-01-20,439,F01,Running Shoes,Fitness,1,7500
3447,2025-01-20,439,F02,Running Socks (3-Pack),Fitness,1,950
3447,2025-01-20,439,F03,Sports Water Bottle,Fitness,1,700
3448,2025-04-14,848,F02,Running Socks (3-Pack),Fitness,1,950
3448,2025-04-14,848,E01,Phone Case,Electronics,1,800
3448,2025-04-14,848,E07,Smartwatch,Electronics,1,6500
3449,2025-05-21,1625,E01,Phone Case,Electronics,1,800
3449,2025-05-21,1625,E02,Screen Protector,Electronics,1,350
3450,2025-05-19,766,E07,Smartwatch,Electronics,1,6500
3450,2025-05-19,766,E08,Smartwatch Replacement Band,Electronics,1,900
3451,2025-02-02,253,E08,Smartwatch Replacement Band,Electronics,1,900
3451,2025-02-02,253,E02,Screen Protector,Electronics,1,350
3451,2025-02-02,253,E07,Smartwatch,Electronics,1,6500
3452,2025-05-31,567,F01,Running Shoes,Fitness,1,7500
3452,2025-05-31,567,F02,Running Socks (3-Pack),Fitness,1,950
3452,2025-05-31,567,F07,Gym Bag,Fitness,1,2600
3453,2025-05-26,154,P01,Digital Camera,Photography,1,45000
3453,2025-05-26,154,P02,Memory Card 128GB,Photography,1,2200
3453,2025-05-26,154,P03,Camera Bag,Photography,1,3800
3454,2025-04-27,59,P01,Digital Camera,Photography,1,45000
3454,2025-04-27,59,P02,Memory Card 128GB,Photography,1,2200
3454,2025-04-27,59,P03,Camera Bag,Photography,1,3800
3454,2025-04-27,59,P04,Tripod,Photography,1,3200
3455,2025-06-19,1704,O03,Laptop Stand,Office,1,2100
3456,2025-04-04,1327,H03,Electric Kettle,Home & Kitchen,1,3200
3456,2025-04-04,1327,H06,Tea Infuser,Home & Kitchen,2,450
3457,2025-02-10,1559,E07,Smartwatch,Electronics,1,6500
3457,2025-02-10,1559,E08,Smartwatch Replacement Band,Electronics,2,900
3458,2025-04-21,289,E01,Phone Case,Electronics,2,800
3458,2025-04-21,289,E02,Screen Protector,Electronics,1,350
3458,2025-04-21,289,E04,Fast Phone Charger,Electronics,1,1200
3459,2025-05-31,170,H01,Coffee Maker,Home & Kitchen,1,5500
3459,2025-05-31,170,H02,Coffee Pods (Pack of 20),Home & Kitchen,1,1200
3460,2025-01-04,387,E07,Smartwatch,Electronics,1,6500
3460,2025-01-04,387,E08,Smartwatch Replacement Band,Electronics,1,900
3461,2025-04-13,806,H01,Coffee Maker,Home & Kitchen,1,5500
3461,2025-04-13,806,H02,Coffee Pods (Pack of 20),Home & Kitchen,1,1200
3462,2025-03-17,989,F04,Fitness Tracker,Fitness,1,4500
3462,2025-03-17,989,F03,Sports Water Bottle,Fitness,1,700
3462,2025-03-17,989,O06,Notebook & Pen Set,Office,2,600
3463,2025-04-16,546,P01,Digital Camera,Photography,1,45000
3464,2025-01-16,196,H01,Coffee Maker,Home & Kitchen,1,5500
3464,2025-01-16,196,H02,Coffee Pods (Pack of 20),Home & Kitchen,1,1200
3464,2025-01-16,196,H05,Travel Mug,Home & Kitchen,1,900
3464,2025-01-16,196,E04,Fast Phone Charger,Electronics,1,1200
3465,2025-03-13,832,H03,Electric Kettle,Home & Kitchen,1,3200
3465,2025-03-13,832,P05,Extra Camera Battery,Photography,2,2600
3466,2025-02-20,1330,E05,Power Bank 10000mAh,Electronics,2,2800
3466,2025-02-20,1330,E06,Bluetooth Speaker,Electronics,1,4200
3467,2025-04-03,638,P01,Digital Camera,Photography,1,45000
3467,2025-04-03,638,E01,Phone Case,Electronics,1,800
3467,2025-04-03,638,F07,Gym Bag,Fitness,1,2600
3468,2025-03-13,298,F04,Fitness Tracker,Fitness,1,4500
3468,2025-03-13,298,F03,Sports Water Bottle,Fitness,1,700
3469,2025-03-20,1508,F04,Fitness Tracker,Fitness,1,4500
3469,2025-03-20,1508,F03,Sports Water Bottle,Fitness,1,700
3470,2025-04-25,1533,P01,Digital Camera,Photography,1,45000
3470,2025-04-25,1533,P02,Memory Card 128GB,Photography,1,2200
3470,2025-04-25,1533,P03,Camera Bag,Photography,1,3800
3470,2025-04-25,1533,P04,Tripod,Photography,1,3200
3471,2025-02-17,994,F07,Gym Bag,Fitness,1,2600
3472,2025-04-18,920,H02,Coffee Pods (Pack of 20),Home & Kitchen,2,1200
3473,2025-02-18,584,E08,Smartwatch Replacement Band,Electronics,1,900
3474,2025-03-04,1779,E01,Phone Case,Electronics,1,800
3474,2025-03-04,1779,E02,Screen Protector,Electronics,1,350
3474,2025-03-04,1779,E04,Fast Phone Charger,Electronics,1,1200
3475,2025-01-03,1585,O05,Desk Lamp,Office,1,1800
3476,2025-05-01,134,P01,Digital Camera,Photography,1,45000
3476,2025-05-01,134,P02,Memory Card 128GB,Photography,1,2200
3476,2025-05-01,134,P03,Camera Bag,Photography,1,3800
3476,2025-05-01,134,P04,Tripod,Photography,1,3200
3477,2025-01-10,1028,E04,Fast Phone Charger,Electronics,1,1200
3477,2025-01-10,1028,P01,Digital Camera,Photography,1,45000
3477,2025-01-10,1028,F04,Fitness Tracker,Fitness,1,4500
3477,2025-01-10,1028,E10,Laptop Sleeve,Electronics,1,1800
3478,2025-04-07,1745,E07,Smartwatch,Electronics,1,6500
3478,2025-04-07,1745,E08,Smartwatch Replacement Band,Electronics,1,900
3478,2025-04-07,1745,O01,Laptop Bag,Office,1,3200
3479,2025-06-09,960,F03,Sports Water Bottle,Fitness,1,700
3480,2025-01-31,1222,O06,Notebook & Pen Set,Office,1,600
3480,2025-01-31,1222,E05,Power Bank 10000mAh,Electronics,1,2800
3480,2025-01-31,1222,E06,Bluetooth Speaker,Electronics,1,4200
3480,2025-01-31,1222,O03,Laptop Stand,Office,1,2100
3481,2025-01-10,1470,E10,Laptop Sleeve,Electronics,1,1800
3481,2025-01-10,1470,E09,USB-C Cable,Electronics,2,450
3481,2025-01-10,1470,P01,Digital Camera,Photography,1,45000
3482,2025-02-15,770,E04,Fast Phone Charger,Electronics,1,1200
3482,2025-02-15,770,E05,Power Bank 10000mAh,Electronics,1,2800
3482,2025-02-15,770,E09,USB-C Cable,Electronics,1,450
3483,2025-03-10,1760,P01,Digital Camera,Photography,1,45000
3484,2025-06-22,826,E01,Phone Case,Electronics,1,800
3485,2025-03-28,700,F05,Yoga Mat,Fitness,1,2200
3485,2025-03-28,700,F07,Gym Bag,Fitness,1,2600
3485,2025-03-28,700,E08,Smartwatch Replacement Band,Electronics,1,900
3485,2025-03-28,700,H06,Tea Infuser,Home & Kitchen,1,450
3486,2025-04-01,486,F07,Gym Bag,Fitness,1,2600
3486,2025-04-01,486,F05,Yoga Mat,Fitness,1,2200
3487,2025-06-16,366,E01,Phone Case,Electronics,1,800
3487,2025-06-16,366,F07,Gym Bag,Fitness,1,2600
3487,2025-06-16,366,P03,Camera Bag,Photography,1,3800
3488,2025-03-13,486,F05,Yoga Mat,Fitness,1,2200
3489,2025-05-16,129,F02,Running Socks (3-Pack),Fitness,1,950
3490,2025-05-06,616,O03,Laptop Stand,Office,1,2100
3491,2025-03-26,337,P05,Extra Camera Battery,Photography,1,2600
3492,2025-02-27,1153,E04,Fast Phone Charger,Electronics,1,1200
3492,2025-02-27,1153,E05,Power Bank 10000mAh,Electronics,1,2800
3492,2025-02-27,1153,E09,USB-C Cable,Electronics,1,450
3493,2025-06-05,1128,P01,Digital Camera,Photography,1,45000
3493,2025-06-05,1128,P02,Memory Card 128GB,Photography,1,2200
3493,2025-06-05,1128,P03,Camera Bag,Photography,1,3800
3494,2025-05-22,206,H03,Electric Kettle,Home & Kitchen,1,3200
3494,2025-05-22,206,H06,Tea Infuser,Home & Kitchen,1,450
3494,2025-05-22,206,H07,Milk Frother,Home & Kitchen,1,1100
3495,2025-05-14,16,E07,Smartwatch,Electronics,1,6500
3495,2025-05-14,16,H02,Coffee Pods (Pack of 20),Home & Kitchen,1,1200
3496,2025-05-08,99,F05,Yoga Mat,Fitness,1,2200
3497,2025-03-07,1493,H03,Electric Kettle,Home & Kitchen,1,3200
3497,2025-03-07,1493,H06,Tea Infuser,Home & Kitchen,1,450
3497,2025-03-07,1493,H07,Milk Frother,Home & Kitchen,1,1100
3498,2025-05-03,463,F04,Fitness Tracker,Fitness,1,4500
3498,2025-05-03,463,E02,Screen Protector,Electronics,1,350
3499,2025-01-02,567,F03,Sports Water Bottle,Fitness,1,700
3500,2025-05-27,1624,H03,Electric Kettle,Home & Kitchen,1,3200
3501,2025-04-28,1386,F04,Fitness Tracker,Fitness,1,4500
3501,2025-04-28,1386,F03,Sports Water Bottle,Fitness,2,700
3501,2025-04-28,1386,E02,Screen Protector,Electronics,1,350
3502,2025-02-22,393,H03,Electric Kettle,Home & Kitchen,1,3200
3502,2025-02-22,393,H06,Tea Infuser,Home & Kitchen,1,450
3503,2025-04-12,421,F06,Resistance Bands Set,Fitness,1,1500
3503,2025-04-12,421,F05,Yoga Mat,Fitness,1,2200
3503,2025-04-12,421,F01,Running Shoes,Fitness,1,7500
3503,2025-04-12,421,P03,Camera Bag,Photography,2,3800
3504,2025-05-29,882,E09,USB-C Cable,Electronics,1,450
3504,2025-05-29,882,E08,Smartwatch Replacement Band,Electronics,1,900
3504,2025-05-29,882,H06,Tea Infuser,Home & Kitchen,1,450
3505,2025-02-19,873,P01,Digital Camera,Photography,1,45000
3505,2025-02-19,873,P02,Memory Card 128GB,Photography,1,2200
3505,2025-02-19,873,P03,Camera Bag,Photography,2,3800
3506,2025-06-14,238,O01,Laptop Bag,Office,1,3200
3506,2025-06-14,238,O02,Wireless Mouse,Office,1,1400
3506,2025-06-14,238,O03,Laptop Stand,Office,2,2100
3507,2025-06-27,685,E04,Fast Phone Charger,Electronics,1,1200
3507,2025-06-27,685,E05,Power Bank 10000mAh,Electronics,1,2800
3507,2025-06-27,685,E09,USB-C Cable,Electronics,1,450
3508,2025-03-08,1526,F05,Yoga Mat,Fitness,1,2200
3508,2025-03-08,1526,E10,Laptop Sleeve,Electronics,1,1800
3509,2025-01-22,387,P01,Digital Camera,Photography,1,45000
3509,2025-01-22,387,P02,Memory Card 128GB,Photography,1,2200
3509,2025-01-22,387,P03,Camera Bag,Photography,1,3800
3510,2025-04-20,83,H01,Coffee Maker,Home & Kitchen,1,5500
3511,2025-03-21,1595,E07,Smartwatch,Electronics,2,6500
3511,2025-03-21,1595,E08,Smartwatch Replacement Band,Electronics,1,900
3512,2025-06-14,27,E06,Bluetooth Speaker,Electronics,2,4200
3512,2025-06-14,27,F07,Gym Bag,Fitness,1,2600
3512,2025-06-14,27,P03,Camera Bag,Photography,1,3800
3513,2025-04-24,161,E09,USB-C Cable,Electronics,2,450
3514,2025-02-16,1406,P01,Digital Camera,Photography,1,45000
3514,2025-02-16,1406,P02,Memory Card 128GB,Photography,1,2200
3514,2025-02-16,1406,P03,Camera Bag,Photography,1,3800
3515,2025-03-20,1302,E04,Fast Phone Charger,Electronics,1,1200
3515,2025-03-20,1302,E05,Power Bank 10000mAh,Electronics,1,2800
3515,2025-03-20,1302,H04,Blender,Home & Kitchen,1,4800
3516,2025-06-23,1737,F04,Fitness Tracker,Fitness,1,4500
3516,2025-06-23,1737,F03,Sports Water Bottle,Fitness,1,700
3517,2025-03-31,270,E01,Phone Case,Electronics,1,800
3517,2025-03-31,270,E02,Screen Protector,Electronics,1,350
3518,2025-03-14,1202,F07,Gym Bag,Fitness,2,2600
3518,2025-03-14,1202,F05,Yoga Mat,Fitness,1,2200
3518,2025-03-14,1202,F06,Resistance Bands Set,Fitness,1,1500
3519,2025-04-17,892,O01,Laptop Bag,Office,1,3200
3519,2025-04-17,892,O02,Wireless Mouse,Office,1,1400
3519,2025-04-17,892,O03,Laptop Stand,Office,1,2100
3520,2025-05-17,1424,E01,Phone Case,Electronics,1,800
3520,2025-05-17,1424,E02,Screen Protector,Electronics,1,350
3521,2025-02-09,812,H04,Blender,Home & Kitchen,1,4800
3522,2025-05-31,1496,F07,Gym Bag,Fitness,1,2600
3522,2025-05-31,1496,F05,Yoga Mat,Fitness,1,2200
3523,2025-04-27,1538,H03,Electric Kettle,Home & Kitchen,1,3200
3523,2025-04-27,1538,H06,Tea Infuser,Home & Kitchen,2,450
3524,2025-04-30,973,E08,Smartwatch Replacement Band,Electronics,1,900
3524,2025-04-30,973,H03,Electric Kettle,Home & Kitchen,1,3200
3525,2025-01-31,462,F04,Fitness Tracker,Fitness,1,4500
3525,2025-01-31,462,F03,Sports Water Bottle,Fitness,1,700
3525,2025-01-31,462,F07,Gym Bag,Fitness,1,2600
3526,2025-04-20,757,F01,Running Shoes,Fitness,1,7500
3526,2025-04-20,757,F02,Running Socks (3-Pack),Fitness,1,950
3526,2025-04-20,757,F03,Sports Water Bottle,Fitness,1,700
3527,2025-03-15,1798,E01,Phone Case,Electronics,2,800
3527,2025-03-15,1798,E02,Screen Protector,Electronics,1,350
3527,2025-03-15,1798,F01,Running Shoes,Fitness,1,7500
3528,2025-05-09,732,E07,Smartwatch,Electronics,2,6500
3528,2025-05-09,732,E08,Smartwatch Replacement Band,Electronics,1,900
3528,2025-05-09,732,O02,Wireless Mouse,Office,1,1400
3529,2025-01-25,1398,F03,Sports Water Bottle,Fitness,1,700
3529,2025-01-25,1398,F06,Resistance Bands Set,Fitness,2,1500
3529,2025-01-25,1398,F01,Running Shoes,Fitness,2,7500
3529,2025-01-25,1398,E02,Screen Protector,Electronics,1,350
3530,2025-04-20,1486,E01,Phone Case,Electronics,1,800
3530,2025-04-20,1486,E02,Screen Protector,Electronics,1,350
3531,2025-04-19,78,E06,Bluetooth Speaker,Electronics,1,4200
3531,2025-04-19,78,F06,Resistance Bands Set,Fitness,1,1500
3531,2025-04-19,78,E03,Wireless Earphones,Electronics,1,3500
3531,2025-04-19,78,O04,Mechanical Keyboard,Office,1,5200
3532,2025-04-24,962,H02,Coffee Pods (Pack of 20),Home & Kitchen,1,1200
3533,2025-01-27,1358,F04,Fitness Tracker,Fitness,1,4500
3533,2025-01-27,1358,F03,Sports Water Bottle,Fitness,1,700
3534,2025-03-25,1126,F01,Running Shoes,Fitness,1,7500
3534,2025-03-25,1126,H06,Tea Infuser,Home & Kitchen,1,450
3535,2025-05-10,1249,F01,Running Shoes,Fitness,1,7500
3535,2025-05-10,1249,F02,Running Socks (3-Pack),Fitness,2,950
3536,2025-03-14,709,F06,Resistance Bands Set,Fitness,2,1500
3536,2025-03-14,709,E10,Laptop Sleeve,Electronics,1,1800
3537,2025-03-23,369,E03,Wireless Earphones,Electronics,1,3500
3537,2025-03-23,369,H07,Milk Frother,Home & Kitchen,1,1100
3538,2025-03-31,1210,F02,Running Socks (3-Pack),Fitness,2,950
3539,2025-03-31,1032,P03,Camera Bag,Photography,1,3800
3540,2025-04-21,1366,E03,Wireless Earphones,Electronics,1,3500
3541,2025-05-15,78,E03,Wireless Earphones,Electronics,1,3500
3541,2025-05-15,78,O05,Desk Lamp,Office,1,1800
3542,2025-03-06,1573,E01,Phone Case,Electronics,1,800
3543,2025-01-04,680,E09,USB-C Cable,Electronics,1,450
3543,2025-01-04,680,F03,Sports Water Bottle,Fitness,1,700
3543,2025-01-04,680,E10,Laptop Sleeve,Electronics,1,1800
3544,2025-01-12,1142,E04,Fast Phone Charger,Electronics,1,1200
3544,2025-01-12,1142,E05,Power Bank 10000mAh,Electronics,1,2800
3545,2025-04-02,401,H07,Milk Frother,Home & Kitchen,2,1100
3546,2025-04-23,617,P01,Digital Camera,Photography,1,45000
3546,2025-04-23,617,P02,Memory Card 128GB,Photography,1,2200
3546,2025-04-23,617,P03,Camera Bag,Photography,1,3800
3547,2025-01-10,100,H03,Electric Kettle,Home & Kitchen,1,3200
3547,2025-01-10,100,H06,Tea Infuser,Home & Kitchen,1,450
3548,2025-06-04,1566,O01,Laptop Bag,Office,1,3200
3548,2025-06-04,1566,O02,Wireless Mouse,Office,1,1400
3548,2025-06-04,1566,O03,Laptop Stand,Office,1,2100
3549,2025-03-19,271,H05,Travel Mug,Home & Kitchen,1,900
3550,2025-06-02,42,E10,Laptop Sleeve,Electronics,1,1800
3550,2025-06-02,42,O06,Notebook & Pen Set,Office,2,600
3551,2025-06-14,849,P03,Camera Bag,Photography,1,3800
3552,2025-01-28,1719,E07,Smartwatch,Electronics,1,6500
3552,2025-01-28,1719,E08,Smartwatch Replacement Band,Electronics,1,900
3553,2025-05-26,1309,E04,Fast Phone Charger,Electronics,1,1200
3553,2025-05-26,1309,E05,Power Bank 10000mAh,Electronics,1,2800
3553,2025-05-26,1309,E09,USB-C Cable,Electronics,1,450
3554,2025-02-18,44,H07,Milk Frother,Home & Kitchen,1,1100
3555,2025-06-21,1007,O04,Mechanical Keyboard,Office,1,5200
3556,2025-06-24,608,F07,Gym Bag,Fitness,1,2600
3556,2025-06-24,608,F05,Yoga Mat,Fitness,1,2200
3557,2025-02-27,1519,O05,Desk Lamp,Office,1,1800
3557,2025-02-27,1519,P01,Digital Camera,Photography,1,45000
3558,2025-04-23,1017,O01,Laptop Bag,Office,1,3200
3558,2025-04-23,1017,O02,Wireless Mouse,Office,1,1400
3558,2025-04-23,1017,O03,Laptop Stand,Office,1,2100
3558,2025-04-23,1017,O04,Mechanical Keyboard,Office,1,5200
3559,2025-04-03,1235,P05,Extra Camera Battery,Photography,1,2600
3559,2025-04-03,1235,O06,Notebook & Pen Set,Office,1,600
3559,2025-04-03,1235,F07,Gym Bag,Fitness,1,2600
3559,2025-04-03,1235,E08,Smartwatch Replacement Band,Electronics,1,900
3560,2025-02-26,89,F04,Fitness Tracker,Fitness,1,4500
3560,2025-02-26,89,E01,Phone Case,Electronics,1,800
3561,2025-06-12,1718,F07,Gym Bag,Fitness,1,2600
3561,2025-06-12,1718,F05,Yoga Mat,Fitness,2,2200
3562,2025-02-03,681,P01,Digital Camera,Photography,1,45000
3562,2025-02-03,681,P02,Memory Card 128GB,Photography,1,2200
3562,2025-02-03,681,P03,Camera Bag,Photography,1,3800
3562,2025-02-03,681,P04,Tripod,Photography,1,3200
3563,2025-05-10,137,O06,Notebook & Pen Set,Office,1,600
3563,2025-05-10,137,P02,Memory Card 128GB,Photography,1,2200
3563,2025-05-10,137,P03,Camera Bag,Photography,2,3800
3564,2025-02-23,121,F04,Fitness Tracker,Fitness,1,4500
3564,2025-02-23,121,F03,Sports Water Bottle,Fitness,1,700
3565,2025-04-17,166,H01,Coffee Maker,Home & Kitchen,1,5500
3565,2025-04-17,166,H02,Coffee Pods (Pack of 20),Home & Kitchen,1,1200
3565,2025-04-17,166,F04,Fitness Tracker,Fitness,1,4500
3566,2025-05-09,1019,H04,Blender,Home & Kitchen,1,4800
3567,2025-02-15,1034,O01,Laptop Bag,Office,1,3200
3567,2025-02-15,1034,O02,Wireless Mouse,Office,1,1400
3567,2025-02-15,1034,O03,Laptop Stand,Office,1,2100
3568,2025-04-22,223,F07,Gym Bag,Fitness,1,2600
3568,2025-04-22,223,F05,Yoga Mat,Fitness,1,2200
3568,2025-04-22,223,F06,Resistance Bands Set,Fitness,1,1500
3568,2025-04-22,223,H05,Travel Mug,Home & Kitchen,1,900
3569,2025-04-02,1715,E03,Wireless Earphones,Electronics,1,3500
3569,2025-04-02,1715,H05,Travel Mug,Home & Kitchen,1,900
3569,2025-04-02,1715,F07,Gym Bag,Fitness,1,2600
3570,2025-01-25,372,E01,Phone Case,Electronics,1,800
3570,2025-01-25,372,E02,Screen Protector,Electronics,1,350
3571,2025-05-13,1578,O01,Laptop Bag,Office,1,3200
3571,2025-05-13,1578,P01,Digital Camera,Photography,2,45000
3571,2025-05-13,1578,O05,Desk Lamp,Office,1,1800
3571,2025-05-13,1578,E10,Laptop Sleeve,Electronics,1,1800
3572,2025-03-07,1140,O01,Laptop Bag,Office,1,3200
3572,2025-03-07,1140,H03,Electric Kettle,Home & Kitchen,1,3200
3572,2025-03-07,1140,H02,Coffee Pods (Pack of 20),Home & Kitchen,1,1200
3573,2025-03-28,1718,H05,Travel Mug,Home & Kitchen,1,900
3573,2025-03-28,1718,P02,Memory Card 128GB,Photography,1,2200
3573,2025-03-28,1718,P01,Digital Camera,Photography,2,45000
3573,2025-03-28,1718,H04,Blender,Home & Kitchen,1,4800
3574,2025-02-28,455,E04,Fast Phone Charger,Electronics,1,1200
3574,2025-02-28,455,E05,Power Bank 10000mAh,Electronics,1,2800
3575,2025-02-04,42,F01,Running Shoes,Fitness,1,7500
3576,2025-03-29,717,H01,Coffee Maker,Home & Kitchen,1,5500
3577,2025-06-05,1032,H01,Coffee Maker,Home & Kitchen,1,5500
3577,2025-06-05,1032,H02,Coffee Pods (Pack of 20),Home & Kitchen,1,1200
3578,2025-01-29,837,F04,Fitness Tracker,Fitness,1,4500
3578,2025-01-29,837,F03,Sports Water Bottle,Fitness,1,700
3579,2025-05-03,202,F04,Fitness Tracker,Fitness,1,4500
3579,2025-05-03,202,F03,Sports Water Bottle,Fitness,1,700
3580,2025-03-08,234,E08,Smartwatch Replacement Band,Electronics,1,900
3580,2025-03-08,234,O05,Desk Lamp,Office,1,1800
3580,2025-03-08,234,E05,Power Bank 10000mAh,Electronics,1,2800
3581,2025-06-28,937,E01,Phone Case,Electronics,1,800
3581,2025-06-28,937,P03,Camera Bag,Photography,1,3800
3581,2025-06-28,937,E10,Laptop Sleeve,Electronics,1,1800
3581,2025-06-28,937,F03,Sports Water Bottle,Fitness,1,700
3582,2025-02-10,423,E02,Screen Protector,Electronics,1,350
3582,2025-02-10,423,E01,Phone Case,Electronics,1,800
3583,2025-03-14,1603,O01,Laptop Bag,Office,1,3200
3583,2025-03-14,1603,E01,Phone Case,Electronics,2,800
3584,2025-05-06,930,F01,Running Shoes,Fitness,1,7500
3584,2025-05-06,930,F02,Running Socks (3-Pack),Fitness,1,950
3585,2025-05-31,1266,F02,Running Socks (3-Pack),Fitness,2,950
3585,2025-05-31,1266,P01,Digital Camera,Photography,1,45000
3586,2025-02-11,400,E07,Smartwatch,Electronics,1,6500
3586,2025-02-11,400,E08,Smartwatch Replacement Band,Electronics,1,900
3587,2025-01-24,1516,F04,Fitness Tracker,Fitness,1,4500
3587,2025-01-24,1516,F03,Sports Water Bottle,Fitness,1,700
3588,2025-01-01,1376,H03,Electric Kettle,Home & Kitchen,1,3200
3588,2025-01-01,1376,H06,Tea Infuser,Home & Kitchen,1,450
3588,2025-01-01,1376,H07,Milk Frother,Home & Kitchen,1,1100
3589,2025-06-29,1635,P01,Digital Camera,Photography,1,45000
3589,2025-06-29,1635,P02,Memory Card 128GB,Photography,1,2200
3589,2025-06-29,1635,P03,Camera Bag,Photography,1,3800
3589,2025-06-29,1635,P04,Tripod,Photography,1,3200
3590,2025-02-02,478,H04,Blender,Home & Kitchen,1,4800
3590,2025-02-02,478,H03,Electric Kettle,Home & Kitchen,1,3200
3591,2025-05-19,1006,H01,Coffee Maker,Home & Kitchen,1,5500
3591,2025-05-19,1006,H02,Coffee Pods (Pack of 20),Home & Kitchen,1,1200
3592,2025-06-08,1492,P05,Extra Camera Battery,Photography,1,2600
3592,2025-06-08,1492,H01,Coffee Maker,Home & Kitchen,1,5500
3592,2025-06-08,1492,H07,Milk Frother,Home & Kitchen,1,1100
3593,2025-03-08,467,H03,Electric Kettle,Home & Kitchen,1,3200
3594,2025-01-13,191,O04,Mechanical Keyboard,Office,1,5200
3595,2025-01-28,112,H07,Milk Frother,Home & Kitchen,1,1100
3596,2025-06-16,1225,P02,Memory Card 128GB,Photography,1,2200
3596,2025-06-16,1225,E01,Phone Case,Electronics,1,800
3597,2025-05-03,1714,H03,Electric Kettle,Home & Kitchen,1,3200
3597,2025-05-03,1714,H06,Tea Infuser,Home & Kitchen,1,450
3597,2025-05-03,1714,H07,Milk Frother,Home & Kitchen,2,1100
3598,2025-06-13,1243,E02,Screen Protector,Electronics,2,350
3599,2025-03-31,855,E06,Bluetooth Speaker,Electronics,1,4200
3599,2025-03-31,855,F02,Running Socks (3-Pack),Fitness,1,950
3600,2025-06-01,40,E07,Smartwatch,Electronics,1,6500
3600,2025-06-01,40,E08,Smartwatch Replacement Band,Electronics,1,900
3601,2025-06-06,1688,E03,Wireless Earphones,Electronics,2,3500
3602,2025-06-25,205,O01,Laptop Bag,Office,2,3200
3602,2025-06-25,205,O02,Wireless Mouse,Office,1,1400
3602,2025-06-25,205,O03,Laptop Stand,Office,1,2100
3602,2025-06-25,205,O04,Mechanical Keyboard,Office,1,5200
3603,2025-06-07,1551,E01,Phone Case,Electronics,1,800
3603,2025-06-07,1551,E02,Screen Protector,Electronics,1,350
3604,2025-03-22,503,O04,Mechanical Keyboard,Office,1,5200
3604,2025-03-22,503,H04,Blender,Home & Kitchen,1,4800
3604,2025-03-22,503,E10,Laptop Sleeve,Electronics,2,1800
3604,2025-03-22,503,F05,Yoga Mat,Fitness,1,2200
3605,2025-04-30,570,E04,Fast Phone Charger,Electronics,1,1200
3606,2025-03-26,1425,P05,Extra Camera Battery,Photography,1,2600
3607,2025-05-26,391,E08,Smartwatch Replacement Band,Electronics,1,900
3608,2025-02-09,192,F04,Fitness Tracker,Fitness,1,4500
3608,2025-02-09,192,F03,Sports Water Bottle,Fitness,1,700
3609,2025-03-19,469,O05,Desk Lamp,Office,1,1800
3610,2025-04-19,857,F01,Running Shoes,Fitness,1,7500
3611,2025-05-08,182,O01,Laptop Bag,Office,1,3200
3612,2025-02-01,1416,H02,Coffee Pods (Pack of 20),Home & Kitchen,1,1200
3613,2025-02-19,747,F07,Gym Bag,Fitness,1,2600
3613,2025-02-19,747,F05,Yoga Mat,Fitness,1,2200
3614,2025-04-20,1114,E01,Phone Case,Electronics,1,800
3614,2025-04-20,1114,E02,Screen Protector,Electronics,1,350
3615,2025-01-20,1568,O04,Mechanical Keyboard,Office,1,5200
3616,2025-04-30,842,E01,Phone Case,Electronics,2,800
3616,2025-04-30,842,E02,Screen Protector,Electronics,1,350
3617,2025-04-25,262,P01,Digital Camera,Photography,1,45000
3617,2025-04-25,262,P02,Memory Card 128GB,Photography,1,2200
3617,2025-04-25,262,P03,Camera Bag,Photography,1,3800
3617,2025-04-25,262,P04,Tripod,Photography,1,3200
3618,2025-06-29,1178,F01,Running Shoes,Fitness,1,7500
3618,2025-06-29,1178,F02,Running Socks (3-Pack),Fitness,1,950
3619,2025-04-02,1213,H03,Electric Kettle,Home & Kitchen,1,3200
3619,2025-04-02,1213,H06,Tea Infuser,Home & Kitchen,1,450
3619,2025-04-02,1213,H07,Milk Frother,Home & Kitchen,1,1100
3620,2025-02-23,1100,P01,Digital Camera,Photography,1,45000
3620,2025-02-23,1100,P02,Memory Card 128GB,Photography,1,2200
3620,2025-02-23,1100,P03,Camera Bag,Photography,1,3800
3621,2025-03-19,1376,E06,Bluetooth Speaker,Electronics,1,4200
3621,2025-03-19,1376,F05,Yoga Mat,Fitness,1,2200
3622,2025-02-07,1242,E07,Smartwatch,Electronics,1,6500
3622,2025-02-07,1242,E08,Smartwatch Replacement Band,Electronics,1,900
3623,2025-06-25,872,H02,Coffee Pods (Pack of 20),Home & Kitchen,1,1200
3623,2025-06-25,872,O06,Notebook & Pen Set,Office,1,600
3623,2025-06-25,872,E02,Screen Protector,Electronics,1,350
3623,2025-06-25,872,F05,Yoga Mat,Fitness,1,2200
3624,2025-02-16,1072,F07,Gym Bag,Fitness,1,2600
3624,2025-02-16,1072,F05,Yoga Mat,Fitness,1,2200
3625,2025-03-08,199,F01,Running Shoes,Fitness,1,7500
3625,2025-03-08,199,F02,Running Socks (3-Pack),Fitness,1,950
3626,2025-01-12,470,F07,Gym Bag,Fitness,1,2600
3627,2025-02-12,807,H03,Electric Kettle,Home & Kitchen,1,3200
3627,2025-02-12,807,H06,Tea Infuser,Home & Kitchen,1,450
3627,2025-02-12,807,H04,Blender,Home & Kitchen,2,4800
3628,2025-02-21,773,E07,Smartwatch,Electronics,1,6500
3628,2025-02-21,773,E08,Smartwatch Replacement Band,Electronics,1,900
3629,2025-03-18,1256,O03,Laptop Stand,Office,1,2100
3630,2025-04-02,1484,F01,Running Shoes,Fitness,1,7500
3630,2025-04-02,1484,E06,Bluetooth Speaker,Electronics,1,4200
3630,2025-04-02,1484,E07,Smartwatch,Electronics,1,6500
3631,2025-05-27,263,F01,Running Shoes,Fitness,1,7500
3631,2025-05-27,263,F02,Running Socks (3-Pack),Fitness,1,950
3632,2025-04-08,1075,H06,Tea Infuser,Home & Kitchen,1,450
3632,2025-04-08,1075,P01,Digital Camera,Photography,1,45000
3632,2025-04-08,1075,E02,Screen Protector,Electronics,1,350
3632,2025-04-08,1075,E01,Phone Case,Electronics,1,800
3633,2025-04-07,1661,P01,Digital Camera,Photography,1,45000
3633,2025-04-07,1661,H04,Blender,Home & Kitchen,2,4800
3634,2025-06-12,1604,F05,Yoga Mat,Fitness,1,2200
3635,2025-06-10,237,F01,Running Shoes,Fitness,1,7500
3635,2025-06-10,237,F02,Running Socks (3-Pack),Fitness,1,950
3636,2025-01-22,646,P01,Digital Camera,Photography,1,45000
3636,2025-01-22,646,P02,Memory Card 128GB,Photography,1,2200
3636,2025-01-22,646,P03,Camera Bag,Photography,1,3800
3636,2025-01-22,646,P04,Tripod,Photography,1,3200
3637,2025-02-10,844,P03,Camera Bag,Photography,2,3800
3638,2025-06-24,359,H02,Coffee Pods (Pack of 20),Home & Kitchen,1,1200
3639,2025-01-31,1260,P05,Extra Camera Battery,Photography,1,2600
3639,2025-01-31,1260,P01,Digital Camera,Photography,1,45000
3639,2025-01-31,1260,H05,Travel Mug,Home & Kitchen,1,900
3639,2025-01-31,1260,P04,Tripod,Photography,1,3200
3640,2025-01-31,1194,F07,Gym Bag,Fitness,2,2600
3640,2025-01-31,1194,H01,Coffee Maker,Home & Kitchen,1,5500
3640,2025-01-31,1194,H02,Coffee Pods (Pack of 20),Home & Kitchen,1,1200
3640,2025-01-31,1194,F01,Running Shoes,Fitness,1,7500
3641,2025-03-26,804,E04,Fast Phone Charger,Electronics,1,1200
3641,2025-03-26,804,E05,Power Bank 10000mAh,Electronics,1,2800
3641,2025-03-26,804,F01,Running Shoes,Fitness,1,7500
3642,2025-03-14,372,H03,Electric Kettle,Home & Kitchen,1,3200
3642,2025-03-14,372,H06,Tea Infuser,Home & Kitchen,1,450
3642,2025-03-14,372,H07,Milk Frother,Home & Kitchen,1,1100
3643,2025-05-21,1594,E01,Phone Case,Electronics,1,800
3643,2025-05-21,1594,E02,Screen Protector,Electronics,1,350
3644,2025-05-29,1681,O01,Laptop Bag,Office,2,3200
3645,2025-01-26,691,E04,Fast Phone Charger,Electronics,1,1200
3645,2025-01-26,691,E05,Power Bank 10000mAh,Electronics,1,2800
3646,2025-05-15,1433,P01,Digital Camera,Photography,1,45000
3646,2025-05-15,1433,P02,Memory Card 128GB,Photography,1,2200
3646,2025-05-15,1433,P03,Camera Bag,Photography,1,3800
3647,2025-04-25,736,E04,Fast Phone Charger,Electronics,1,1200
3647,2025-04-25,736,F02,Running Socks (3-Pack),Fitness,1,950
3648,2025-01-11,513,E05,Power Bank 10000mAh,Electronics,1,2800
3649,2025-05-21,1547,F04,Fitness Tracker,Fitness,1,4500
3649,2025-05-21,1547,H05,Travel Mug,Home & Kitchen,1,900
3649,2025-05-21,1547,O03,Laptop Stand,Office,1,2100
3650,2025-04-02,1755,H03,Electric Kettle,Home & Kitchen,1,3200
3650,2025-04-02,1755,H06,Tea Infuser,Home & Kitchen,1,450
3650,2025-04-02,1755,P04,Tripod,Photography,1,3200
3651,2025-01-27,1476,E07,Smartwatch,Electronics,1,6500
3651,2025-01-27,1476,E08,Smartwatch Replacement Band,Electronics,1,900
3652,2025-02-16,910,E07,Smartwatch,Electronics,1,6500
3652,2025-02-16,910,E08,Smartwatch Replacement Band,Electronics,1,900
3653,2025-01-20,941,E08,Smartwatch Replacement Band,Electronics,1,900
3653,2025-01-20,941,F06,Resistance Bands Set,Fitness,1,1500
3653,2025-01-20,941,O04,Mechanical Keyboard,Office,1,5200
3654,2025-06-08,364,O01,Laptop Bag,Office,1,3200
3654,2025-06-08,364,O02,Wireless Mouse,Office,1,1400
3654,2025-06-08,364,O03,Laptop Stand,Office,2,2100
3655,2025-02-21,1707,E10,Laptop Sleeve,Electronics,1,1800
3656,2025-04-08,1068,F06,Resistance Bands Set,Fitness,1,1500
3657,2025-04-30,1294,O01,Laptop Bag,Office,1,3200
3657,2025-04-30,1294,O02,Wireless Mouse,Office,1,1400
3657,2025-04-30,1294,O03,Laptop Stand,Office,1,2100
3658,2025-06-12,850,H07,Milk Frother,Home & Kitchen,1,1100
3659,2025-04-27,616,F02,Running Socks (3-Pack),Fitness,1,950
3659,2025-04-27,616,O06,Notebook & Pen Set,Office,1,600
3659,2025-04-27,616,E07,Smartwatch,Electronics,1,6500
3659,2025-04-27,616,H05,Travel Mug,Home & Kitchen,1,900
3660,2025-01-24,946,F07,Gym Bag,Fitness,1,2600
3660,2025-01-24,946,F05,Yoga Mat,Fitness,1,2200
3661,2025-01-10,949,F01,Running Shoes,Fitness,1,7500
3661,2025-01-10,949,F02,Running Socks (3-Pack),Fitness,2,950
3661,2025-01-10,949,F03,Sports Water Bottle,Fitness,1,700
3662,2025-05-04,1406,O05,Desk Lamp,Office,1,1800
3662,2025-05-04,1406,O06,Notebook & Pen Set,Office,1,600
3662,2025-05-04,1406,P04,Tripod,Photography,1,3200
3663,2025-02-06,109,E07,Smartwatch,Electronics,1,6500
3663,2025-02-06,109,E08,Smartwatch Replacement Band,Electronics,1,900
3664,2025-05-12,352,P04,Tripod,Photography,1,3200
3664,2025-05-12,352,F03,Sports Water Bottle,Fitness,1,700
3664,2025-05-12,352,E02,Screen Protector,Electronics,1,350
3664,2025-05-12,352,E05,Power Bank 10000mAh,Electronics,1,2800
3665,2025-02-17,923,H01,Coffee Maker,Home & Kitchen,1,5500
3665,2025-02-17,923,H02,Coffee Pods (Pack of 20),Home & Kitchen,1,1200
3665,2025-02-17,923,H05,Travel Mug,Home & Kitchen,1,900
3666,2025-05-06,890,E02,Screen Protector,Electronics,1,350
3666,2025-05-06,890,P04,Tripod,Photography,1,3200
3667,2025-01-09,1721,E10,Laptop Sleeve,Electronics,1,1800
3667,2025-01-09,1721,O01,Laptop Bag,Office,1,3200
3667,2025-01-09,1721,P05,Extra Camera Battery,Photography,1,2600
3667,2025-01-09,1721,H05,Travel Mug,Home & Kitchen,1,900
3668,2025-02-08,1633,H03,Electric Kettle,Home & Kitchen,2,3200
3669,2025-05-02,406,E01,Phone Case,Electronics,1,800
3670,2025-06-23,541,E03,Wireless Earphones,Electronics,1,3500
3671,2025-06-06,1741,H05,Travel Mug,Home & Kitchen,1,900
3671,2025-06-06,1741,H02,Coffee Pods (Pack of 20),Home & Kitchen,2,1200
3672,2025-03-29,929,P05,Extra Camera Battery,Photography,1,2600
3672,2025-03-29,929,O03,Laptop Stand,Office,1,2100
3672,2025-03-29,929,O04,Mechanical Keyboard,Office,1,5200
3673,2025-06-21,1597,O01,Laptop Bag,Office,1,3200
3673,2025-06-21,1597,O02,Wireless Mouse,Office,1,1400
3673,2025-06-21,1597,O03,Laptop Stand,Office,1,2100
3673,2025-06-21,1597,O04,Mechanical Keyboard,Office,1,5200
3674,2025-02-07,1514,P02,Memory Card 128GB,Photography,1,2200
3675,2025-05-03,1127,P01,Digital Camera,Photography,1,45000
3675,2025-05-03,1127,P02,Memory Card 128GB,Photography,1,2200
3675,2025-05-03,1127,P03,Camera Bag,Photography,1,3800
3676,2025-05-04,1626,H06,Tea Infuser,Home & Kitchen,1,450
3676,2025-05-04,1626,H05,Travel Mug,Home & Kitchen,1,900
3676,2025-05-04,1626,O06,Notebook & Pen Set,Office,1,600
3676,2025-05-04,1626,F03,Sports Water Bottle,Fitness,1,700
3677,2025-03-31,435,F04,Fitness Tracker,Fitness,1,4500
3678,2025-05-11,402,P01,Digital Camera,Photography,1,45000
3678,2025-05-11,402,P02,Memory Card 128GB,Photography,2,2200
3678,2025-05-11,402,P03,Camera Bag,Photography,1,3800
3679,2025-05-08,147,H03,Electric Kettle,Home & Kitchen,1,3200
3679,2025-05-08,147,P05,Extra Camera Battery,Photography,1,2600
3679,2025-05-08,147,H05,Travel Mug,Home & Kitchen,2,900
3680,2025-06-28,885,P01,Digital Camera,Photography,1,45000
3680,2025-06-28,885,E02,Screen Protector,Electronics,1,350
3680,2025-06-28,885,O02,Wireless Mouse,Office,1,1400
3680,2025-06-28,885,E06,Bluetooth Speaker,Electronics,1,4200
3681,2025-01-27,130,E10,Laptop Sleeve,Electronics,2,1800
3681,2025-01-27,130,H01,Coffee Maker,Home & Kitchen,1,5500
3682,2025-01-21,764,O01,Laptop Bag,Office,1,3200
3682,2025-01-21,764,O02,Wireless Mouse,Office,2,1400
3682,2025-01-21,764,O03,Laptop Stand,Office,1,2100
3683,2025-03-13,1330,E07,Smartwatch,Electronics,1,6500
3683,2025-03-13,1330,E08,Smartwatch Replacement Band,Electronics,1,900
3684,2025-05-29,435,H05,Travel Mug,Home & Kitchen,1,900
3685,2025-03-13,837,E07,Smartwatch,Electronics,2,6500
3685,2025-03-13,837,H03,Electric Kettle,Home & Kitchen,1,3200
3686,2025-05-13,688,F07,Gym Bag,Fitness,1,2600
3686,2025-05-13,688,F05,Yoga Mat,Fitness,1,2200
3687,2025-04-29,1559,H01,Coffee Maker,Home & Kitchen,1,5500
3687,2025-04-29,1559,H02,Coffee Pods (Pack of 20),Home & Kitchen,1,1200
3688,2025-03-28,1007,P01,Digital Camera,Photography,2,45000
3688,2025-03-28,1007,P02,Memory Card 128GB,Photography,1,2200
3688,2025-03-28,1007,P03,Camera Bag,Photography,1,3800
3689,2025-06-18,52,H02,Coffee Pods (Pack of 20),Home & Kitchen,1,1200
3690,2025-06-12,1448,E07,Smartwatch,Electronics,1,6500
3690,2025-06-12,1448,E08,Smartwatch Replacement Band,Electronics,1,900
3691,2025-02-20,1250,H03,Electric Kettle,Home & Kitchen,1,3200
3691,2025-02-20,1250,H06,Tea Infuser,Home & Kitchen,1,450
3691,2025-02-20,1250,H07,Milk Frother,Home & Kitchen,1,1100
3692,2025-02-18,532,P01,Digital Camera,Photography,1,45000
3692,2025-02-18,532,P02,Memory Card 128GB,Photography,1,2200
3692,2025-02-18,532,P03,Camera Bag,Photography,1,3800
3693,2025-05-15,707,E07,Smartwatch,Electronics,2,6500
3693,2025-05-15,707,E08,Smartwatch Replacement Band,Electronics,1,900
3694,2025-02-24,1640,H01,Coffee Maker,Home & Kitchen,1,5500
3695,2025-05-15,975,E10,Laptop Sleeve,Electronics,1,1800
3696,2025-05-14,138,F04,Fitness Tracker,Fitness,1,4500
3696,2025-05-14,138,H02,Coffee Pods (Pack of 20),Home & Kitchen,1,1200
3696,2025-05-14,138,F06,Resistance Bands Set,Fitness,2,1500
3696,2025-05-14,138,E01,Phone Case,Electronics,1,800
3697,2025-06-14,1135,O02,Wireless Mouse,Office,1,1400
3698,2025-02-05,535,H06,Tea Infuser,Home & Kitchen,1,450
3699,2025-04-09,564,H03,Electric Kettle,Home & Kitchen,1,3200
3699,2025-04-09,564,O01,Laptop Bag,Office,1,3200
3699,2025-04-09,564,H04,Blender,Home & Kitchen,1,4800
3700,2025-03-16,618,E01,Phone Case,Electronics,1,800
3700,2025-03-16,618,E02,Screen Protector,Electronics,1,350
3700,2025-03-16,618,E04,Fast Phone Charger,Electronics,1,1200
3700,2025-03-16,618,E07,Smartwatch,Electronics,1,6500
3701,2025-06-22,243,F04,Fitness Tracker,Fitness,1,4500
3701,2025-06-22,243,F03,Sports Water Bottle,Fitness,2,700
3702,2025-06-25,832,P03,Camera Bag,Photography,2,3800
3702,2025-06-25,832,H04,Blender,Home & Kitchen,1,4800
3703,2025-06-02,896,F06,Resistance Bands Set,Fitness,1,1500
3703,2025-06-02,896,E04,Fast Phone Charger,Electronics,1,1200
3703,2025-06-02,896,H06,Tea Infuser,Home & Kitchen,1,450
3703,2025-06-02,896,E01,Phone Case,Electronics,1,800
3704,2025-06-20,1781,E01,Phone Case,Electronics,1,800
3704,2025-06-20,1781,E02,Screen Protector,Electronics,1,350
3704,2025-06-20,1781,E04,Fast Phone Charger,Electronics,1,1200
3705,2025-04-02,466,O04,Mechanical Keyboard,Office,1,5200
3705,2025-04-02,466,E02,Screen Protector,Electronics,1,350
3706,2025-05-27,1300,H04,Blender,Home & Kitchen,2,4800
3707,2025-05-01,446,E02,Screen Protector,Electronics,1,350
3708,2025-04-09,1118,O03,Laptop Stand,Office,1,2100
3708,2025-04-09,1118,E05,Power Bank 10000mAh,Electronics,1,2800
3708,2025-04-09,1118,P04,Tripod,Photography,2,3200
3709,2025-01-15,668,O02,Wireless Mouse,Office,1,1400
3709,2025-01-15,668,E08,Smartwatch Replacement Band,Electronics,1,900
3709,2025-01-15,668,F04,Fitness Tracker,Fitness,1,4500
3710,2025-04-02,203,F04,Fitness Tracker,Fitness,1,4500
3710,2025-04-02,203,F03,Sports Water Bottle,Fitness,1,700
3711,2025-02-13,883,H03,Electric Kettle,Home & Kitchen,1,3200
3711,2025-02-13,883,H06,Tea Infuser,Home & Kitchen,1,450
3712,2025-06-07,473,O01,Laptop Bag,Office,2,3200
3712,2025-06-07,473,O02,Wireless Mouse,Office,1,1400
3712,2025-06-07,473,O03,Laptop Stand,Office,1,2100
3713,2025-04-13,560,P01,Digital Camera,Photography,1,45000
3713,2025-04-13,560,P02,Memory Card 128GB,Photography,1,2200
3713,2025-04-13,560,P03,Camera Bag,Photography,1,3800
3714,2025-02-25,1779,E04,Fast Phone Charger,Electronics,1,1200
3714,2025-02-25,1779,E05,Power Bank 10000mAh,Electronics,1,2800
3714,2025-02-25,1779,E09,USB-C Cable,Electronics,1,450
3715,2025-04-11,1575,E09,USB-C Cable,Electronics,1,450
3716,2025-03-23,516,F01,Running Shoes,Fitness,1,7500
3716,2025-03-23,516,F02,Running Socks (3-Pack),Fitness,1,950
3717,2025-06-05,1668,E07,Smartwatch,Electronics,1,6500
3717,2025-06-05,1668,E08,Smartwatch Replacement Band,Electronics,1,900
3718,2025-03-21,307,P03,Camera Bag,Photography,1,3800
3719,2025-04-10,171,E04,Fast Phone Charger,Electronics,2,1200
3719,2025-04-10,171,E05,Power Bank 10000mAh,Electronics,1,2800
3720,2025-06-01,6,F04,Fitness Tracker,Fitness,1,4500
3720,2025-06-01,6,F03,Sports Water Bottle,Fitness,1,700
3721,2025-01-07,515,P04,Tripod,Photography,2,3200
3722,2025-06-06,307,P03,Camera Bag,Photography,1,3800
3722,2025-06-06,307,E08,Smartwatch Replacement Band,Electronics,1,900
3722,2025-06-06,307,F06,Resistance Bands Set,Fitness,1,1500
3722,2025-06-06,307,P05,Extra Camera Battery,Photography,1,2600
3723,2025-06-12,1042,F04,Fitness Tracker,Fitness,1,4500
3723,2025-06-12,1042,F03,Sports Water Bottle,Fitness,1,700
3724,2025-06-25,845,P02,Memory Card 128GB,Photography,2,2200
3724,2025-06-25,845,F01,Running Shoes,Fitness,1,7500
3724,2025-06-25,845,E08,Smartwatch Replacement Band,Electronics,1,900
3724,2025-06-25,845,O05,Desk Lamp,Office,1,1800
3725,2025-02-12,447,H01,Coffee Maker,Home & Kitchen,1,5500
3725,2025-02-12,447,H02,Coffee Pods (Pack of 20),Home & Kitchen,2,1200
3725,2025-02-12,447,H05,Travel Mug,Home & Kitchen,1,900
3725,2025-02-12,447,P03,Camera Bag,Photography,2,3800
3726,2025-06-10,1439,E01,Phone Case,Electronics,1,800
3727,2025-06-01,1576,E04,Fast Phone Charger,Electronics,1,1200
3727,2025-06-01,1576,E05,Power Bank 10000mAh,Electronics,1,2800
3728,2025-03-09,1110,F07,Gym Bag,Fitness,1,2600
3728,2025-03-09,1110,F01,Running Shoes,Fitness,1,7500
3728,2025-03-09,1110,E02,Screen Protector,Electronics,1,350
3728,2025-03-09,1110,P04,Tripod,Photography,1,3200
3729,2025-04-01,518,H03,Electric Kettle,Home & Kitchen,1,3200
3729,2025-04-01,518,H06,Tea Infuser,Home & Kitchen,1,450
3730,2025-04-15,891,P01,Digital Camera,Photography,1,45000
3730,2025-04-15,891,P02,Memory Card 128GB,Photography,1,2200
3730,2025-04-15,891,P03,Camera Bag,Photography,1,3800
3731,2025-06-16,1392,O01,Laptop Bag,Office,1,3200
3731,2025-06-16,1392,O02,Wireless Mouse,Office,1,1400
3731,2025-06-16,1392,O03,Laptop Stand,Office,1,2100
3731,2025-06-16,1392,P04,Tripod,Photography,1,3200
3732,2025-04-18,1330,H03,Electric Kettle,Home & Kitchen,1,3200
3732,2025-04-18,1330,H05,Travel Mug,Home & Kitchen,1,900
3733,2025-03-13,674,E05,Power Bank 10000mAh,Electronics,1,2800
3734,2025-03-26,1382,E07,Smartwatch,Electronics,1,6500
3734,2025-03-26,1382,E08,Smartwatch Replacement Band,Electronics,1,900
3735,2025-01-11,382,F04,Fitness Tracker,Fitness,1,4500
3735,2025-01-11,382,F03,Sports Water Bottle,Fitness,1,700
3735,2025-01-11,382,E02,Screen Protector,Electronics,1,350
3736,2025-06-29,469,E03,Wireless Earphones,Electronics,1,3500
3736,2025-06-29,469,O04,Mechanical Keyboard,Office,1,5200
3736,2025-06-29,469,P02,Memory Card 128GB,Photography,1,2200
3736,2025-06-29,469,O03,Laptop Stand,Office,1,2100
3737,2025-06-01,690,E07,Smartwatch,Electronics,1,6500
3738,2025-02-16,492,H03,Electric Kettle,Home & Kitchen,1,3200
3738,2025-02-16,492,H06,Tea Infuser,Home & Kitchen,1,450
3738,2025-02-16,492,H07,Milk Frother,Home & Kitchen,2,1100
3739,2025-05-05,1698,F01,Running Shoes,Fitness,1,7500
3739,2025-05-05,1698,F02,Running Socks (3-Pack),Fitness,2,950
3740,2025-01-07,648,O01,Laptop Bag,Office,1,3200
3740,2025-01-07,648,O02,Wireless Mouse,Office,1,1400
3740,2025-01-07,648,O03,Laptop Stand,Office,1,2100
3740,2025-01-07,648,O04,Mechanical Keyboard,Office,1,5200
3741,2025-05-29,1042,E01,Phone Case,Electronics,1,800
3741,2025-05-29,1042,E02,Screen Protector,Electronics,2,350
3742,2025-01-08,1465,H03,Electric Kettle,Home & Kitchen,1,3200
3742,2025-01-08,1465,H06,Tea Infuser,Home & Kitchen,1,450
3743,2025-02-24,577,E04,Fast Phone Charger,Electronics,1,1200
3743,2025-02-24,577,E05,Power Bank 10000mAh,Electronics,1,2800
3743,2025-02-24,577,E09,USB-C Cable,Electronics,1,450
3744,2025-01-22,233,F01,Running Shoes,Fitness,1,7500
3744,2025-01-22,233,F02,Running Socks (3-Pack),Fitness,1,950
3745,2025-03-25,1470,H01,Coffee Maker,Home & Kitchen,1,5500
3745,2025-03-25,1470,H02,Coffee Pods (Pack of 20),Home & Kitchen,1,1200
3746,2025-06-17,376,O02,Wireless Mouse,Office,1,1400
3747,2025-05-18,327,E03,Wireless Earphones,Electronics,1,3500
3747,2025-05-18,327,P04,Tripod,Photography,1,3200
3747,2025-05-18,327,F03,Sports Water Bottle,Fitness,1,700
3748,2025-02-10,1117,O04,Mechanical Keyboard,Office,2,5200
3748,2025-02-10,1117,P02,Memory Card 128GB,Photography,1,2200
3748,2025-02-10,1117,O02,Wireless Mouse,Office,1,1400
3749,2025-01-19,815,F07,Gym Bag,Fitness,1,2600
3749,2025-01-19,815,F05,Yoga Mat,Fitness,1,2200
3749,2025-01-19,815,E10,Laptop Sleeve,Electronics,1,1800
3750,2025-02-26,1053,F04,Fitness Tracker,Fitness,1,4500
3750,2025-02-26,1053,F03,Sports Water Bottle,Fitness,1,700
3750,2025-02-26,1053,O05,Desk Lamp,Office,1,1800
3751,2025-06-18,173,H04,Blender,Home & Kitchen,1,4800
3752,2025-01-02,1450,F07,Gym Bag,Fitness,1,2600
3752,2025-01-02,1450,P04,Tripod,Photography,1,3200
3752,2025-01-02,1450,F05,Yoga Mat,Fitness,1,2200
3753,2025-02-14,1579,E01,Phone Case,Electronics,1,800
3753,2025-02-14,1579,E02,Screen Protector,Electronics,1,350
3754,2025-01-29,972,H02,Coffee Pods (Pack of 20),Home & Kitchen,1,1200
3755,2025-04-01,385,H03,Electric Kettle,Home & Kitchen,1,3200
3755,2025-04-01,385,H06,Tea Infuser,Home & Kitchen,1,450
3756,2025-06-02,1535,F07,Gym Bag,Fitness,1,2600
3756,2025-06-02,1535,F05,Yoga Mat,Fitness,1,2200
3757,2025-06-03,1322,H01,Coffee Maker,Home & Kitchen,1,5500
3757,2025-06-03,1322,H02,Coffee Pods (Pack of 20),Home & Kitchen,1,1200
3758,2025-05-17,1662,E03,Wireless Earphones,Electronics,1,3500
3759,2025-02-03,842,O01,Laptop Bag,Office,2,3200
3759,2025-02-03,842,O02,Wireless Mouse,Office,1,1400
3759,2025-02-03,842,O03,Laptop Stand,Office,1,2100
3760,2025-03-05,1469,F07,Gym Bag,Fitness,1,2600
3760,2025-03-05,1469,F05,Yoga Mat,Fitness,1,2200
3761,2025-03-05,1162,E01,Phone Case,Electronics,1,800
3761,2025-03-05,1162,E02,Screen Protector,Electronics,1,350
3761,2025-03-05,1162,E04,Fast Phone Charger,Electronics,1,1200
3762,2025-05-23,559,E08,Smartwatch Replacement Band,Electronics,1,900
3763,2025-03-08,15,E04,Fast Phone Charger,Electronics,1,1200
3764,2025-01-09,808,E01,Phone Case,Electronics,1,800
3764,2025-01-09,808,E02,Screen Protector,Electronics,1,350
3765,2025-01-23,784,F07,Gym Bag,Fitness,1,2600
3765,2025-01-23,784,F05,Yoga Mat,Fitness,1,2200
3766,2025-02-14,883,E01,Phone Case,Electronics,1,800
3766,2025-02-14,883,E02,Screen Protector,Electronics,1,350
3766,2025-02-14,883,E04,Fast Phone Charger,Electronics,1,1200
3767,2025-02-20,1492,E07,Smartwatch,Electronics,1,6500
3767,2025-02-20,1492,E08,Smartwatch Replacement Band,Electronics,1,900
3768,2025-01-23,404,E10,Laptop Sleeve,Electronics,2,1800
3768,2025-01-23,404,E02,Screen Protector,Electronics,1,350
3768,2025-01-23,404,P03,Camera Bag,Photography,1,3800
3768,2025-01-23,404,O01,Laptop Bag,Office,1,3200
3769,2025-05-12,221,F04,Fitness Tracker,Fitness,1,4500
3769,2025-05-12,221,F03,Sports Water Bottle,Fitness,1,700
3770,2025-03-03,1424,E10,Laptop Sleeve,Electronics,1,1800
3771,2025-05-29,668,F06,Resistance Bands Set,Fitness,1,1500
3771,2025-05-29,668,E09,USB-C Cable,Electronics,1,450
3772,2025-02-07,624,F07,Gym Bag,Fitness,1,2600
3773,2025-06-03,746,E06,Bluetooth Speaker,Electronics,1,4200
3773,2025-06-03,746,F01,Running Shoes,Fitness,1,7500
3774,2025-04-04,643,E04,Fast Phone Charger,Electronics,1,1200
3775,2025-01-02,691,F07,Gym Bag,Fitness,1,2600
3776,2025-01-23,447,E07,Smartwatch,Electronics,1,6500
3776,2025-01-23,447,E08,Smartwatch Replacement Band,Electronics,1,900
3777,2025-01-01,1201,H03,Electric Kettle,Home & Kitchen,1,3200
3777,2025-01-01,1201,H06,Tea Infuser,Home & Kitchen,1,450
3778,2025-05-15,594,E08,Smartwatch Replacement Band,Electronics,1,900
3779,2025-01-30,1631,F01,Running Shoes,Fitness,1,7500
3779,2025-01-30,1631,F02,Running Socks (3-Pack),Fitness,1,950
3780,2025-04-06,316,F05,Yoga Mat,Fitness,1,2200
3781,2025-03-06,101,O02,Wireless Mouse,Office,1,1400
3782,2025-02-06,629,E07,Smartwatch,Electronics,1,6500
3782,2025-02-06,629,E08,Smartwatch Replacement Band,Electronics,2,900
3783,2025-01-19,1601,H03,Electric Kettle,Home & Kitchen,1,3200
3783,2025-01-19,1601,H06,Tea Infuser,Home & Kitchen,1,450
3783,2025-01-19,1601,H07,Milk Frother,Home & Kitchen,1,1100
3784,2025-03-23,1500,P01,Digital Camera,Photography,1,45000
3785,2025-05-25,246,F05,Yoga Mat,Fitness,2,2200
3786,2025-05-15,1562,O01,Laptop Bag,Office,1,3200
3786,2025-05-15,1562,O02,Wireless Mouse,Office,1,1400
3786,2025-05-15,1562,O03,Laptop Stand,Office,1,2100
3786,2025-05-15,1562,O04,Mechanical Keyboard,Office,1,5200
3787,2025-02-16,1506,E07,Smartwatch,Electronics,1,6500
3787,2025-02-16,1506,E08,Smartwatch Replacement Band,Electronics,1,900
3788,2025-04-06,1161,H03,Electric Kettle,Home & Kitchen,1,3200
3788,2025-04-06,1161,H06,Tea Infuser,Home & Kitchen,1,450
3788,2025-04-06,1161,E04,Fast Phone Charger,Electronics,1,1200
3789,2025-02-12,1536,E04,Fast Phone Charger,Electronics,2,1200
3789,2025-02-12,1536,E05,Power Bank 10000mAh,Electronics,1,2800
3789,2025-02-12,1536,E09,USB-C Cable,Electronics,1,450
3790,2025-04-15,152,O01,Laptop Bag,Office,1,3200
3790,2025-04-15,152,O02,Wireless Mouse,Office,1,1400
3790,2025-04-15,152,O03,Laptop Stand,Office,1,2100
3791,2025-01-09,979,E08,Smartwatch Replacement Band,Electronics,1,900
3791,2025-01-09,979,F07,Gym Bag,Fitness,1,2600
3791,2025-01-09,979,H04,Blender,Home & Kitchen,1,4800
3791,2025-01-09,979,F03,Sports Water Bottle,Fitness,1,700
3792,2025-02-02,586,F07,Gym Bag,Fitness,1,2600
3792,2025-02-02,586,F05,Yoga Mat,Fitness,1,2200
3792,2025-02-02,586,F06,Resistance Bands Set,Fitness,1,1500
3793,2025-01-25,1138,F04,Fitness Tracker,Fitness,1,4500
3794,2025-03-25,905,F04,Fitness Tracker,Fitness,1,4500
3794,2025-03-25,905,F03,Sports Water Bottle,Fitness,1,700
3795,2025-01-07,58,F01,Running Shoes,Fitness,1,7500
3795,2025-01-07,58,F02,Running Socks (3-Pack),Fitness,1,950
3795,2025-01-07,58,F03,Sports Water Bottle,Fitness,1,700
3796,2025-05-11,11,E08,Smartwatch Replacement Band,Electronics,1,900
3797,2025-05-04,433,F04,Fitness Tracker,Fitness,1,4500
3797,2025-05-04,433,F03,Sports Water Bottle,Fitness,1,700
3798,2025-01-31,1225,H03,Electric Kettle,Home & Kitchen,1,3200
3798,2025-01-31,1225,H06,Tea Infuser,Home & Kitchen,1,450
3799,2025-06-24,1349,F01,Running Shoes,Fitness,1,7500
3799,2025-06-24,1349,F02,Running Socks (3-Pack),Fitness,1,950
3800,2025-06-07,232,F01,Running Shoes,Fitness,1,7500
3800,2025-06-07,232,F02,Running Socks (3-Pack),Fitness,1,950
3801,2025-06-29,567,F01,Running Shoes,Fitness,1,7500
3801,2025-06-29,567,F02,Running Socks (3-Pack),Fitness,2,950
3801,2025-06-29,567,F03,Sports Water Bottle,Fitness,1,700
3802,2025-01-25,1204,E07,Smartwatch,Electronics,2,6500
3802,2025-01-25,1204,E08,Smartwatch Replacement Band,Electronics,1,900
3802,2025-01-25,1204,E05,Power Bank 10000mAh,Electronics,1,2800
3803,2025-05-19,607,P01,Digital Camera,Photography,2,45000
3803,2025-05-19,607,F05,Yoga Mat,Fitness,1,2200
3803,2025-05-19,607,E10,Laptop Sleeve,Electronics,2,1800
3804,2025-01-08,290,E06,Bluetooth Speaker,Electronics,1,4200
3805,2025-03-01,409,O06,Notebook & Pen Set,Office,1,600
3806,2025-04-28,293,F07,Gym Bag,Fitness,1,2600
3806,2025-04-28,293,F05,Yoga Mat,Fitness,1,2200
3807,2025-02-10,1307,P01,Digital Camera,Photography,1,45000
3807,2025-02-10,1307,E06,Bluetooth Speaker,Electronics,1,4200
3807,2025-02-10,1307,E10,Laptop Sleeve,Electronics,1,1800
3807,2025-02-10,1307,O03,Laptop Stand,Office,1,2100
3808,2025-04-22,175,F05,Yoga Mat,Fitness,1,2200
3809,2025-04-21,138,P03,Camera Bag,Photography,1,3800
3809,2025-04-21,138,E05,Power Bank 10000mAh,Electronics,1,2800
3810,2025-05-24,812,E07,Smartwatch,Electronics,1,6500
3810,2025-05-24,812,E08,Smartwatch Replacement Band,Electronics,1,900
3810,2025-05-24,812,H03,Electric Kettle,Home & Kitchen,1,3200
3811,2025-05-28,1402,H06,Tea Infuser,Home & Kitchen,1,450
3812,2025-03-18,880,H03,Electric Kettle,Home & Kitchen,1,3200
3812,2025-03-18,880,H06,Tea Infuser,Home & Kitchen,1,450
3812,2025-03-18,880,H07,Milk Frother,Home & Kitchen,1,1100
3813,2025-03-15,1485,H07,Milk Frother,Home & Kitchen,1,1100
3814,2025-02-21,1311,F06,Resistance Bands Set,Fitness,1,1500
3814,2025-02-21,1311,P02,Memory Card 128GB,Photography,1,2200
3814,2025-02-21,1311,F05,Yoga Mat,Fitness,1,2200
3815,2025-06-18,1586,E03,Wireless Earphones,Electronics,1,3500
3816,2025-04-06,1105,O01,Laptop Bag,Office,2,3200
3816,2025-04-06,1105,E07,Smartwatch,Electronics,1,6500
3816,2025-04-06,1105,E05,Power Bank 10000mAh,Electronics,1,2800
3817,2025-01-05,1194,O01,Laptop Bag,Office,1,3200
3817,2025-01-05,1194,O02,Wireless Mouse,Office,1,1400
3817,2025-01-05,1194,O03,Laptop Stand,Office,1,2100
3817,2025-01-05,1194,E10,Laptop Sleeve,Electronics,1,1800
3818,2025-06-17,222,E07,Smartwatch,Electronics,1,6500
3818,2025-06-17,222,E08,Smartwatch Replacement Band,Electronics,1,900
3819,2025-06-16,1698,E10,Laptop Sleeve,Electronics,1,1800
3820,2025-01-18,527,F06,Resistance Bands Set,Fitness,1,1500
3821,2025-03-27,1769,F06,Resistance Bands Set,Fitness,1,1500
3822,2025-03-16,748,E09,USB-C Cable,Electronics,1,450
3822,2025-03-16,748,O06,Notebook & Pen Set,Office,1,600
3822,2025-03-16,748,E02,Screen Protector,Electronics,1,350
3822,2025-03-16,748,E07,Smartwatch,Electronics,1,6500
3823,2025-01-06,840,E03,Wireless Earphones,Electronics,2,3500
3823,2025-01-06,840,P02,Memory Card 128GB,Photography,1,2200
3824,2025-04-16,173,F07,Gym Bag,Fitness,1,2600
3825,2025-04-22,1397,H03,Electric Kettle,Home & Kitchen,1,3200
3825,2025-04-22,1397,E07,Smartwatch,Electronics,1,6500
3825,2025-04-22,1397,P04,Tripod,Photography,1,3200
3826,2025-01-14,1397,O01,Laptop Bag,Office,1,3200
3826,2025-01-14,1397,O02,Wireless Mouse,Office,1,1400
3826,2025-01-14,1397,O03,Laptop Stand,Office,1,2100
3827,2025-05-19,219,E01,Phone Case,Electronics,1,800
3827,2025-05-19,219,E02,Screen Protector,Electronics,1,350
3828,2025-03-27,1155,P01,Digital Camera,Photography,2,45000
3828,2025-03-27,1155,P02,Memory Card 128GB,Photography,1,2200
3828,2025-03-27,1155,P03,Camera Bag,Photography,1,3800
3828,2025-03-27,1155,P04,Tripod,Photography,1,3200
3829,2025-05-27,1476,E07,Smartwatch,Electronics,1,6500
3829,2025-05-27,1476,P05,Extra Camera Battery,Photography,1,2600
3830,2025-02-21,1789,F01,Running Shoes,Fitness,1,7500
3830,2025-02-21,1789,F02,Running Socks (3-Pack),Fitness,1,950
3830,2025-02-21,1789,E01,Phone Case,Electronics,2,800
3830,2025-02-21,1789,O01,Laptop Bag,Office,2,3200
3831,2025-03-09,1075,E07,Smartwatch,Electronics,1,6500
3831,2025-03-09,1075,E02,Screen Protector,Electronics,1,350
3831,2025-03-09,1075,O02,Wireless Mouse,Office,1,1400
3831,2025-03-09,1075,F02,Running Socks (3-Pack),Fitness,1,950
3832,2025-05-13,888,E06,Bluetooth Speaker,Electronics,1,4200
3833,2025-01-26,1724,H03,Electric Kettle,Home & Kitchen,1,3200
3833,2025-01-26,1724,H06,Tea Infuser,Home & Kitchen,1,450
3834,2025-06-13,1516,E06,Bluetooth Speaker,Electronics,1,4200
3834,2025-06-13,1516,O05,Desk Lamp,Office,1,1800
3835,2025-04-25,1086,F06,Resistance Bands Set,Fitness,1,1500
3835,2025-04-25,1086,E03,Wireless Earphones,Electronics,2,3500
3835,2025-04-25,1086,F01,Running Shoes,Fitness,1,7500
3835,2025-04-25,1086,H01,Coffee Maker,Home & Kitchen,1,5500
3836,2025-01-30,737,P01,Digital Camera,Photography,1,45000
3836,2025-01-30,737,P02,Memory Card 128GB,Photography,1,2200
3836,2025-01-30,737,P03,Camera Bag,Photography,1,3800
3837,2025-06-09,547,H01,Coffee Maker,Home & Kitchen,1,5500
3837,2025-06-09,547,H02,Coffee Pods (Pack of 20),Home & Kitchen,1,1200
3838,2025-06-26,736,H03,Electric Kettle,Home & Kitchen,1,3200
3838,2025-06-26,736,H06,Tea Infuser,Home & Kitchen,2,450
3838,2025-06-26,736,H07,Milk Frother,Home & Kitchen,1,1100
3839,2025-05-26,1335,F05,Yoga Mat,Fitness,1,2200
3840,2025-04-25,706,E02,Screen Protector,Electronics,1,350
3840,2025-04-25,706,E10,Laptop Sleeve,Electronics,1,1800
3840,2025-04-25,706,H05,Travel Mug,Home & Kitchen,1,900
3841,2025-06-01,649,E07,Smartwatch,Electronics,1,6500
3842,2025-04-11,821,E04,Fast Phone Charger,Electronics,1,1200
3842,2025-04-11,821,E05,Power Bank 10000mAh,Electronics,1,2800
3842,2025-04-11,821,E02,Screen Protector,Electronics,1,350
3843,2025-01-19,1362,H07,Milk Frother,Home & Kitchen,1,1100
3844,2025-02-03,696,H07,Milk Frother,Home & Kitchen,1,1100
3845,2025-06-25,1559,F01,Running Shoes,Fitness,1,7500
3845,2025-06-25,1559,F02,Running Socks (3-Pack),Fitness,1,950
3845,2025-06-25,1559,F03,Sports Water Bottle,Fitness,1,700
3845,2025-06-25,1559,H03,Electric Kettle,Home & Kitchen,1,3200
3846,2025-04-14,1677,E04,Fast Phone Charger,Electronics,1,1200
3846,2025-04-14,1677,E05,Power Bank 10000mAh,Electronics,1,2800
3847,2025-01-02,1173,F06,Resistance Bands Set,Fitness,2,1500
3847,2025-01-02,1173,F01,Running Shoes,Fitness,1,7500
3848,2025-06-12,372,O01,Laptop Bag,Office,1,3200
3848,2025-06-12,372,O02,Wireless Mouse,Office,1,1400
3848,2025-06-12,372,O03,Laptop Stand,Office,1,2100
3849,2025-06-26,1299,O05,Desk Lamp,Office,1,1800
3850,2025-03-22,1310,O02,Wireless Mouse,Office,1,1400
3851,2025-03-19,1627,E01,Phone Case,Electronics,1,800
3851,2025-03-19,1627,O02,Wireless Mouse,Office,1,1400
3851,2025-03-19,1627,F06,Resistance Bands Set,Fitness,1,1500
3852,2025-04-27,924,O03,Laptop Stand,Office,1,2100
3852,2025-04-27,924,H01,Coffee Maker,Home & Kitchen,1,5500
3852,2025-04-27,924,F07,Gym Bag,Fitness,1,2600
3852,2025-04-27,924,E08,Smartwatch Replacement Band,Electronics,1,900
3853,2025-06-08,403,H03,Electric Kettle,Home & Kitchen,1,3200
3853,2025-06-08,403,H06,Tea Infuser,Home & Kitchen,1,450
3854,2025-05-17,698,P01,Digital Camera,Photography,1,45000
3854,2025-05-17,698,P02,Memory Card 128GB,Photography,1,2200
3854,2025-05-17,698,P03,Camera Bag,Photography,2,3800
3855,2025-05-14,50,E07,Smartwatch,Electronics,1,6500
3856,2025-02-21,1627,H03,Electric Kettle,Home & Kitchen,2,3200
3856,2025-02-21,1627,H05,Travel Mug,Home & Kitchen,1,900
3857,2025-06-23,77,F06,Resistance Bands Set,Fitness,1,1500
3857,2025-06-23,77,P05,Extra Camera Battery,Photography,1,2600
3857,2025-06-23,77,O01,Laptop Bag,Office,1,3200
3858,2025-01-26,1296,F01,Running Shoes,Fitness,1,7500
3858,2025-01-26,1296,F02,Running Socks (3-Pack),Fitness,1,950
3859,2025-06-09,1659,P03,Camera Bag,Photography,1,3800
3859,2025-06-09,1659,P01,Digital Camera,Photography,1,45000
3859,2025-06-09,1659,H07,Milk Frother,Home & Kitchen,1,1100
3860,2025-01-23,517,E06,Bluetooth Speaker,Electronics,1,4200
3861,2025-01-08,1443,E01,Phone Case,Electronics,1,800
3861,2025-01-08,1443,E04,Fast Phone Charger,Electronics,1,1200
3861,2025-01-08,1443,F05,Yoga Mat,Fitness,1,2200
3861,2025-01-08,1443,F03,Sports Water Bottle,Fitness,1,700
3862,2025-02-28,1768,H01,Coffee Maker,Home & Kitchen,1,5500
3862,2025-02-28,1768,H02,Coffee Pods (Pack of 20),Home & Kitchen,1,1200
3863,2025-06-09,793,O05,Desk Lamp,Office,1,1800
3864,2025-03-02,592,F07,Gym Bag,Fitness,2,2600
3864,2025-03-02,592,F05,Yoga Mat,Fitness,1,2200
3864,2025-03-02,592,F06,Resistance Bands Set,Fitness,1,1500
3865,2025-02-09,1169,O01,Laptop Bag,Office,1,3200
3865,2025-02-09,1169,E06,Bluetooth Speaker,Electronics,1,4200
3865,2025-02-09,1169,E04,Fast Phone Charger,Electronics,1,1200
3866,2025-04-04,932,F03,Sports Water Bottle,Fitness,1,700
3866,2025-04-04,932,E05,Power Bank 10000mAh,Electronics,2,2800
3866,2025-04-04,932,E03,Wireless Earphones,Electronics,1,3500
3866,2025-04-04,932,F05,Yoga Mat,Fitness,1,2200
3867,2025-06-09,411,H03,Electric Kettle,Home & Kitchen,1,3200
3867,2025-06-09,411,H06,Tea Infuser,Home & Kitchen,1,450
3868,2025-04-12,1639,F04,Fitness Tracker,Fitness,1,4500
3869,2025-01-08,303,O06,Notebook & Pen Set,Office,2,600
3869,2025-01-08,303,H03,Electric Kettle,Home & Kitchen,1,3200
3869,2025-01-08,303,H06,Tea Infuser,Home & Kitchen,1,450
3869,2025-01-08,303,E06,Bluetooth Speaker,Electronics,2,4200
3870,2025-04-01,1319,E07,Smartwatch,Electronics,1,6500
3870,2025-04-01,1319,E08,Smartwatch Replacement Band,Electronics,1,900
3871,2025-05-06,1423,H05,Travel Mug,Home & Kitchen,1,900
3871,2025-05-06,1423,P01,Digital Camera,Photography,1,45000
3872,2025-02-11,924,O05,Desk Lamp,Office,1,1800
3872,2025-02-11,924,F01,Running Shoes,Fitness,1,7500
3872,2025-02-11,924,H05,Travel Mug,Home & Kitchen,1,900
3872,2025-02-11,924,E06,Bluetooth Speaker,Electronics,1,4200
3873,2025-02-24,1057,E09,USB-C Cable,Electronics,1,450
3873,2025-02-24,1057,F02,Running Socks (3-Pack),Fitness,2,950
3873,2025-02-24,1057,H07,Milk Frother,Home & Kitchen,1,1100
3873,2025-02-24,1057,E05,Power Bank 10000mAh,Electronics,2,2800
3874,2025-05-17,1774,E01,Phone Case,Electronics,1,800
3874,2025-05-17,1774,E02,Screen Protector,Electronics,1,350
3874,2025-05-17,1774,E04,Fast Phone Charger,Electronics,1,1200
3875,2025-06-25,1776,H03,Electric Kettle,Home & Kitchen,1,3200
3875,2025-06-25,1776,H06,Tea Infuser,Home & Kitchen,1,450
3875,2025-06-25,1776,H07,Milk Frother,Home & Kitchen,1,1100
3876,2025-06-08,927,O01,Laptop Bag,Office,1,3200
3876,2025-06-08,927,O03,Laptop Stand,Office,1,2100
3876,2025-06-08,927,H06,Tea Infuser,Home & Kitchen,1,450
3877,2025-06-07,1394,H03,Electric Kettle,Home & Kitchen,1,3200
3878,2025-02-15,1491,E01,Phone Case,Electronics,1,800
3878,2025-02-15,1491,E10,Laptop Sleeve,Electronics,1,1800
3878,2025-02-15,1491,E07,Smartwatch,Electronics,1,6500
3878,2025-02-15,1491,H06,Tea Infuser,Home & Kitchen,1,450
3879,2025-04-12,116,H01,Coffee Maker,Home & Kitchen,1,5500
3879,2025-04-12,116,H02,Coffee Pods (Pack of 20),Home & Kitchen,1,1200
3880,2025-01-31,28,E02,Screen Protector,Electronics,2,350
3880,2025-01-31,28,E06,Bluetooth Speaker,Electronics,1,4200
3880,2025-01-31,28,F06,Resistance Bands Set,Fitness,2,1500
3881,2025-04-23,369,F03,Sports Water Bottle,Fitness,2,700
3882,2025-02-10,388,H03,Electric Kettle,Home & Kitchen,1,3200
3882,2025-02-10,388,P03,Camera Bag,Photography,1,3800
3882,2025-02-10,388,E09,USB-C Cable,Electronics,1,450
3882,2025-02-10,388,E10,Laptop Sleeve,Electronics,1,1800
3883,2025-02-21,1583,H03,Electric Kettle,Home & Kitchen,1,3200
3883,2025-02-21,1583,H06,Tea Infuser,Home & Kitchen,1,450
3883,2025-02-21,1583,H04,Blender,Home & Kitchen,1,4800
3884,2025-02-01,769,E05,Power Bank 10000mAh,Electronics,1,2800
3885,2025-06-17,1599,P01,Digital Camera,Photography,1,45000
3886,2025-03-23,1493,F03,Sports Water Bottle,Fitness,1,700
3887,2025-05-28,1129,F01,Running Shoes,Fitness,2,7500
3887,2025-05-28,1129,F02,Running Socks (3-Pack),Fitness,1,950
3887,2025-05-28,1129,F03,Sports Water Bottle,Fitness,1,700
3888,2025-06-04,582,E07,Smartwatch,Electronics,1,6500
3888,2025-06-04,582,E08,Smartwatch Replacement Band,Electronics,2,900
3889,2025-03-11,1345,E04,Fast Phone Charger,Electronics,1,1200
3890,2025-03-24,459,O02,Wireless Mouse,Office,1,1400
3890,2025-03-24,459,O05,Desk Lamp,Office,1,1800
3890,2025-03-24,459,P03,Camera Bag,Photography,1,3800
3891,2025-05-17,845,E04,Fast Phone Charger,Electronics,1,1200
3891,2025-05-17,845,E05,Power Bank 10000mAh,Electronics,1,2800
3891,2025-05-17,845,P02,Memory Card 128GB,Photography,1,2200
3892,2025-02-03,202,E02,Screen Protector,Electronics,1,350
3892,2025-02-03,202,P04,Tripod,Photography,1,3200
3892,2025-02-03,202,H01,Coffee Maker,Home & Kitchen,1,5500
3892,2025-02-03,202,F02,Running Socks (3-Pack),Fitness,2,950
3893,2025-03-23,218,H02,Coffee Pods (Pack of 20),Home & Kitchen,1,1200
3894,2025-04-14,1189,O01,Laptop Bag,Office,1,3200
3894,2025-04-14,1189,F07,Gym Bag,Fitness,1,2600
3895,2025-04-01,696,F07,Gym Bag,Fitness,1,2600
3895,2025-04-01,696,F05,Yoga Mat,Fitness,1,2200
3895,2025-04-01,696,P02,Memory Card 128GB,Photography,1,2200
3896,2025-04-09,727,F06,Resistance Bands Set,Fitness,1,1500
3897,2025-06-11,1513,F01,Running Shoes,Fitness,1,7500
3897,2025-06-11,1513,E10,Laptop Sleeve,Electronics,1,1800
3898,2025-03-21,1102,F06,Resistance Bands Set,Fitness,1,1500
3899,2025-02-03,934,P05,Extra Camera Battery,Photography,1,2600
3899,2025-02-03,934,E01,Phone Case,Electronics,1,800
3899,2025-02-03,934,E08,Smartwatch Replacement Band,Electronics,1,900
3900,2025-05-10,2,E04,Fast Phone Charger,Electronics,1,1200
3900,2025-05-10,2,E03,Wireless Earphones,Electronics,1,3500
3901,2025-03-05,773,F03,Sports Water Bottle,Fitness,1,700
3901,2025-03-05,773,F07,Gym Bag,Fitness,1,2600
3902,2025-06-12,1274,O04,Mechanical Keyboard,Office,1,5200
3903,2025-04-30,531,E02,Screen Protector,Electronics,1,350
3903,2025-04-30,531,H05,Travel Mug,Home & Kitchen,1,900
3903,2025-04-30,531,O01,Laptop Bag,Office,1,3200
3903,2025-04-30,531,E08,Smartwatch Replacement Band,Electronics,1,900
3904,2025-02-23,1508,O01,Laptop Bag,Office,1,3200
3904,2025-02-23,1508,O02,Wireless Mouse,Office,1,1400
3904,2025-02-23,1508,O03,Laptop Stand,Office,2,2100
3905,2025-04-26,1692,E10,Laptop Sleeve,Electronics,2,1800
3906,2025-03-06,1768,E08,Smartwatch Replacement Band,Electronics,2,900
3906,2025-03-06,1768,F01,Running Shoes,Fitness,1,7500
3906,2025-03-06,1768,O03,Laptop Stand,Office,1,2100
3907,2025-01-22,751,H03,Electric Kettle,Home & Kitchen,1,3200
3907,2025-01-22,751,H06,Tea Infuser,Home & Kitchen,1,450
3908,2025-06-12,1340,H01,Coffee Maker,Home & Kitchen,1,5500
3908,2025-06-12,1340,H02,Coffee Pods (Pack of 20),Home & Kitchen,1,1200
3909,2025-06-21,396,P02,Memory Card 128GB,Photography,1,2200
3909,2025-06-21,396,P04,Tripod,Photography,1,3200
3910,2025-04-01,1516,H01,Coffee Maker,Home & Kitchen,1,5500
3911,2025-05-04,890,E02,Screen Protector,Electronics,1,350
3912,2025-05-21,423,E04,Fast Phone Charger,Electronics,1,1200
3912,2025-05-21,423,H03,Electric Kettle,Home & Kitchen,2,3200
3912,2025-05-21,423,O04,Mechanical Keyboard,Office,1,5200
3913,2025-02-20,538,H05,Travel Mug,Home & Kitchen,2,900
3914,2025-02-05,937,F02,Running Socks (3-Pack),Fitness,1,950
3915,2025-01-28,1749,E04,Fast Phone Charger,Electronics,1,1200
3915,2025-01-28,1749,E05,Power Bank 10000mAh,Electronics,1,2800
3916,2025-02-09,1395,F01,Running Shoes,Fitness,1,7500
3916,2025-02-09,1395,F02,Running Socks (3-Pack),Fitness,1,950
3916,2025-02-09,1395,F03,Sports Water Bottle,Fitness,2,700
3917,2025-03-02,1308,H03,Electric Kettle,Home & Kitchen,1,3200
3918,2025-02-20,1682,H01,Coffee Maker,Home & Kitchen,1,5500
3918,2025-02-20,1682,F07,Gym Bag,Fitness,1,2600
3918,2025-02-20,1682,O03,Laptop Stand,Office,1,2100
3918,2025-02-20,1682,E06,Bluetooth Speaker,Electronics,1,4200
3919,2025-02-23,820,E07,Smartwatch,Electronics,1,6500
3919,2025-02-23,820,E08,Smartwatch Replacement Band,Electronics,1,900
3920,2025-03-12,1357,O01,Laptop Bag,Office,1,3200
3920,2025-03-12,1357,O02,Wireless Mouse,Office,2,1400
3920,2025-03-12,1357,O03,Laptop Stand,Office,1,2100
3920,2025-03-12,1357,E04,Fast Phone Charger,Electronics,1,1200
3921,2025-03-30,1221,F03,Sports Water Bottle,Fitness,2,700
3921,2025-03-30,1221,E08,Smartwatch Replacement Band,Electronics,1,900
3921,2025-03-30,1221,P03,Camera Bag,Photography,1,3800
3922,2025-03-06,1308,O01,Laptop Bag,Office,1,3200
3922,2025-03-06,1308,O02,Wireless Mouse,Office,1,1400
3922,2025-03-06,1308,O03,Laptop Stand,Office,1,2100
3922,2025-03-06,1308,O04,Mechanical Keyboard,Office,1,5200
3923,2025-01-20,1419,E07,Smartwatch,Electronics,2,6500
3923,2025-01-20,1419,E08,Smartwatch Replacement Band,Electronics,1,900
3923,2025-01-20,1419,O06,Notebook & Pen Set,Office,1,600
3924,2025-01-14,1500,H01,Coffee Maker,Home & Kitchen,2,5500
3925,2025-05-21,29,E03,Wireless Earphones,Electronics,1,3500
3926,2025-03-30,1017,O01,Laptop Bag,Office,1,3200
3926,2025-03-30,1017,O02,Wireless Mouse,Office,1,1400
3926,2025-03-30,1017,O03,Laptop Stand,Office,2,2100
3927,2025-03-16,904,P05,Extra Camera Battery,Photography,1,2600
3928,2025-01-26,1549,E04,Fast Phone Charger,Electronics,1,1200
3928,2025-01-26,1549,H03,Electric Kettle,Home & Kitchen,1,3200
3929,2025-05-07,885,H05,Travel Mug,Home & Kitchen,1,900
3930,2025-04-05,1487,F01,Running Shoes,Fitness,1,7500
3930,2025-04-05,1487,P04,Tripod,Photography,1,3200
3930,2025-04-05,1487,O06,Notebook & Pen Set,Office,2,600
3931,2025-01-28,558,E01,Phone Case,Electronics,1,800
3931,2025-01-28,558,E02,Screen Protector,Electronics,1,350
3931,2025-01-28,558,O06,Notebook & Pen Set,Office,1,600
3932,2025-02-20,1388,F07,Gym Bag,Fitness,1,2600
3933,2025-06-24,1719,E03,Wireless Earphones,Electronics,1,3500
3934,2025-04-11,973,E07,Smartwatch,Electronics,1,6500
3934,2025-04-11,973,E08,Smartwatch Replacement Band,Electronics,1,900
3935,2025-05-12,1502,F07,Gym Bag,Fitness,1,2600
3935,2025-05-12,1502,F05,Yoga Mat,Fitness,2,2200
3936,2025-01-23,767,F06,Resistance Bands Set,Fitness,2,1500
3936,2025-01-23,767,E04,Fast Phone Charger,Electronics,1,1200
3936,2025-01-23,767,E01,Phone Case,Electronics,2,800
3937,2025-06-27,1591,E01,Phone Case,Electronics,1,800
3937,2025-06-27,1591,E02,Screen Protector,Electronics,1,350
3937,2025-06-27,1591,E04,Fast Phone Charger,Electronics,1,1200
3937,2025-06-27,1591,E07,Smartwatch,Electronics,1,6500
3938,2025-04-28,317,E09,USB-C Cable,Electronics,1,450
3938,2025-04-28,317,E02,Screen Protector,Electronics,1,350
3939,2025-02-18,1084,H03,Electric Kettle,Home & Kitchen,1,3200
3939,2025-02-18,1084,H06,Tea Infuser,Home & Kitchen,1,450
3939,2025-02-18,1084,H07,Milk Frother,Home & Kitchen,1,1100
3940,2025-06-06,1769,F02,Running Socks (3-Pack),Fitness,2,950
3941,2025-05-29,1040,E01,Phone Case,Electronics,1,800
3941,2025-05-29,1040,E02,Screen Protector,Electronics,1,350
3941,2025-05-29,1040,E04,Fast Phone Charger,Electronics,1,1200
3942,2025-02-17,973,O01,Laptop Bag,Office,1,3200
3942,2025-02-17,973,F02,Running Socks (3-Pack),Fitness,1,950
3943,2025-05-22,344,H03,Electric Kettle,Home & Kitchen,1,3200
3943,2025-05-22,344,H06,Tea Infuser,Home & Kitchen,1,450
3944,2025-05-22,1196,O01,Laptop Bag,Office,1,3200
3944,2025-05-22,1196,O02,Wireless Mouse,Office,1,1400
3944,2025-05-22,1196,O03,Laptop Stand,Office,1,2100
3945,2025-02-15,970,E04,Fast Phone Charger,Electronics,2,1200
3945,2025-02-15,970,E05,Power Bank 10000mAh,Electronics,1,2800
3946,2025-03-06,369,E10,Laptop Sleeve,Electronics,1,1800
3947,2025-03-18,1022,P05,Extra Camera Battery,Photography,1,2600
3948,2025-04-27,886,H01,Coffee Maker,Home & Kitchen,1,5500
3948,2025-04-27,886,H02,Coffee Pods (Pack of 20),Home & Kitchen,1,1200
3949,2025-02-26,1283,O03,Laptop Stand,Office,1,2100
3950,2025-01-11,221,E04,Fast Phone Charger,Electronics,1,1200
3950,2025-01-11,221,E05,Power Bank 10000mAh,Electronics,1,2800
3951,2025-04-23,1379,O05,Desk Lamp,Office,1,1800
3951,2025-04-23,1379,O01,Laptop Bag,Office,1,3200
3952,2025-05-18,272,E01,Phone Case,Electronics,1,800
3952,2025-05-18,272,E02,Screen Protector,Electronics,1,350
3953,2025-02-05,1461,P01,Digital Camera,Photography,1,45000
3953,2025-02-05,1461,O05,Desk Lamp,Office,1,1800
3954,2025-05-27,837,F07,Gym Bag,Fitness,1,2600
3954,2025-05-27,837,F05,Yoga Mat,Fitness,1,2200
3954,2025-05-27,837,F06,Resistance Bands Set,Fitness,1,1500
3955,2025-02-23,98,P03,Camera Bag,Photography,1,3800
3956,2025-06-26,489,E07,Smartwatch,Electronics,1,6500
3956,2025-06-26,489,E06,Bluetooth Speaker,Electronics,1,4200
3956,2025-06-26,489,E05,Power Bank 10000mAh,Electronics,2,2800
3957,2025-01-25,610,H07,Milk Frother,Home & Kitchen,1,1100
3957,2025-01-25,610,H02,Coffee Pods (Pack of 20),Home & Kitchen,1,1200
3958,2025-01-27,763,F04,Fitness Tracker,Fitness,1,4500
3958,2025-01-27,763,F03,Sports Water Bottle,Fitness,1,700
3959,2025-03-29,1597,F04,Fitness Tracker,Fitness,1,4500
3959,2025-03-29,1597,F03,Sports Water Bottle,Fitness,1,700
3960,2025-04-26,1493,E03,Wireless Earphones,Electronics,1,3500
3960,2025-04-26,1493,F07,Gym Bag,Fitness,1,2600
3960,2025-04-26,1493,P02,Memory Card 128GB,Photography,1,2200
3960,2025-04-26,1493,H01,Coffee Maker,Home & Kitchen,1,5500
3961,2025-04-07,515,E07,Smartwatch,Electronics,1,6500
3961,2025-04-07,515,E08,Smartwatch Replacement Band,Electronics,1,900
3962,2025-03-20,55,F04,Fitness Tracker,Fitness,1,4500
3962,2025-03-20,55,F03,Sports Water Bottle,Fitness,1,700
3963,2025-04-11,244,E01,Phone Case,Electronics,1,800
3963,2025-04-11,244,E02,Screen Protector,Electronics,1,350
3964,2025-05-13,1127,F01,Running Shoes,Fitness,2,7500
3964,2025-05-13,1127,F07,Gym Bag,Fitness,1,2600
3964,2025-05-13,1127,H05,Travel Mug,Home & Kitchen,1,900
3964,2025-05-13,1127,E06,Bluetooth Speaker,Electronics,1,4200
3965,2025-06-27,947,F07,Gym Bag,Fitness,1,2600
3965,2025-06-27,947,H03,Electric Kettle,Home & Kitchen,1,3200
3965,2025-06-27,947,F05,Yoga Mat,Fitness,1,2200
3965,2025-06-27,947,F01,Running Shoes,Fitness,1,7500
3966,2025-03-04,370,O06,Notebook & Pen Set,Office,1,600
3966,2025-03-04,370,H02,Coffee Pods (Pack of 20),Home & Kitchen,1,1200
3966,2025-03-04,370,H03,Electric Kettle,Home & Kitchen,1,3200
3966,2025-03-04,370,E03,Wireless Earphones,Electronics,1,3500
3967,2025-04-03,1282,O03,Laptop Stand,Office,1,2100
3967,2025-04-03,1282,E06,Bluetooth Speaker,Electronics,1,4200
3967,2025-04-03,1282,F03,Sports Water Bottle,Fitness,1,700
3967,2025-04-03,1282,F05,Yoga Mat,Fitness,1,2200
3968,2025-01-25,915,E07,Smartwatch,Electronics,1,6500
3968,2025-01-25,915,E08,Smartwatch Replacement Band,Electronics,1,900
3969,2025-05-03,1730,E06,Bluetooth Speaker,Electronics,1,4200
3969,2025-05-03,1730,O01,Laptop Bag,Office,1,3200
3969,2025-05-03,1730,P02,Memory Card 128GB,Photography,1,2200
3969,2025-05-03,1730,P04,Tripod,Photography,1,3200
3970,2025-06-22,848,O02,Wireless Mouse,Office,1,1400
3971,2025-02-27,1454,E04,Fast Phone Charger,Electronics,1,1200
3971,2025-02-27,1454,E05,Power Bank 10000mAh,Electronics,1,2800
3972,2025-02-22,580,P01,Digital Camera,Photography,1,45000
3972,2025-02-22,580,P02,Memory Card 128GB,Photography,1,2200
3972,2025-02-22,580,P03,Camera Bag,Photography,1,3800
3972,2025-02-22,580,P04,Tripod,Photography,1,3200
3973,2025-03-06,654,E04,Fast Phone Charger,Electronics,1,1200
3973,2025-03-06,654,E05,Power Bank 10000mAh,Electronics,1,2800
3974,2025-06-04,1130,H03,Electric Kettle,Home & Kitchen,1,3200
3974,2025-06-04,1130,H06,Tea Infuser,Home & Kitchen,2,450
3975,2025-04-28,1759,F04,Fitness Tracker,Fitness,1,4500
3975,2025-04-28,1759,F03,Sports Water Bottle,Fitness,1,700
3976,2025-04-20,180,E05,Power Bank 10000mAh,Electronics,1,2800
3976,2025-04-20,180,O06,Notebook & Pen Set,Office,2,600
3976,2025-04-20,180,F02,Running Socks (3-Pack),Fitness,1,950
3977,2025-05-05,562,E07,Smartwatch,Electronics,1,6500
3977,2025-05-05,562,E08,Smartwatch Replacement Band,Electronics,1,900
3978,2025-04-22,35,F05,Yoga Mat,Fitness,1,2200
3979,2025-01-01,232,E04,Fast Phone Charger,Electronics,1,1200
3980,2025-06-16,405,O01,Laptop Bag,Office,1,3200
3980,2025-06-16,405,O02,Wireless Mouse,Office,1,1400
3980,2025-06-16,405,O03,Laptop Stand,Office,1,2100
3981,2025-05-26,1761,F07,Gym Bag,Fitness,2,2600
3981,2025-05-26,1761,F05,Yoga Mat,Fitness,1,2200
3982,2025-06-08,234,F04,Fitness Tracker,Fitness,1,4500
3982,2025-06-08,234,F07,Gym Bag,Fitness,1,2600
3982,2025-06-08,234,O02,Wireless Mouse,Office,1,1400
3983,2025-05-02,1674,F01,Running Shoes,Fitness,1,7500
3983,2025-05-02,1674,E05,Power Bank 10000mAh,Electronics,1,2800
3983,2025-05-02,1674,P01,Digital Camera,Photography,1,45000
3983,2025-05-02,1674,E02,Screen Protector,Electronics,1,350
3984,2025-06-30,1315,O01,Laptop Bag,Office,1,3200
3984,2025-06-30,1315,O02,Wireless Mouse,Office,1,1400
3984,2025-06-30,1315,O03,Laptop Stand,Office,1,2100
3985,2025-03-03,1200,H01,Coffee Maker,Home & Kitchen,1,5500
3985,2025-03-03,1200,H02,Coffee Pods (Pack of 20),Home & Kitchen,1,1200
3985,2025-03-03,1200,H05,Travel Mug,Home & Kitchen,1,900
3986,2025-04-10,610,F07,Gym Bag,Fitness,1,2600
3986,2025-04-10,610,F05,Yoga Mat,Fitness,2,2200
3987,2025-01-07,906,E07,Smartwatch,Electronics,1,6500
3987,2025-01-07,906,F01,Running Shoes,Fitness,1,7500
3988,2025-05-17,1460,E07,Smartwatch,Electronics,1,6500
3988,2025-05-17,1460,E08,Smartwatch Replacement Band,Electronics,2,900
3989,2025-05-22,1792,E01,Phone Case,Electronics,1,800
3989,2025-05-22,1792,E02,Screen Protector,Electronics,1,350
3990,2025-01-02,619,F01,Running Shoes,Fitness,1,7500
3990,2025-01-02,619,O06,Notebook & Pen Set,Office,1,600
3990,2025-01-02,619,O02,Wireless Mouse,Office,1,1400
3990,2025-01-02,619,F03,Sports Water Bottle,Fitness,1,700
3991,2025-06-07,1012,O02,Wireless Mouse,Office,1,1400
3992,2025-03-06,97,O01,Laptop Bag,Office,2,3200
3993,2025-01-07,1730,E04,Fast Phone Charger,Electronics,1,1200
3993,2025-01-07,1730,E05,Power Bank 10000mAh,Electronics,1,2800
3994,2025-06-25,288,E03,Wireless Earphones,Electronics,1,3500
3994,2025-06-25,288,H07,Milk Frother,Home & Kitchen,1,1100
3994,2025-06-25,288,P01,Digital Camera,Photography,1,45000
3994,2025-06-25,288,O06,Notebook & Pen Set,Office,1,600
3995,2025-02-09,1343,E04,Fast Phone Charger,Electronics,2,1200
3995,2025-02-09,1343,E05,Power Bank 10000mAh,Electronics,2,2800
3996,2025-06-10,445,O01,Laptop Bag,Office,1,3200
3996,2025-06-10,445,O02,Wireless Mouse,Office,1,1400
3996,2025-06-10,445,O03,Laptop Stand,Office,1,2100
3996,2025-06-10,445,H03,Electric Kettle,Home & Kitchen,1,3200
3997,2025-04-05,824,F01,Running Shoes,Fitness,1,7500
3997,2025-04-05,824,H02,Coffee Pods (Pack of 20),Home & Kitchen,1,1200
3997,2025-04-05,824,F06,Resistance Bands Set,Fitness,1,1500
3997,2025-04-05,824,E09,USB-C Cable,Electronics,1,450
3998,2025-02-03,202,P01,Digital Camera,Photography,1,45000
3998,2025-02-03,202,E03,Wireless Earphones,Electronics,2,3500
3999,2025-05-25,81,F04,Fitness Tracker,Fitness,1,4500
3999,2025-05-25,81,F03,Sports Water Bottle,Fitness,1,700
4000,2025-06-23,923,E04,Fast Phone Charger,Electronics,1,1200
4000,2025-06-23,923,E05,Power Bank 10000mAh,Electronics,1,2800
4000,2025-06-23,923,E09,USB-C Cable,Electronics,1,450
4000,2025-06-23,923,E06,Bluetooth Speaker,Electronics,1,4200
4001,2025-05-31,1640,H01,Coffee Maker,Home & Kitchen,1,5500
4002,2025-04-14,586,F01,Running Shoes,Fitness,1,7500
4002,2025-04-14,586,F02,Running Socks (3-Pack),Fitness,2,950
4003,2025-04-05,722,E04,Fast Phone Charger,Electronics,1,1200
4003,2025-04-05,722,E05,Power Bank 10000mAh,Electronics,2,2800
4004,2025-05-19,403,H03,Electric Kettle,Home & Kitchen,1,3200
4004,2025-05-19,403,H06,Tea Infuser,Home & Kitchen,1,450
4005,2025-06-06,727,H04,Blender,Home & Kitchen,1,4800
4005,2025-06-06,727,H01,Coffee Maker,Home & Kitchen,1,5500
4005,2025-06-06,727,P03,Camera Bag,Photography,2,3800
4006,2025-01-08,1738,H01,Coffee Maker,Home & Kitchen,1,5500
4006,2025-01-08,1738,H02,Coffee Pods (Pack of 20),Home & Kitchen,1,1200
4006,2025-01-08,1738,H05,Travel Mug,Home & Kitchen,1,900
4007,2025-06-20,198,E01,Phone Case,Electronics,1,800
4007,2025-06-20,198,E02,Screen Protector,Electronics,1,350
4008,2025-03-30,1462,E03,Wireless Earphones,Electronics,1,3500
4009,2025-06-13,1112,E01,Phone Case,Electronics,1,800
4009,2025-06-13,1112,E02,Screen Protector,Electronics,1,350
4010,2025-06-17,218,O01,Laptop Bag,Office,1,3200
4010,2025-06-17,218,O02,Wireless Mouse,Office,1,1400
4010,2025-06-17,218,O03,Laptop Stand,Office,1,2100
4011,2025-02-25,1129,F07,Gym Bag,Fitness,1,2600
4011,2025-02-25,1129,F05,Yoga Mat,Fitness,1,2200
4012,2025-01-11,1177,P01,Digital Camera,Photography,1,45000
4012,2025-01-11,1177,P02,Memory Card 128GB,Photography,1,2200
4012,2025-01-11,1177,P03,Camera Bag,Photography,1,3800
4013,2025-02-15,911,E01,Phone Case,Electronics,1,800
4013,2025-02-15,911,E02,Screen Protector,Electronics,1,350
4014,2025-05-14,1266,E07,Smartwatch,Electronics,2,6500
4014,2025-05-14,1266,E08,Smartwatch Replacement Band,Electronics,1,900
4015,2025-06-23,1453,O01,Laptop Bag,Office,1,3200
4015,2025-06-23,1453,O02,Wireless Mouse,Office,1,1400
4015,2025-06-23,1453,O03,Laptop Stand,Office,1,2100
4016,2025-04-11,1159,E04,Fast Phone Charger,Electronics,1,1200
4016,2025-04-11,1159,E05,Power Bank 10000mAh,Electronics,1,2800
4017,2025-02-27,378,H02,Coffee Pods (Pack of 20),Home & Kitchen,1,1200
4017,2025-02-27,378,E01,Phone Case,Electronics,1,800
4017,2025-02-27,378,O06,Notebook & Pen Set,Office,1,600
4017,2025-02-27,378,O03,Laptop Stand,Office,1,2100
4018,2025-01-21,1197,F05,Yoga Mat,Fitness,1,2200
4018,2025-01-21,1197,F04,Fitness Tracker,Fitness,1,4500
4018,2025-01-21,1197,P02,Memory Card 128GB,Photography,1,2200
4018,2025-01-21,1197,E02,Screen Protector,Electronics,2,350
4019,2025-05-29,520,O01,Laptop Bag,Office,1,3200
4019,2025-05-29,520,O02,Wireless Mouse,Office,2,1400
4019,2025-05-29,520,O03,Laptop Stand,Office,1,2100
4020,2025-01-05,1026,E04,Fast Phone Charger,Electronics,1,1200
4020,2025-01-05,1026,E05,Power Bank 10000mAh,Electronics,1,2800
4021,2025-04-07,882,H01,Coffee Maker,Home & Kitchen,1,5500
4021,2025-04-07,882,H02,Coffee Pods (Pack of 20),Home & Kitchen,1,1200
4022,2025-02-03,1542,F01,Running Shoes,Fitness,1,7500
4022,2025-02-03,1542,F02,Running Socks (3-Pack),Fitness,1,950
4022,2025-02-03,1542,F03,Sports Water Bottle,Fitness,1,700
4023,2025-04-04,1790,F07,Gym Bag,Fitness,2,2600
4023,2025-04-04,1790,O03,Laptop Stand,Office,2,2100
4023,2025-04-04,1790,O02,Wireless Mouse,Office,1,1400
4023,2025-04-04,1790,P03,Camera Bag,Photography,1,3800
4024,2025-03-18,977,O01,Laptop Bag,Office,2,3200
4024,2025-03-18,977,O02,Wireless Mouse,Office,1,1400
4024,2025-03-18,977,O03,Laptop Stand,Office,1,2100
4025,2025-03-18,508,E05,Power Bank 10000mAh,Electronics,1,2800
4026,2025-03-08,1024,F02,Running Socks (3-Pack),Fitness,1,950
4026,2025-03-08,1024,E02,Screen Protector,Electronics,1,350
4026,2025-03-08,1024,F04,Fitness Tracker,Fitness,1,4500
4026,2025-03-08,1024,H04,Blender,Home & Kitchen,1,4800
4027,2025-02-26,1547,E04,Fast Phone Charger,Electronics,1,1200
4027,2025-02-26,1547,P04,Tripod,Photography,2,3200
4027,2025-02-26,1547,H02,Coffee Pods (Pack of 20),Home & Kitchen,1,1200
4028,2025-04-29,126,O06,Notebook & Pen Set,Office,1,600
4028,2025-04-29,126,P03,Camera Bag,Photography,2,3800
4028,2025-04-29,126,E08,Smartwatch Replacement Band,Electronics,1,900
4029,2025-05-16,1628,H03,Electric Kettle,Home & Kitchen,1,3200
4030,2025-01-19,1298,F02,Running Socks (3-Pack),Fitness,1,950
4030,2025-01-19,1298,E05,Power Bank 10000mAh,Electronics,1,2800
4030,2025-01-19,1298,H05,Travel Mug,Home & Kitchen,1,900
4031,2025-06-01,437,E03,Wireless Earphones,Electronics,1,3500
4032,2025-05-01,567,F07,Gym Bag,Fitness,1,2600
4032,2025-05-01,567,F05,Yoga Mat,Fitness,1,2200
4033,2025-01-07,693,O03,Laptop Stand,Office,1,2100
4034,2025-01-07,703,H01,Coffee Maker,Home & Kitchen,1,5500
4034,2025-01-07,703,H02,Coffee Pods (Pack of 20),Home & Kitchen,1,1200
4034,2025-01-07,703,H05,Travel Mug,Home & Kitchen,1,900
4035,2025-03-05,1026,F01,Running Shoes,Fitness,1,7500
4035,2025-03-05,1026,F02,Running Socks (3-Pack),Fitness,1,950
4035,2025-03-05,1026,F03,Sports Water Bottle,Fitness,1,700
4036,2025-05-14,1795,F07,Gym Bag,Fitness,1,2600
4036,2025-05-14,1795,F05,Yoga Mat,Fitness,1,2200
4037,2025-02-16,324,E07,Smartwatch,Electronics,1,6500
4037,2025-02-16,324,E08,Smartwatch Replacement Band,Electronics,1,900
4038,2025-04-30,880,E03,Wireless Earphones,Electronics,1,3500
4039,2025-06-21,883,E06,Bluetooth Speaker,Electronics,1,4200
4039,2025-06-21,883,E02,Screen Protector,Electronics,1,350
4039,2025-06-21,883,E03,Wireless Earphones,Electronics,1,3500
4040,2025-02-11,577,E07,Smartwatch,Electronics,1,6500
4040,2025-02-11,577,E08,Smartwatch Replacement Band,Electronics,1,900
4041,2025-03-26,1405,F07,Gym Bag,Fitness,1,2600
4041,2025-03-26,1405,F05,Yoga Mat,Fitness,1,2200
4041,2025-03-26,1405,F06,Resistance Bands Set,Fitness,1,1500
4042,2025-05-10,1075,F01,Running Shoes,Fitness,1,7500
4042,2025-05-10,1075,O03,Laptop Stand,Office,2,2100
4043,2025-04-10,1230,H03,Electric Kettle,Home & Kitchen,1,3200
4043,2025-04-10,1230,H06,Tea Infuser,Home & Kitchen,1,450
4043,2025-04-10,1230,H07,Milk Frother,Home & Kitchen,1,1100
4044,2025-06-14,560,F01,Running Shoes,Fitness,2,7500
4044,2025-06-14,560,F02,Running Socks (3-Pack),Fitness,1,950
4045,2025-03-04,363,P01,Digital Camera,Photography,1,45000
4045,2025-03-04,363,P02,Memory Card 128GB,Photography,1,2200
4045,2025-03-04,363,P03,Camera Bag,Photography,1,3800
4046,2025-06-20,571,F04,Fitness Tracker,Fitness,2,4500
4046,2025-06-20,571,F03,Sports Water Bottle,Fitness,1,700
4047,2025-04-30,391,O02,Wireless Mouse,Office,1,1400
4047,2025-04-30,391,E03,Wireless Earphones,Electronics,1,3500
4047,2025-04-30,391,H06,Tea Infuser,Home & Kitchen,1,450
4047,2025-04-30,391,E10,Laptop Sleeve,Electronics,1,1800
4048,2025-05-21,377,P01,Digital Camera,Photography,1,45000
4048,2025-05-21,377,P03,Camera Bag,Photography,1,3800
4049,2025-04-20,1513,E04,Fast Phone Charger,Electronics,1,1200
4049,2025-04-20,1513,E05,Power Bank 10000mAh,Electronics,1,2800
4049,2025-04-20,1513,E09,USB-C Cable,Electronics,1,450
4049,2025-04-20,1513,E06,Bluetooth Speaker,Electronics,1,4200
4050,2025-04-27,1090,F07,Gym Bag,Fitness,1,2600
4050,2025-04-27,1090,F05,Yoga Mat,Fitness,1,2200
4051,2025-03-08,1148,F05,Yoga Mat,Fitness,1,2200
4052,2025-05-04,269,F01,Running Shoes,Fitness,1,7500
4052,2025-05-04,269,F02,Running Socks (3-Pack),Fitness,1,950
4052,2025-05-04,269,F03,Sports Water Bottle,Fitness,1,700
4053,2025-03-21,905,E01,Phone Case,Electronics,1,800
4053,2025-03-21,905,E02,Screen Protector,Electronics,1,350
4054,2025-03-02,693,E04,Fast Phone Charger,Electronics,1,1200
4054,2025-03-02,693,E05,Power Bank 10000mAh,Electronics,1,2800
4055,2025-02-07,421,F03,Sports Water Bottle,Fitness,1,700
4056,2025-05-11,1348,P01,Digital Camera,Photography,2,45000
4056,2025-05-11,1348,P02,Memory Card 128GB,Photography,2,2200
4056,2025-05-11,1348,P03,Camera Bag,Photography,1,3800
4057,2025-03-04,1246,E01,Phone Case,Electronics,1,800
4057,2025-03-04,1246,E02,Screen Protector,Electronics,1,350
4058,2025-06-03,1584,O04,Mechanical Keyboard,Office,1,5200
4058,2025-06-03,1584,P01,Digital Camera,Photography,1,45000
4059,2025-03-08,1522,F07,Gym Bag,Fitness,1,2600
4059,2025-03-08,1522,F05,Yoga Mat,Fitness,1,2200
4060,2025-01-06,429,F07,Gym Bag,Fitness,1,2600
4061,2025-04-16,972,O06,Notebook & Pen Set,Office,1,600
4062,2025-05-27,1508,F07,Gym Bag,Fitness,1,2600
4062,2025-05-27,1508,O06,Notebook & Pen Set,Office,1,600
4062,2025-05-27,1508,E07,Smartwatch,Electronics,1,6500
4062,2025-05-27,1508,E10,Laptop Sleeve,Electronics,1,1800
4063,2025-02-08,1133,E05,Power Bank 10000mAh,Electronics,1,2800
4064,2025-05-25,141,E07,Smartwatch,Electronics,1,6500
4065,2025-04-24,1315,F05,Yoga Mat,Fitness,1,2200
4065,2025-04-24,1315,O02,Wireless Mouse,Office,1,1400
4066,2025-05-10,214,F01,Running Shoes,Fitness,1,7500
4066,2025-05-10,214,F02,Running Socks (3-Pack),Fitness,1,950
4067,2025-01-15,123,E09,USB-C Cable,Electronics,1,450
4068,2025-03-10,797,F01,Running Shoes,Fitness,1,7500
4068,2025-03-10,797,F02,Running Socks (3-Pack),Fitness,1,950
4069,2025-06-29,1078,H03,Electric Kettle,Home & Kitchen,1,3200
4070,2025-05-23,59,O01,Laptop Bag,Office,1,3200
4070,2025-05-23,59,O02,Wireless Mouse,Office,1,1400
4070,2025-05-23,59,O03,Laptop Stand,Office,1,2100
4071,2025-02-28,1035,H02,Coffee Pods (Pack of 20),Home & Kitchen,1,1200
4072,2025-04-21,1068,E01,Phone Case,Electronics,1,800
4072,2025-04-21,1068,E02,Screen Protector,Electronics,1,350
4073,2025-01-05,1760,E10,Laptop Sleeve,Electronics,1,1800
4073,2025-01-05,1760,H02,Coffee Pods (Pack of 20),Home & Kitchen,1,1200
4074,2025-02-15,637,F07,Gym Bag,Fitness,1,2600
4074,2025-02-15,637,F05,Yoga Mat,Fitness,1,2200
4074,2025-02-15,637,F06,Resistance Bands Set,Fitness,1,1500
4075,2025-04-02,819,O03,Laptop Stand,Office,2,2100
4076,2025-06-08,196,O04,Mechanical Keyboard,Office,1,5200
4077,2025-02-10,1551,H07,Milk Frother,Home & Kitchen,1,1100
4077,2025-02-10,1551,O03,Laptop Stand,Office,1,2100
4077,2025-02-10,1551,F04,Fitness Tracker,Fitness,1,4500
4078,2025-06-21,58,O05,Desk Lamp,Office,1,1800
4078,2025-06-21,58,F06,Resistance Bands Set,Fitness,1,1500
4079,2025-06-01,944,O01,Laptop Bag,Office,1,3200
4079,2025-06-01,944,P02,Memory Card 128GB,Photography,1,2200
4079,2025-06-01,944,H06,Tea Infuser,Home & Kitchen,1,450
4079,2025-06-01,944,O05,Desk Lamp,Office,1,1800
4080,2025-03-24,1120,P01,Digital Camera,Photography,2,45000
4080,2025-03-24,1120,H05,Travel Mug,Home & Kitchen,1,900
4080,2025-03-24,1120,E05,Power Bank 10000mAh,Electronics,1,2800
4081,2025-04-16,1632,P01,Digital Camera,Photography,1,45000
4081,2025-04-16,1632,E09,USB-C Cable,Electronics,2,450
4082,2025-06-14,986,H01,Coffee Maker,Home & Kitchen,1,5500
4082,2025-06-14,986,E08,Smartwatch Replacement Band,Electronics,1,900
4082,2025-06-14,986,E02,Screen Protector,Electronics,1,350
4082,2025-06-14,986,P03,Camera Bag,Photography,1,3800
4083,2025-06-13,1133,P04,Tripod,Photography,1,3200
4084,2025-03-03,1763,E04,Fast Phone Charger,Electronics,1,1200
4084,2025-03-03,1763,E05,Power Bank 10000mAh,Electronics,1,2800
4084,2025-03-03,1763,E09,USB-C Cable,Electronics,1,450
4085,2025-04-08,1653,H01,Coffee Maker,Home & Kitchen,1,5500
4085,2025-04-08,1653,H02,Coffee Pods (Pack of 20),Home & Kitchen,1,1200
4086,2025-02-26,899,F04,Fitness Tracker,Fitness,1,4500
4087,2025-02-17,1019,E04,Fast Phone Charger,Electronics,2,1200
4087,2025-02-17,1019,F06,Resistance Bands Set,Fitness,1,1500
4088,2025-02-01,1501,H06,Tea Infuser,Home & Kitchen,2,450
4088,2025-02-01,1501,O05,Desk Lamp,Office,1,1800
4088,2025-02-01,1501,E07,Smartwatch,Electronics,1,6500
4088,2025-02-01,1501,P04,Tripod,Photography,2,3200
4089,2025-04-01,737,E03,Wireless Earphones,Electronics,1,3500
4090,2025-05-06,1497,F04,Fitness Tracker,Fitness,1,4500
4090,2025-05-06,1497,E02,Screen Protector,Electronics,1,350
4090,2025-05-06,1497,O01,Laptop Bag,Office,1,3200
4091,2025-06-21,1305,F04,Fitness Tracker,Fitness,1,4500
4091,2025-06-21,1305,F03,Sports Water Bottle,Fitness,1,700
4092,2025-06-18,1478,E07,Smartwatch,Electronics,1,6500
4092,2025-06-18,1478,E08,Smartwatch Replacement Band,Electronics,1,900
4093,2025-04-13,1693,H02,Coffee Pods (Pack of 20),Home & Kitchen,1,1200
4093,2025-04-13,1693,H06,Tea Infuser,Home & Kitchen,1,450
4093,2025-04-13,1693,F05,Yoga Mat,Fitness,1,2200
4094,2025-02-17,1476,H01,Coffee Maker,Home & Kitchen,1,5500
4094,2025-02-17,1476,E01,Phone Case,Electronics,1,800
4094,2025-02-17,1476,F05,Yoga Mat,Fitness,1,2200
4095,2025-05-27,1783,F01,Running Shoes,Fitness,1,7500
4095,2025-05-27,1783,F02,Running Socks (3-Pack),Fitness,1,950
4095,2025-05-27,1783,E08,Smartwatch Replacement Band,Electronics,1,900
4096,2025-03-25,845,H07,Milk Frother,Home & Kitchen,1,1100
4097,2025-02-26,1285,E05,Power Bank 10000mAh,Electronics,1,2800
4098,2025-04-13,228,H01,Coffee Maker,Home & Kitchen,1,5500
4098,2025-04-13,228,H02,Coffee Pods (Pack of 20),Home & Kitchen,1,1200
4099,2025-05-31,1203,F07,Gym Bag,Fitness,2,2600
4099,2025-05-31,1203,E08,Smartwatch Replacement Band,Electronics,1,900
4099,2025-05-31,1203,E05,Power Bank 10000mAh,Electronics,1,2800
4100,2025-01-03,316,F04,Fitness Tracker,Fitness,1,4500
4100,2025-01-03,316,F03,Sports Water Bottle,Fitness,1,700
4101,2025-03-17,1070,F01,Running Shoes,Fitness,1,7500
4101,2025-03-17,1070,F02,Running Socks (3-Pack),Fitness,2,950
4102,2025-06-17,237,P03,Camera Bag,Photography,1,3800
4102,2025-06-17,237,E06,Bluetooth Speaker,Electronics,1,4200
4103,2025-04-26,1749,F01,Running Shoes,Fitness,1,7500
4103,2025-04-26,1749,P03,Camera Bag,Photography,1,3800
4104,2025-01-18,1689,P02,Memory Card 128GB,Photography,2,2200
4104,2025-01-18,1689,H07,Milk Frother,Home & Kitchen,1,1100
4104,2025-01-18,1689,E06,Bluetooth Speaker,Electronics,1,4200
4105,2025-06-16,1559,P01,Digital Camera,Photography,1,45000
4105,2025-06-16,1559,P02,Memory Card 128GB,Photography,1,2200
4105,2025-06-16,1559,P03,Camera Bag,Photography,2,3800
4105,2025-06-16,1559,P04,Tripod,Photography,1,3200
4106,2025-03-17,1291,H02,Coffee Pods (Pack of 20),Home & Kitchen,2,1200
4106,2025-03-17,1291,F07,Gym Bag,Fitness,1,2600
4106,2025-03-17,1291,F03,Sports Water Bottle,Fitness,1,700
4107,2025-06-28,1660,E04,Fast Phone Charger,Electronics,1,1200
4107,2025-06-28,1660,E05,Power Bank 10000mAh,Electronics,1,2800
4107,2025-06-28,1660,H02,Coffee Pods (Pack of 20),Home & Kitchen,1,1200
4108,2025-06-08,1588,O01,Laptop Bag,Office,1,3200
4108,2025-06-08,1588,O02,Wireless Mouse,Office,1,1400
4108,2025-06-08,1588,O03,Laptop Stand,Office,1,2100
4109,2025-04-09,1519,E01,Phone Case,Electronics,1,800
4109,2025-04-09,1519,E02,Screen Protector,Electronics,1,350
4110,2025-01-26,1411,P05,Extra Camera Battery,Photography,1,2600
4110,2025-01-26,1411,H03,Electric Kettle,Home & Kitchen,2,3200
4110,2025-01-26,1411,E09,USB-C Cable,Electronics,1,450
4110,2025-01-26,1411,F02,Running Socks (3-Pack),Fitness,1,950
4111,2025-03-30,275,E07,Smartwatch,Electronics,1,6500
4111,2025-03-30,275,E08,Smartwatch Replacement Band,Electronics,1,900
4112,2025-04-17,1384,E02,Screen Protector,Electronics,1,350
4112,2025-04-17,1384,E01,Phone Case,Electronics,1,800
4112,2025-04-17,1384,F02,Running Socks (3-Pack),Fitness,1,950
4112,2025-04-17,1384,E03,Wireless Earphones,Electronics,1,3500
4113,2025-06-19,1790,P01,Digital Camera,Photography,1,45000
4113,2025-06-19,1790,P02,Memory Card 128GB,Photography,1,2200
4113,2025-06-19,1790,P03,Camera Bag,Photography,2,3800
4113,2025-06-19,1790,P04,Tripod,Photography,1,3200
4114,2025-06-12,574,H01,Coffee Maker,Home & Kitchen,1,5500
4114,2025-06-12,574,H02,Coffee Pods (Pack of 20),Home & Kitchen,1,1200
4114,2025-06-12,574,P04,Tripod,Photography,1,3200
4115,2025-05-20,1243,E07,Smartwatch,Electronics,1,6500
4115,2025-05-20,1243,E08,Smartwatch Replacement Band,Electronics,1,900
4116,2025-03-18,716,F05,Yoga Mat,Fitness,2,2200
4116,2025-03-18,716,O04,Mechanical Keyboard,Office,1,5200
4117,2025-02-21,1503,E01,Phone Case,Electronics,1,800
4117,2025-02-21,1503,E02,Screen Protector,Electronics,1,350
4118,2025-01-11,503,E01,Phone Case,Electronics,1,800
4118,2025-01-11,503,E02,Screen Protector,Electronics,1,350
4118,2025-01-11,503,E04,Fast Phone Charger,Electronics,1,1200
4119,2025-06-08,425,O04,Mechanical Keyboard,Office,2,5200
4119,2025-06-08,425,E06,Bluetooth Speaker,Electronics,1,4200
4120,2025-03-23,541,E01,Phone Case,Electronics,1,800
4120,2025-03-23,541,E02,Screen Protector,Electronics,1,350
4121,2025-06-24,606,E05,Power Bank 10000mAh,Electronics,1,2800
4121,2025-06-24,606,E01,Phone Case,Electronics,1,800
4122,2025-03-07,698,O06,Notebook & Pen Set,Office,1,600
4122,2025-03-07,698,P02,Memory Card 128GB,Photography,1,2200
4122,2025-03-07,698,F07,Gym Bag,Fitness,1,2600
4122,2025-03-07,698,F06,Resistance Bands Set,Fitness,1,1500
4123,2025-05-09,301,H01,Coffee Maker,Home & Kitchen,1,5500
4123,2025-05-09,301,H02,Coffee Pods (Pack of 20),Home & Kitchen,1,1200
4123,2025-05-09,301,H05,Travel Mug,Home & Kitchen,1,900
4124,2025-06-17,901,P01,Digital Camera,Photography,1,45000
4124,2025-06-17,901,P02,Memory Card 128GB,Photography,1,2200
4124,2025-06-17,901,P03,Camera Bag,Photography,1,3800
4125,2025-03-22,1245,P01,Digital Camera,Photography,1,45000
4125,2025-03-22,1245,P02,Memory Card 128GB,Photography,2,2200
4125,2025-03-22,1245,P03,Camera Bag,Photography,1,3800
4126,2025-05-15,329,E01,Phone Case,Electronics,1,800
4126,2025-05-15,329,P04,Tripod,Photography,2,3200
4126,2025-05-15,329,F03,Sports Water Bottle,Fitness,1,700
4127,2025-05-25,665,E07,Smartwatch,Electronics,1,6500
4127,2025-05-25,665,E08,Smartwatch Replacement Band,Electronics,1,900
4128,2025-03-04,760,E07,Smartwatch,Electronics,1,6500
4128,2025-03-04,760,F04,Fitness Tracker,Fitness,1,4500
4129,2025-05-02,588,F03,Sports Water Bottle,Fitness,1,700
4129,2025-05-02,588,E04,Fast Phone Charger,Electronics,1,1200
4129,2025-05-02,588,F06,Resistance Bands Set,Fitness,1,1500
4130,2025-01-11,967,E07,Smartwatch,Electronics,1,6500
4130,2025-01-11,967,E08,Smartwatch Replacement Band,Electronics,1,900
4131,2025-03-25,1351,O01,Laptop Bag,Office,1,3200
4131,2025-03-25,1351,E01,Phone Case,Electronics,1,800
4132,2025-02-05,1582,F07,Gym Bag,Fitness,1,2600
4132,2025-02-05,1582,O01,Laptop Bag,Office,1,3200
4133,2025-05-13,1513,F07,Gym Bag,Fitness,1,2600
4133,2025-05-13,1513,F05,Yoga Mat,Fitness,1,2200
4134,2025-01-12,497,F04,Fitness Tracker,Fitness,1,4500
4134,2025-01-12,497,F03,Sports Water Bottle,Fitness,1,700
4135,2025-04-09,1316,E02,Screen Protector,Electronics,1,350
4136,2025-02-06,1283,F07,Gym Bag,Fitness,1,2600
4136,2025-02-06,1283,F05,Yoga Mat,Fitness,1,2200
4136,2025-02-06,1283,F06,Resistance Bands Set,Fitness,1,1500
4137,2025-04-21,722,H06,Tea Infuser,Home & Kitchen,1,450
4138,2025-01-05,444,P03,Camera Bag,Photography,1,3800
4139,2025-02-01,329,F07,Gym Bag,Fitness,1,2600
4139,2025-02-01,329,F05,Yoga Mat,Fitness,1,2200
4140,2025-01-22,724,P05,Extra Camera Battery,Photography,1,2600
4140,2025-01-22,724,O03,Laptop Stand,Office,2,2100
4140,2025-01-22,724,O05,Desk Lamp,Office,1,1800
4141,2025-02-03,83,F05,Yoga Mat,Fitness,1,2200
4141,2025-02-03,83,O06,Notebook & Pen Set,Office,1,600
4141,2025-02-03,83,O03,Laptop Stand,Office,1,2100
4142,2025-06-23,967,F07,Gym Bag,Fitness,1,2600
4142,2025-06-23,967,F05,Yoga Mat,Fitness,1,2200
4142,2025-06-23,967,F06,Resistance Bands Set,Fitness,1,1500
4143,2025-05-03,1100,E07,Smartwatch,Electronics,1,6500
4143,2025-05-03,1100,E08,Smartwatch Replacement Band,Electronics,1,900
4144,2025-01-06,776,E04,Fast Phone Charger,Electronics,1,1200
4144,2025-01-06,776,E05,Power Bank 10000mAh,Electronics,2,2800
4145,2025-03-07,75,E07,Smartwatch,Electronics,1,6500
4145,2025-03-07,75,E08,Smartwatch Replacement Band,Electronics,1,900
4145,2025-03-07,75,F03,Sports Water Bottle,Fitness,1,700
4146,2025-03-14,1756,O05,Desk Lamp,Office,1,1800
4146,2025-03-14,1756,E03,Wireless Earphones,Electronics,1,3500
4146,2025-03-14,1756,O03,Laptop Stand,Office,1,2100
4147,2025-05-08,751,F04,Fitness Tracker,Fitness,1,4500
4147,2025-05-08,751,H03,Electric Kettle,Home & Kitchen,1,3200
4148,2025-06-14,881,H04,Blender,Home & Kitchen,1,4800
4148,2025-06-14,881,O05,Desk Lamp,Office,1,1800
4149,2025-06-14,581,O01,Laptop Bag,Office,2,3200
4149,2025-06-14,581,O02,Wireless Mouse,Office,1,1400
4149,2025-06-14,581,O03,Laptop Stand,Office,2,2100
4150,2025-04-24,1205,H03,Electric Kettle,Home & Kitchen,1,3200
4151,2025-03-05,871,P03,Camera Bag,Photography,1,3800
4152,2025-05-24,223,P04,Tripod,Photography,1,3200
4153,2025-05-22,18,P01,Digital Camera,Photography,1,45000
4153,2025-05-22,18,P02,Memory Card 128GB,Photography,1,2200
4153,2025-05-22,18,P03,Camera Bag,Photography,1,3800
4154,2025-02-23,307,E07,Smartwatch,Electronics,1,6500
4155,2025-01-28,1571,H03,Electric Kettle,Home & Kitchen,1,3200
4155,2025-01-28,1571,H06,Tea Infuser,Home & Kitchen,1,450
4156,2025-05-23,252,O05,Desk Lamp,Office,1,1800
4156,2025-05-23,252,E09,USB-C Cable,Electronics,1,450
4156,2025-05-23,252,E06,Bluetooth Speaker,Electronics,1,4200
4157,2025-01-24,350,E04,Fast Phone Charger,Electronics,1,1200
4157,2025-01-24,350,E05,Power Bank 10000mAh,Electronics,1,2800
4158,2025-03-04,1480,F07,Gym Bag,Fitness,1,2600
4158,2025-03-04,1480,F05,Yoga Mat,Fitness,1,2200
4159,2025-02-04,736,P01,Digital Camera,Photography,1,45000
4159,2025-02-04,736,P02,Memory Card 128GB,Photography,1,2200
4159,2025-02-04,736,P03,Camera Bag,Photography,1,3800
4159,2025-02-04,736,P04,Tripod,Photography,1,3200
4159,2025-02-04,736,E05,Power Bank 10000mAh,Electronics,1,2800
4160,2025-04-09,1222,E01,Phone Case,Electronics,1,800
4160,2025-04-09,1222,E02,Screen Protector,Electronics,1,350
4161,2025-02-11,497,H03,Electric Kettle,Home & Kitchen,1,3200
4161,2025-02-11,497,H06,Tea Infuser,Home & Kitchen,1,450
4161,2025-02-11,497,H07,Milk Frother,Home & Kitchen,1,1100
4162,2025-04-27,1644,F07,Gym Bag,Fitness,1,2600
4162,2025-04-27,1644,F05,Yoga Mat,Fitness,1,2200
4163,2025-02-04,646,H03,Electric Kettle,Home & Kitchen,1,3200
4163,2025-02-04,646,H06,Tea Infuser,Home & Kitchen,1,450
4164,2025-03-14,1224,F02,Running Socks (3-Pack),Fitness,1,950
4165,2025-06-20,252,H04,Blender,Home & Kitchen,1,4800
4166,2025-01-11,310,E10,Laptop Sleeve,Electronics,1,1800
4166,2025-01-11,310,H01,Coffee Maker,Home & Kitchen,1,5500
4167,2025-03-26,1083,P04,Tripod,Photography,1,3200
4167,2025-03-26,1083,H02,Coffee Pods (Pack of 20),Home & Kitchen,1,1200
4167,2025-03-26,1083,E02,Screen Protector,Electronics,1,350
4167,2025-03-26,1083,E04,Fast Phone Charger,Electronics,1,1200
4168,2025-01-25,1624,P01,Digital Camera,Photography,1,45000
4168,2025-01-25,1624,P02,Memory Card 128GB,Photography,1,2200
4168,2025-01-25,1624,P03,Camera Bag,Photography,2,3800
4169,2025-05-31,1419,H01,Coffee Maker,Home & Kitchen,1,5500
4169,2025-05-31,1419,H02,Coffee Pods (Pack of 20),Home & Kitchen,1,1200
4169,2025-05-31,1419,O04,Mechanical Keyboard,Office,1,5200
4170,2025-01-06,1373,F01,Running Shoes,Fitness,2,7500
4170,2025-01-06,1373,F02,Running Socks (3-Pack),Fitness,2,950
4171,2025-03-12,620,F02,Running Socks (3-Pack),Fitness,1,950
4172,2025-01-19,249,E01,Phone Case,Electronics,1,800
4172,2025-01-19,249,P04,Tripod,Photography,2,3200
4172,2025-01-19,249,O01,Laptop Bag,Office,1,3200
4173,2025-02-19,1210,O01,Laptop Bag,Office,1,3200
4173,2025-02-19,1210,H02,Coffee Pods (Pack of 20),Home & Kitchen,1,1200
4173,2025-02-19,1210,F03,Sports Water Bottle,Fitness,1,700
4174,2025-02-22,1252,E01,Phone Case,Electronics,1,800
4174,2025-02-22,1252,E02,Screen Protector,Electronics,1,350
4175,2025-04-27,634,E09,USB-C Cable,Electronics,1,450
4176,2025-04-25,662,E04,Fast Phone Charger,Electronics,1,1200
4176,2025-04-25,662,E05,Power Bank 10000mAh,Electronics,1,2800
4177,2025-02-03,344,F02,Running Socks (3-Pack),Fitness,1,950
4177,2025-02-03,344,E09,USB-C Cable,Electronics,1,450
4177,2025-02-03,344,O05,Desk Lamp,Office,2,1800
4177,2025-02-03,344,F01,Running Shoes,Fitness,1,7500
4178,2025-03-22,1273,H04,Blender,Home & Kitchen,1,4800
4179,2025-01-23,1580,P05,Extra Camera Battery,Photography,1,2600
4179,2025-01-23,1580,O03,Laptop Stand,Office,1,2100
4179,2025-01-23,1580,O02,Wireless Mouse,Office,1,1400
4179,2025-01-23,1580,H03,Electric Kettle,Home & Kitchen,1,3200
4180,2025-04-22,1045,P05,Extra Camera Battery,Photography,1,2600
4180,2025-04-22,1045,H02,Coffee Pods (Pack of 20),Home & Kitchen,1,1200
4181,2025-03-23,1728,H07,Milk Frother,Home & Kitchen,1,1100
4181,2025-03-23,1728,H01,Coffee Maker,Home & Kitchen,1,5500
4181,2025-03-23,1728,F01,Running Shoes,Fitness,1,7500
4181,2025-03-23,1728,O05,Desk Lamp,Office,1,1800
4182,2025-03-24,1676,E08,Smartwatch Replacement Band,Electronics,1,900
4183,2025-03-15,1702,H06,Tea Infuser,Home & Kitchen,1,450
4184,2025-05-18,1595,H03,Electric Kettle,Home & Kitchen,1,3200
4185,2025-01-14,1526,F07,Gym Bag,Fitness,1,2600
4185,2025-01-14,1526,F05,Yoga Mat,Fitness,2,2200
4186,2025-05-13,1652,O06,Notebook & Pen Set,Office,1,600
4187,2025-05-27,769,F07,Gym Bag,Fitness,1,2600
4187,2025-05-27,769,F05,Yoga Mat,Fitness,1,2200
4188,2025-03-18,435,H07,Milk Frother,Home & Kitchen,1,1100
4188,2025-03-18,435,P02,Memory Card 128GB,Photography,1,2200
4189,2025-05-16,99,H07,Milk Frother,Home & Kitchen,1,1100
4189,2025-05-16,99,E08,Smartwatch Replacement Band,Electronics,1,900
4190,2025-05-04,1,F07,Gym Bag,Fitness,1,2600
4190,2025-05-04,1,F05,Yoga Mat,Fitness,1,2200
4191,2025-03-25,985,F05,Yoga Mat,Fitness,1,2200
4192,2025-02-08,737,E01,Phone Case,Electronics,1,800
4192,2025-02-08,737,E02,Screen Protector,Electronics,1,350
4193,2025-04-22,224,O03,Laptop Stand,Office,1,2100
4193,2025-04-22,224,P05,Extra Camera Battery,Photography,1,2600
4193,2025-04-22,224,E03,Wireless Earphones,Electronics,2,3500
4193,2025-04-22,224,E06,Bluetooth Speaker,Electronics,1,4200
4194,2025-05-24,638,F03,Sports Water Bottle,Fitness,1,700
4195,2025-03-13,206,H01,Coffee Maker,Home & Kitchen,1,5500
4195,2025-03-13,206,F04,Fitness Tracker,Fitness,1,4500
4195,2025-03-13,206,O01,Laptop Bag,Office,1,3200
4196,2025-01-22,1189,F04,Fitness Tracker,Fitness,1,4500
4197,2025-05-21,486,F06,Resistance Bands Set,Fitness,1,1500
4198,2025-04-08,1794,E01,Phone Case,Electronics,1,800
4198,2025-04-08,1794,F06,Resistance Bands Set,Fitness,1,1500
4198,2025-04-08,1794,E04,Fast Phone Charger,Electronics,1,1200
4199,2025-01-26,42,F07,Gym Bag,Fitness,1,2600
4200,2025-05-12,288,H01,Coffee Maker,Home & Kitchen,1,5500
4200,2025-05-12,288,H02,Coffee Pods (Pack of 20),Home & Kitchen,1,1200
4201,2025-06-12,891,E01,Phone Case,Electronics,1,800
4201,2025-06-12,891,E02,Screen Protector,Electronics,2,350
4202,2025-01-15,1087,E02,Screen Protector,Electronics,1,350
4202,2025-01-15,1087,F06,Resistance Bands Set,Fitness,1,1500
4203,2025-06-08,626,F07,Gym Bag,Fitness,1,2600
4203,2025-06-08,626,F05,Yoga Mat,Fitness,1,2200
4203,2025-06-08,626,F06,Resistance Bands Set,Fitness,1,1500
4203,2025-06-08,626,F03,Sports Water Bottle,Fitness,1,700
4204,2025-06-28,834,H04,Blender,Home & Kitchen,1,4800
4205,2025-01-13,738,H05,Travel Mug,Home & Kitchen,1,900
4206,2025-06-27,1390,P01,Digital Camera,Photography,1,45000
4206,2025-06-27,1390,P02,Memory Card 128GB,Photography,1,2200
4206,2025-06-27,1390,P03,Camera Bag,Photography,1,3800
4207,2025-06-28,717,H01,Coffee Maker,Home & Kitchen,1,5500
4207,2025-06-28,717,H02,Coffee Pods (Pack of 20),Home & Kitchen,1,1200
4207,2025-06-28,717,H05,Travel Mug,Home & Kitchen,1,900
4208,2025-01-03,1130,F01,Running Shoes,Fitness,1,7500
4208,2025-01-03,1130,F02,Running Socks (3-Pack),Fitness,1,950
4208,2025-01-03,1130,F03,Sports Water Bottle,Fitness,1,700
4209,2025-06-10,306,E03,Wireless Earphones,Electronics,1,3500
4209,2025-06-10,306,H02,Coffee Pods (Pack of 20),Home & Kitchen,1,1200
4209,2025-06-10,306,F04,Fitness Tracker,Fitness,1,4500
4209,2025-06-10,306,P02,Memory Card 128GB,Photography,1,2200
4210,2025-01-30,1347,O02,Wireless Mouse,Office,1,1400
4210,2025-01-30,1347,E07,Smartwatch,Electronics,1,6500
4210,2025-01-30,1347,O06,Notebook & Pen Set,Office,1,600
4210,2025-01-30,1347,H06,Tea Infuser,Home & Kitchen,1,450
4211,2025-05-02,111,O02,Wireless Mouse,Office,1,1400
4211,2025-05-02,111,F05,Yoga Mat,Fitness,1,2200
4211,2025-05-02,111,E10,Laptop Sleeve,Electronics,1,1800
4211,2025-05-02,111,E03,Wireless Earphones,Electronics,1,3500
4212,2025-01-09,587,P02,Memory Card 128GB,Photography,2,2200
4212,2025-01-09,587,F06,Resistance Bands Set,Fitness,1,1500
4212,2025-01-09,587,O05,Desk Lamp,Office,1,1800
4213,2025-03-30,1409,F07,Gym Bag,Fitness,1,2600
4213,2025-03-30,1409,F05,Yoga Mat,Fitness,1,2200
4213,2025-03-30,1409,H05,Travel Mug,Home & Kitchen,1,900
4214,2025-01-07,920,O01,Laptop Bag,Office,2,3200
4214,2025-01-07,920,O02,Wireless Mouse,Office,1,1400
4214,2025-01-07,920,O03,Laptop Stand,Office,1,2100
4215,2025-01-16,688,P04,Tripod,Photography,1,3200
4215,2025-01-16,688,E03,Wireless Earphones,Electronics,1,3500
4216,2025-02-06,101,F01,Running Shoes,Fitness,1,7500
4216,2025-02-06,101,E05,Power Bank 10000mAh,Electronics,2,2800
4216,2025-02-06,101,E07,Smartwatch,Electronics,1,6500
4216,2025-02-06,101,E06,Bluetooth Speaker,Electronics,1,4200
4217,2025-02-01,153,H01,Coffee Maker,Home & Kitchen,1,5500
4217,2025-02-01,153,H02,Coffee Pods (Pack of 20),Home & Kitchen,1,1200
4217,2025-02-01,153,H03,Electric Kettle,Home & Kitchen,1,3200
4218,2025-04-12,832,F04,Fitness Tracker,Fitness,1,4500
4218,2025-04-12,832,F03,Sports Water Bottle,Fitness,1,700
4219,2025-03-22,546,O01,Laptop Bag,Office,1,3200
4219,2025-03-22,546,H07,Milk Frother,Home & Kitchen,2,1100
4219,2025-03-22,546,H04,Blender,Home & Kitchen,1,4800
4219,2025-03-22,546,O05,Desk Lamp,Office,1,1800
4220,2025-06-21,440,O01,Laptop Bag,Office,2,3200
4220,2025-06-21,440,O02,Wireless Mouse,Office,1,1400
4220,2025-06-21,440,O03,Laptop Stand,Office,1,2100
4221,2025-02-26,1061,F01,Running Shoes,Fitness,1,7500
4221,2025-02-26,1061,F02,Running Socks (3-Pack),Fitness,1,950
4222,2025-03-12,740,F03,Sports Water Bottle,Fitness,2,700
4223,2025-03-23,426,F02,Running Socks (3-Pack),Fitness,1,950
4224,2025-01-08,97,O01,Laptop Bag,Office,1,3200
4225,2025-04-30,882,H01,Coffee Maker,Home & Kitchen,1,5500
4225,2025-04-30,882,H02,Coffee Pods (Pack of 20),Home & Kitchen,1,1200
4226,2025-04-07,783,P01,Digital Camera,Photography,1,45000
4226,2025-04-07,783,P02,Memory Card 128GB,Photography,1,2200
4226,2025-04-07,783,P03,Camera Bag,Photography,1,3800
4227,2025-03-19,1292,F07,Gym Bag,Fitness,1,2600
4227,2025-03-19,1292,H05,Travel Mug,Home & Kitchen,1,900
4228,2025-03-26,713,E01,Phone Case,Electronics,1,800
4228,2025-03-26,713,E02,Screen Protector,Electronics,1,350
4228,2025-03-26,713,H04,Blender,Home & Kitchen,1,4800
4229,2025-06-02,1336,H06,Tea Infuser,Home & Kitchen,1,450
4229,2025-06-02,1336,F03,Sports Water Bottle,Fitness,1,700
4229,2025-06-02,1336,O03,Laptop Stand,Office,2,2100
4229,2025-06-02,1336,P04,Tripod,Photography,2,3200
4230,2025-01-27,33,P02,Memory Card 128GB,Photography,1,2200
4230,2025-01-27,33,E03,Wireless Earphones,Electronics,1,3500
4230,2025-01-27,33,H02,Coffee Pods (Pack of 20),Home & Kitchen,1,1200
4231,2025-02-17,1144,P04,Tripod,Photography,1,3200
4231,2025-02-17,1144,F03,Sports Water Bottle,Fitness,1,700
4232,2025-01-18,1203,H03,Electric Kettle,Home & Kitchen,1,3200
4232,2025-01-18,1203,H06,Tea Infuser,Home & Kitchen,1,450
4232,2025-01-18,1203,H07,Milk Frother,Home & Kitchen,1,1100
4232,2025-01-18,1203,H01,Coffee Maker,Home & Kitchen,1,5500
4233,2025-02-27,71,E01,Phone Case,Electronics,1,800
4234,2025-05-07,943,H04,Blender,Home & Kitchen,1,4800
4234,2025-05-07,943,O03,Laptop Stand,Office,1,2100
4235,2025-01-02,525,E01,Phone Case,Electronics,1,800
4235,2025-01-02,525,E02,Screen Protector,Electronics,1,350
4236,2025-04-07,479,E04,Fast Phone Charger,Electronics,1,1200
4236,2025-04-07,479,E05,Power Bank 10000mAh,Electronics,1,2800
4236,2025-04-07,479,E09,USB-C Cable,Electronics,1,450
4237,2025-03-13,1243,F02,Running Socks (3-Pack),Fitness,2,950
4238,2025-06-08,86,H04,Blender,Home & Kitchen,1,4800
4238,2025-06-08,86,E07,Smartwatch,Electronics,1,6500
4238,2025-06-08,86,E06,Bluetooth Speaker,Electronics,1,4200
4238,2025-06-08,86,P05,Extra Camera Battery,Photography,1,2600
4239,2025-02-28,1778,O04,Mechanical Keyboard,Office,1,5200
4239,2025-02-28,1778,E09,USB-C Cable,Electronics,1,450
4239,2025-02-28,1778,F03,Sports Water Bottle,Fitness,2,700
4239,2025-02-28,1778,F02,Running Socks (3-Pack),Fitness,1,950
4240,2025-04-13,490,O01,Laptop Bag,Office,2,3200
4240,2025-04-13,490,O02,Wireless Mouse,Office,1,1400
4240,2025-04-13,490,O03,Laptop Stand,Office,1,2100
4240,2025-04-13,490,O04,Mechanical Keyboard,Office,1,5200
4241,2025-05-17,1145,F05,Yoga Mat,Fitness,1,2200
4242,2025-04-03,1473,H02,Coffee Pods (Pack of 20),Home & Kitchen,1,1200
4242,2025-04-03,1473,P05,Extra Camera Battery,Photography,1,2600
4242,2025-04-03,1473,P01,Digital Camera,Photography,1,45000
4243,2025-02-19,514,E07,Smartwatch,Electronics,1,6500
4243,2025-02-19,514,E08,Smartwatch Replacement Band,Electronics,1,900
4244,2025-03-28,745,E07,Smartwatch,Electronics,1,6500
4244,2025-03-28,745,E08,Smartwatch Replacement Band,Electronics,1,900
4245,2025-02-16,1197,E05,Power Bank 10000mAh,Electronics,1,2800
4245,2025-02-16,1197,H06,Tea Infuser,Home & Kitchen,1,450
4246,2025-06-11,1586,E07,Smartwatch,Electronics,1,6500
4246,2025-06-11,1586,E08,Smartwatch Replacement Band,Electronics,1,900
4247,2025-06-11,43,F07,Gym Bag,Fitness,1,2600
4247,2025-06-11,43,F05,Yoga Mat,Fitness,1,2200
4248,2025-01-27,1414,P05,Extra Camera Battery,Photography,1,2600
4248,2025-01-27,1414,F04,Fitness Tracker,Fitness,2,4500
4248,2025-01-27,1414,O06,Notebook & Pen Set,Office,1,600
4249,2025-02-12,1192,H02,Coffee Pods (Pack of 20),Home & Kitchen,1,1200
4250,2025-02-01,1043,F04,Fitness Tracker,Fitness,1,4500
4250,2025-02-01,1043,F03,Sports Water Bottle,Fitness,1,700
4251,2025-05-21,975,E01,Phone Case,Electronics,1,800
4251,2025-05-21,975,E02,Screen Protector,Electronics,1,350
4251,2025-05-21,975,E04,Fast Phone Charger,Electronics,1,1200
4251,2025-05-21,975,O01,Laptop Bag,Office,1,3200
4252,2025-02-21,387,H01,Coffee Maker,Home & Kitchen,1,5500
4252,2025-02-21,387,H02,Coffee Pods (Pack of 20),Home & Kitchen,2,1200
4253,2025-02-25,797,F04,Fitness Tracker,Fitness,1,4500
4253,2025-02-25,797,F03,Sports Water Bottle,Fitness,1,700
4254,2025-03-31,200,E03,Wireless Earphones,Electronics,1,3500
4254,2025-03-31,200,E09,USB-C Cable,Electronics,1,450
4254,2025-03-31,200,O02,Wireless Mouse,Office,1,1400
4255,2025-05-28,1,H03,Electric Kettle,Home & Kitchen,1,3200
4255,2025-05-28,1,H06,Tea Infuser,Home & Kitchen,1,450
4255,2025-05-28,1,H07,Milk Frother,Home & Kitchen,1,1100
4256,2025-03-09,1382,E07,Smartwatch,Electronics,1,6500
4257,2025-02-01,1128,E10,Laptop Sleeve,Electronics,1,1800
4258,2025-01-13,351,E01,Phone Case,Electronics,1,800
4258,2025-01-13,351,E02,Screen Protector,Electronics,1,350
4259,2025-03-15,528,P01,Digital Camera,Photography,1,45000
4259,2025-03-15,528,P02,Memory Card 128GB,Photography,1,2200
4259,2025-03-15,528,P03,Camera Bag,Photography,1,3800
4260,2025-01-07,491,F07,Gym Bag,Fitness,1,2600
4260,2025-01-07,491,F05,Yoga Mat,Fitness,1,2200
4260,2025-01-07,491,E10,Laptop Sleeve,Electronics,1,1800
4261,2025-05-15,1062,E01,Phone Case,Electronics,1,800
4261,2025-05-15,1062,E02,Screen Protector,Electronics,1,350
4262,2025-03-22,297,H04,Blender,Home & Kitchen,1,4800
4262,2025-03-22,297,E02,Screen Protector,Electronics,1,350
4262,2025-03-22,297,E08,Smartwatch Replacement Band,Electronics,1,900
4263,2025-03-15,820,O04,Mechanical Keyboard,Office,2,5200
4264,2025-05-28,1165,O02,Wireless Mouse,Office,1,1400
4265,2025-02-14,1384,F04,Fitness Tracker,Fitness,1,4500
4265,2025-02-14,1384,F03,Sports Water Bottle,Fitness,1,700
4265,2025-02-14,1384,F06,Resistance Bands Set,Fitness,1,1500
4266,2025-06-25,872,E07,Smartwatch,Electronics,1,6500
4266,2025-06-25,872,E08,Smartwatch Replacement Band,Electronics,1,900
4267,2025-04-11,1651,F07,Gym Bag,Fitness,1,2600
4267,2025-04-11,1651,H02,Coffee Pods (Pack of 20),Home & Kitchen,1,1200
4268,2025-06-29,18,F03,Sports Water Bottle,Fitness,1,700
4268,2025-06-29,18,O04,Mechanical Keyboard,Office,1,5200
4268,2025-06-29,18,H07,Milk Frother,Home & Kitchen,1,1100
4269,2025-02-24,927,P03,Camera Bag,Photography,1,3800
4269,2025-02-24,927,H06,Tea Infuser,Home & Kitchen,1,450
4270,2025-02-01,340,E07,Smartwatch,Electronics,1,6500
4270,2025-02-01,340,E08,Smartwatch Replacement Band,Electronics,1,900
4270,2025-02-01,340,F07,Gym Bag,Fitness,1,2600
4271,2025-01-23,359,F02,Running Socks (3-Pack),Fitness,1,950
4271,2025-01-23,359,E08,Smartwatch Replacement Band,Electronics,1,900
4272,2025-06-22,48,F04,Fitness Tracker,Fitness,1,4500
4273,2025-01-20,1235,H03,Electric Kettle,Home & Kitchen,1,3200
4274,2025-01-27,1134,E07,Smartwatch,Electronics,1,6500
4274,2025-01-27,1134,E08,Smartwatch Replacement Band,Electronics,1,900
4275,2025-02-25,1236,F04,Fitness Tracker,Fitness,2,4500
4275,2025-02-25,1236,F03,Sports Water Bottle,Fitness,1,700
4276,2025-05-03,472,E09,USB-C Cable,Electronics,1,450
4276,2025-05-03,472,O04,Mechanical Keyboard,Office,1,5200
4277,2025-04-01,1306,P01,Digital Camera,Photography,1,45000
4277,2025-04-01,1306,P02,Memory Card 128GB,Photography,1,2200
4277,2025-04-01,1306,P03,Camera Bag,Photography,1,3800
4277,2025-04-01,1306,P04,Tripod,Photography,1,3200
4278,2025-05-18,1501,P01,Digital Camera,Photography,1,45000
4278,2025-05-18,1501,P02,Memory Card 128GB,Photography,1,2200
4278,2025-05-18,1501,P03,Camera Bag,Photography,1,3800
4278,2025-05-18,1501,E01,Phone Case,Electronics,1,800
4279,2025-02-04,1785,E07,Smartwatch,Electronics,2,6500
4279,2025-02-04,1785,E08,Smartwatch Replacement Band,Electronics,1,900
4280,2025-04-13,1617,P01,Digital Camera,Photography,1,45000
4280,2025-04-13,1617,P02,Memory Card 128GB,Photography,2,2200
4280,2025-04-13,1617,P03,Camera Bag,Photography,1,3800
4281,2025-03-08,24,H01,Coffee Maker,Home & Kitchen,1,5500
4281,2025-03-08,24,H02,Coffee Pods (Pack of 20),Home & Kitchen,1,1200
4281,2025-03-08,24,E10,Laptop Sleeve,Electronics,1,1800
4282,2025-03-04,1770,F03,Sports Water Bottle,Fitness,1,700
4283,2025-03-08,168,E06,Bluetooth Speaker,Electronics,1,4200
4284,2025-01-11,691,O05,Desk Lamp,Office,1,1800
4284,2025-01-11,691,O01,Laptop Bag,Office,1,3200
4284,2025-01-11,691,O06,Notebook & Pen Set,Office,1,600
4284,2025-01-11,691,E05,Power Bank 10000mAh,Electronics,1,2800
4285,2025-05-16,1253,F01,Running Shoes,Fitness,1,7500
4285,2025-05-16,1253,F02,Running Socks (3-Pack),Fitness,1,950
4286,2025-06-20,1411,F03,Sports Water Bottle,Fitness,1,700
4286,2025-06-20,1411,E04,Fast Phone Charger,Electronics,1,1200
4286,2025-06-20,1411,H05,Travel Mug,Home & Kitchen,1,900
4286,2025-06-20,1411,P03,Camera Bag,Photography,1,3800
4287,2025-03-09,98,P01,Digital Camera,Photography,1,45000
4287,2025-03-09,98,P02,Memory Card 128GB,Photography,1,2200
4287,2025-03-09,98,P03,Camera Bag,Photography,1,3800
4287,2025-03-09,98,P04,Tripod,Photography,1,3200
4288,2025-05-03,186,H06,Tea Infuser,Home & Kitchen,1,450
4289,2025-04-03,141,P01,Digital Camera,Photography,1,45000
4289,2025-04-03,141,P02,Memory Card 128GB,Photography,1,2200
4289,2025-04-03,141,P03,Camera Bag,Photography,1,3800
4290,2025-02-19,1485,O05,Desk Lamp,Office,1,1800
4290,2025-02-19,1485,H03,Electric Kettle,Home & Kitchen,1,3200
4290,2025-02-19,1485,H01,Coffee Maker,Home & Kitchen,1,5500
4290,2025-02-19,1485,F06,Resistance Bands Set,Fitness,1,1500
4291,2025-03-03,1426,F04,Fitness Tracker,Fitness,1,4500
4291,2025-03-03,1426,F03,Sports Water Bottle,Fitness,1,700
4292,2025-04-21,596,E04,Fast Phone Charger,Electronics,1,1200
4292,2025-04-21,596,E05,Power Bank 10000mAh,Electronics,1,2800
4293,2025-02-22,95,H01,Coffee Maker,Home & Kitchen,1,5500
4293,2025-02-22,95,H02,Coffee Pods (Pack of 20),Home & Kitchen,1,1200
4293,2025-02-22,95,H05,Travel Mug,Home & Kitchen,1,900
4294,2025-01-23,158,E10,Laptop Sleeve,Electronics,1,1800
4295,2025-01-31,986,E01,Phone Case,Electronics,1,800
4295,2025-01-31,986,E02,Screen Protector,Electronics,1,350
4295,2025-01-31,986,P01,Digital Camera,Photography,1,45000
4296,2025-01-19,297,E06,Bluetooth Speaker,Electronics,1,4200
4297,2025-03-26,1155,F07,Gym Bag,Fitness,1,2600
4297,2025-03-26,1155,F05,Yoga Mat,Fitness,1,2200
4298,2025-06-10,339,E01,Phone Case,Electronics,1,800
4298,2025-06-10,339,E02,Screen Protector,Electronics,1,350
4298,2025-06-10,339,E09,USB-C Cable,Electronics,1,450
4299,2025-03-06,1752,E10,Laptop Sleeve,Electronics,1,1800
4300,2025-06-13,618,F02,Running Socks (3-Pack),Fitness,1,950
4301,2025-06-27,330,E07,Smartwatch,Electronics,1,6500
4301,2025-06-27,330,E01,Phone Case,Electronics,1,800
4302,2025-02-23,564,E01,Phone Case,Electronics,2,800
4302,2025-02-23,564,E02,Screen Protector,Electronics,1,350
4303,2025-01-14,454,F07,Gym Bag,Fitness,1,2600
4303,2025-01-14,454,F05,Yoga Mat,Fitness,1,2200
4304,2025-04-09,783,E01,Phone Case,Electronics,1,800
4304,2025-04-09,783,E02,Screen Protector,Electronics,1,350
4304,2025-04-09,783,E04,Fast Phone Charger,Electronics,1,1200
4305,2025-04-02,201,O03,Laptop Stand,Office,1,2100
4305,2025-04-02,201,F03,Sports Water Bottle,Fitness,1,700
4305,2025-04-02,201,P05,Extra Camera Battery,Photography,2,2600
4306,2025-03-26,1006,P01,Digital Camera,Photography,1,45000
4306,2025-03-26,1006,P02,Memory Card 128GB,Photography,1,2200
4306,2025-03-26,1006,P03,Camera Bag,Photography,1,3800
4306,2025-03-26,1006,P04,Tripod,Photography,2,3200
4307,2025-06-14,1266,E10,Laptop Sleeve,Electronics,1,1800
4308,2025-05-09,558,E07,Smartwatch,Electronics,1,6500
4308,2025-05-09,558,E08,Smartwatch Replacement Band,Electronics,1,900
4309,2025-03-31,1051,P01,Digital Camera,Photography,1,45000
4309,2025-03-31,1051,P02,Memory Card 128GB,Photography,1,2200
4309,2025-03-31,1051,P03,Camera Bag,Photography,1,3800
4310,2025-03-30,1606,F06,Resistance Bands Set,Fitness,1,1500
4310,2025-03-30,1606,H04,Blender,Home & Kitchen,1,4800
4310,2025-03-30,1606,H06,Tea Infuser,Home & Kitchen,1,450
4311,2025-04-05,1437,O01,Laptop Bag,Office,1,3200
4311,2025-04-05,1437,O02,Wireless Mouse,Office,1,1400
4311,2025-04-05,1437,O03,Laptop Stand,Office,1,2100
4311,2025-04-05,1437,O04,Mechanical Keyboard,Office,1,5200
4312,2025-05-20,299,F02,Running Socks (3-Pack),Fitness,1,950
4312,2025-05-20,299,E10,Laptop Sleeve,Electronics,1,1800
4312,2025-05-20,299,F07,Gym Bag,Fitness,1,2600
4312,2025-05-20,299,H04,Blender,Home & Kitchen,1,4800
4313,2025-01-26,480,E09,USB-C Cable,Electronics,1,450
4313,2025-01-26,480,E02,Screen Protector,Electronics,1,350
4314,2025-03-21,1148,H05,Travel Mug,Home & Kitchen,1,900
4314,2025-03-21,1148,H06,Tea Infuser,Home & Kitchen,1,450
4314,2025-03-21,1148,F05,Yoga Mat,Fitness,1,2200
4315,2025-02-04,1433,E04,Fast Phone Charger,Electronics,1,1200
4315,2025-02-04,1433,E05,Power Bank 10000mAh,Electronics,2,2800
4316,2025-02-26,1655,O01,Laptop Bag,Office,1,3200
4316,2025-02-26,1655,O02,Wireless Mouse,Office,1,1400
4316,2025-02-26,1655,O03,Laptop Stand,Office,1,2100
4316,2025-02-26,1655,O04,Mechanical Keyboard,Office,1,5200
4317,2025-05-22,1383,O05,Desk Lamp,Office,1,1800
4317,2025-05-22,1383,E07,Smartwatch,Electronics,1,6500
4318,2025-02-08,1788,P05,Extra Camera Battery,Photography,1,2600
4319,2025-03-13,1578,E01,Phone Case,Electronics,1,800
4320,2025-02-28,261,P01,Digital Camera,Photography,1,45000
4320,2025-02-28,261,P02,Memory Card 128GB,Photography,1,2200
4320,2025-02-28,261,P03,Camera Bag,Photography,1,3800
4320,2025-02-28,261,E07,Smartwatch,Electronics,1,6500
4321,2025-02-22,1505,H01,Coffee Maker,Home & Kitchen,1,5500
4321,2025-02-22,1505,H02,Coffee Pods (Pack of 20),Home & Kitchen,1,1200
4322,2025-05-17,281,E04,Fast Phone Charger,Electronics,2,1200
4322,2025-05-17,281,E05,Power Bank 10000mAh,Electronics,1,2800
4323,2025-05-06,469,O06,Notebook & Pen Set,Office,1,600
4323,2025-05-06,469,P05,Extra Camera Battery,Photography,1,2600
4323,2025-05-06,469,F02,Running Socks (3-Pack),Fitness,1,950
4323,2025-05-06,469,F05,Yoga Mat,Fitness,1,2200
4324,2025-04-02,1027,F07,Gym Bag,Fitness,2,2600
4324,2025-04-02,1027,F05,Yoga Mat,Fitness,1,2200
4325,2025-04-26,528,P05,Extra Camera Battery,Photography,1,2600
4325,2025-04-26,528,O06,Notebook & Pen Set,Office,1,600
4325,2025-04-26,528,O04,Mechanical Keyboard,Office,1,5200
4325,2025-04-26,528,H05,Travel Mug,Home & Kitchen,1,900
4326,2025-03-16,958,P01,Digital Camera,Photography,1,45000
4326,2025-03-16,958,P02,Memory Card 128GB,Photography,1,2200
4326,2025-03-16,958,P03,Camera Bag,Photography,1,3800
4327,2025-04-06,1716,F04,Fitness Tracker,Fitness,1,4500
4328,2025-01-21,1532,E01,Phone Case,Electronics,2,800
4328,2025-01-21,1532,E10,Laptop Sleeve,Electronics,1,1800
4328,2025-01-21,1532,E03,Wireless Earphones,Electronics,1,3500
4328,2025-01-21,1532,O04,Mechanical Keyboard,Office,1,5200
4329,2025-04-03,1629,H01,Coffee Maker,Home & Kitchen,1,5500
4329,2025-04-03,1629,H02,Coffee Pods (Pack of 20),Home & Kitchen,1,1200
4330,2025-06-11,516,O04,Mechanical Keyboard,Office,1,5200
4331,2025-05-29,428,P01,Digital Camera,Photography,1,45000
4331,2025-05-29,428,P02,Memory Card 128GB,Photography,2,2200
4331,2025-05-29,428,P03,Camera Bag,Photography,1,3800
4332,2025-06-27,766,E04,Fast Phone Charger,Electronics,1,1200
4332,2025-06-27,766,E05,Power Bank 10000mAh,Electronics,1,2800
4332,2025-06-27,766,E09,USB-C Cable,Electronics,1,450
4333,2025-01-17,1398,E01,Phone Case,Electronics,1,800
4333,2025-01-17,1398,E02,Screen Protector,Electronics,2,350
4333,2025-01-17,1398,E04,Fast Phone Charger,Electronics,2,1200
4334,2025-02-05,618,P01,Digital Camera,Photography,2,45000
4334,2025-02-05,618,P02,Memory Card 128GB,Photography,1,2200
4334,2025-02-05,618,P03,Camera Bag,Photography,1,3800
4335,2025-01-11,959,F04,Fitness Tracker,Fitness,1,4500
4335,2025-01-11,959,F03,Sports Water Bottle,Fitness,1,700
4336,2025-03-17,1085,F01,Running Shoes,Fitness,1,7500
4336,2025-03-17,1085,F02,Running Socks (3-Pack),Fitness,1,950
4337,2025-05-16,507,H05,Travel Mug,Home & Kitchen,1,900
4337,2025-05-16,507,E01,Phone Case,Electronics,1,800
4337,2025-05-16,507,E06,Bluetooth Speaker,Electronics,1,4200
4338,2025-04-26,485,H01,Coffee Maker,Home & Kitchen,1,5500
4338,2025-04-26,485,H02,Coffee Pods (Pack of 20),Home & Kitchen,2,1200
4339,2025-01-30,1073,E04,Fast Phone Charger,Electronics,1,1200
4340,2025-01-11,933,O06,Notebook & Pen Set,Office,2,600
4341,2025-04-29,631,H01,Coffee Maker,Home & Kitchen,1,5500
4341,2025-04-29,631,H02,Coffee Pods (Pack of 20),Home & Kitchen,1,1200
4341,2025-04-29,631,F02,Running Socks (3-Pack),Fitness,1,950
4342,2025-03-10,187,O01,Laptop Bag,Office,1,3200
4342,2025-03-10,187,O02,Wireless Mouse,Office,1,1400
4342,2025-03-10,187,O03,Laptop Stand,Office,1,2100
4342,2025-03-10,187,P05,Extra Camera Battery,Photography,1,2600
4343,2025-06-11,487,H06,Tea Infuser,Home & Kitchen,1,450
4343,2025-06-11,487,P01,Digital Camera,Photography,1,45000
4343,2025-06-11,487,F05,Yoga Mat,Fitness,2,2200
4343,2025-06-11,487,F02,Running Socks (3-Pack),Fitness,1,950
4344,2025-02-02,1530,P03,Camera Bag,Photography,1,3800
4344,2025-02-02,1530,E01,Phone Case,Electronics,1,800
4345,2025-06-08,225,E07,Smartwatch,Electronics,1,6500
4345,2025-06-08,225,E08,Smartwatch Replacement Band,Electronics,1,900
4346,2025-01-16,1604,H01,Coffee Maker,Home & Kitchen,1,5500
4346,2025-01-16,1604,H02,Coffee Pods (Pack of 20),Home & Kitchen,1,1200
4347,2025-05-14,1022,O01,Laptop Bag,Office,1,3200
4347,2025-05-14,1022,O02,Wireless Mouse,Office,1,1400
4347,2025-05-14,1022,O03,Laptop Stand,Office,1,2100
4348,2025-04-07,36,E01,Phone Case,Electronics,1,800
4348,2025-04-07,36,E02,Screen Protector,Electronics,1,350
4349,2025-06-16,1034,E05,Power Bank 10000mAh,Electronics,1,2800
4350,2025-06-23,197,O05,Desk Lamp,Office,1,1800
4351,2025-05-01,119,O05,Desk Lamp,Office,1,1800
4352,2025-01-01,619,F07,Gym Bag,Fitness,1,2600
4352,2025-01-01,619,F05,Yoga Mat,Fitness,1,2200
4352,2025-01-01,619,F06,Resistance Bands Set,Fitness,1,1500
4353,2025-03-04,1369,H01,Coffee Maker,Home & Kitchen,1,5500
4353,2025-03-04,1369,F01,Running Shoes,Fitness,1,7500
4354,2025-02-15,1741,P01,Digital Camera,Photography,1,45000
4354,2025-02-15,1741,P02,Memory Card 128GB,Photography,1,2200
4354,2025-02-15,1741,P03,Camera Bag,Photography,1,3800
4355,2025-03-23,951,E04,Fast Phone Charger,Electronics,1,1200
4355,2025-03-23,951,E05,Power Bank 10000mAh,Electronics,1,2800
4355,2025-03-23,951,E09,USB-C Cable,Electronics,1,450
4356,2025-04-29,968,F02,Running Socks (3-Pack),Fitness,1,950
4357,2025-03-07,260,E02,Screen Protector,Electronics,1,350
4357,2025-03-07,260,E06,Bluetooth Speaker,Electronics,1,4200
4358,2025-03-28,909,F05,Yoga Mat,Fitness,1,2200
4358,2025-03-28,909,F01,Running Shoes,Fitness,1,7500
4358,2025-03-28,909,E09,USB-C Cable,Electronics,1,450
4359,2025-03-26,1278,E04,Fast Phone Charger,Electronics,1,1200
4359,2025-03-26,1278,E05,Power Bank 10000mAh,Electronics,1,2800
4359,2025-03-26,1278,E03,Wireless Earphones,Electronics,1,3500
4360,2025-06-02,870,O01,Laptop Bag,Office,2,3200
4360,2025-06-02,870,E07,Smartwatch,Electronics,1,6500
4361,2025-06-20,1494,H01,Coffee Maker,Home & Kitchen,1,5500
4361,2025-06-20,1494,H02,Coffee Pods (Pack of 20),Home & Kitchen,1,1200
4361,2025-06-20,1494,H05,Travel Mug,Home & Kitchen,1,900
4362,2025-05-31,344,F05,Yoga Mat,Fitness,1,2200
4362,2025-05-31,344,F01,Running Shoes,Fitness,1,7500
4362,2025-05-31,344,F06,Resistance Bands Set,Fitness,1,1500
4363,2025-02-15,886,E06,Bluetooth Speaker,Electronics,1,4200
4363,2025-02-15,886,F06,Resistance Bands Set,Fitness,1,1500
4363,2025-02-15,886,E02,Screen Protector,Electronics,1,350
4363,2025-02-15,886,O02,Wireless Mouse,Office,1,1400
4364,2025-05-06,1012,E07,Smartwatch,Electronics,2,6500
4364,2025-05-06,1012,E08,Smartwatch Replacement Band,Electronics,1,900
4365,2025-01-02,1187,E01,Phone Case,Electronics,2,800
4365,2025-01-02,1187,E02,Screen Protector,Electronics,1,350
4365,2025-01-02,1187,E04,Fast Phone Charger,Electronics,1,1200
4366,2025-04-03,298,E10,Laptop Sleeve,Electronics,1,1800
4366,2025-04-03,298,O01,Laptop Bag,Office,1,3200
4366,2025-04-03,298,P02,Memory Card 128GB,Photography,1,2200
4366,2025-04-03,298,E07,Smartwatch,Electronics,1,6500
4367,2025-06-06,1787,F07,Gym Bag,Fitness,1,2600
4367,2025-06-06,1787,O03,Laptop Stand,Office,1,2100
4368,2025-06-03,347,H01,Coffee Maker,Home & Kitchen,1,5500
4368,2025-06-03,347,O04,Mechanical Keyboard,Office,1,5200
4368,2025-06-03,347,P01,Digital Camera,Photography,1,45000
4368,2025-06-03,347,F07,Gym Bag,Fitness,1,2600
4369,2025-02-16,1112,E04,Fast Phone Charger,Electronics,1,1200
4369,2025-02-16,1112,E05,Power Bank 10000mAh,Electronics,1,2800
4369,2025-02-16,1112,E09,USB-C Cable,Electronics,1,450
4370,2025-04-12,432,H03,Electric Kettle,Home & Kitchen,1,3200
4370,2025-04-12,432,O03,Laptop Stand,Office,1,2100
4370,2025-04-12,432,O04,Mechanical Keyboard,Office,1,5200
4371,2025-06-14,735,F04,Fitness Tracker,Fitness,1,4500
4372,2025-03-24,1447,H03,Electric Kettle,Home & Kitchen,1,3200
4372,2025-03-24,1447,H06,Tea Infuser,Home & Kitchen,1,450
4373,2025-05-22,837,F02,Running Socks (3-Pack),Fitness,1,950
4373,2025-05-22,837,F03,Sports Water Bottle,Fitness,1,700
4374,2025-03-27,1412,O01,Laptop Bag,Office,1,3200
4374,2025-03-27,1412,O02,Wireless Mouse,Office,1,1400
4374,2025-03-27,1412,O03,Laptop Stand,Office,1,2100
4375,2025-04-02,1214,O01,Laptop Bag,Office,2,3200
4375,2025-04-02,1214,O02,Wireless Mouse,Office,1,1400
4375,2025-04-02,1214,O03,Laptop Stand,Office,1,2100
4375,2025-04-02,1214,E07,Smartwatch,Electronics,1,6500
4376,2025-05-06,1100,E07,Smartwatch,Electronics,1,6500
4376,2025-05-06,1100,E08,Smartwatch Replacement Band,Electronics,1,900
4377,2025-05-10,286,O01,Laptop Bag,Office,2,3200
4377,2025-05-10,286,O02,Wireless Mouse,Office,1,1400
4377,2025-05-10,286,O03,Laptop Stand,Office,1,2100
4378,2025-02-08,257,O04,Mechanical Keyboard,Office,1,5200
4378,2025-02-08,257,H07,Milk Frother,Home & Kitchen,1,1100
4379,2025-01-21,852,E03,Wireless Earphones,Electronics,1,3500
4379,2025-01-21,852,H06,Tea Infuser,Home & Kitchen,2,450
4380,2025-05-13,1367,E04,Fast Phone Charger,Electronics,2,1200
4381,2025-05-31,209,O05,Desk Lamp,Office,2,1800
4382,2025-02-11,462,H03,Electric Kettle,Home & Kitchen,2,3200
4382,2025-02-11,462,H06,Tea Infuser,Home & Kitchen,1,450
4383,2025-02-15,1770,E07,Smartwatch,Electronics,1,6500
4383,2025-02-15,1770,E08,Smartwatch Replacement Band,Electronics,1,900
4384,2025-04-20,1277,E01,Phone Case,Electronics,2,800
4384,2025-04-20,1277,E02,Screen Protector,Electronics,1,350
4384,2025-04-20,1277,E04,Fast Phone Charger,Electronics,2,1200
4384,2025-04-20,1277,E05,Power Bank 10000mAh,Electronics,2,2800
4385,2025-05-13,1559,H01,Coffee Maker,Home & Kitchen,1,5500
4385,2025-05-13,1559,H02,Coffee Pods (Pack of 20),Home & Kitchen,2,1200
4386,2025-03-01,1678,P01,Digital Camera,Photography,1,45000
4386,2025-03-01,1678,P04,Tripod,Photography,1,3200
4386,2025-03-01,1678,O03,Laptop Stand,Office,1,2100
4387,2025-01-01,19,P03,Camera Bag,Photography,2,3800
4387,2025-01-01,19,E08,Smartwatch Replacement Band,Electronics,1,900
4387,2025-01-01,19,E01,Phone Case,Electronics,1,800
4387,2025-01-01,19,F07,Gym Bag,Fitness,1,2600
4388,2025-06-05,552,H03,Electric Kettle,Home & Kitchen,1,3200
4388,2025-06-05,552,H06,Tea Infuser,Home & Kitchen,1,450
4388,2025-06-05,552,H07,Milk Frother,Home & Kitchen,1,1100
4389,2025-04-11,946,F07,Gym Bag,Fitness,1,2600
4389,2025-04-11,946,E04,Fast Phone Charger,Electronics,1,1200
4390,2025-04-18,484,H01,Coffee Maker,Home & Kitchen,1,5500
4390,2025-04-18,484,H02,Coffee Pods (Pack of 20),Home & Kitchen,1,1200
4390,2025-04-18,484,H05,Travel Mug,Home & Kitchen,1,900
4391,2025-05-18,974,H07,Milk Frother,Home & Kitchen,1,1100
4392,2025-03-22,1800,H02,Coffee Pods (Pack of 20),Home & Kitchen,1,1200
4392,2025-03-22,1800,F02,Running Socks (3-Pack),Fitness,1,950
4393,2025-03-24,120,F07,Gym Bag,Fitness,1,2600
4393,2025-03-24,120,F05,Yoga Mat,Fitness,1,2200
4394,2025-05-06,915,E10,Laptop Sleeve,Electronics,1,1800
4394,2025-05-06,915,F03,Sports Water Bottle,Fitness,1,700
4395,2025-02-17,615,F06,Resistance Bands Set,Fitness,1,1500
4395,2025-02-17,615,P03,Camera Bag,Photography,1,3800
4395,2025-02-17,615,F03,Sports Water Bottle,Fitness,1,700
4396,2025-02-26,821,E07,Smartwatch,Electronics,1,6500
4396,2025-02-26,821,E08,Smartwatch Replacement Band,Electronics,1,900
4397,2025-01-13,1337,P05,Extra Camera Battery,Photography,1,2600
4397,2025-01-13,1337,H07,Milk Frother,Home & Kitchen,1,1100
4398,2025-05-15,365,H03,Electric Kettle,Home & Kitchen,1,3200
4398,2025-05-15,365,H06,Tea Infuser,Home & Kitchen,1,450
4399,2025-03-27,149,E02,Screen Protector,Electronics,1,350
4399,2025-03-27,149,F05,Yoga Mat,Fitness,2,2200
4399,2025-03-27,149,P04,Tripod,Photography,1,3200
4400,2025-02-20,1202,E06,Bluetooth Speaker,Electronics,1,4200
4401,2025-06-13,230,F02,Running Socks (3-Pack),Fitness,1,950
4401,2025-06-13,230,H01,Coffee Maker,Home & Kitchen,1,5500
4401,2025-06-13,230,H02,Coffee Pods (Pack of 20),Home & Kitchen,1,1200
4402,2025-02-18,1444,E05,Power Bank 10000mAh,Electronics,1,2800
4402,2025-02-18,1444,F04,Fitness Tracker,Fitness,1,4500
4402,2025-02-18,1444,E04,Fast Phone Charger,Electronics,1,1200
4403,2025-06-29,360,O06,Notebook & Pen Set,Office,1,600
4404,2025-03-06,547,F01,Running Shoes,Fitness,1,7500
4405,2025-05-21,1051,E08,Smartwatch Replacement Band,Electronics,1,900
4405,2025-05-21,1051,F01,Running Shoes,Fitness,1,7500
4405,2025-05-21,1051,F05,Yoga Mat,Fitness,1,2200
4405,2025-05-21,1051,F04,Fitness Tracker,Fitness,2,4500
4406,2025-05-30,205,P05,Extra Camera Battery,Photography,1,2600
4407,2025-03-15,125,H03,Electric Kettle,Home & Kitchen,1,3200
4407,2025-03-15,125,H06,Tea Infuser,Home & Kitchen,1,450
4408,2025-06-15,1009,F07,Gym Bag,Fitness,1,2600
4408,2025-06-15,1009,F05,Yoga Mat,Fitness,1,2200
4409,2025-02-13,281,F07,Gym Bag,Fitness,2,2600
4409,2025-02-13,281,F05,Yoga Mat,Fitness,1,2200
4410,2025-01-28,1268,E01,Phone Case,Electronics,1,800
4410,2025-01-28,1268,E02,Screen Protector,Electronics,1,350
4411,2025-02-25,40,F03,Sports Water Bottle,Fitness,1,700
4412,2025-04-16,517,P05,Extra Camera Battery,Photography,1,2600
4412,2025-04-16,517,E03,Wireless Earphones,Electronics,1,3500
4412,2025-04-16,517,E08,Smartwatch Replacement Band,Electronics,1,900
4413,2025-03-13,1760,F01,Running Shoes,Fitness,1,7500
4414,2025-03-08,1095,H03,Electric Kettle,Home & Kitchen,1,3200
4414,2025-03-08,1095,H06,Tea Infuser,Home & Kitchen,1,450
4414,2025-03-08,1095,H07,Milk Frother,Home & Kitchen,1,1100
4414,2025-03-08,1095,P05,Extra Camera Battery,Photography,1,2600
4415,2025-04-16,1019,O06,Notebook & Pen Set,Office,2,600
4415,2025-04-16,1019,E09,USB-C Cable,Electronics,1,450
4415,2025-04-16,1019,F04,Fitness Tracker,Fitness,1,4500
4416,2025-04-20,870,F02,Running Socks (3-Pack),Fitness,1,950
4417,2025-03-23,54,H05,Travel Mug,Home & Kitchen,1,900
4418,2025-05-23,765,E07,Smartwatch,Electronics,1,6500
4418,2025-05-23,765,F04,Fitness Tracker,Fitness,2,4500
4418,2025-05-23,765,F03,Sports Water Bottle,Fitness,1,700
4418,2025-05-23,765,P03,Camera Bag,Photography,1,3800
4419,2025-05-09,289,F03,Sports Water Bottle,Fitness,1,700
4419,2025-05-09,289,O04,Mechanical Keyboard,Office,1,5200
4420,2025-03-06,1263,F07,Gym Bag,Fitness,1,2600
4420,2025-03-06,1263,F05,Yoga Mat,Fitness,1,2200
4421,2025-03-23,1604,F04,Fitness Tracker,Fitness,1,4500
4421,2025-03-23,1604,F03,Sports Water Bottle,Fitness,1,700
4422,2025-03-24,995,E10,Laptop Sleeve,Electronics,1,1800
4422,2025-03-24,995,F07,Gym Bag,Fitness,2,2600
4422,2025-03-24,995,F03,Sports Water Bottle,Fitness,1,700
4423,2025-05-05,1424,P01,Digital Camera,Photography,1,45000
4423,2025-05-05,1424,P02,Memory Card 128GB,Photography,1,2200
4423,2025-05-05,1424,P03,Camera Bag,Photography,1,3800
4424,2025-05-18,1133,F04,Fitness Tracker,Fitness,1,4500
4424,2025-05-18,1133,F03,Sports Water Bottle,Fitness,1,700
4425,2025-05-02,1492,E10,Laptop Sleeve,Electronics,1,1800
4426,2025-01-18,402,H03,Electric Kettle,Home & Kitchen,1,3200
4426,2025-01-18,402,H06,Tea Infuser,Home & Kitchen,1,450
4427,2025-06-23,139,E07,Smartwatch,Electronics,1,6500
4427,2025-06-23,139,E08,Smartwatch Replacement Band,Electronics,1,900
4428,2025-05-21,1786,F07,Gym Bag,Fitness,2,2600
4428,2025-05-21,1786,F06,Resistance Bands Set,Fitness,2,1500
4428,2025-05-21,1786,O02,Wireless Mouse,Office,1,1400
4429,2025-02-27,128,F07,Gym Bag,Fitness,1,2600
4429,2025-02-27,128,F04,Fitness Tracker,Fitness,1,4500
4430,2025-01-14,854,O02,Wireless Mouse,Office,1,1400
4430,2025-01-14,854,E02,Screen Protector,Electronics,1,350
4430,2025-01-14,854,O03,Laptop Stand,Office,2,2100
4430,2025-01-14,854,E04,Fast Phone Charger,Electronics,1,1200
4431,2025-01-06,1211,P01,Digital Camera,Photography,1,45000
4431,2025-01-06,1211,P02,Memory Card 128GB,Photography,1,2200
4431,2025-01-06,1211,P03,Camera Bag,Photography,1,3800
4432,2025-03-03,1071,H07,Milk Frother,Home & Kitchen,1,1100
4433,2025-06-11,1672,P01,Digital Camera,Photography,1,45000
4434,2025-01-02,1196,H03,Electric Kettle,Home & Kitchen,1,3200
4434,2025-01-02,1196,H06,Tea Infuser,Home & Kitchen,1,450
4435,2025-06-16,733,H01,Coffee Maker,Home & Kitchen,1,5500
4435,2025-06-16,733,H02,Coffee Pods (Pack of 20),Home & Kitchen,1,1200
4435,2025-06-16,733,H05,Travel Mug,Home & Kitchen,1,900
4436,2025-02-26,480,F01,Running Shoes,Fitness,1,7500
4436,2025-02-26,480,F02,Running Socks (3-Pack),Fitness,1,950
4436,2025-02-26,480,F03,Sports Water Bottle,Fitness,1,700
4437,2025-05-31,1774,O05,Desk Lamp,Office,1,1800
4437,2025-05-31,1774,H02,Coffee Pods (Pack of 20),Home & Kitchen,1,1200
4438,2025-06-07,834,E07,Smartwatch,Electronics,1,6500
4438,2025-06-07,834,F05,Yoga Mat,Fitness,2,2200
4438,2025-06-07,834,F07,Gym Bag,Fitness,1,2600
4438,2025-06-07,834,E09,USB-C Cable,Electronics,1,450
4439,2025-04-09,261,H05,Travel Mug,Home & Kitchen,1,900
4439,2025-04-09,261,F06,Resistance Bands Set,Fitness,1,1500
4440,2025-03-29,1047,O03,Laptop Stand,Office,1,2100
4441,2025-02-23,1655,P05,Extra Camera Battery,Photography,1,2600
4441,2025-02-23,1655,E08,Smartwatch Replacement Band,Electronics,1,900
4442,2025-03-14,1507,F01,Running Shoes,Fitness,1,7500
4442,2025-03-14,1507,F02,Running Socks (3-Pack),Fitness,1,950
4443,2025-06-06,1748,O01,Laptop Bag,Office,1,3200
4443,2025-06-06,1748,O03,Laptop Stand,Office,1,2100
4444,2025-03-30,1477,F05,Yoga Mat,Fitness,1,2200
4444,2025-03-30,1477,E02,Screen Protector,Electronics,1,350
4445,2025-03-09,1389,O01,Laptop Bag,Office,1,3200
4445,2025-03-09,1389,O02,Wireless Mouse,Office,1,1400
4445,2025-03-09,1389,O03,Laptop Stand,Office,1,2100
4446,2025-02-06,257,P04,Tripod,Photography,1,3200
4447,2025-02-21,113,E04,Fast Phone Charger,Electronics,1,1200
4448,2025-03-25,128,H04,Blender,Home & Kitchen,1,4800
4449,2025-04-20,491,F07,Gym Bag,Fitness,1,2600
4449,2025-04-20,491,F05,Yoga Mat,Fitness,1,2200
4450,2025-02-13,1613,E07,Smartwatch,Electronics,1,6500
4450,2025-02-13,1613,E08,Smartwatch Replacement Band,Electronics,1,900
4451,2025-04-15,972,F03,Sports Water Bottle,Fitness,1,700
4451,2025-04-15,972,O05,Desk Lamp,Office,1,1800
4451,2025-04-15,972,E09,USB-C Cable,Electronics,1,450
4452,2025-06-09,126,O04,Mechanical Keyboard,Office,1,5200
4452,2025-06-09,126,E09,USB-C Cable,Electronics,1,450
4452,2025-06-09,126,O01,Laptop Bag,Office,1,3200
4453,2025-06-23,642,P01,Digital Camera,Photography,1,45000
4453,2025-06-23,642,E03,Wireless Earphones,Electronics,1,3500
4454,2025-03-30,597,E10,Laptop Sleeve,Electronics,1,1800
4455,2025-02-24,55,F02,Running Socks (3-Pack),Fitness,1,950
4455,2025-02-24,55,P05,Extra Camera Battery,Photography,2,2600
4456,2025-03-14,1792,O04,Mechanical Keyboard,Office,1,5200
4456,2025-03-14,1792,F01,Running Shoes,Fitness,1,7500
4456,2025-03-14,1792,H02,Coffee Pods (Pack of 20),Home & Kitchen,1,1200
4457,2025-05-02,430,O03,Laptop Stand,Office,1,2100
4457,2025-05-02,430,H07,Milk Frother,Home & Kitchen,1,1100
4458,2025-02-08,704,E01,Phone Case,Electronics,2,800
4459,2025-01-18,1511,E04,Fast Phone Charger,Electronics,1,1200
4459,2025-01-18,1511,E05,Power Bank 10000mAh,Electronics,1,2800
4460,2025-03-12,1687,F01,Running Shoes,Fitness,1,7500
4460,2025-03-12,1687,F02,Running Socks (3-Pack),Fitness,1,950
4460,2025-03-12,1687,F03,Sports Water Bottle,Fitness,1,700
4460,2025-03-12,1687,P04,Tripod,Photography,1,3200
4461,2025-02-04,85,O01,Laptop Bag,Office,1,3200
4461,2025-02-04,85,O02,Wireless Mouse,Office,1,1400
4461,2025-02-04,85,O03,Laptop Stand,Office,1,2100
4461,2025-02-04,85,O04,Mechanical Keyboard,Office,1,5200
4462,2025-01-19,829,O01,Laptop Bag,Office,1,3200
4462,2025-01-19,829,O02,Wireless Mouse,Office,1,1400
4462,2025-01-19,829,O03,Laptop Stand,Office,2,2100
4463,2025-01-03,1512,F07,Gym Bag,Fitness,1,2600
4463,2025-01-03,1512,F05,Yoga Mat,Fitness,1,2200
4463,2025-01-03,1512,F06,Resistance Bands Set,Fitness,1,1500
4464,2025-05-27,626,P02,Memory Card 128GB,Photography,1,2200
4465,2025-02-04,707,O01,Laptop Bag,Office,1,3200
4466,2025-05-19,436,F04,Fitness Tracker,Fitness,1,4500
4466,2025-05-19,436,F03,Sports Water Bottle,Fitness,2,700
4467,2025-01-22,308,H01,Coffee Maker,Home & Kitchen,1,5500
4467,2025-01-22,308,H02,Coffee Pods (Pack of 20),Home & Kitchen,1,1200
4468,2025-04-08,1203,O03,Laptop Stand,Office,1,2100
4468,2025-04-08,1203,H02,Coffee Pods (Pack of 20),Home & Kitchen,1,1200
4468,2025-04-08,1203,E02,Screen Protector,Electronics,1,350
4468,2025-04-08,1203,E01,Phone Case,Electronics,1,800
4469,2025-05-15,565,E05,Power Bank 10000mAh,Electronics,2,2800
4469,2025-05-15,565,E04,Fast Phone Charger,Electronics,1,1200
4469,2025-05-15,565,P04,Tripod,Photography,1,3200
4469,2025-05-15,565,F01,Running Shoes,Fitness,1,7500
4470,2025-02-03,1735,F07,Gym Bag,Fitness,1,2600
4470,2025-02-03,1735,F05,Yoga Mat,Fitness,1,2200
4470,2025-02-03,1735,F06,Resistance Bands Set,Fitness,1,1500
4471,2025-06-28,1668,E07,Smartwatch,Electronics,1,6500
4471,2025-06-28,1668,E08,Smartwatch Replacement Band,Electronics,1,900
4472,2025-02-08,1552,E07,Smartwatch,Electronics,2,6500
4472,2025-02-08,1552,E08,Smartwatch Replacement Band,Electronics,1,900
4473,2025-05-05,261,E07,Smartwatch,Electronics,1,6500
4473,2025-05-05,261,E08,Smartwatch Replacement Band,Electronics,1,900
4474,2025-04-23,711,F01,Running Shoes,Fitness,1,7500
4475,2025-01-27,1708,E04,Fast Phone Charger,Electronics,1,1200
4475,2025-01-27,1708,E05,Power Bank 10000mAh,Electronics,1,2800
4476,2025-03-01,1267,F07,Gym Bag,Fitness,1,2600
4477,2025-05-17,217,P01,Digital Camera,Photography,1,45000
4477,2025-05-17,217,P02,Memory Card 128GB,Photography,1,2200
4477,2025-05-17,217,P03,Camera Bag,Photography,1,3800
4478,2025-05-30,1431,F07,Gym Bag,Fitness,1,2600
4478,2025-05-30,1431,F05,Yoga Mat,Fitness,1,2200
4479,2025-02-20,258,E01,Phone Case,Electronics,2,800
4479,2025-02-20,258,E02,Screen Protector,Electronics,1,350
4480,2025-06-22,629,E04,Fast Phone Charger,Electronics,1,1200
4480,2025-06-22,629,E05,Power Bank 10000mAh,Electronics,1,2800
4481,2025-01-14,145,E09,USB-C Cable,Electronics,1,450
4481,2025-01-14,145,E04,Fast Phone Charger,Electronics,1,1200
4482,2025-05-17,897,E04,Fast Phone Charger,Electronics,1,1200
4482,2025-05-17,897,E05,Power Bank 10000mAh,Electronics,1,2800
4482,2025-05-17,897,E09,USB-C Cable,Electronics,1,450
4482,2025-05-17,897,F04,Fitness Tracker,Fitness,1,4500
4483,2025-06-25,472,F01,Running Shoes,Fitness,1,7500
4483,2025-06-25,472,F02,Running Socks (3-Pack),Fitness,1,950
4483,2025-06-25,472,F03,Sports Water Bottle,Fitness,1,700
4484,2025-06-22,1106,H06,Tea Infuser,Home & Kitchen,1,450
4484,2025-06-22,1106,E10,Laptop Sleeve,Electronics,1,1800
4484,2025-06-22,1106,E06,Bluetooth Speaker,Electronics,1,4200
4484,2025-06-22,1106,F01,Running Shoes,Fitness,1,7500
4485,2025-06-15,1744,F07,Gym Bag,Fitness,2,2600
4485,2025-06-15,1744,F05,Yoga Mat,Fitness,1,2200
4485,2025-06-15,1744,F06,Resistance Bands Set,Fitness,2,1500
4486,2025-04-26,884,F01,Running Shoes,Fitness,1,7500
4487,2025-02-28,1432,F07,Gym Bag,Fitness,1,2600
4487,2025-02-28,1432,F05,Yoga Mat,Fitness,1,2200
4487,2025-02-28,1432,F06,Resistance Bands Set,Fitness,1,1500
4488,2025-04-06,387,F04,Fitness Tracker,Fitness,1,4500
4488,2025-04-06,387,F03,Sports Water Bottle,Fitness,2,700
4489,2025-04-14,26,E03,Wireless Earphones,Electronics,1,3500
4489,2025-04-14,26,H03,Electric Kettle,Home & Kitchen,1,3200
4490,2025-06-24,1469,H01,Coffee Maker,Home & Kitchen,1,5500
4490,2025-06-24,1469,H02,Coffee Pods (Pack of 20),Home & Kitchen,1,1200
4490,2025-06-24,1469,H05,Travel Mug,Home & Kitchen,1,900
4491,2025-01-30,622,O01,Laptop Bag,Office,1,3200
4491,2025-01-30,622,E05,Power Bank 10000mAh,Electronics,1,2800
4491,2025-01-30,622,F04,Fitness Tracker,Fitness,1,4500
4491,2025-01-30,622,H06,Tea Infuser,Home & Kitchen,1,450
4492,2025-01-01,1447,F04,Fitness Tracker,Fitness,1,4500
4492,2025-01-01,1447,H02,Coffee Pods (Pack of 20),Home & Kitchen,1,1200
4492,2025-01-01,1447,F07,Gym Bag,Fitness,1,2600
4492,2025-01-01,1447,E09,USB-C Cable,Electronics,1,450
4493,2025-04-11,1775,H01,Coffee Maker,Home & Kitchen,1,5500
4493,2025-04-11,1775,H02,Coffee Pods (Pack of 20),Home & Kitchen,2,1200
4494,2025-04-10,1628,O06,Notebook & Pen Set,Office,1,600
4494,2025-04-10,1628,E01,Phone Case,Electronics,2,800
4494,2025-04-10,1628,E09,USB-C Cable,Electronics,1,450
4494,2025-04-10,1628,O02,Wireless Mouse,Office,1,1400
4495,2025-06-29,1399,H02,Coffee Pods (Pack of 20),Home & Kitchen,2,1200
4495,2025-06-29,1399,F04,Fitness Tracker,Fitness,1,4500
4495,2025-06-29,1399,E01,Phone Case,Electronics,1,800
4496,2025-04-10,840,H03,Electric Kettle,Home & Kitchen,1,3200
4496,2025-04-10,840,H06,Tea Infuser,Home & Kitchen,2,450
4496,2025-04-10,840,E10,Laptop Sleeve,Electronics,1,1800
4497,2025-03-05,1300,O01,Laptop Bag,Office,1,3200
4497,2025-03-05,1300,O02,Wireless Mouse,Office,1,1400
4497,2025-03-05,1300,O03,Laptop Stand,Office,1,2100
4497,2025-03-05,1300,F03,Sports Water Bottle,Fitness,1,700
4498,2025-06-21,370,P02,Memory Card 128GB,Photography,1,2200
4499,2025-05-19,1630,F01,Running Shoes,Fitness,2,7500
4499,2025-05-19,1630,F02,Running Socks (3-Pack),Fitness,1,950
4500,2025-04-29,981,O06,Notebook & Pen Set,Office,1,600
4501,2025-04-23,1593,E04,Fast Phone Charger,Electronics,1,1200
4501,2025-04-23,1593,E05,Power Bank 10000mAh,Electronics,1,2800
4502,2025-04-07,454,H01,Coffee Maker,Home & Kitchen,1,5500
4502,2025-04-07,454,H02,Coffee Pods (Pack of 20),Home & Kitchen,1,1200
4503,2025-06-16,681,F03,Sports Water Bottle,Fitness,1,700
4504,2025-02-11,472,P01,Digital Camera,Photography,1,45000
4504,2025-02-11,472,P02,Memory Card 128GB,Photography,1,2200
4504,2025-02-11,472,P03,Camera Bag,Photography,1,3800
4505,2025-03-01,597,O01,Laptop Bag,Office,1,3200
4505,2025-03-01,597,O02,Wireless Mouse,Office,1,1400
4505,2025-03-01,597,O03,Laptop Stand,Office,1,2100
4506,2025-03-09,252,H03,Electric Kettle,Home & Kitchen,1,3200
4506,2025-03-09,252,H06,Tea Infuser,Home & Kitchen,1,450
4507,2025-06-27,754,E10,Laptop Sleeve,Electronics,1,1800
4508,2025-04-23,557,E01,Phone Case,Electronics,1,800
4508,2025-04-23,557,E02,Screen Protector,Electronics,1,350
4509,2025-02-05,1566,E08,Smartwatch Replacement Band,Electronics,1,900
4509,2025-02-05,1566,H03,Electric Kettle,Home & Kitchen,2,3200
4510,2025-02-04,305,H04,Blender,Home & Kitchen,1,4800
4510,2025-02-04,305,F06,Resistance Bands Set,Fitness,1,1500
4511,2025-03-15,435,H03,Electric Kettle,Home & Kitchen,1,3200
4511,2025-03-15,435,E08,Smartwatch Replacement Band,Electronics,1,900
4512,2025-06-04,1770,H03,Electric Kettle,Home & Kitchen,1,3200
4512,2025-06-04,1770,H06,Tea Infuser,Home & Kitchen,1,450
4512,2025-06-04,1770,H07,Milk Frother,Home & Kitchen,1,1100
4513,2025-03-03,1389,H03,Electric Kettle,Home & Kitchen,1,3200
4513,2025-03-03,1389,F05,Yoga Mat,Fitness,1,2200
4513,2025-03-03,1389,F07,Gym Bag,Fitness,1,2600
4513,2025-03-03,1389,P04,Tripod,Photography,1,3200
4514,2025-04-14,1058,P01,Digital Camera,Photography,1,45000
4514,2025-04-14,1058,P02,Memory Card 128GB,Photography,1,2200
4514,2025-04-14,1058,P03,Camera Bag,Photography,1,3800
4514,2025-04-14,1058,P04,Tripod,Photography,1,3200
4515,2025-04-10,1085,E01,Phone Case,Electronics,1,800
4515,2025-04-10,1085,P01,Digital Camera,Photography,1,45000
4516,2025-03-26,1584,P03,Camera Bag,Photography,1,3800
4517,2025-01-10,107,E03,Wireless Earphones,Electronics,1,3500
4517,2025-01-10,107,O01,Laptop Bag,Office,1,3200
4518,2025-04-03,1045,H01,Coffee Maker,Home & Kitchen,1,5500
4518,2025-04-03,1045,H02,Coffee Pods (Pack of 20),Home & Kitchen,1,1200
4518,2025-04-03,1045,H05,Travel Mug,Home & Kitchen,1,900
4518,2025-04-03,1045,E09,USB-C Cable,Electronics,1,450
4519,2025-03-20,762,F04,Fitness Tracker,Fitness,1,4500
4519,2025-03-20,762,F03,Sports Water Bottle,Fitness,1,700
4520,2025-05-07,1542,E07,Smartwatch,Electronics,1,6500
4520,2025-05-07,1542,E08,Smartwatch Replacement Band,Electronics,1,900
4521,2025-01-28,468,F07,Gym Bag,Fitness,1,2600
4521,2025-01-28,468,F05,Yoga Mat,Fitness,1,2200
4522,2025-02-07,874,F04,Fitness Tracker,Fitness,1,4500
4522,2025-02-07,874,F03,Sports Water Bottle,Fitness,1,700
4523,2025-02-14,657,H01,Coffee Maker,Home & Kitchen,1,5500
4523,2025-02-14,657,H02,Coffee Pods (Pack of 20),Home & Kitchen,1,1200
4523,2025-02-14,657,H05,Travel Mug,Home & Kitchen,1,900
4524,2025-06-13,922,F02,Running Socks (3-Pack),Fitness,1,950
4524,2025-06-13,922,O05,Desk Lamp,Office,1,1800
4524,2025-06-13,922,F04,Fitness Tracker,Fitness,1,4500
4525,2025-03-08,1259,H01,Coffee Maker,Home & Kitchen,1,5500
4525,2025-03-08,1259,E10,Laptop Sleeve,Electronics,1,1800
4525,2025-03-08,1259,E07,Smartwatch,Electronics,1,6500
4526,2025-04-09,779,F01,Running Shoes,Fitness,1,7500
4526,2025-04-09,779,F02,Running Socks (3-Pack),Fitness,1,950
4527,2025-04-29,1573,P01,Digital Camera,Photography,1,45000
4528,2025-01-21,1744,H07,Milk Frother,Home & Kitchen,1,1100
4529,2025-04-26,611,F04,Fitness Tracker,Fitness,1,4500
4529,2025-04-26,611,F03,Sports Water Bottle,Fitness,1,700
4529,2025-04-26,611,P02,Memory Card 128GB,Photography,2,2200
4530,2025-04-06,994,E02,Screen Protector,Electronics,1,350
4531,2025-06-29,649,O01,Laptop Bag,Office,1,3200
4532,2025-02-06,924,F07,Gym Bag,Fitness,1,2600
4532,2025-02-06,924,F05,Yoga Mat,Fitness,1,2200
4532,2025-02-06,924,F06,Resistance Bands Set,Fitness,2,1500
4533,2025-03-13,1645,F04,Fitness Tracker,Fitness,1,4500
4533,2025-03-13,1645,F03,Sports Water Bottle,Fitness,1,700
4534,2025-05-14,412,F07,Gym Bag,Fitness,1,2600
4534,2025-05-14,412,F05,Yoga Mat,Fitness,1,2200
4535,2025-06-01,940,P05,Extra Camera Battery,Photography,1,2600
4535,2025-06-01,940,E07,Smartwatch,Electronics,1,6500
4535,2025-06-01,940,H06,Tea Infuser,Home & Kitchen,1,450
4536,2025-03-20,1494,O01,Laptop Bag,Office,1,3200
4537,2025-06-05,604,F01,Running Shoes,Fitness,1,7500
4538,2025-06-23,46,F01,Running Shoes,Fitness,1,7500
4538,2025-06-23,46,H07,Milk Frother,Home & Kitchen,1,1100
4538,2025-06-23,46,E07,Smartwatch,Electronics,1,6500
4538,2025-06-23,46,O06,Notebook & Pen Set,Office,1,600
4539,2025-04-10,191,E07,Smartwatch,Electronics,1,6500
4539,2025-04-10,191,E08,Smartwatch Replacement Band,Electronics,1,900
4539,2025-04-10,191,P01,Digital Camera,Photography,1,45000
4540,2025-02-18,720,E04,Fast Phone Charger,Electronics,1,1200
4540,2025-02-18,720,E05,Power Bank 10000mAh,Electronics,1,2800
4541,2025-05-08,1108,E09,USB-C Cable,Electronics,1,450
4542,2025-04-25,1710,F04,Fitness Tracker,Fitness,2,4500
4542,2025-04-25,1710,F03,Sports Water Bottle,Fitness,1,700
4543,2025-01-11,198,E07,Smartwatch,Electronics,1,6500
4543,2025-01-11,198,E08,Smartwatch Replacement Band,Electronics,1,900
4543,2025-01-11,198,E05,Power Bank 10000mAh,Electronics,1,2800
4544,2025-04-13,137,E01,Phone Case,Electronics,1,800
4544,2025-04-13,137,E02,Screen Protector,Electronics,1,350
4545,2025-02-11,1056,E10,Laptop Sleeve,Electronics,1,1800
4546,2025-01-01,83,F07,Gym Bag,Fitness,1,2600
4546,2025-01-01,83,F05,Yoga Mat,Fitness,1,2200
4546,2025-01-01,83,F06,Resistance Bands Set,Fitness,1,1500
4546,2025-01-01,83,E04,Fast Phone Charger,Electronics,1,1200
4547,2025-01-14,1000,F07,Gym Bag,Fitness,1,2600
4548,2025-04-04,426,E04,Fast Phone Charger,Electronics,1,1200
4549,2025-05-04,1489,F01,Running Shoes,Fitness,1,7500
4549,2025-05-04,1489,F02,Running Socks (3-Pack),Fitness,2,950
4549,2025-05-04,1489,F03,Sports Water Bottle,Fitness,1,700
4550,2025-01-01,231,E03,Wireless Earphones,Electronics,2,3500
4550,2025-01-01,231,E02,Screen Protector,Electronics,1,350
4550,2025-01-01,231,E05,Power Bank 10000mAh,Electronics,1,2800
4550,2025-01-01,231,F06,Resistance Bands Set,Fitness,1,1500
4551,2025-04-22,1130,F01,Running Shoes,Fitness,1,7500
4551,2025-04-22,1130,F02,Running Socks (3-Pack),Fitness,2,950
4552,2025-02-08,1083,O06,Notebook & Pen Set,Office,2,600
4553,2025-01-25,822,E08,Smartwatch Replacement Band,Electronics,1,900
4553,2025-01-25,822,O01,Laptop Bag,Office,2,3200
4554,2025-04-21,722,P01,Digital Camera,Photography,2,45000
4554,2025-04-21,722,P02,Memory Card 128GB,Photography,1,2200
4554,2025-04-21,722,P03,Camera Bag,Photography,1,3800
4555,2025-06-23,24,E09,USB-C Cable,Electronics,1,450
4555,2025-06-23,24,E08,Smartwatch Replacement Band,Electronics,1,900
4555,2025-06-23,24,H07,Milk Frother,Home & Kitchen,1,1100
4556,2025-05-09,392,E05,Power Bank 10000mAh,Electronics,1,2800
4556,2025-05-09,392,F03,Sports Water Bottle,Fitness,1,700
4556,2025-05-09,392,O02,Wireless Mouse,Office,1,1400
4556,2025-05-09,392,O04,Mechanical Keyboard,Office,1,5200
4557,2025-05-14,931,F04,Fitness Tracker,Fitness,1,4500
4557,2025-05-14,931,F03,Sports Water Bottle,Fitness,1,700
4558,2025-05-14,277,F06,Resistance Bands Set,Fitness,1,1500
4558,2025-05-14,277,H07,Milk Frother,Home & Kitchen,1,1100
4559,2025-01-15,135,O02,Wireless Mouse,Office,1,1400
4559,2025-01-15,135,O06,Notebook & Pen Set,Office,1,600
4560,2025-02-02,1723,P01,Digital Camera,Photography,1,45000
4560,2025-02-02,1723,P02,Memory Card 128GB,Photography,1,2200
4560,2025-02-02,1723,P03,Camera Bag,Photography,1,3800
4560,2025-02-02,1723,P04,Tripod,Photography,1,3200
4561,2025-02-22,1084,E09,USB-C Cable,Electronics,1,450
4562,2025-05-10,271,E01,Phone Case,Electronics,1,800
4562,2025-05-10,271,E02,Screen Protector,Electronics,1,350
4563,2025-02-12,360,O06,Notebook & Pen Set,Office,1,600
4564,2025-02-20,528,O05,Desk Lamp,Office,2,1800
4565,2025-06-23,1035,E04,Fast Phone Charger,Electronics,1,1200
4565,2025-06-23,1035,E05,Power Bank 10000mAh,Electronics,2,2800
4565,2025-06-23,1035,E09,USB-C Cable,Electronics,1,450
4566,2025-02-06,341,E02,Screen Protector,Electronics,1,350
4566,2025-02-06,341,H07,Milk Frother,Home & Kitchen,1,1100
4566,2025-02-06,341,F07,Gym Bag,Fitness,1,2600
4567,2025-03-21,890,E01,Phone Case,Electronics,1,800
4567,2025-03-21,890,E02,Screen Protector,Electronics,1,350
4568,2025-05-12,141,P01,Digital Camera,Photography,1,45000
4568,2025-05-12,141,O04,Mechanical Keyboard,Office,1,5200
4568,2025-05-12,141,H02,Coffee Pods (Pack of 20),Home & Kitchen,1,1200
4568,2025-05-12,141,F05,Yoga Mat,Fitness,1,2200
4569,2025-01-25,1548,F06,Resistance Bands Set,Fitness,1,1500
4569,2025-01-25,1548,H07,Milk Frother,Home & Kitchen,2,1100
4569,2025-01-25,1548,F03,Sports Water Bottle,Fitness,1,700
4569,2025-01-25,1548,O05,Desk Lamp,Office,1,1800
4570,2025-05-20,1603,P04,Tripod,Photography,1,3200
4570,2025-05-20,1603,E02,Screen Protector,Electronics,1,350
4570,2025-05-20,1603,F04,Fitness Tracker,Fitness,1,4500
4571,2025-04-06,905,F01,Running Shoes,Fitness,1,7500
4571,2025-04-06,905,F02,Running Socks (3-Pack),Fitness,1,950
4572,2025-05-19,1745,E06,Bluetooth Speaker,Electronics,1,4200
4572,2025-05-19,1745,E05,Power Bank 10000mAh,Electronics,1,2800
4573,2025-06-12,1376,F04,Fitness Tracker,Fitness,1,4500
4573,2025-06-12,1376,F03,Sports Water Bottle,Fitness,1,700
4574,2025-04-05,1005,O06,Notebook & Pen Set,Office,1,600
4574,2025-04-05,1005,E05,Power Bank 10000mAh,Electronics,1,2800
4574,2025-04-05,1005,P04,Tripod,Photography,1,3200
4575,2025-01-04,565,P01,Digital Camera,Photography,1,45000
4575,2025-01-04,565,P02,Memory Card 128GB,Photography,1,2200
4575,2025-01-04,565,P03,Camera Bag,Photography,1,3800
4576,2025-04-06,177,E08,Smartwatch Replacement Band,Electronics,1,900
4577,2025-04-12,954,E04,Fast Phone Charger,Electronics,1,1200
4577,2025-04-12,954,E05,Power Bank 10000mAh,Electronics,1,2800
4578,2025-04-09,63,P05,Extra Camera Battery,Photography,1,2600
4578,2025-04-09,63,E09,USB-C Cable,Electronics,1,450
4579,2025-04-09,775,F01,Running Shoes,Fitness,1,7500
4579,2025-04-09,775,F02,Running Socks (3-Pack),Fitness,1,950
4579,2025-04-09,775,F03,Sports Water Bottle,Fitness,1,700
4580,2025-06-11,1557,E06,Bluetooth Speaker,Electronics,1,4200
4581,2025-01-27,1262,E04,Fast Phone Charger,Electronics,1,1200
4581,2025-01-27,1262,F06,Resistance Bands Set,Fitness,1,1500
4581,2025-01-27,1262,E01,Phone Case,Electronics,1,800
4581,2025-01-27,1262,H04,Blender,Home & Kitchen,1,4800
4582,2025-01-07,1407,F01,Running Shoes,Fitness,1,7500
4582,2025-01-07,1407,E04,Fast Phone Charger,Electronics,1,1200
4583,2025-06-26,1457,F06,Resistance Bands Set,Fitness,1,1500
4584,2025-02-27,277,O04,Mechanical Keyboard,Office,1,5200
4585,2025-04-16,879,F07,Gym Bag,Fitness,1,2600
4585,2025-04-16,879,F05,Yoga Mat,Fitness,1,2200
4585,2025-04-16,879,F06,Resistance Bands Set,Fitness,1,1500
4586,2025-03-23,1042,E04,Fast Phone Charger,Electronics,1,1200
4586,2025-03-23,1042,E05,Power Bank 10000mAh,Electronics,1,2800
4586,2025-03-23,1042,H03,Electric Kettle,Home & Kitchen,1,3200
4587,2025-02-09,1693,F04,Fitness Tracker,Fitness,1,4500
4587,2025-02-09,1693,F06,Resistance Bands Set,Fitness,1,1500
4587,2025-02-09,1693,E07,Smartwatch,Electronics,1,6500
4588,2025-02-01,1656,E10,Laptop Sleeve,Electronics,1,1800
4588,2025-02-01,1656,P02,Memory Card 128GB,Photography,2,2200
4589,2025-01-27,415,H05,Travel Mug,Home & Kitchen,1,900
4590,2025-02-09,1381,H04,Blender,Home & Kitchen,1,4800
4590,2025-02-09,1381,F02,Running Socks (3-Pack),Fitness,2,950
4591,2025-02-22,16,H06,Tea Infuser,Home & Kitchen,1,450
4592,2025-01-10,1167,E07,Smartwatch,Electronics,1,6500
4592,2025-01-10,1167,E08,Smartwatch Replacement Band,Electronics,1,900
4592,2025-01-10,1167,E01,Phone Case,Electronics,1,800
4593,2025-05-30,1066,E07,Smartwatch,Electronics,1,6500
4593,2025-05-30,1066,E08,Smartwatch Replacement Band,Electronics,1,900
4593,2025-05-30,1066,E09,USB-C Cable,Electronics,1,450
4594,2025-03-17,1125,F05,Yoga Mat,Fitness,1,2200
4595,2025-03-25,162,O06,Notebook & Pen Set,Office,1,600
4596,2025-06-01,340,E01,Phone Case,Electronics,1,800
4596,2025-06-01,340,H02,Coffee Pods (Pack of 20),Home & Kitchen,1,1200
4597,2025-04-04,1022,F07,Gym Bag,Fitness,1,2600
4597,2025-04-04,1022,F05,Yoga Mat,Fitness,2,2200
4597,2025-04-04,1022,P04,Tripod,Photography,1,3200
4598,2025-04-03,959,H03,Electric Kettle,Home & Kitchen,1,3200
4598,2025-04-03,959,H06,Tea Infuser,Home & Kitchen,2,450
4598,2025-04-03,959,H07,Milk Frother,Home & Kitchen,1,1100
4599,2025-01-26,797,F04,Fitness Tracker,Fitness,1,4500
4599,2025-01-26,797,H04,Blender,Home & Kitchen,1,4800
4599,2025-01-26,797,F05,Yoga Mat,Fitness,1,2200
4600,2025-05-22,37,H01,Coffee Maker,Home & Kitchen,1,5500
4600,2025-05-22,37,H02,Coffee Pods (Pack of 20),Home & Kitchen,2,1200
4600,2025-05-22,37,H05,Travel Mug,Home & Kitchen,1,900
4601,2025-02-17,1118,H03,Electric Kettle,Home & Kitchen,1,3200
4601,2025-02-17,1118,H06,Tea Infuser,Home & Kitchen,1,450
4602,2025-04-30,1137,F03,Sports Water Bottle,Fitness,1,700
4603,2025-02-25,1117,E04,Fast Phone Charger,Electronics,1,1200
4604,2025-03-17,932,P02,Memory Card 128GB,Photography,1,2200
4604,2025-03-17,932,F06,Resistance Bands Set,Fitness,1,1500
4604,2025-03-17,932,E08,Smartwatch Replacement Band,Electronics,1,900
4605,2025-02-04,190,E06,Bluetooth Speaker,Electronics,1,4200
4606,2025-02-02,991,F04,Fitness Tracker,Fitness,1,4500
4606,2025-02-02,991,F03,Sports Water Bottle,Fitness,1,700
4607,2025-04-27,1726,O03,Laptop Stand,Office,1,2100
4607,2025-04-27,1726,H01,Coffee Maker,Home & Kitchen,1,5500
4608,2025-01-30,771,F01,Running Shoes,Fitness,1,7500
4608,2025-01-30,771,F02,Running Socks (3-Pack),Fitness,1,950
4609,2025-01-21,569,H02,Coffee Pods (Pack of 20),Home & Kitchen,1,1200
4609,2025-01-21,569,H03,Electric Kettle,Home & Kitchen,1,3200
4609,2025-01-21,569,O04,Mechanical Keyboard,Office,1,5200
4609,2025-01-21,569,E02,Screen Protector,Electronics,2,350
4610,2025-03-29,156,F02,Running Socks (3-Pack),Fitness,1,950
4610,2025-03-29,156,H04,Blender,Home & Kitchen,1,4800
4610,2025-03-29,156,P05,Extra Camera Battery,Photography,1,2600
4610,2025-03-29,156,P04,Tripod,Photography,1,3200
4611,2025-05-23,17,E05,Power Bank 10000mAh,Electronics,2,2800
4611,2025-05-23,17,H04,Blender,Home & Kitchen,1,4800
4612,2025-01-30,1788,E03,Wireless Earphones,Electronics,1,3500
4613,2025-06-21,1663,F03,Sports Water Bottle,Fitness,1,700
4614,2025-02-15,543,H05,Travel Mug,Home & Kitchen,1,900
4614,2025-02-15,543,H04,Blender,Home & Kitchen,1,4800
4614,2025-02-15,543,E06,Bluetooth Speaker,Electronics,1,4200
4615,2025-02-11,541,O06,Notebook & Pen Set,Office,1,600
4615,2025-02-11,541,H06,Tea Infuser,Home & Kitchen,1,450
4616,2025-03-03,907,E06,Bluetooth Speaker,Electronics,1,4200
4617,2025-05-21,381,E07,Smartwatch,Electronics,2,6500
4617,2025-05-21,381,E08,Smartwatch Replacement Band,Electronics,1,900
4617,2025-05-21,381,P02,Memory Card 128GB,Photography,1,2200
4618,2025-04-23,2,F06,Resistance Bands Set,Fitness,1,1500
4619,2025-01-12,64,E01,Phone Case,Electronics,2,800
4619,2025-01-12,64,E02,Screen Protector,Electronics,1,350
4620,2025-03-23,162,O04,Mechanical Keyboard,Office,1,5200
4621,2025-04-09,806,O02,Wireless Mouse,Office,1,1400
4622,2025-02-05,558,P01,Digital Camera,Photography,1,45000
4622,2025-02-05,558,P02,Memory Card 128GB,Photography,1,2200
4622,2025-02-05,558,P03,Camera Bag,Photography,2,3800
4623,2025-05-01,1364,H04,Blender,Home & Kitchen,1,4800
4623,2025-05-01,1364,E10,Laptop Sleeve,Electronics,1,1800
4623,2025-05-01,1364,H05,Travel Mug,Home & Kitchen,1,900
4624,2025-03-28,97,E04,Fast Phone Charger,Electronics,1,1200
4624,2025-03-28,97,E05,Power Bank 10000mAh,Electronics,1,2800
4625,2025-05-24,1008,E08,Smartwatch Replacement Band,Electronics,1,900
4626,2025-05-01,424,F06,Resistance Bands Set,Fitness,1,1500
4626,2025-05-01,424,E10,Laptop Sleeve,Electronics,1,1800
4626,2025-05-01,424,E03,Wireless Earphones,Electronics,2,3500
4627,2025-01-05,1073,H02,Coffee Pods (Pack of 20),Home & Kitchen,1,1200
4628,2025-06-06,509,H02,Coffee Pods (Pack of 20),Home & Kitchen,1,1200
4629,2025-06-14,406,E01,Phone Case,Electronics,1,800
4629,2025-06-14,406,E02,Screen Protector,Electronics,2,350
4629,2025-06-14,406,E04,Fast Phone Charger,Electronics,1,1200
4629,2025-06-14,406,H04,Blender,Home & Kitchen,1,4800
4630,2025-06-23,1379,O01,Laptop Bag,Office,2,3200
4630,2025-06-23,1379,O02,Wireless Mouse,Office,1,1400
4630,2025-06-23,1379,O03,Laptop Stand,Office,1,2100
4631,2025-01-31,641,F03,Sports Water Bottle,Fitness,1,700
4631,2025-01-31,641,P03,Camera Bag,Photography,1,3800
4631,2025-01-31,641,O06,Notebook & Pen Set,Office,1,600
4631,2025-01-31,641,O02,Wireless Mouse,Office,1,1400
4632,2025-03-27,1076,F04,Fitness Tracker,Fitness,1,4500
4632,2025-03-27,1076,F03,Sports Water Bottle,Fitness,1,700
4633,2025-03-07,1271,H01,Coffee Maker,Home & Kitchen,1,5500
4633,2025-03-07,1271,H02,Coffee Pods (Pack of 20),Home & Kitchen,2,1200
4633,2025-03-07,1271,H05,Travel Mug,Home & Kitchen,1,900
4633,2025-03-07,1271,E07,Smartwatch,Electronics,1,6500
4634,2025-06-17,1005,E04,Fast Phone Charger,Electronics,2,1200
4635,2025-01-31,1078,F07,Gym Bag,Fitness,1,2600
4635,2025-01-31,1078,F05,Yoga Mat,Fitness,1,2200
4636,2025-02-03,1420,F07,Gym Bag,Fitness,1,2600
4636,2025-02-03,1420,F05,Yoga Mat,Fitness,1,2200
4637,2025-03-25,790,F01,Running Shoes,Fitness,1,7500
4637,2025-03-25,790,F02,Running Socks (3-Pack),Fitness,1,950
4638,2025-01-09,610,E07,Smartwatch,Electronics,1,6500
4638,2025-01-09,610,E08,Smartwatch Replacement Band,Electronics,1,900
4639,2025-04-03,1698,F02,Running Socks (3-Pack),Fitness,1,950
4640,2025-04-12,1624,H03,Electric Kettle,Home & Kitchen,1,3200
4640,2025-04-12,1624,H06,Tea Infuser,Home & Kitchen,1,450
4641,2025-02-13,1588,E04,Fast Phone Charger,Electronics,1,1200
4641,2025-02-13,1588,E05,Power Bank 10000mAh,Electronics,2,2800
4641,2025-02-13,1588,E09,USB-C Cable,Electronics,1,450
4642,2025-02-03,1310,H01,Coffee Maker,Home & Kitchen,1,5500
4642,2025-02-03,1310,H02,Coffee Pods (Pack of 20),Home & Kitchen,1,1200
4643,2025-02-28,948,E04,Fast Phone Charger,Electronics,1,1200
4643,2025-02-28,948,E09,USB-C Cable,Electronics,1,450
4643,2025-02-28,948,H06,Tea Infuser,Home & Kitchen,1,450
4643,2025-02-28,948,H04,Blender,Home & Kitchen,2,4800
4644,2025-05-12,688,E04,Fast Phone Charger,Electronics,1,1200
4644,2025-05-12,688,E05,Power Bank 10000mAh,Electronics,1,2800
4645,2025-06-04,779,E01,Phone Case,Electronics,1,800
4646,2025-06-24,365,F06,Resistance Bands Set,Fitness,1,1500
4647,2025-03-19,441,F07,Gym Bag,Fitness,1,2600
4647,2025-03-19,441,F05,Yoga Mat,Fitness,1,2200
4648,2025-06-10,72,E07,Smartwatch,Electronics,1,6500
4649,2025-03-05,458,E06,Bluetooth Speaker,Electronics,2,4200
4650,2025-05-19,1061,E04,Fast Phone Charger,Electronics,1,1200
4651,2025-04-09,42,F07,Gym Bag,Fitness,1,2600
4651,2025-04-09,42,F05,Yoga Mat,Fitness,1,2200
4651,2025-04-09,42,F06,Resistance Bands Set,Fitness,1,1500
4652,2025-05-15,913,E07,Smartwatch,Electronics,1,6500
4653,2025-03-13,575,F07,Gym Bag,Fitness,1,2600
4653,2025-03-13,575,F05,Yoga Mat,Fitness,1,2200
4654,2025-02-13,275,P02,Memory Card 128GB,Photography,1,2200
4654,2025-02-13,275,O02,Wireless Mouse,Office,1,1400
4654,2025-02-13,275,E03,Wireless Earphones,Electronics,1,3500
4655,2025-02-16,1074,P02,Memory Card 128GB,Photography,2,2200
4655,2025-02-16,1074,F05,Yoga Mat,Fitness,1,2200
4655,2025-02-16,1074,E05,Power Bank 10000mAh,Electronics,1,2800
4656,2025-05-14,712,F05,Yoga Mat,Fitness,1,2200
4657,2025-06-03,1393,E04,Fast Phone Charger,Electronics,1,1200
4657,2025-06-03,1393,E05,Power Bank 10000mAh,Electronics,1,2800
4658,2025-05-14,4,F01,Running Shoes,Fitness,1,7500
4659,2025-05-26,1012,F01,Running Shoes,Fitness,1,7500
4660,2025-04-02,1030,F07,Gym Bag,Fitness,1,2600
4660,2025-04-02,1030,F05,Yoga Mat,Fitness,1,2200
4661,2025-05-16,342,H05,Travel Mug,Home & Kitchen,1,900
4662,2025-02-13,1097,O01,Laptop Bag,Office,1,3200
4662,2025-02-13,1097,O02,Wireless Mouse,Office,1,1400
4662,2025-02-13,1097,O03,Laptop Stand,Office,1,2100
4663,2025-05-19,1609,E07,Smartwatch,Electronics,1,6500
4664,2025-01-09,1469,E07,Smartwatch,Electronics,1,6500
4664,2025-01-09,1469,E08,Smartwatch Replacement Band,Electronics,1,900
4664,2025-01-09,1469,O03,Laptop Stand,Office,1,2100
4665,2025-01-11,1427,H02,Coffee Pods (Pack of 20),Home & Kitchen,1,1200
4666,2025-01-24,426,O02,Wireless Mouse,Office,1,1400
4667,2025-04-28,895,H02,Coffee Pods (Pack of 20),Home & Kitchen,1,1200
4668,2025-04-09,1440,F07,Gym Bag,Fitness,1,2600
4668,2025-04-09,1440,F05,Yoga Mat,Fitness,1,2200
4669,2025-03-11,780,E04,Fast Phone Charger,Electronics,1,1200
4669,2025-03-11,780,E05,Power Bank 10000mAh,Electronics,1,2800
4669,2025-03-11,780,E10,Laptop Sleeve,Electronics,1,1800
4670,2025-04-09,271,E01,Phone Case,Electronics,1,800
4670,2025-04-09,271,E02,Screen Protector,Electronics,1,350
4670,2025-04-09,271,E04,Fast Phone Charger,Electronics,1,1200
4671,2025-04-25,915,H07,Milk Frother,Home & Kitchen,1,1100
4671,2025-04-25,915,F03,Sports Water Bottle,Fitness,1,700
4671,2025-04-25,915,P01,Digital Camera,Photography,1,45000
4672,2025-05-09,1763,H03,Electric Kettle,Home & Kitchen,1,3200
4672,2025-05-09,1763,H06,Tea Infuser,Home & Kitchen,1,450
4673,2025-04-20,139,F05,Yoga Mat,Fitness,1,2200
4674,2025-03-25,233,E01,Phone Case,Electronics,1,800
4674,2025-03-25,233,E02,Screen Protector,Electronics,1,350
4674,2025-03-25,233,E04,Fast Phone Charger,Electronics,1,1200
4675,2025-04-17,1445,E07,Smartwatch,Electronics,1,6500
4675,2025-04-17,1445,E08,Smartwatch Replacement Band,Electronics,1,900
4676,2025-04-03,569,E07,Smartwatch,Electronics,2,6500
4676,2025-04-03,569,E08,Smartwatch Replacement Band,Electronics,1,900
4676,2025-04-03,569,H07,Milk Frother,Home & Kitchen,1,1100
4677,2025-03-22,519,E07,Smartwatch,Electronics,1,6500
4677,2025-03-22,519,E08,Smartwatch Replacement Band,Electronics,1,900
4678,2025-01-11,1222,E04,Fast Phone Charger,Electronics,1,1200
4678,2025-01-11,1222,E05,Power Bank 10000mAh,Electronics,1,2800
4678,2025-01-11,1222,E09,USB-C Cable,Electronics,1,450
4679,2025-02-21,1571,O05,Desk Lamp,Office,1,1800
4679,2025-02-21,1571,F05,Yoga Mat,Fitness,1,2200
4679,2025-02-21,1571,P05,Extra Camera Battery,Photography,1,2600
4680,2025-03-31,953,P03,Camera Bag,Photography,1,3800
4681,2025-03-03,1099,H01,Coffee Maker,Home & Kitchen,1,5500
4681,2025-03-03,1099,H02,Coffee Pods (Pack of 20),Home & Kitchen,1,1200
4682,2025-03-31,1108,E10,Laptop Sleeve,Electronics,1,1800
4683,2025-02-25,252,P01,Digital Camera,Photography,1,45000
4683,2025-02-25,252,O01,Laptop Bag,Office,2,3200
4683,2025-02-25,252,H06,Tea Infuser,Home & Kitchen,1,450
4683,2025-02-25,252,F06,Resistance Bands Set,Fitness,1,1500
4684,2025-04-03,747,P03,Camera Bag,Photography,1,3800
4685,2025-05-18,651,O01,Laptop Bag,Office,1,3200
4685,2025-05-18,651,O02,Wireless Mouse,Office,1,1400
4685,2025-05-18,651,O03,Laptop Stand,Office,1,2100
4686,2025-06-15,1632,F01,Running Shoes,Fitness,1,7500
4686,2025-06-15,1632,P01,Digital Camera,Photography,1,45000
4686,2025-06-15,1632,E07,Smartwatch,Electronics,1,6500
4686,2025-06-15,1632,F05,Yoga Mat,Fitness,2,2200
4687,2025-04-24,1638,F01,Running Shoes,Fitness,1,7500
4687,2025-04-24,1638,F02,Running Socks (3-Pack),Fitness,1,950
4688,2025-05-30,623,F04,Fitness Tracker,Fitness,1,4500
4688,2025-05-30,623,F03,Sports Water Bottle,Fitness,1,700
4688,2025-05-30,623,E07,Smartwatch,Electronics,1,6500
4689,2025-01-07,25,H01,Coffee Maker,Home & Kitchen,1,5500
4689,2025-01-07,25,H02,Coffee Pods (Pack of 20),Home & Kitchen,1,1200
4690,2025-02-14,639,E03,Wireless Earphones,Electronics,1,3500
4691,2025-05-13,1205,E01,Phone Case,Electronics,1,800
4691,2025-05-13,1205,P05,Extra Camera Battery,Photography,1,2600
4691,2025-05-13,1205,E02,Screen Protector,Electronics,1,350
4691,2025-05-13,1205,O01,Laptop Bag,Office,1,3200
4692,2025-01-10,654,H03,Electric Kettle,Home & Kitchen,1,3200
4692,2025-01-10,654,H06,Tea Infuser,Home & Kitchen,1,450
4693,2025-03-11,334,P03,Camera Bag,Photography,1,3800
4693,2025-03-11,334,H04,Blender,Home & Kitchen,1,4800
4693,2025-03-11,334,E06,Bluetooth Speaker,Electronics,2,4200
4694,2025-03-20,800,F01,Running Shoes,Fitness,1,7500
4694,2025-03-20,800,F02,Running Socks (3-Pack),Fitness,1,950
4694,2025-03-20,800,F03,Sports Water Bottle,Fitness,1,700
4695,2025-02-01,770,H03,Electric Kettle,Home & Kitchen,1,3200
4695,2025-02-01,770,H06,Tea Infuser,Home & Kitchen,1,450
4696,2025-05-09,1452,E04,Fast Phone Charger,Electronics,1,1200
4697,2025-05-27,1760,E07,Smartwatch,Electronics,2,6500
4697,2025-05-27,1760,E08,Smartwatch Replacement Band,Electronics,1,900
4698,2025-02-19,569,F01,Running Shoes,Fitness,1,7500
4698,2025-02-19,569,F02,Running Socks (3-Pack),Fitness,1,950
4699,2025-04-14,600,H07,Milk Frother,Home & Kitchen,1,1100
4699,2025-04-14,600,F04,Fitness Tracker,Fitness,1,4500
4699,2025-04-14,600,H04,Blender,Home & Kitchen,1,4800
4699,2025-04-14,600,O02,Wireless Mouse,Office,1,1400
4700,2025-03-08,1100,F07,Gym Bag,Fitness,1,2600
4700,2025-03-08,1100,F05,Yoga Mat,Fitness,1,2200
4700,2025-03-08,1100,F06,Resistance Bands Set,Fitness,1,1500
4700,2025-03-08,1100,E02,Screen Protector,Electronics,1,350
4701,2025-02-28,1530,O03,Laptop Stand,Office,1,2100
4702,2025-05-13,441,P03,Camera Bag,Photography,1,3800
4702,2025-05-13,441,E07,Smartwatch,Electronics,1,6500
4702,2025-05-13,441,P02,Memory Card 128GB,Photography,1,2200
4702,2025-05-13,441,E09,USB-C Cable,Electronics,1,450
4703,2025-05-29,719,P01,Digital Camera,Photography,1,45000
4703,2025-05-29,719,F01,Running Shoes,Fitness,1,7500
4704,2025-05-27,1746,F05,Yoga Mat,Fitness,1,2200
4704,2025-05-27,1746,P01,Digital Camera,Photography,1,45000
4704,2025-05-27,1746,F01,Running Shoes,Fitness,1,7500
4704,2025-05-27,1746,O05,Desk Lamp,Office,1,1800
4705,2025-02-20,221,E04,Fast Phone Charger,Electronics,2,1200
4705,2025-02-20,221,E05,Power Bank 10000mAh,Electronics,1,2800
4705,2025-02-20,221,E09,USB-C Cable,Electronics,1,450
4706,2025-05-17,1645,P04,Tripod,Photography,1,3200
4707,2025-05-12,1221,F02,Running Socks (3-Pack),Fitness,1,950
4708,2025-03-08,650,H01,Coffee Maker,Home & Kitchen,1,5500
4708,2025-03-08,650,H02,Coffee Pods (Pack of 20),Home & Kitchen,1,1200
4708,2025-03-08,650,O05,Desk Lamp,Office,2,1800
4709,2025-01-16,1399,E01,Phone Case,Electronics,1,800
4709,2025-01-16,1399,E02,Screen Protector,Electronics,1,350
4710,2025-04-02,745,P01,Digital Camera,Photography,1,45000
4710,2025-04-02,745,P02,Memory Card 128GB,Photography,2,2200
4710,2025-04-02,745,P03,Camera Bag,Photography,1,3800
4711,2025-03-19,1410,E08,Smartwatch Replacement Band,Electronics,1,900
4712,2025-04-24,1497,P02,Memory Card 128GB,Photography,1,2200
4712,2025-04-24,1497,O01,Laptop Bag,Office,1,3200
4712,2025-04-24,1497,F05,Yoga Mat,Fitness,1,2200
4713,2025-03-31,1271,H03,Electric Kettle,Home & Kitchen,1,3200
4713,2025-03-31,1271,H06,Tea Infuser,Home & Kitchen,1,450
4714,2025-06-17,388,H02,Coffee Pods (Pack of 20),Home & Kitchen,1,1200
4714,2025-06-17,388,P05,Extra Camera Battery,Photography,2,2600
4714,2025-06-17,388,O02,Wireless Mouse,Office,2,1400
4714,2025-06-17,388,P02,Memory Card 128GB,Photography,1,2200
4715,2025-02-11,1309,P01,Digital Camera,Photography,1,45000
4715,2025-02-11,1309,P02,Memory Card 128GB,Photography,1,2200
4715,2025-02-11,1309,P03,Camera Bag,Photography,1,3800
4716,2025-04-25,270,P01,Digital Camera,Photography,1,45000
4717,2025-06-01,666,P02,Memory Card 128GB,Photography,1,2200
4718,2025-01-01,218,E10,Laptop Sleeve,Electronics,1,1800
4719,2025-05-18,1348,O02,Wireless Mouse,Office,1,1400
4719,2025-05-18,1348,P03,Camera Bag,Photography,1,3800
4720,2025-02-28,982,F01,Running Shoes,Fitness,1,7500
4720,2025-02-28,982,F02,Running Socks (3-Pack),Fitness,2,950
4721,2025-05-28,80,P03,Camera Bag,Photography,1,3800
4722,2025-04-09,407,E02,Screen Protector,Electronics,2,350
4722,2025-04-09,407,E10,Laptop Sleeve,Electronics,1,1800
4722,2025-04-09,407,E07,Smartwatch,Electronics,1,6500
4723,2025-05-19,1750,F04,Fitness Tracker,Fitness,1,4500
4723,2025-05-19,1750,F03,Sports Water Bottle,Fitness,1,700
4724,2025-06-10,1063,E01,Phone Case,Electronics,1,800
4724,2025-06-10,1063,E02,Screen Protector,Electronics,1,350
4724,2025-06-10,1063,E04,Fast Phone Charger,Electronics,1,1200
4725,2025-03-03,200,E07,Smartwatch,Electronics,1,6500
4725,2025-03-03,200,E08,Smartwatch Replacement Band,Electronics,1,900
4726,2025-01-03,1465,H05,Travel Mug,Home & Kitchen,1,900
4726,2025-01-03,1465,E03,Wireless Earphones,Electronics,2,3500
4727,2025-01-19,1566,H03,Electric Kettle,Home & Kitchen,1,3200
4727,2025-01-19,1566,E01,Phone Case,Electronics,2,800
4727,2025-01-19,1566,H07,Milk Frother,Home & Kitchen,1,1100
4727,2025-01-19,1566,H02,Coffee Pods (Pack of 20),Home & Kitchen,1,1200
4728,2025-02-15,1609,F07,Gym Bag,Fitness,1,2600
4728,2025-02-15,1609,F05,Yoga Mat,Fitness,1,2200
4728,2025-02-15,1609,F06,Resistance Bands Set,Fitness,2,1500
4729,2025-01-28,138,E06,Bluetooth Speaker,Electronics,1,4200
4730,2025-05-08,1297,E08,Smartwatch Replacement Band,Electronics,1,900
4731,2025-04-23,1107,E07,Smartwatch,Electronics,1,6500
4731,2025-04-23,1107,E08,Smartwatch Replacement Band,Electronics,1,900
4732,2025-06-16,252,O01,Laptop Bag,Office,1,3200
4732,2025-06-16,252,F01,Running Shoes,Fitness,1,7500
4733,2025-02-23,752,H03,Electric Kettle,Home & Kitchen,1,3200
4733,2025-02-23,752,H06,Tea Infuser,Home & Kitchen,1,450
4733,2025-02-23,752,E01,Phone Case,Electronics,2,800
4734,2025-02-21,1394,F04,Fitness Tracker,Fitness,1,4500
4734,2025-02-21,1394,F03,Sports Water Bottle,Fitness,1,700
4735,2025-06-02,544,E09,USB-C Cable,Electronics,1,450
4736,2025-05-11,592,F07,Gym Bag,Fitness,1,2600
4736,2025-05-11,592,F05,Yoga Mat,Fitness,1,2200
4736,2025-05-11,592,F06,Resistance Bands Set,Fitness,2,1500
4737,2025-06-04,311,H07,Milk Frother,Home & Kitchen,1,1100
4737,2025-06-04,311,O05,Desk Lamp,Office,1,1800
4738,2025-02-01,1575,P04,Tripod,Photography,2,3200
4739,2025-05-09,1307,E01,Phone Case,Electronics,2,800
4739,2025-05-09,1307,E06,Bluetooth Speaker,Electronics,1,4200
4739,2025-05-09,1307,E08,Smartwatch Replacement Band,Electronics,1,900
4740,2025-05-17,431,O06,Notebook & Pen Set,Office,1,600
4740,2025-05-17,431,H05,Travel Mug,Home & Kitchen,1,900
4740,2025-05-17,431,E04,Fast Phone Charger,Electronics,1,1200
4740,2025-05-17,431,E05,Power Bank 10000mAh,Electronics,1,2800
4741,2025-04-07,1761,E10,Laptop Sleeve,Electronics,2,1800
4742,2025-05-25,290,O01,Laptop Bag,Office,1,3200
4742,2025-05-25,290,O02,Wireless Mouse,Office,1,1400
4742,2025-05-25,290,O03,Laptop Stand,Office,1,2100
4742,2025-05-25,290,H02,Coffee Pods (Pack of 20),Home & Kitchen,1,1200
4743,2025-01-09,1667,H01,Coffee Maker,Home & Kitchen,2,5500
4743,2025-01-09,1667,H02,Coffee Pods (Pack of 20),Home & Kitchen,1,1200
4744,2025-04-27,995,H06,Tea Infuser,Home & Kitchen,1,450
4745,2025-01-08,1572,E01,Phone Case,Electronics,1,800
4745,2025-01-08,1572,P01,Digital Camera,Photography,1,45000
4745,2025-01-08,1572,E10,Laptop Sleeve,Electronics,2,1800
4746,2025-02-26,766,E04,Fast Phone Charger,Electronics,1,1200
4746,2025-02-26,766,E05,Power Bank 10000mAh,Electronics,1,2800
4747,2025-02-01,1580,E08,Smartwatch Replacement Band,Electronics,1,900
4747,2025-02-01,1580,P04,Tripod,Photography,1,3200
4747,2025-02-01,1580,P01,Digital Camera,Photography,1,45000
4748,2025-01-31,1056,F04,Fitness Tracker,Fitness,1,4500
4749,2025-06-15,759,E07,Smartwatch,Electronics,2,6500
4749,2025-06-15,759,E08,Smartwatch Replacement Band,Electronics,1,900
4750,2025-05-08,1073,P01,Digital Camera,Photography,1,45000
4750,2025-05-08,1073,F06,Resistance Bands Set,Fitness,2,1500
4750,2025-05-08,1073,E10,Laptop Sleeve,Electronics,1,1800
4750,2025-05-08,1073,H05,Travel Mug,Home & Kitchen,1,900
4751,2025-03-22,620,F03,Sports Water Bottle,Fitness,1,700
4751,2025-03-22,620,H01,Coffee Maker,Home & Kitchen,1,5500
4751,2025-03-22,620,P01,Digital Camera,Photography,1,45000
4751,2025-03-22,620,E02,Screen Protector,Electronics,1,350
4752,2025-02-16,769,E04,Fast Phone Charger,Electronics,1,1200
4752,2025-02-16,769,E05,Power Bank 10000mAh,Electronics,1,2800
4752,2025-02-16,769,F05,Yoga Mat,Fitness,1,2200
4752,2025-02-16,769,P05,Extra Camera Battery,Photography,1,2600
4753,2025-06-12,450,E07,Smartwatch,Electronics,1,6500
4753,2025-06-12,450,E08,Smartwatch Replacement Band,Electronics,1,900
4754,2025-02-22,681,P02,Memory Card 128GB,Photography,1,2200
4755,2025-03-25,844,E02,Screen Protector,Electronics,1,350
4755,2025-03-25,844,H03,Electric Kettle,Home & Kitchen,1,3200
4756,2025-04-22,1361,P03,Camera Bag,Photography,1,3800
4756,2025-04-22,1361,F02,Running Socks (3-Pack),Fitness,1,950
4756,2025-04-22,1361,F05,Yoga Mat,Fitness,1,2200
4757,2025-01-18,344,H05,Travel Mug,Home & Kitchen,1,900
4758,2025-02-09,896,P01,Digital Camera,Photography,1,45000
4759,2025-05-07,1686,E01,Phone Case,Electronics,1,800
4759,2025-05-07,1686,E02,Screen Protector,Electronics,1,350
4759,2025-05-07,1686,O05,Desk Lamp,Office,1,1800
4760,2025-04-25,476,E01,Phone Case,Electronics,1,800
4760,2025-04-25,476,E02,Screen Protector,Electronics,1,350
4761,2025-04-03,1687,O01,Laptop Bag,Office,1,3200
4762,2025-05-22,530,H02,Coffee Pods (Pack of 20),Home & Kitchen,1,1200
4762,2025-05-22,530,E10,Laptop Sleeve,Electronics,1,1800
4763,2025-04-14,929,P03,Camera Bag,Photography,1,3800
4763,2025-04-14,929,O03,Laptop Stand,Office,1,2100
4763,2025-04-14,929,E05,Power Bank 10000mAh,Electronics,1,2800
4763,2025-04-14,929,H05,Travel Mug,Home & Kitchen,1,900
4764,2025-06-08,465,O01,Laptop Bag,Office,1,3200
4764,2025-06-08,465,O02,Wireless Mouse,Office,1,1400
4764,2025-06-08,465,O03,Laptop Stand,Office,1,2100
4765,2025-03-02,3,F01,Running Shoes,Fitness,1,7500
4765,2025-03-02,3,F02,Running Socks (3-Pack),Fitness,1,950
4766,2025-02-19,1730,E07,Smartwatch,Electronics,1,6500
4766,2025-02-19,1730,E08,Smartwatch Replacement Band,Electronics,1,900
4767,2025-02-15,17,H05,Travel Mug,Home & Kitchen,1,900
4767,2025-02-15,17,E07,Smartwatch,Electronics,1,6500
4767,2025-02-15,17,P03,Camera Bag,Photography,1,3800
4767,2025-02-15,17,E10,Laptop Sleeve,Electronics,1,1800
4768,2025-03-21,393,F04,Fitness Tracker,Fitness,1,4500
4768,2025-03-21,393,F03,Sports Water Bottle,Fitness,2,700
4769,2025-04-21,290,E05,Power Bank 10000mAh,Electronics,1,2800
4769,2025-04-21,290,P01,Digital Camera,Photography,1,45000
4769,2025-04-21,290,P03,Camera Bag,Photography,1,3800
4770,2025-01-23,46,H01,Coffee Maker,Home & Kitchen,1,5500
4770,2025-01-23,46,H02,Coffee Pods (Pack of 20),Home & Kitchen,1,1200
4771,2025-02-28,1118,P01,Digital Camera,Photography,1,45000
4771,2025-02-28,1118,P02,Memory Card 128GB,Photography,1,2200
4771,2025-02-28,1118,P03,Camera Bag,Photography,1,3800
4772,2025-04-27,773,H01,Coffee Maker,Home & Kitchen,1,5500
4772,2025-04-27,773,H02,Coffee Pods (Pack of 20),Home & Kitchen,1,1200
4773,2025-01-23,243,H03,Electric Kettle,Home & Kitchen,2,3200
4773,2025-01-23,243,H02,Coffee Pods (Pack of 20),Home & Kitchen,1,1200
4773,2025-01-23,243,O06,Notebook & Pen Set,Office,1,600
4774,2025-03-09,280,H05,Travel Mug,Home & Kitchen,2,900
4775,2025-06-02,544,F04,Fitness Tracker,Fitness,2,4500
4775,2025-06-02,544,F03,Sports Water Bottle,Fitness,1,700
4776,2025-05-28,40,H04,Blender,Home & Kitchen,1,4800
4776,2025-05-28,40,H07,Milk Frother,Home & Kitchen,1,1100
4776,2025-05-28,40,F01,Running Shoes,Fitness,1,7500
4777,2025-05-15,209,O04,Mechanical Keyboard,Office,1,5200
4777,2025-05-15,209,E07,Smartwatch,Electronics,1,6500
4777,2025-05-15,209,E09,USB-C Cable,Electronics,1,450
4778,2025-01-28,142,E10,Laptop Sleeve,Electronics,1,1800
4779,2025-03-07,1785,F07,Gym Bag,Fitness,1,2600
4779,2025-03-07,1785,F05,Yoga Mat,Fitness,1,2200
4779,2025-03-07,1785,F06,Resistance Bands Set,Fitness,1,1500
4780,2025-03-13,33,O06,Notebook & Pen Set,Office,1,600
4781,2025-04-04,1287,E01,Phone Case,Electronics,1,800
4781,2025-04-04,1287,E02,Screen Protector,Electronics,1,350
4782,2025-04-23,1226,F01,Running Shoes,Fitness,1,7500
4782,2025-04-23,1226,F02,Running Socks (3-Pack),Fitness,1,950
4782,2025-04-23,1226,F03,Sports Water Bottle,Fitness,1,700
4783,2025-06-19,1468,E07,Smartwatch,Electronics,1,6500
4784,2025-04-12,233,F04,Fitness Tracker,Fitness,2,4500
4784,2025-04-12,233,E05,Power Bank 10000mAh,Electronics,1,2800
4784,2025-04-12,233,F02,Running Socks (3-Pack),Fitness,1,950
4785,2025-01-30,80,F01,Running Shoes,Fitness,1,7500
4785,2025-01-30,80,F02,Running Socks (3-Pack),Fitness,1,950
4786,2025-01-25,1317,E07,Smartwatch,Electronics,1,6500
4786,2025-01-25,1317,E08,Smartwatch Replacement Band,Electronics,1,900
4787,2025-05-28,410,E01,Phone Case,Electronics,1,800
4787,2025-05-28,410,P02,Memory Card 128GB,Photography,1,2200
4787,2025-05-28,410,E10,Laptop Sleeve,Electronics,1,1800
4788,2025-03-18,1685,F01,Running Shoes,Fitness,1,7500
4788,2025-03-18,1685,F02,Running Socks (3-Pack),Fitness,1,950
4788,2025-03-18,1685,P05,Extra Camera Battery,Photography,1,2600
4789,2025-05-13,888,O02,Wireless Mouse,Office,1,1400
4790,2025-05-24,279,H01,Coffee Maker,Home & Kitchen,1,5500
4790,2025-05-24,279,H02,Coffee Pods (Pack of 20),Home & Kitchen,2,1200
4791,2025-01-20,554,E06,Bluetooth Speaker,Electronics,1,4200
4792,2025-02-22,1216,H03,Electric Kettle,Home & Kitchen,1,3200
4792,2025-02-22,1216,H06,Tea Infuser,Home & Kitchen,1,450
4793,2025-04-28,1064,H05,Travel Mug,Home & Kitchen,1,900
4793,2025-04-28,1064,O06,Notebook & Pen Set,Office,1,600
4794,2025-03-22,1273,P01,Digital Camera,Photography,1,45000
4794,2025-03-22,1273,P02,Memory Card 128GB,Photography,1,2200
4794,2025-03-22,1273,P03,Camera Bag,Photography,2,3800
4795,2025-01-11,743,E01,Phone Case,Electronics,1,800
4795,2025-01-11,743,E02,Screen Protector,Electronics,1,350
4796,2025-05-31,1131,O06,Notebook & Pen Set,Office,1,600
4797,2025-04-29,548,E05,Power Bank 10000mAh,Electronics,1,2800
4798,2025-04-08,1130,P01,Digital Camera,Photography,1,45000
4798,2025-04-08,1130,F05,Yoga Mat,Fitness,1,2200
4798,2025-04-08,1130,F02,Running Socks (3-Pack),Fitness,1,950
4798,2025-04-08,1130,F06,Resistance Bands Set,Fitness,1,1500
4799,2025-01-03,164,O01,Laptop Bag,Office,1,3200
4799,2025-01-03,164,O02,Wireless Mouse,Office,1,1400
4799,2025-01-03,164,O03,Laptop Stand,Office,1,2100
4800,2025-03-11,1167,H07,Milk Frother,Home & Kitchen,1,1100
4800,2025-03-11,1167,O03,Laptop Stand,Office,1,2100
4801,2025-06-03,1624,H02,Coffee Pods (Pack of 20),Home & Kitchen,1,1200
4802,2025-01-09,337,F07,Gym Bag,Fitness,1,2600
4802,2025-01-09,337,F05,Yoga Mat,Fitness,1,2200
4802,2025-01-09,337,F06,Resistance Bands Set,Fitness,1,1500
4803,2025-01-10,852,O01,Laptop Bag,Office,1,3200
4803,2025-01-10,852,F05,Yoga Mat,Fitness,1,2200
4803,2025-01-10,852,H06,Tea Infuser,Home & Kitchen,1,450
4804,2025-03-23,549,P04,Tripod,Photography,1,3200
4805,2025-03-02,1510,F04,Fitness Tracker,Fitness,1,4500
4805,2025-03-02,1510,F03,Sports Water Bottle,Fitness,1,700
4806,2025-01-14,696,F04,Fitness Tracker,Fitness,1,4500
4806,2025-01-14,696,H03,Electric Kettle,Home & Kitchen,1,3200
4806,2025-01-14,696,O02,Wireless Mouse,Office,2,1400
4806,2025-01-14,696,P03,Camera Bag,Photography,1,3800
4807,2025-01-29,460,E07,Smartwatch,Electronics,1,6500
4807,2025-01-29,460,E08,Smartwatch Replacement Band,Electronics,1,900
4807,2025-01-29,460,P03,Camera Bag,Photography,1,3800
4808,2025-01-21,97,H01,Coffee Maker,Home & Kitchen,2,5500
4808,2025-01-21,97,H02,Coffee Pods (Pack of 20),Home & Kitchen,2,1200
4809,2025-01-20,41,F01,Running Shoes,Fitness,1,7500
4809,2025-01-20,41,F02,Running Socks (3-Pack),Fitness,2,950
4810,2025-03-10,185,F07,Gym Bag,Fitness,1,2600
4810,2025-03-10,185,F05,Yoga Mat,Fitness,1,2200
4811,2025-05-22,5,O01,Laptop Bag,Office,2,3200
4811,2025-05-22,5,O02,Wireless Mouse,Office,1,1400
4811,2025-05-22,5,O03,Laptop Stand,Office,1,2100
4812,2025-06-17,1664,H07,Milk Frother,Home & Kitchen,1,1100
4813,2025-05-21,1305,F07,Gym Bag,Fitness,1,2600
4813,2025-05-21,1305,F05,Yoga Mat,Fitness,1,2200
4813,2025-05-21,1305,F06,Resistance Bands Set,Fitness,1,1500
4814,2025-04-13,1032,P01,Digital Camera,Photography,1,45000
4814,2025-04-13,1032,P02,Memory Card 128GB,Photography,1,2200
4814,2025-04-13,1032,P03,Camera Bag,Photography,1,3800
4814,2025-04-13,1032,P04,Tripod,Photography,1,3200
4815,2025-05-08,1337,F01,Running Shoes,Fitness,1,7500
4815,2025-05-08,1337,F02,Running Socks (3-Pack),Fitness,1,950
4816,2025-02-12,1159,F07,Gym Bag,Fitness,2,2600
4816,2025-02-12,1159,O05,Desk Lamp,Office,1,1800
4816,2025-02-12,1159,F02,Running Socks (3-Pack),Fitness,1,950
4816,2025-02-12,1159,H04,Blender,Home & Kitchen,1,4800
4817,2025-01-15,1040,H03,Electric Kettle,Home & Kitchen,1,3200
4817,2025-01-15,1040,H06,Tea Infuser,Home & Kitchen,1,450
4817,2025-01-15,1040,H07,Milk Frother,Home & Kitchen,1,1100
4818,2025-02-17,1777,F02,Running Socks (3-Pack),Fitness,1,950
4818,2025-02-17,1777,H03,Electric Kettle,Home & Kitchen,1,3200
4819,2025-04-26,464,F06,Resistance Bands Set,Fitness,1,1500
4819,2025-04-26,464,P01,Digital Camera,Photography,1,45000
4820,2025-01-11,421,F07,Gym Bag,Fitness,2,2600
4820,2025-01-11,421,F05,Yoga Mat,Fitness,1,2200
4821,2025-06-01,798,E07,Smartwatch,Electronics,1,6500
4821,2025-06-01,798,E08,Smartwatch Replacement Band,Electronics,1,900
4822,2025-04-22,104,O03,Laptop Stand,Office,1,2100
4823,2025-06-03,820,F07,Gym Bag,Fitness,1,2600
4823,2025-06-03,820,F05,Yoga Mat,Fitness,1,2200
4823,2025-06-03,820,O04,Mechanical Keyboard,Office,1,5200
4824,2025-02-17,237,O05,Desk Lamp,Office,1,1800
4824,2025-02-17,237,O04,Mechanical Keyboard,Office,1,5200
4825,2025-06-19,1081,H03,Electric Kettle,Home & Kitchen,1,3200
4825,2025-06-19,1081,E05,Power Bank 10000mAh,Electronics,1,2800
4825,2025-06-19,1081,H01,Coffee Maker,Home & Kitchen,1,5500
4826,2025-05-22,1305,O01,Laptop Bag,Office,1,3200
4826,2025-05-22,1305,O02,Wireless Mouse,Office,1,1400
4826,2025-05-22,1305,O03,Laptop Stand,Office,1,2100
4827,2025-06-12,1162,E05,Power Bank 10000mAh,Electronics,1,2800
4828,2025-02-21,1362,O01,Laptop Bag,Office,1,3200
4828,2025-02-21,1362,O02,Wireless Mouse,Office,1,1400
4828,2025-02-21,1362,O03,Laptop Stand,Office,1,2100
4829,2025-01-25,413,F07,Gym Bag,Fitness,1,2600
4829,2025-01-25,413,F05,Yoga Mat,Fitness,1,2200
4830,2025-05-16,151,F04,Fitness Tracker,Fitness,1,4500
4830,2025-05-16,151,P05,Extra Camera Battery,Photography,1,2600
4830,2025-05-16,151,E06,Bluetooth Speaker,Electronics,1,4200
4831,2025-03-23,781,H01,Coffee Maker,Home & Kitchen,1,5500
4831,2025-03-23,781,H07,Milk Frother,Home & Kitchen,1,1100
4832,2025-02-21,1149,F01,Running Shoes,Fitness,1,7500
4832,2025-02-21,1149,F02,Running Socks (3-Pack),Fitness,1,950
4832,2025-02-21,1149,F03,Sports Water Bottle,Fitness,1,700
4833,2025-05-04,186,H03,Electric Kettle,Home & Kitchen,1,3200
4833,2025-05-04,186,H06,Tea Infuser,Home & Kitchen,1,450
4833,2025-05-04,186,H07,Milk Frother,Home & Kitchen,1,1100
4834,2025-04-06,174,O03,Laptop Stand,Office,1,2100
4834,2025-04-06,174,E10,Laptop Sleeve,Electronics,1,1800
4835,2025-06-15,841,F07,Gym Bag,Fitness,2,2600
4836,2025-05-05,1292,P01,Digital Camera,Photography,1,45000
4836,2025-05-05,1292,P02,Memory Card 128GB,Photography,1,2200
4836,2025-05-05,1292,P03,Camera Bag,Photography,1,3800
4836,2025-05-05,1292,H03,Electric Kettle,Home & Kitchen,2,3200
4837,2025-05-05,772,O01,Laptop Bag,Office,1,3200
4837,2025-05-05,772,O02,Wireless Mouse,Office,1,1400
4837,2025-05-05,772,O03,Laptop Stand,Office,1,2100
4838,2025-01-22,274,O06,Notebook & Pen Set,Office,1,600
4838,2025-01-22,274,P02,Memory Card 128GB,Photography,1,2200
4838,2025-01-22,274,P05,Extra Camera Battery,Photography,1,2600
4838,2025-01-22,274,H03,Electric Kettle,Home & Kitchen,2,3200
4839,2025-05-19,654,O03,Laptop Stand,Office,1,2100
4840,2025-06-03,12,P01,Digital Camera,Photography,1,45000
4840,2025-06-03,12,P02,Memory Card 128GB,Photography,1,2200
4840,2025-06-03,12,P03,Camera Bag,Photography,2,3800
4840,2025-06-03,12,P04,Tripod,Photography,1,3200
4841,2025-05-09,591,H01,Coffee Maker,Home & Kitchen,1,5500
4841,2025-05-09,591,H02,Coffee Pods (Pack of 20),Home & Kitchen,1,1200
4841,2025-05-09,591,H05,Travel Mug,Home & Kitchen,2,900
4842,2025-02-10,1198,E07,Smartwatch,Electronics,1,6500
4842,2025-02-10,1198,O03,Laptop Stand,Office,1,2100
4842,2025-02-10,1198,E06,Bluetooth Speaker,Electronics,1,4200
4843,2025-02-21,339,P01,Digital Camera,Photography,1,45000
4844,2025-06-21,86,P01,Digital Camera,Photography,1,45000
4845,2025-06-12,1091,F06,Resistance Bands Set,Fitness,1,1500
4845,2025-06-12,1091,H04,Blender,Home & Kitchen,1,4800
4846,2025-05-10,1461,E08,Smartwatch Replacement Band,Electronics,1,900
4846,2025-05-10,1461,F07,Gym Bag,Fitness,2,2600
4846,2025-05-10,1461,F06,Resistance Bands Set,Fitness,1,1500
4847,2025-02-03,861,E06,Bluetooth Speaker,Electronics,1,4200
4848,2025-03-29,83,O05,Desk Lamp,Office,1,1800
4848,2025-03-29,83,O02,Wireless Mouse,Office,1,1400
4849,2025-04-05,642,E03,Wireless Earphones,Electronics,1,3500
4850,2025-02-05,1665,H02,Coffee Pods (Pack of 20),Home & Kitchen,1,1200
4851,2025-06-05,268,F05,Yoga Mat,Fitness,1,2200
4852,2025-05-19,711,H03,Electric Kettle,Home & Kitchen,2,3200
4852,2025-05-19,711,H06,Tea Infuser,Home & Kitchen,1,450
4853,2025-06-10,247,P01,Digital Camera,Photography,1,45000
4853,2025-06-10,247,P02,Memory Card 128GB,Photography,1,2200
4853,2025-06-10,247,P03,Camera Bag,Photography,1,3800
4853,2025-06-10,247,P04,Tripod,Photography,1,3200
4854,2025-06-24,100,O05,Desk Lamp,Office,1,1800
4855,2025-05-12,842,P05,Extra Camera Battery,Photography,1,2600
4855,2025-05-12,842,F02,Running Socks (3-Pack),Fitness,1,950
4855,2025-05-12,842,H06,Tea Infuser,Home & Kitchen,1,450
4856,2025-04-21,962,E09,USB-C Cable,Electronics,1,450
4856,2025-04-21,962,O05,Desk Lamp,Office,1,1800
4856,2025-04-21,962,H02,Coffee Pods (Pack of 20),Home & Kitchen,2,1200
4856,2025-04-21,962,F07,Gym Bag,Fitness,1,2600
4857,2025-03-30,1388,P02,Memory Card 128GB,Photography,2,2200
4858,2025-06-22,1633,F01,Running Shoes,Fitness,1,7500
4858,2025-06-22,1633,F02,Running Socks (3-Pack),Fitness,2,950
4859,2025-06-21,1541,E03,Wireless Earphones,Electronics,1,3500
4860,2025-04-13,326,E06,Bluetooth Speaker,Electronics,1,4200
4861,2025-04-24,594,H07,Milk Frother,Home & Kitchen,1,1100
4861,2025-04-24,594,O01,Laptop Bag,Office,1,3200
4861,2025-04-24,594,F02,Running Socks (3-Pack),Fitness,1,950
4861,2025-04-24,594,F03,Sports Water Bottle,Fitness,1,700
4862,2025-06-24,791,E01,Phone Case,Electronics,1,800
4862,2025-06-24,791,E02,Screen Protector,Electronics,1,350
4863,2025-01-22,78,E04,Fast Phone Charger,Electronics,2,1200
4863,2025-01-22,78,E05,Power Bank 10000mAh,Electronics,1,2800
4864,2025-01-22,1699,E04,Fast Phone Charger,Electronics,1,1200
4864,2025-01-22,1699,E05,Power Bank 10000mAh,Electronics,1,2800
4865,2025-05-25,474,H05,Travel Mug,Home & Kitchen,1,900
4865,2025-05-25,474,E02,Screen Protector,Electronics,1,350
4865,2025-05-25,474,H02,Coffee Pods (Pack of 20),Home & Kitchen,1,1200
4865,2025-05-25,474,O06,Notebook & Pen Set,Office,2,600
4866,2025-05-29,947,H01,Coffee Maker,Home & Kitchen,1,5500
4866,2025-05-29,947,E06,Bluetooth Speaker,Electronics,1,4200
4866,2025-05-29,947,P04,Tripod,Photography,1,3200
4867,2025-04-27,87,E05,Power Bank 10000mAh,Electronics,1,2800
4867,2025-04-27,87,H03,Electric Kettle,Home & Kitchen,1,3200
4867,2025-04-27,87,P01,Digital Camera,Photography,1,45000
4868,2025-03-23,44,O01,Laptop Bag,Office,1,3200
4868,2025-03-23,44,O02,Wireless Mouse,Office,1,1400
4868,2025-03-23,44,O03,Laptop Stand,Office,1,2100
4868,2025-03-23,44,E04,Fast Phone Charger,Electronics,1,1200
4869,2025-01-14,850,H03,Electric Kettle,Home & Kitchen,1,3200
4869,2025-01-14,850,H06,Tea Infuser,Home & Kitchen,1,450
4870,2025-05-27,539,O01,Laptop Bag,Office,1,3200
4870,2025-05-27,539,O02,Wireless Mouse,Office,1,1400
4870,2025-05-27,539,O03,Laptop Stand,Office,1,2100
4871,2025-06-08,218,H02,Coffee Pods (Pack of 20),Home & Kitchen,1,1200
4872,2025-05-05,1445,P01,Digital Camera,Photography,1,45000
4872,2025-05-05,1445,P02,Memory Card 128GB,Photography,1,2200
4872,2025-05-05,1445,P03,Camera Bag,Photography,2,3800
4872,2025-05-05,1445,P04,Tripod,Photography,1,3200
4873,2025-03-22,1216,E07,Smartwatch,Electronics,1,6500
4873,2025-03-22,1216,E08,Smartwatch Replacement Band,Electronics,1,900
4874,2025-03-12,1482,O06,Notebook & Pen Set,Office,1,600
4875,2025-05-18,508,E04,Fast Phone Charger,Electronics,1,1200
4875,2025-05-18,508,E05,Power Bank 10000mAh,Electronics,1,2800
4875,2025-05-18,508,E09,USB-C Cable,Electronics,1,450
4876,2025-02-19,410,O06,Notebook & Pen Set,Office,2,600
4877,2025-06-28,1068,P01,Digital Camera,Photography,1,45000
4877,2025-06-28,1068,P02,Memory Card 128GB,Photography,1,2200
4877,2025-06-28,1068,P03,Camera Bag,Photography,1,3800
4878,2025-04-29,88,F01,Running Shoes,Fitness,1,7500
4878,2025-04-29,88,F02,Running Socks (3-Pack),Fitness,1,950
4879,2025-04-07,1770,E01,Phone Case,Electronics,1,800
4879,2025-04-07,1770,E02,Screen Protector,Electronics,1,350
4880,2025-06-29,837,P04,Tripod,Photography,2,3200
4881,2025-03-31,851,E06,Bluetooth Speaker,Electronics,1,4200
4882,2025-02-03,167,P05,Extra Camera Battery,Photography,1,2600
4883,2025-01-30,394,F07,Gym Bag,Fitness,1,2600
4883,2025-01-30,394,F05,Yoga Mat,Fitness,1,2200
4883,2025-01-30,394,F06,Resistance Bands Set,Fitness,2,1500
4884,2025-01-23,1459,P02,Memory Card 128GB,Photography,1,2200
4885,2025-05-25,1549,E03,Wireless Earphones,Electronics,1,3500
4886,2025-04-24,85,P04,Tripod,Photography,1,3200
4886,2025-04-24,85,E05,Power Bank 10000mAh,Electronics,1,2800
4886,2025-04-24,85,O04,Mechanical Keyboard,Office,1,5200
4887,2025-02-21,895,F02,Running Socks (3-Pack),Fitness,2,950
4888,2025-01-07,1654,E04,Fast Phone Charger,Electronics,1,1200
4888,2025-01-07,1654,E05,Power Bank 10000mAh,Electronics,2,2800
4888,2025-01-07,1654,E09,USB-C Cable,Electronics,1,450
4889,2025-02-08,619,E06,Bluetooth Speaker,Electronics,1,4200
4889,2025-02-08,619,E08,Smartwatch Replacement Band,Electronics,1,900
4890,2025-03-20,1740,O01,Laptop Bag,Office,1,3200
4890,2025-03-20,1740,O02,Wireless Mouse,Office,1,1400
4890,2025-03-20,1740,O03,Laptop Stand,Office,1,2100
4891,2025-06-30,77,H02,Coffee Pods (Pack of 20),Home & Kitchen,1,1200
4892,2025-01-22,133,F02,Running Socks (3-Pack),Fitness,1,950
4893,2025-04-27,9,E04,Fast Phone Charger,Electronics,1,1200
4894,2025-01-27,621,E05,Power Bank 10000mAh,Electronics,1,2800
4894,2025-01-27,621,E08,Smartwatch Replacement Band,Electronics,1,900
4895,2025-05-10,1760,F02,Running Socks (3-Pack),Fitness,1,950
4896,2025-02-08,1445,P01,Digital Camera,Photography,1,45000
4896,2025-02-08,1445,F01,Running Shoes,Fitness,1,7500
4896,2025-02-08,1445,E05,Power Bank 10000mAh,Electronics,1,2800
4896,2025-02-08,1445,E10,Laptop Sleeve,Electronics,1,1800
4897,2025-02-13,599,E04,Fast Phone Charger,Electronics,1,1200
4897,2025-02-13,599,F06,Resistance Bands Set,Fitness,1,1500
4898,2025-02-22,1248,O01,Laptop Bag,Office,2,3200
4898,2025-02-22,1248,O02,Wireless Mouse,Office,1,1400
4898,2025-02-22,1248,O03,Laptop Stand,Office,1,2100
4898,2025-02-22,1248,O04,Mechanical Keyboard,Office,1,5200
4898,2025-02-22,1248,F01,Running Shoes,Fitness,1,7500
4899,2025-01-17,436,E04,Fast Phone Charger,Electronics,1,1200
4899,2025-01-17,436,E05,Power Bank 10000mAh,Electronics,1,2800
4899,2025-01-17,436,E09,USB-C Cable,Electronics,1,450
4900,2025-05-10,255,H01,Coffee Maker,Home & Kitchen,1,5500
4900,2025-05-10,255,H02,Coffee Pods (Pack of 20),Home & Kitchen,1,1200
4901,2025-01-26,900,F01,Running Shoes,Fitness,1,7500
4901,2025-01-26,900,F02,Running Socks (3-Pack),Fitness,1,950
4901,2025-01-26,900,F03,Sports Water Bottle,Fitness,1,700
4902,2025-05-14,1423,O01,Laptop Bag,Office,2,3200
4902,2025-05-14,1423,O02,Wireless Mouse,Office,2,1400
4902,2025-05-14,1423,O03,Laptop Stand,Office,1,2100
4903,2025-03-10,1620,E05,Power Bank 10000mAh,Electronics,1,2800
4904,2025-04-22,601,E10,Laptop Sleeve,Electronics,1,1800
4905,2025-06-24,1158,F07,Gym Bag,Fitness,1,2600
4905,2025-06-24,1158,F05,Yoga Mat,Fitness,1,2200
4906,2025-02-05,502,F06,Resistance Bands Set,Fitness,1,1500
4906,2025-02-05,502,F02,Running Socks (3-Pack),Fitness,1,950
4907,2025-02-16,1019,O03,Laptop Stand,Office,2,2100
4907,2025-02-16,1019,O06,Notebook & Pen Set,Office,1,600
4907,2025-02-16,1019,E04,Fast Phone Charger,Electronics,1,1200
4907,2025-02-16,1019,E09,USB-C Cable,Electronics,1,450
4908,2025-06-19,79,E02,Screen Protector,Electronics,1,350
4908,2025-06-19,79,E06,Bluetooth Speaker,Electronics,1,4200
4908,2025-06-19,79,E07,Smartwatch,Electronics,1,6500
4909,2025-05-06,810,F04,Fitness Tracker,Fitness,1,4500
4909,2025-05-06,810,F03,Sports Water Bottle,Fitness,1,700
4910,2025-01-20,1751,F04,Fitness Tracker,Fitness,1,4500
4910,2025-01-20,1751,F03,Sports Water Bottle,Fitness,1,700
4911,2025-06-13,606,E04,Fast Phone Charger,Electronics,1,1200
4911,2025-06-13,606,E05,Power Bank 10000mAh,Electronics,1,2800
4912,2025-02-13,724,O01,Laptop Bag,Office,1,3200
4912,2025-02-13,724,O02,Wireless Mouse,Office,1,1400
4912,2025-02-13,724,O03,Laptop Stand,Office,1,2100
4913,2025-01-08,172,E08,Smartwatch Replacement Band,Electronics,1,900
4913,2025-01-08,172,P04,Tripod,Photography,1,3200
4914,2025-06-23,152,H01,Coffee Maker,Home & Kitchen,1,5500
4914,2025-06-23,152,H02,Coffee Pods (Pack of 20),Home & Kitchen,1,1200
4914,2025-06-23,152,E01,Phone Case,Electronics,1,800
4915,2025-05-05,1051,F04,Fitness Tracker,Fitness,1,4500
4915,2025-05-05,1051,F03,Sports Water Bottle,Fitness,1,700
4916,2025-03-15,1638,H03,Electric Kettle,Home & Kitchen,2,3200
4916,2025-03-15,1638,H06,Tea Infuser,Home & Kitchen,1,450
4917,2025-04-15,987,H06,Tea Infuser,Home & Kitchen,1,450
4917,2025-04-15,987,E05,Power Bank 10000mAh,Electronics,1,2800
4918,2025-06-30,1675,F01,Running Shoes,Fitness,1,7500
4918,2025-06-30,1675,F02,Running Socks (3-Pack),Fitness,1,950
4918,2025-06-30,1675,F03,Sports Water Bottle,Fitness,1,700
4919,2025-05-14,1653,F07,Gym Bag,Fitness,1,2600
4919,2025-05-14,1653,F01,Running Shoes,Fitness,1,7500
4920,2025-04-14,1784,F05,Yoga Mat,Fitness,1,2200
4920,2025-04-14,1784,F01,Running Shoes,Fitness,2,7500
4920,2025-04-14,1784,E05,Power Bank 10000mAh,Electronics,2,2800
4921,2025-06-12,192,O03,Laptop Stand,Office,1,2100
4921,2025-06-12,192,E03,Wireless Earphones,Electronics,1,3500
4922,2025-06-09,916,H03,Electric Kettle,Home & Kitchen,1,3200
4922,2025-06-09,916,E05,Power Bank 10000mAh,Electronics,1,2800
4923,2025-03-08,1069,E07,Smartwatch,Electronics,1,6500
4924,2025-03-06,44,H03,Electric Kettle,Home & Kitchen,1,3200
4924,2025-03-06,44,H06,Tea Infuser,Home & Kitchen,1,450
4925,2025-05-09,852,E03,Wireless Earphones,Electronics,1,3500
4926,2025-06-06,113,F05,Yoga Mat,Fitness,1,2200
4927,2025-03-05,565,E01,Phone Case,Electronics,1,800
4927,2025-03-05,565,E02,Screen Protector,Electronics,1,350
4928,2025-03-17,452,E02,Screen Protector,Electronics,1,350
4929,2025-01-25,1063,E09,USB-C Cable,Electronics,1,450
4929,2025-01-25,1063,E06,Bluetooth Speaker,Electronics,1,4200
4930,2025-03-04,674,E01,Phone Case,Electronics,1,800
4930,2025-03-04,674,E02,Screen Protector,Electronics,1,350
4930,2025-03-04,674,E04,Fast Phone Charger,Electronics,2,1200
4931,2025-02-12,1192,H03,Electric Kettle,Home & Kitchen,1,3200
4932,2025-01-26,222,F05,Yoga Mat,Fitness,1,2200
4932,2025-01-26,222,E02,Screen Protector,Electronics,2,350
4933,2025-01-06,1058,H06,Tea Infuser,Home & Kitchen,1,450
4934,2025-02-19,1289,E08,Smartwatch Replacement Band,Electronics,1,900
4935,2025-03-06,1724,E04,Fast Phone Charger,Electronics,2,1200
4935,2025-03-06,1724,E03,Wireless Earphones,Electronics,1,3500
4935,2025-03-06,1724,F02,Running Socks (3-Pack),Fitness,1,950
4936,2025-03-08,747,E01,Phone Case,Electronics,1,800
4936,2025-03-08,747,E02,Screen Protector,Electronics,1,350
4937,2025-05-29,443,E04,Fast Phone Charger,Electronics,1,1200
4937,2025-05-29,443,E05,Power Bank 10000mAh,Electronics,2,2800
4937,2025-05-29,443,E09,USB-C Cable,Electronics,1,450
4938,2025-01-13,1193,E04,Fast Phone Charger,Electronics,1,1200
4939,2025-04-19,172,E06,Bluetooth Speaker,Electronics,1,4200
4939,2025-04-19,172,E10,Laptop Sleeve,Electronics,1,1800
4939,2025-04-19,172,F01,Running Shoes,Fitness,2,7500
4940,2025-04-21,699,E07,Smartwatch,Electronics,1,6500
4940,2025-04-21,699,E08,Smartwatch Replacement Band,Electronics,1,900
4941,2025-02-21,747,E09,USB-C Cable,Electronics,1,450
4942,2025-04-29,826,E05,Power Bank 10000mAh,Electronics,1,2800
4942,2025-04-29,826,E08,Smartwatch Replacement Band,Electronics,1,900
4943,2025-04-12,786,H06,Tea Infuser,Home & Kitchen,1,450
4943,2025-04-12,786,O06,Notebook & Pen Set,Office,1,600
4943,2025-04-12,786,P04,Tripod,Photography,1,3200
4943,2025-04-12,786,H02,Coffee Pods (Pack of 20),Home & Kitchen,1,1200
4944,2025-04-23,674,F04,Fitness Tracker,Fitness,1,4500
4944,2025-04-23,674,F03,Sports Water Bottle,Fitness,1,700
4945,2025-05-19,851,E06,Bluetooth Speaker,Electronics,1,4200
4945,2025-05-19,851,H02,Coffee Pods (Pack of 20),Home & Kitchen,1,1200
4945,2025-05-19,851,F07,Gym Bag,Fitness,1,2600
4945,2025-05-19,851,P03,Camera Bag,Photography,1,3800
4946,2025-05-19,1088,E06,Bluetooth Speaker,Electronics,1,4200
4946,2025-05-19,1088,O03,Laptop Stand,Office,1,2100
4946,2025-05-19,1088,F01,Running Shoes,Fitness,1,7500
4947,2025-03-07,1085,E09,USB-C Cable,Electronics,1,450
4947,2025-03-07,1085,H07,Milk Frother,Home & Kitchen,1,1100
4947,2025-03-07,1085,F02,Running Socks (3-Pack),Fitness,1,950
4947,2025-03-07,1085,F07,Gym Bag,Fitness,1,2600
4948,2025-04-12,800,E01,Phone Case,Electronics,1,800
4949,2025-05-17,1761,E04,Fast Phone Charger,Electronics,1,1200
4949,2025-05-17,1761,E05,Power Bank 10000mAh,Electronics,1,2800
4949,2025-05-17,1761,E09,USB-C Cable,Electronics,1,450
4950,2025-01-21,1132,H06,Tea Infuser,Home & Kitchen,1,450
4950,2025-01-21,1132,O01,Laptop Bag,Office,1,3200
4950,2025-01-21,1132,E06,Bluetooth Speaker,Electronics,1,4200
4950,2025-01-21,1132,H03,Electric Kettle,Home & Kitchen,2,3200
4951,2025-05-30,805,E04,Fast Phone Charger,Electronics,1,1200
4951,2025-05-30,805,E05,Power Bank 10000mAh,Electronics,1,2800
4951,2025-05-30,805,F04,Fitness Tracker,Fitness,1,4500
4952,2025-05-04,1246,E04,Fast Phone Charger,Electronics,1,1200
4952,2025-05-04,1246,E05,Power Bank 10000mAh,Electronics,1,2800
4953,2025-01-23,156,F07,Gym Bag,Fitness,1,2600
4954,2025-01-29,1030,F04,Fitness Tracker,Fitness,1,4500
4954,2025-01-29,1030,F03,Sports Water Bottle,Fitness,1,700
4954,2025-01-29,1030,H05,Travel Mug,Home & Kitchen,1,900
4955,2025-02-22,1789,P03,Camera Bag,Photography,1,3800
4956,2025-03-03,276,E06,Bluetooth Speaker,Electronics,1,4200
4956,2025-03-03,276,O04,Mechanical Keyboard,Office,1,5200
4956,2025-03-03,276,F01,Running Shoes,Fitness,1,7500
4956,2025-03-03,276,P04,Tripod,Photography,1,3200
4957,2025-01-13,801,E07,Smartwatch,Electronics,1,6500
4957,2025-01-13,801,E08,Smartwatch Replacement Band,Electronics,1,900
4958,2025-04-28,404,O04,Mechanical Keyboard,Office,1,5200
4959,2025-01-23,749,O03,Laptop Stand,Office,1,2100
4959,2025-01-23,749,E02,Screen Protector,Electronics,1,350
4960,2025-01-27,1449,H06,Tea Infuser,Home & Kitchen,2,450
4960,2025-01-27,1449,H02,Coffee Pods (Pack of 20),Home & Kitchen,1,1200
4961,2025-01-29,252,E04,Fast Phone Charger,Electronics,1,1200
4962,2025-03-26,916,E07,Smartwatch,Electronics,1,6500
4962,2025-03-26,916,E08,Smartwatch Replacement Band,Electronics,1,900
4963,2025-02-25,1533,F01,Running Shoes,Fitness,1,7500
4963,2025-02-25,1533,F02,Running Socks (3-Pack),Fitness,1,950
4964,2025-03-02,995,H04,Blender,Home & Kitchen,1,4800
4964,2025-03-02,995,E10,Laptop Sleeve,Electronics,2,1800
4964,2025-03-02,995,H01,Coffee Maker,Home & Kitchen,1,5500
4964,2025-03-02,995,F04,Fitness Tracker,Fitness,1,4500
4965,2025-04-12,1000,F04,Fitness Tracker,Fitness,1,4500
4965,2025-04-12,1000,F03,Sports Water Bottle,Fitness,1,700
4966,2025-04-23,1078,E04,Fast Phone Charger,Electronics,1,1200
4966,2025-04-23,1078,E05,Power Bank 10000mAh,Electronics,1,2800
4966,2025-04-23,1078,E09,USB-C Cable,Electronics,1,450
4967,2025-05-13,666,F04,Fitness Tracker,Fitness,1,4500
4967,2025-05-13,666,F03,Sports Water Bottle,Fitness,1,700
4968,2025-01-16,584,F04,Fitness Tracker,Fitness,1,4500
4968,2025-01-16,584,F03,Sports Water Bottle,Fitness,1,700
4969,2025-02-12,375,P01,Digital Camera,Photography,1,45000
4969,2025-02-12,375,P02,Memory Card 128GB,Photography,1,2200
4969,2025-02-12,375,P03,Camera Bag,Photography,1,3800
4969,2025-02-12,375,H04,Blender,Home & Kitchen,1,4800
4970,2025-01-12,1071,E04,Fast Phone Charger,Electronics,1,1200
4970,2025-01-12,1071,E05,Power Bank 10000mAh,Electronics,2,2800
4970,2025-01-12,1071,E09,USB-C Cable,Electronics,1,450
4971,2025-04-06,1700,O06,Notebook & Pen Set,Office,1,600
4971,2025-04-06,1700,F02,Running Socks (3-Pack),Fitness,1,950
4972,2025-05-04,154,F07,Gym Bag,Fitness,1,2600
4972,2025-05-04,154,F05,Yoga Mat,Fitness,1,2200
4973,2025-03-24,922,H03,Electric Kettle,Home & Kitchen,1,3200
4973,2025-03-24,922,E03,Wireless Earphones,Electronics,1,3500
4973,2025-03-24,922,F07,Gym Bag,Fitness,1,2600
4973,2025-03-24,922,E07,Smartwatch,Electronics,1,6500
4974,2025-04-12,759,O01,Laptop Bag,Office,1,3200
4974,2025-04-12,759,O02,Wireless Mouse,Office,1,1400
4974,2025-04-12,759,O03,Laptop Stand,Office,1,2100
4975,2025-05-01,235,E08,Smartwatch Replacement Band,Electronics,1,900
4975,2025-05-01,235,P03,Camera Bag,Photography,1,3800
4976,2025-05-13,979,E04,Fast Phone Charger,Electronics,2,1200
4976,2025-05-13,979,E05,Power Bank 10000mAh,Electronics,1,2800
4976,2025-05-13,979,E09,USB-C Cable,Electronics,1,450
4976,2025-05-13,979,F06,Resistance Bands Set,Fitness,1,1500
4977,2025-02-25,521,H01,Coffee Maker,Home & Kitchen,1,5500
4977,2025-02-25,521,H02,Coffee Pods (Pack of 20),Home & Kitchen,1,1200
4977,2025-02-25,521,H05,Travel Mug,Home & Kitchen,1,900
4978,2025-05-19,721,O04,Mechanical Keyboard,Office,1,5200
4978,2025-05-19,721,H06,Tea Infuser,Home & Kitchen,1,450
4979,2025-03-24,388,E10,Laptop Sleeve,Electronics,1,1800
4979,2025-03-24,388,H04,Blender,Home & Kitchen,1,4800
4980,2025-05-04,1632,H03,Electric Kettle,Home & Kitchen,1,3200
4981,2025-01-07,1327,F04,Fitness Tracker,Fitness,1,4500
4981,2025-01-07,1327,F03,Sports Water Bottle,Fitness,1,700
4982,2025-04-23,840,P01,Digital Camera,Photography,1,45000
4982,2025-04-23,840,P02,Memory Card 128GB,Photography,1,2200
4982,2025-04-23,840,P03,Camera Bag,Photography,1,3800
4982,2025-04-23,840,F06,Resistance Bands Set,Fitness,1,1500
4983,2025-03-03,1161,O04,Mechanical Keyboard,Office,1,5200
4984,2025-01-13,1286,F06,Resistance Bands Set,Fitness,1,1500
4984,2025-01-13,1286,F04,Fitness Tracker,Fitness,1,4500
4984,2025-01-13,1286,F07,Gym Bag,Fitness,1,2600
4984,2025-01-13,1286,E05,Power Bank 10000mAh,Electronics,1,2800
4985,2025-01-20,1454,P01,Digital Camera,Photography,1,45000
4985,2025-01-20,1454,P02,Memory Card 128GB,Photography,1,2200
4985,2025-01-20,1454,P03,Camera Bag,Photography,1,3800
4986,2025-02-13,1137,H06,Tea Infuser,Home & Kitchen,1,450
4986,2025-02-13,1137,P01,Digital Camera,Photography,1,45000
4986,2025-02-13,1137,O03,Laptop Stand,Office,1,2100
4987,2025-03-20,1749,F06,Resistance Bands Set,Fitness,1,1500
4987,2025-03-20,1749,E08,Smartwatch Replacement Band,Electronics,1,900
4987,2025-03-20,1749,H02,Coffee Pods (Pack of 20),Home & Kitchen,1,1200
4987,2025-03-20,1749,O06,Notebook & Pen Set,Office,1,600
4988,2025-01-28,1633,P05,Extra Camera Battery,Photography,1,2600
4989,2025-05-23,167,H01,Coffee Maker,Home & Kitchen,1,5500
4989,2025-05-23,167,H02,Coffee Pods (Pack of 20),Home & Kitchen,1,1200
4990,2025-04-29,289,O04,Mechanical Keyboard,Office,1,5200
4990,2025-04-29,289,E04,Fast Phone Charger,Electronics,1,1200
4990,2025-04-29,289,E06,Bluetooth Speaker,Electronics,1,4200
4991,2025-02-28,496,H01,Coffee Maker,Home & Kitchen,1,5500
4991,2025-02-28,496,H02,Coffee Pods (Pack of 20),Home & Kitchen,1,1200
4991,2025-02-28,496,H05,Travel Mug,Home & Kitchen,1,900
4992,2025-02-14,1493,H01,Coffee Maker,Home & Kitchen,1,5500
4992,2025-02-14,1493,H02,Coffee Pods (Pack of 20),Home & Kitchen,1,1200
4993,2025-02-13,306,O01,Laptop Bag,Office,1,3200
4993,2025-02-13,306,O02,Wireless Mouse,Office,1,1400
4993,2025-02-13,306,O03,Laptop Stand,Office,1,2100
4994,2025-02-02,1117,F05,Yoga Mat,Fitness,1,2200
4994,2025-02-02,1117,E10,Laptop Sleeve,Electronics,1,1800
4994,2025-02-02,1117,H07,Milk Frother,Home & Kitchen,1,1100
4995,2025-04-17,1617,F04,Fitness Tracker,Fitness,2,4500
4996,2025-03-25,1635,O03,Laptop Stand,Office,1,2100
4996,2025-03-25,1635,H01,Coffee Maker,Home & Kitchen,1,5500
4996,2025-03-25,1635,P04,Tripod,Photography,1,3200
4996,2025-03-25,1635,O02,Wireless Mouse,Office,1,1400
4997,2025-02-21,120,O04,Mechanical Keyboard,Office,1,5200
4998,2025-03-14,1598,P02,Memory Card 128GB,Photography,1,2200
4998,2025-03-14,1598,E07,Smartwatch,Electronics,1,6500
4999,2025-04-14,992,E03,Wireless Earphones,Electronics,1,3500
5000,2025-03-26,1548,E07,Smartwatch,Electronics,1,6500
5000,2025-03-26,1548,E08,Smartwatch Replacement Band,Electronics,1,900
