basket_id,transaction_date,item_id,item_name,category,unit_price_kes
1,2025-04-01,G05,Coffee,Beverages,450
1,2025-04-01,G07,Sugar 1kg,Pantry,150
2,2025-01-04,G05,Coffee,Beverages,450
2,2025-01-04,G07,Sugar 1kg,Pantry,150
3,2025-02-03,G18,Rice 2kg,Pantry,250
3,2025-02-03,G19,Cooking Oil 1L,Pantry,300
3,2025-02-03,G20,Onions 1kg,Produce,80
4,2025-02-09,G01,White Bread,Bakery,60
4,2025-02-09,G02,Butter,Dairy,180
4,2025-02-09,G03,Milk 1L,Dairy,120
5,2025-04-12,G11,Potato Chips,Snacks,150
5,2025-04-12,G09,Tomato Sauce,Pantry,90
6,2025-04-28,G03,Milk 1L,Dairy,120
7,2025-05-07,G11,Potato Chips,Snacks,150
7,2025-05-07,G12,Salsa Dip,Snacks,200
8,2025-01-30,G16,Baby Wipes,Baby Care,350
9,2025-02-23,G03,Milk 1L,Dairy,120
9,2025-02-23,G13,Soda 2L,Beverages,150
9,2025-02-23,G15,Beer (6-Pack),Alcohol,800
9,2025-02-23,G09,Tomato Sauce,Pantry,90
10,2025-01-26,G16,Baby Wipes,Baby Care,350
10,2025-01-26,G14,Baby Diapers,Baby Care,1200
10,2025-01-26,G17,Baby Formula,Baby Care,1500
10,2025-01-26,G10,Parmesan Cheese,Dairy,400
11,2025-04-07,G09,Tomato Sauce,Pantry,90
11,2025-04-07,G12,Salsa Dip,Snacks,200
11,2025-04-07,G14,Baby Diapers,Baby Care,1200
11,2025-04-07,G01,White Bread,Bakery,60
12,2025-06-27,G01,White Bread,Bakery,60
12,2025-06-27,G02,Butter,Dairy,180
12,2025-06-27,G03,Milk 1L,Dairy,120
12,2025-06-27,G04,Eggs (Tray),Dairy,350
13,2025-03-10,G20,Onions 1kg,Produce,80
13,2025-03-10,G10,Parmesan Cheese,Dairy,400
13,2025-03-10,G13,Soda 2L,Beverages,150
13,2025-03-10,G18,Rice 2kg,Pantry,250
14,2025-05-26,G16,Baby Wipes,Baby Care,350
14,2025-05-26,G14,Baby Diapers,Baby Care,1200
15,2025-05-02,G18,Rice 2kg,Pantry,250
15,2025-05-02,G19,Cooking Oil 1L,Pantry,300
15,2025-05-02,G20,Onions 1kg,Produce,80
16,2025-02-22,G16,Baby Wipes,Baby Care,350
16,2025-02-22,G14,Baby Diapers,Baby Care,1200
17,2025-04-30,G10,Parmesan Cheese,Dairy,400
17,2025-04-30,G16,Baby Wipes,Baby Care,350
17,2025-04-30,G11,Potato Chips,Snacks,150
18,2025-06-24,G14,Baby Diapers,Baby Care,1200
18,2025-06-24,G15,Beer (6-Pack),Alcohol,800
19,2025-01-02,G11,Potato Chips,Snacks,150
19,2025-01-02,G12,Salsa Dip,Snacks,200
20,2025-02-26,G18,Rice 2kg,Pantry,250
21,2025-01-14,G16,Baby Wipes,Baby Care,350
21,2025-01-14,G01,White Bread,Bakery,60
21,2025-01-14,G08,Pasta,Pantry,120
21,2025-01-14,G18,Rice 2kg,Pantry,250
22,2025-02-16,G14,Baby Diapers,Baby Care,1200
23,2025-03-03,G05,Coffee,Beverages,450
23,2025-03-03,G07,Sugar 1kg,Pantry,150
24,2025-05-14,G01,White Bread,Bakery,60
24,2025-05-14,G02,Butter,Dairy,180
24,2025-05-14,G03,Milk 1L,Dairy,120
25,2025-03-24,G18,Rice 2kg,Pantry,250
25,2025-03-24,G19,Cooking Oil 1L,Pantry,300
25,2025-03-24,G20,Onions 1kg,Produce,80
26,2025-05-20,G01,White Bread,Bakery,60
26,2025-05-20,G02,Butter,Dairy,180
26,2025-05-20,G03,Milk 1L,Dairy,120
27,2025-06-17,G11,Potato Chips,Snacks,150
27,2025-06-17,G12,Salsa Dip,Snacks,200
28,2025-06-22,G04,Eggs (Tray),Dairy,350
29,2025-02-25,G16,Baby Wipes,Baby Care,350
29,2025-02-25,G14,Baby Diapers,Baby Care,1200
29,2025-02-25,G17,Baby Formula,Baby Care,1500
30,2025-06-11,G16,Baby Wipes,Baby Care,350
30,2025-06-11,G14,Baby Diapers,Baby Care,1200
31,2025-03-05,G16,Baby Wipes,Baby Care,350
31,2025-03-05,G14,Baby Diapers,Baby Care,1200
32,2025-05-16,G13,Soda 2L,Beverages,150
33,2025-02-04,G11,Potato Chips,Snacks,150
33,2025-02-04,G02,Butter,Dairy,180
33,2025-02-04,G13,Soda 2L,Beverages,150
33,2025-02-04,G04,Eggs (Tray),Dairy,350
34,2025-02-16,G09,Tomato Sauce,Pantry,90
35,2025-04-10,G04,Eggs (Tray),Dairy,350
36,2025-05-10,G01,White Bread,Bakery,60
36,2025-05-10,G02,Butter,Dairy,180
36,2025-05-10,G03,Milk 1L,Dairy,120
37,2025-05-18,G16,Baby Wipes,Baby Care,350
37,2025-05-18,G14,Baby Diapers,Baby Care,1200
37,2025-05-18,G17,Baby Formula,Baby Care,1500
38,2025-04-06,G01,White Bread,Bakery,60
38,2025-04-06,G19,Cooking Oil 1L,Pantry,300
38,2025-04-06,G07,Sugar 1kg,Pantry,150
38,2025-04-06,G16,Baby Wipes,Baby Care,350
39,2025-04-28,G08,Pasta,Pantry,120
39,2025-04-28,G05,Coffee,Beverages,450
39,2025-04-28,G20,Onions 1kg,Produce,80
40,2025-01-23,G08,Pasta,Pantry,120
40,2025-01-23,G09,Tomato Sauce,Pantry,90
41,2025-01-05,G14,Baby Diapers,Baby Care,1200
41,2025-01-05,G15,Beer (6-Pack),Alcohol,800
42,2025-06-10,G19,Cooking Oil 1L,Pantry,300
43,2025-05-21,G20,Onions 1kg,Produce,80
44,2025-06-22,G19,Cooking Oil 1L,Pantry,300
44,2025-06-22,G05,Coffee,Beverages,450
44,2025-06-22,G17,Baby Formula,Baby Care,1500
45,2025-01-17,G02,Butter,Dairy,180
45,2025-01-17,G13,Soda 2L,Beverages,150
45,2025-01-17,G01,White Bread,Bakery,60
46,2025-01-29,G14,Baby Diapers,Baby Care,1200
46,2025-01-29,G15,Beer (6-Pack),Alcohol,800
47,2025-01-14,G16,Baby Wipes,Baby Care,350
47,2025-01-14,G14,Baby Diapers,Baby Care,1200
48,2025-05-11,G14,Baby Diapers,Baby Care,1200
48,2025-05-11,G15,Beer (6-Pack),Alcohol,800
49,2025-05-11,G18,Rice 2kg,Pantry,250
49,2025-05-11,G19,Cooking Oil 1L,Pantry,300
49,2025-05-11,G20,Onions 1kg,Produce,80
49,2025-05-11,G02,Butter,Dairy,180
50,2025-01-30,G01,White Bread,Bakery,60
50,2025-01-30,G02,Butter,Dairy,180
50,2025-01-30,G03,Milk 1L,Dairy,120
51,2025-03-17,G01,White Bread,Bakery,60
51,2025-03-17,G02,Butter,Dairy,180
51,2025-03-17,G03,Milk 1L,Dairy,120
52,2025-03-05,G16,Baby Wipes,Baby Care,350
52,2025-03-05,G14,Baby Diapers,Baby Care,1200
53,2025-01-27,G20,Onions 1kg,Produce,80
53,2025-01-27,G05,Coffee,Beverages,450
54,2025-01-14,G13,Soda 2L,Beverages,150
54,2025-01-14,G02,Butter,Dairy,180
54,2025-01-14,G05,Coffee,Beverages,450
54,2025-01-14,G18,Rice 2kg,Pantry,250
55,2025-01-14,G13,Soda 2L,Beverages,150
55,2025-01-14,G20,Onions 1kg,Produce,80
55,2025-01-14,G02,Butter,Dairy,180
56,2025-01-09,G01,White Bread,Bakery,60
56,2025-01-09,G02,Butter,Dairy,180
56,2025-01-09,G03,Milk 1L,Dairy,120
57,2025-03-31,G14,Baby Diapers,Baby Care,1200
57,2025-03-31,G15,Beer (6-Pack),Alcohol,800
58,2025-04-26,G01,White Bread,Bakery,60
58,2025-04-26,G02,Butter,Dairy,180
58,2025-04-26,G03,Milk 1L,Dairy,120
58,2025-04-26,G04,Eggs (Tray),Dairy,350
59,2025-01-07,G05,Coffee,Beverages,450
59,2025-01-07,G07,Sugar 1kg,Pantry,150
59,2025-01-07,G10,Parmesan Cheese,Dairy,400
60,2025-02-07,G20,Onions 1kg,Produce,80
61,2025-03-23,G02,Butter,Dairy,180
61,2025-03-23,G11,Potato Chips,Snacks,150
61,2025-03-23,G05,Coffee,Beverages,450
62,2025-01-05,G06,Tea Leaves,Beverages,200
62,2025-01-05,G05,Coffee,Beverages,450
62,2025-01-05,G15,Beer (6-Pack),Alcohol,800
62,2025-01-05,G02,Butter,Dairy,180
63,2025-02-02,G11,Potato Chips,Snacks,150
63,2025-02-02,G12,Salsa Dip,Snacks,200
64,2025-03-29,G05,Coffee,Beverages,450
64,2025-03-29,G01,White Bread,Bakery,60
65,2025-06-12,G20,Onions 1kg,Produce,80
66,2025-06-16,G16,Baby Wipes,Baby Care,350
66,2025-06-16,G14,Baby Diapers,Baby Care,1200
66,2025-06-16,G17,Baby Formula,Baby Care,1500
67,2025-01-30,G16,Baby Wipes,Baby Care,350
67,2025-01-30,G14,Baby Diapers,Baby Care,1200
68,2025-06-07,G11,Potato Chips,Snacks,150
68,2025-06-07,G12,Salsa Dip,Snacks,200
69,2025-05-04,G08,Pasta,Pantry,120
69,2025-05-04,G09,Tomato Sauce,Pantry,90
70,2025-01-14,G19,Cooking Oil 1L,Pantry,300
71,2025-02-18,G18,Rice 2kg,Pantry,250
71,2025-02-18,G19,Cooking Oil 1L,Pantry,300
71,2025-02-18,G20,Onions 1kg,Produce,80
72,2025-03-20,G16,Baby Wipes,Baby Care,350
72,2025-03-20,G14,Baby Diapers,Baby Care,1200
73,2025-06-27,G11,Potato Chips,Snacks,150
73,2025-06-27,G12,Salsa Dip,Snacks,200
74,2025-05-17,G16,Baby Wipes,Baby Care,350
74,2025-05-17,G08,Pasta,Pantry,120
74,2025-05-17,G18,Rice 2kg,Pantry,250
75,2025-04-01,G06,Tea Leaves,Beverages,200
76,2025-02-03,G01,White Bread,Bakery,60
76,2025-02-03,G02,Butter,Dairy,180
76,2025-02-03,G03,Milk 1L,Dairy,120
76,2025-02-03,G04,Eggs (Tray),Dairy,350
77,2025-03-12,G18,Rice 2kg,Pantry,250
77,2025-03-12,G19,Cooking Oil 1L,Pantry,300
77,2025-03-12,G20,Onions 1kg,Produce,80
78,2025-04-01,G17,Baby Formula,Baby Care,1500
78,2025-04-01,G18,Rice 2kg,Pantry,250
79,2025-06-02,G16,Baby Wipes,Baby Care,350
79,2025-06-02,G14,Baby Diapers,Baby Care,1200
79,2025-06-02,G17,Baby Formula,Baby Care,1500
80,2025-04-21,G01,White Bread,Bakery,60
80,2025-04-21,G02,Butter,Dairy,180
80,2025-04-21,G03,Milk 1L,Dairy,120
81,2025-01-20,G11,Potato Chips,Snacks,150
81,2025-01-20,G12,Salsa Dip,Snacks,200
82,2025-06-26,G16,Baby Wipes,Baby Care,350
82,2025-06-26,G19,Cooking Oil 1L,Pantry,300
83,2025-06-25,G05,Coffee,Beverages,450
83,2025-06-25,G07,Sugar 1kg,Pantry,150
84,2025-06-29,G11,Potato Chips,Snacks,150
84,2025-06-29,G12,Salsa Dip,Snacks,200
85,2025-03-21,G14,Baby Diapers,Baby Care,1200
85,2025-03-21,G11,Potato Chips,Snacks,150
86,2025-04-26,G11,Potato Chips,Snacks,150
86,2025-04-26,G12,Salsa Dip,Snacks,200
87,2025-04-06,G16,Baby Wipes,Baby Care,350
87,2025-04-06,G14,Baby Diapers,Baby Care,1200
88,2025-05-11,G04,Eggs (Tray),Dairy,350
89,2025-03-14,G02,Butter,Dairy,180
90,2025-02-28,G16,Baby Wipes,Baby Care,350
90,2025-02-28,G14,Baby Diapers,Baby Care,1200
91,2025-02-24,G04,Eggs (Tray),Dairy,350
92,2025-02-27,G01,White Bread,Bakery,60
92,2025-02-27,G07,Sugar 1kg,Pantry,150
93,2025-03-15,G11,Potato Chips,Snacks,150
93,2025-03-15,G12,Salsa Dip,Snacks,200
94,2025-06-02,G01,White Bread,Bakery,60
94,2025-06-02,G02,Butter,Dairy,180
94,2025-06-02,G03,Milk 1L,Dairy,120
94,2025-06-02,G04,Eggs (Tray),Dairy,350
95,2025-04-28,G20,Onions 1kg,Produce,80
95,2025-04-28,G09,Tomato Sauce,Pantry,90
95,2025-04-28,G19,Cooking Oil 1L,Pantry,300
95,2025-04-28,G04,Eggs (Tray),Dairy,350
96,2025-06-28,G14,Baby Diapers,Baby Care,1200
96,2025-06-28,G15,Beer (6-Pack),Alcohol,800
97,2025-03-09,G01,White Bread,Bakery,60
98,2025-06-04,G16,Baby Wipes,Baby Care,350
98,2025-06-04,G14,Baby Diapers,Baby Care,1200
99,2025-03-06,G18,Rice 2kg,Pantry,250
99,2025-03-06,G01,White Bread,Bakery,60
99,2025-03-06,G11,Potato Chips,Snacks,150
100,2025-01-13,G01,White Bread,Bakery,60
100,2025-01-13,G02,Butter,Dairy,180
100,2025-01-13,G03,Milk 1L,Dairy,120
101,2025-05-09,G08,Pasta,Pantry,120
101,2025-05-09,G09,Tomato Sauce,Pantry,90
101,2025-05-09,G10,Parmesan Cheese,Dairy,400
102,2025-01-31,G14,Baby Diapers,Baby Care,1200
102,2025-01-31,G15,Beer (6-Pack),Alcohol,800
103,2025-06-05,G05,Coffee,Beverages,450
103,2025-06-05,G07,Sugar 1kg,Pantry,150
104,2025-04-09,G08,Pasta,Pantry,120
104,2025-04-09,G09,Tomato Sauce,Pantry,90
104,2025-04-09,G10,Parmesan Cheese,Dairy,400
104,2025-04-09,G11,Potato Chips,Snacks,150
105,2025-01-20,G08,Pasta,Pantry,120
105,2025-01-20,G09,Tomato Sauce,Pantry,90
105,2025-01-20,G10,Parmesan Cheese,Dairy,400
106,2025-04-12,G05,Coffee,Beverages,450
106,2025-04-12,G07,Sugar 1kg,Pantry,150
107,2025-05-08,G11,Potato Chips,Snacks,150
107,2025-05-08,G12,Salsa Dip,Snacks,200
107,2025-05-08,G13,Soda 2L,Beverages,150
108,2025-03-05,G10,Parmesan Cheese,Dairy,400
108,2025-03-05,G15,Beer (6-Pack),Alcohol,800
108,2025-03-05,G07,Sugar 1kg,Pantry,150
108,2025-03-05,G09,Tomato Sauce,Pantry,90
109,2025-03-27,G02,Butter,Dairy,180
110,2025-04-17,G16,Baby Wipes,Baby Care,350
111,2025-04-14,G18,Rice 2kg,Pantry,250
111,2025-04-14,G19,Cooking Oil 1L,Pantry,300
111,2025-04-14,G20,Onions 1kg,Produce,80
112,2025-01-17,G06,Tea Leaves,Beverages,200
113,2025-06-29,G17,Baby Formula,Baby Care,1500
114,2025-04-22,G13,Soda 2L,Beverages,150
114,2025-04-22,G05,Coffee,Beverages,450
114,2025-04-22,G19,Cooking Oil 1L,Pantry,300
114,2025-04-22,G06,Tea Leaves,Beverages,200
115,2025-04-09,G14,Baby Diapers,Baby Care,1200
116,2025-04-22,G06,Tea Leaves,Beverages,200
116,2025-04-22,G18,Rice 2kg,Pantry,250
117,2025-05-13,G16,Baby Wipes,Baby Care,350
117,2025-05-13,G14,Baby Diapers,Baby Care,1200
118,2025-05-02,G16,Baby Wipes,Baby Care,350
118,2025-05-02,G14,Baby Diapers,Baby Care,1200
119,2025-04-22,G14,Baby Diapers,Baby Care,1200
119,2025-04-22,G15,Beer (6-Pack),Alcohol,800
120,2025-02-08,G05,Coffee,Beverages,450
120,2025-02-08,G07,Sugar 1kg,Pantry,150
121,2025-04-15,G01,White Bread,Bakery,60
121,2025-04-15,G02,Butter,Dairy,180
121,2025-04-15,G03,Milk 1L,Dairy,120
121,2025-04-15,G04,Eggs (Tray),Dairy,350
122,2025-05-09,G08,Pasta,Pantry,120
122,2025-05-09,G09,Tomato Sauce,Pantry,90
123,2025-01-12,G02,Butter,Dairy,180
124,2025-04-30,G16,Baby Wipes,Baby Care,350
124,2025-04-30,G14,Baby Diapers,Baby Care,1200
125,2025-05-19,G10,Parmesan Cheese,Dairy,400
125,2025-05-19,G15,Beer (6-Pack),Alcohol,800
126,2025-03-12,G11,Potato Chips,Snacks,150
126,2025-03-12,G12,Salsa Dip,Snacks,200
127,2025-06-29,G18,Rice 2kg,Pantry,250
127,2025-06-29,G19,Cooking Oil 1L,Pantry,300
127,2025-06-29,G20,Onions 1kg,Produce,80
128,2025-06-10,G07,Sugar 1kg,Pantry,150
129,2025-02-03,G01,White Bread,Bakery,60
129,2025-02-03,G02,Butter,Dairy,180
129,2025-02-03,G03,Milk 1L,Dairy,120
130,2025-04-11,G01,White Bread,Bakery,60
131,2025-06-19,G05,Coffee,Beverages,450
131,2025-06-19,G07,Sugar 1kg,Pantry,150
132,2025-06-06,G01,White Bread,Bakery,60
132,2025-06-06,G02,Butter,Dairy,180
132,2025-06-06,G03,Milk 1L,Dairy,120
133,2025-05-08,G14,Baby Diapers,Baby Care,1200
133,2025-05-08,G15,Beer (6-Pack),Alcohol,800
134,2025-05-29,G10,Parmesan Cheese,Dairy,400
134,2025-05-29,G04,Eggs (Tray),Dairy,350
135,2025-06-03,G15,Beer (6-Pack),Alcohol,800
135,2025-06-03,G09,Tomato Sauce,Pantry,90
135,2025-06-03,G18,Rice 2kg,Pantry,250
135,2025-06-03,G10,Parmesan Cheese,Dairy,400
136,2025-06-01,G18,Rice 2kg,Pantry,250
137,2025-05-22,G02,Butter,Dairy,180
138,2025-01-11,G18,Rice 2kg,Pantry,250
138,2025-01-11,G19,Cooking Oil 1L,Pantry,300
138,2025-01-11,G20,Onions 1kg,Produce,80
139,2025-05-10,G17,Baby Formula,Baby Care,1500
140,2025-02-20,G16,Baby Wipes,Baby Care,350
140,2025-02-20,G14,Baby Diapers,Baby Care,1200
141,2025-04-28,G18,Rice 2kg,Pantry,250
141,2025-04-28,G19,Cooking Oil 1L,Pantry,300
141,2025-04-28,G20,Onions 1kg,Produce,80
142,2025-06-29,G16,Baby Wipes,Baby Care,350
142,2025-06-29,G14,Baby Diapers,Baby Care,1200
143,2025-01-09,G18,Rice 2kg,Pantry,250
143,2025-01-09,G09,Tomato Sauce,Pantry,90
143,2025-01-09,G06,Tea Leaves,Beverages,200
143,2025-01-09,G19,Cooking Oil 1L,Pantry,300
144,2025-04-10,G18,Rice 2kg,Pantry,250
144,2025-04-10,G19,Cooking Oil 1L,Pantry,300
144,2025-04-10,G20,Onions 1kg,Produce,80
145,2025-02-21,G05,Coffee,Beverages,450
145,2025-02-21,G01,White Bread,Bakery,60
145,2025-02-21,G20,Onions 1kg,Produce,80
146,2025-02-12,G14,Baby Diapers,Baby Care,1200
147,2025-04-07,G01,White Bread,Bakery,60
147,2025-04-07,G02,Butter,Dairy,180
147,2025-04-07,G03,Milk 1L,Dairy,120
148,2025-04-08,G05,Coffee,Beverages,450
148,2025-04-08,G07,Sugar 1kg,Pantry,150
149,2025-01-21,G18,Rice 2kg,Pantry,250
149,2025-01-21,G19,Cooking Oil 1L,Pantry,300
149,2025-01-21,G20,Onions 1kg,Produce,80
150,2025-02-01,G11,Potato Chips,Snacks,150
150,2025-02-01,G12,Salsa Dip,Snacks,200
151,2025-04-10,G18,Rice 2kg,Pantry,250
151,2025-04-10,G19,Cooking Oil 1L,Pantry,300
151,2025-04-10,G20,Onions 1kg,Produce,80
152,2025-06-13,G01,White Bread,Bakery,60
152,2025-06-13,G02,Butter,Dairy,180
152,2025-06-13,G03,Milk 1L,Dairy,120
152,2025-06-13,G04,Eggs (Tray),Dairy,350
153,2025-04-30,G05,Coffee,Beverages,450
153,2025-04-30,G07,Sugar 1kg,Pantry,150
154,2025-01-07,G02,Butter,Dairy,180
154,2025-01-07,G10,Parmesan Cheese,Dairy,400
154,2025-01-07,G08,Pasta,Pantry,120
155,2025-01-21,G20,Onions 1kg,Produce,80
155,2025-01-21,G11,Potato Chips,Snacks,150
155,2025-01-21,G07,Sugar 1kg,Pantry,150
155,2025-01-21,G10,Parmesan Cheese,Dairy,400
156,2025-02-22,G04,Eggs (Tray),Dairy,350
156,2025-02-22,G03,Milk 1L,Dairy,120
157,2025-06-28,G13,Soda 2L,Beverages,150
157,2025-06-28,G16,Baby Wipes,Baby Care,350
157,2025-06-28,G04,Eggs (Tray),Dairy,350
157,2025-06-28,G18,Rice 2kg,Pantry,250
158,2025-04-28,G17,Baby Formula,Baby Care,1500
158,2025-04-28,G08,Pasta,Pantry,120
158,2025-04-28,G05,Coffee,Beverages,450
159,2025-06-03,G18,Rice 2kg,Pantry,250
159,2025-06-03,G19,Cooking Oil 1L,Pantry,300
159,2025-06-03,G20,Onions 1kg,Produce,80
160,2025-04-01,G19,Cooking Oil 1L,Pantry,300
161,2025-02-21,G07,Sugar 1kg,Pantry,150
161,2025-02-21,G20,Onions 1kg,Produce,80
161,2025-02-21,G12,Salsa Dip,Snacks,200
161,2025-02-21,G08,Pasta,Pantry,120
162,2025-01-31,G11,Potato Chips,Snacks,150
162,2025-01-31,G12,Salsa Dip,Snacks,200
163,2025-01-15,G08,Pasta,Pantry,120
163,2025-01-15,G15,Beer (6-Pack),Alcohol,800
164,2025-02-22,G08,Pasta,Pantry,120
164,2025-02-22,G09,Tomato Sauce,Pantry,90
164,2025-02-22,G10,Parmesan Cheese,Dairy,400
165,2025-05-29,G19,Cooking Oil 1L,Pantry,300
165,2025-05-29,G16,Baby Wipes,Baby Care,350
165,2025-05-29,G02,Butter,Dairy,180
165,2025-05-29,G12,Salsa Dip,Snacks,200
166,2025-06-29,G14,Baby Diapers,Baby Care,1200
167,2025-02-18,G18,Rice 2kg,Pantry,250
167,2025-02-18,G19,Cooking Oil 1L,Pantry,300
167,2025-02-18,G20,Onions 1kg,Produce,80
168,2025-05-14,G16,Baby Wipes,Baby Care,350
168,2025-05-14,G14,Baby Diapers,Baby Care,1200
169,2025-05-22,G14,Baby Diapers,Baby Care,1200
169,2025-05-22,G15,Beer (6-Pack),Alcohol,800
169,2025-05-22,G07,Sugar 1kg,Pantry,150
170,2025-05-31,G08,Pasta,Pantry,120
170,2025-05-31,G09,Tomato Sauce,Pantry,90
170,2025-05-31,G10,Parmesan Cheese,Dairy,400
170,2025-05-31,G03,Milk 1L,Dairy,120
171,2025-06-07,G16,Baby Wipes,Baby Care,350
171,2025-06-07,G14,Baby Diapers,Baby Care,1200
171,2025-06-07,G05,Coffee,Beverages,450
172,2025-03-17,G13,Soda 2L,Beverages,150
173,2025-06-22,G02,Butter,Dairy,180
173,2025-06-22,G20,Onions 1kg,Produce,80
174,2025-03-27,G11,Potato Chips,Snacks,150
174,2025-03-27,G12,Salsa Dip,Snacks,200
175,2025-01-04,G07,Sugar 1kg,Pantry,150
175,2025-01-04,G02,Butter,Dairy,180
175,2025-01-04,G15,Beer (6-Pack),Alcohol,800
175,2025-01-04,G12,Salsa Dip,Snacks,200
176,2025-04-05,G05,Coffee,Beverages,450
176,2025-04-05,G07,Sugar 1kg,Pantry,150
177,2025-03-15,G14,Baby Diapers,Baby Care,1200
177,2025-03-15,G15,Beer (6-Pack),Alcohol,800
178,2025-03-10,G08,Pasta,Pantry,120
178,2025-03-10,G09,Tomato Sauce,Pantry,90
178,2025-03-10,G10,Parmesan Cheese,Dairy,400
179,2025-03-29,G18,Rice 2kg,Pantry,250
179,2025-03-29,G19,Cooking Oil 1L,Pantry,300
179,2025-03-29,G20,Onions 1kg,Produce,80
180,2025-02-25,G08,Pasta,Pantry,120
180,2025-02-25,G14,Baby Diapers,Baby Care,1200
181,2025-01-30,G16,Baby Wipes,Baby Care,350
181,2025-01-30,G14,Baby Diapers,Baby Care,1200
181,2025-01-30,G17,Baby Formula,Baby Care,1500
182,2025-02-20,G08,Pasta,Pantry,120
182,2025-02-20,G09,Tomato Sauce,Pantry,90
183,2025-03-31,G05,Coffee,Beverages,450
183,2025-03-31,G07,Sugar 1kg,Pantry,150
184,2025-01-29,G11,Potato Chips,Snacks,150
184,2025-01-29,G12,Salsa Dip,Snacks,200
185,2025-05-29,G01,White Bread,Bakery,60
185,2025-05-29,G02,Butter,Dairy,180
185,2025-05-29,G03,Milk 1L,Dairy,120
186,2025-01-17,G14,Baby Diapers,Baby Care,1200
186,2025-01-17,G15,Beer (6-Pack),Alcohol,800
187,2025-01-19,G12,Salsa Dip,Snacks,200
187,2025-01-19,G11,Potato Chips,Snacks,150
187,2025-01-19,G01,White Bread,Bakery,60
188,2025-06-06,G01,White Bread,Bakery,60
188,2025-06-06,G02,Butter,Dairy,180
188,2025-06-06,G03,Milk 1L,Dairy,120
189,2025-04-01,G14,Baby Diapers,Baby Care,1200
189,2025-04-01,G15,Beer (6-Pack),Alcohol,800
190,2025-04-28,G16,Baby Wipes,Baby Care,350
190,2025-04-28,G01,White Bread,Bakery,60
190,2025-04-28,G08,Pasta,Pantry,120
190,2025-04-28,G03,Milk 1L,Dairy,120
191,2025-04-17,G11,Potato Chips,Snacks,150
192,2025-05-06,G14,Baby Diapers,Baby Care,1200
192,2025-05-06,G08,Pasta,Pantry,120
192,2025-05-06,G09,Tomato Sauce,Pantry,90
192,2025-05-06,G19,Cooking Oil 1L,Pantry,300
193,2025-02-21,G15,Beer (6-Pack),Alcohol,800
194,2025-05-08,G08,Pasta,Pantry,120
194,2025-05-08,G09,Tomato Sauce,Pantry,90
194,2025-05-08,G10,Parmesan Cheese,Dairy,400
195,2025-03-28,G08,Pasta,Pantry,120
195,2025-03-28,G09,Tomato Sauce,Pantry,90
195,2025-03-28,G10,Parmesan Cheese,Dairy,400
196,2025-02-25,G14,Baby Diapers,Baby Care,1200
196,2025-02-25,G15,Beer (6-Pack),Alcohol,800
197,2025-02-05,G01,White Bread,Bakery,60
197,2025-02-05,G02,Butter,Dairy,180
197,2025-02-05,G03,Milk 1L,Dairy,120
198,2025-06-23,G06,Tea Leaves,Beverages,200
198,2025-06-23,G07,Sugar 1kg,Pantry,150
199,2025-04-14,G14,Baby Diapers,Baby Care,1200
199,2025-04-14,G15,Beer (6-Pack),Alcohol,800
199,2025-04-14,G04,Eggs (Tray),Dairy,350
200,2025-05-03,G14,Baby Diapers,Baby Care,1200
200,2025-05-03,G15,Beer (6-Pack),Alcohol,800
201,2025-06-07,G08,Pasta,Pantry,120
201,2025-06-07,G09,Tomato Sauce,Pantry,90
202,2025-01-03,G16,Baby Wipes,Baby Care,350
202,2025-01-03,G14,Baby Diapers,Baby Care,1200
202,2025-01-03,G17,Baby Formula,Baby Care,1500
203,2025-05-14,G08,Pasta,Pantry,120
203,2025-05-14,G09,Tomato Sauce,Pantry,90
203,2025-05-14,G13,Soda 2L,Beverages,150
204,2025-03-29,G04,Eggs (Tray),Dairy,350
205,2025-01-06,G14,Baby Diapers,Baby Care,1200
205,2025-01-06,G15,Beer (6-Pack),Alcohol,800
206,2025-03-08,G13,Soda 2L,Beverages,150
207,2025-06-13,G08,Pasta,Pantry,120
207,2025-06-13,G09,Tomato Sauce,Pantry,90
208,2025-01-24,G18,Rice 2kg,Pantry,250
209,2025-02-27,G05,Coffee,Beverages,450
209,2025-02-27,G07,Sugar 1kg,Pantry,150
210,2025-04-06,G14,Baby Diapers,Baby Care,1200
211,2025-03-22,G10,Parmesan Cheese,Dairy,400
212,2025-04-21,G03,Milk 1L,Dairy,120
213,2025-05-17,G11,Potato Chips,Snacks,150
213,2025-05-17,G13,Soda 2L,Beverages,150
213,2025-05-17,G14,Baby Diapers,Baby Care,1200
214,2025-02-07,G15,Beer (6-Pack),Alcohol,800
214,2025-02-07,G01,White Bread,Bakery,60
215,2025-03-16,G08,Pasta,Pantry,120
215,2025-03-16,G09,Tomato Sauce,Pantry,90
216,2025-06-19,G11,Potato Chips,Snacks,150
216,2025-06-19,G12,Salsa Dip,Snacks,200
217,2025-02-26,G13,Soda 2L,Beverages,150
217,2025-02-26,G14,Baby Diapers,Baby Care,1200
217,2025-02-26,G07,Sugar 1kg,Pantry,150
218,2025-05-24,G01,White Bread,Bakery,60
218,2025-05-24,G13,Soda 2L,Beverages,150
218,2025-05-24,G16,Baby Wipes,Baby Care,350
219,2025-05-30,G18,Rice 2kg,Pantry,250
219,2025-05-30,G19,Cooking Oil 1L,Pantry,300
219,2025-05-30,G20,Onions 1kg,Produce,80
220,2025-01-12,G14,Baby Diapers,Baby Care,1200
220,2025-01-12,G15,Beer (6-Pack),Alcohol,800
221,2025-05-17,G18,Rice 2kg,Pantry,250
221,2025-05-17,G19,Cooking Oil 1L,Pantry,300
221,2025-05-17,G20,Onions 1kg,Produce,80
222,2025-04-09,G05,Coffee,Beverages,450
222,2025-04-09,G07,Sugar 1kg,Pantry,150
223,2025-03-13,G08,Pasta,Pantry,120
223,2025-03-13,G09,Tomato Sauce,Pantry,90
223,2025-03-13,G10,Parmesan Cheese,Dairy,400
224,2025-05-15,G20,Onions 1kg,Produce,80
224,2025-05-15,G04,Eggs (Tray),Dairy,350
225,2025-06-22,G20,Onions 1kg,Produce,80
226,2025-01-07,G02,Butter,Dairy,180
227,2025-03-03,G01,White Bread,Bakery,60
227,2025-03-03,G02,Butter,Dairy,180
227,2025-03-03,G03,Milk 1L,Dairy,120
228,2025-01-12,G17,Baby Formula,Baby Care,1500
229,2025-01-01,G08,Pasta,Pantry,120
229,2025-01-01,G09,Tomato Sauce,Pantry,90
229,2025-01-01,G10,Parmesan Cheese,Dairy,400
230,2025-03-03,G13,Soda 2L,Beverages,150
230,2025-03-03,G07,Sugar 1kg,Pantry,150
230,2025-03-03,G08,Pasta,Pantry,120
231,2025-01-22,G11,Potato Chips,Snacks,150
231,2025-01-22,G12,Salsa Dip,Snacks,200
232,2025-06-16,G09,Tomato Sauce,Pantry,90
233,2025-01-31,G05,Coffee,Beverages,450
233,2025-01-31,G10,Parmesan Cheese,Dairy,400
234,2025-01-26,G14,Baby Diapers,Baby Care,1200
234,2025-01-26,G15,Beer (6-Pack),Alcohol,800
235,2025-05-06,G05,Coffee,Beverages,450
235,2025-05-06,G07,Sugar 1kg,Pantry,150
236,2025-06-16,G16,Baby Wipes,Baby Care,350
236,2025-06-16,G14,Baby Diapers,Baby Care,1200
237,2025-02-18,G01,White Bread,Bakery,60
237,2025-02-18,G11,Potato Chips,Snacks,150
238,2025-01-08,G05,Coffee,Beverages,450
238,2025-01-08,G07,Sugar 1kg,Pantry,150
239,2025-02-03,G11,Potato Chips,Snacks,150
239,2025-02-03,G12,Salsa Dip,Snacks,200
240,2025-04-28,G16,Baby Wipes,Baby Care,350
240,2025-04-28,G14,Baby Diapers,Baby Care,1200
241,2025-03-12,G06,Tea Leaves,Beverages,200
241,2025-03-12,G09,Tomato Sauce,Pantry,90
242,2025-06-16,G11,Potato Chips,Snacks,150
243,2025-06-04,G18,Rice 2kg,Pantry,250
243,2025-06-04,G19,Cooking Oil 1L,Pantry,300
243,2025-06-04,G20,Onions 1kg,Produce,80
243,2025-06-04,G15,Beer (6-Pack),Alcohol,800
244,2025-01-27,G08,Pasta,Pantry,120
244,2025-01-27,G09,Tomato Sauce,Pantry,90
244,2025-01-27,G10,Parmesan Cheese,Dairy,400
245,2025-03-17,G01,White Bread,Bakery,60
245,2025-03-17,G02,Butter,Dairy,180
245,2025-03-17,G03,Milk 1L,Dairy,120
245,2025-03-17,G04,Eggs (Tray),Dairy,350
246,2025-01-21,G01,White Bread,Bakery,60
246,2025-01-21,G02,Butter,Dairy,180
246,2025-01-21,G03,Milk 1L,Dairy,120
247,2025-01-06,G02,Butter,Dairy,180
248,2025-01-12,G01,White Bread,Bakery,60
248,2025-01-12,G02,Butter,Dairy,180
248,2025-01-12,G03,Milk 1L,Dairy,120
248,2025-01-12,G04,Eggs (Tray),Dairy,350
249,2025-05-29,G07,Sugar 1kg,Pantry,150
250,2025-03-03,G01,White Bread,Bakery,60
250,2025-03-03,G02,Butter,Dairy,180
250,2025-03-03,G03,Milk 1L,Dairy,120
251,2025-03-22,G16,Baby Wipes,Baby Care,350
251,2025-03-22,G14,Baby Diapers,Baby Care,1200
252,2025-02-24,G18,Rice 2kg,Pantry,250
253,2025-02-02,G03,Milk 1L,Dairy,120
254,2025-01-10,G14,Baby Diapers,Baby Care,1200
254,2025-01-10,G15,Beer (6-Pack),Alcohol,800
255,2025-04-21,G18,Rice 2kg,Pantry,250
255,2025-04-21,G19,Cooking Oil 1L,Pantry,300
255,2025-04-21,G20,Onions 1kg,Produce,80
256,2025-06-27,G18,Rice 2kg,Pantry,250
256,2025-06-27,G19,Cooking Oil 1L,Pantry,300
256,2025-06-27,G20,Onions 1kg,Produce,80
257,2025-02-15,G06,Tea Leaves,Beverages,200
258,2025-04-23,G17,Baby Formula,Baby Care,1500
258,2025-04-23,G18,Rice 2kg,Pantry,250
258,2025-04-23,G02,Butter,Dairy,180
259,2025-02-18,G08,Pasta,Pantry,120
259,2025-02-18,G09,Tomato Sauce,Pantry,90
259,2025-02-18,G10,Parmesan Cheese,Dairy,400
260,2025-03-29,G16,Baby Wipes,Baby Care,350
260,2025-03-29,G14,Baby Diapers,Baby Care,1200
261,2025-03-04,G02,Butter,Dairy,180
262,2025-06-26,G08,Pasta,Pantry,120
262,2025-06-26,G09,Tomato Sauce,Pantry,90
262,2025-06-26,G10,Parmesan Cheese,Dairy,400
263,2025-05-02,G06,Tea Leaves,Beverages,200
263,2025-05-02,G17,Baby Formula,Baby Care,1500
263,2025-05-02,G14,Baby Diapers,Baby Care,1200
264,2025-02-09,G19,Cooking Oil 1L,Pantry,300
264,2025-02-09,G01,White Bread,Bakery,60
264,2025-02-09,G20,Onions 1kg,Produce,80
265,2025-06-21,G01,White Bread,Bakery,60
265,2025-06-21,G02,Butter,Dairy,180
265,2025-06-21,G03,Milk 1L,Dairy,120
266,2025-04-09,G12,Salsa Dip,Snacks,200
266,2025-04-09,G07,Sugar 1kg,Pantry,150
266,2025-04-09,G14,Baby Diapers,Baby Care,1200
266,2025-04-09,G16,Baby Wipes,Baby Care,350
267,2025-01-28,G16,Baby Wipes,Baby Care,350
267,2025-01-28,G14,Baby Diapers,Baby Care,1200
268,2025-05-28,G05,Coffee,Beverages,450
268,2025-05-28,G18,Rice 2kg,Pantry,250
269,2025-06-24,G18,Rice 2kg,Pantry,250
269,2025-06-24,G19,Cooking Oil 1L,Pantry,300
269,2025-06-24,G20,Onions 1kg,Produce,80
270,2025-05-24,G11,Potato Chips,Snacks,150
271,2025-05-08,G13,Soda 2L,Beverages,150
271,2025-05-08,G20,Onions 1kg,Produce,80
271,2025-05-08,G05,Coffee,Beverages,450
272,2025-04-11,G01,White Bread,Bakery,60
272,2025-04-11,G02,Butter,Dairy,180
272,2025-04-11,G03,Milk 1L,Dairy,120
273,2025-04-12,G14,Baby Diapers,Baby Care,1200
273,2025-04-12,G15,Beer (6-Pack),Alcohol,800
274,2025-05-13,G18,Rice 2kg,Pantry,250
274,2025-05-13,G08,Pasta,Pantry,120
274,2025-05-13,G12,Salsa Dip,Snacks,200
275,2025-05-05,G19,Cooking Oil 1L,Pantry,300
276,2025-03-25,G16,Baby Wipes,Baby Care,350
276,2025-03-25,G14,Baby Diapers,Baby Care,1200
277,2025-02-07,G11,Potato Chips,Snacks,150
277,2025-02-07,G20,Onions 1kg,Produce,80
277,2025-02-07,G08,Pasta,Pantry,120
277,2025-02-07,G15,Beer (6-Pack),Alcohol,800
278,2025-01-21,G11,Potato Chips,Snacks,150
279,2025-06-14,G16,Baby Wipes,Baby Care,350
280,2025-01-31,G12,Salsa Dip,Snacks,200
281,2025-05-26,G05,Coffee,Beverages,450
281,2025-05-26,G07,Sugar 1kg,Pantry,150
282,2025-01-06,G11,Potato Chips,Snacks,150
282,2025-01-06,G12,Salsa Dip,Snacks,200
282,2025-01-06,G13,Soda 2L,Beverages,150
283,2025-04-29,G13,Soda 2L,Beverages,150
283,2025-04-29,G16,Baby Wipes,Baby Care,350
284,2025-06-01,G07,Sugar 1kg,Pantry,150
285,2025-05-27,G20,Onions 1kg,Produce,80
286,2025-01-21,G13,Soda 2L,Beverages,150
287,2025-03-02,G20,Onions 1kg,Produce,80
287,2025-03-02,G01,White Bread,Bakery,60
288,2025-05-30,G16,Baby Wipes,Baby Care,350
288,2025-05-30,G17,Baby Formula,Baby Care,1500
289,2025-06-01,G06,Tea Leaves,Beverages,200
290,2025-05-23,G01,White Bread,Bakery,60
290,2025-05-23,G02,Butter,Dairy,180
290,2025-05-23,G03,Milk 1L,Dairy,120
291,2025-03-27,G04,Eggs (Tray),Dairy,350
292,2025-04-09,G01,White Bread,Bakery,60
292,2025-04-09,G02,Butter,Dairy,180
292,2025-04-09,G03,Milk 1L,Dairy,120
293,2025-05-14,G06,Tea Leaves,Beverages,200
293,2025-05-14,G04,Eggs (Tray),Dairy,350
293,2025-05-14,G13,Soda 2L,Beverages,150
293,2025-05-14,G20,Onions 1kg,Produce,80
294,2025-03-09,G18,Rice 2kg,Pantry,250
294,2025-03-09,G19,Cooking Oil 1L,Pantry,300
294,2025-03-09,G20,Onions 1kg,Produce,80
295,2025-05-29,G04,Eggs (Tray),Dairy,350
295,2025-05-29,G09,Tomato Sauce,Pantry,90
295,2025-05-29,G13,Soda 2L,Beverages,150
295,2025-05-29,G12,Salsa Dip,Snacks,200
296,2025-01-09,G05,Coffee,Beverages,450
296,2025-01-09,G07,Sugar 1kg,Pantry,150
297,2025-05-28,G05,Coffee,Beverages,450
297,2025-05-28,G07,Sugar 1kg,Pantry,150
298,2025-03-24,G08,Pasta,Pantry,120
298,2025-03-24,G09,Tomato Sauce,Pantry,90
299,2025-06-13,G16,Baby Wipes,Baby Care,350
300,2025-04-09,G01,White Bread,Bakery,60
301,2025-05-07,G05,Coffee,Beverages,450
301,2025-05-07,G07,Sugar 1kg,Pantry,150
302,2025-03-21,G05,Coffee,Beverages,450
302,2025-03-21,G07,Sugar 1kg,Pantry,150
303,2025-05-29,G05,Coffee,Beverages,450
304,2025-06-25,G14,Baby Diapers,Baby Care,1200
304,2025-06-25,G15,Beer (6-Pack),Alcohol,800
305,2025-06-20,G08,Pasta,Pantry,120
305,2025-06-20,G05,Coffee,Beverages,450
305,2025-06-20,G01,White Bread,Bakery,60
305,2025-06-20,G04,Eggs (Tray),Dairy,350
306,2025-04-11,G11,Potato Chips,Snacks,150
306,2025-04-11,G12,Salsa Dip,Snacks,200
306,2025-04-11,G13,Soda 2L,Beverages,150
307,2025-02-20,G06,Tea Leaves,Beverages,200
308,2025-02-07,G16,Baby Wipes,Baby Care,350
308,2025-02-07,G14,Baby Diapers,Baby Care,1200
308,2025-02-07,G17,Baby Formula,Baby Care,1500
309,2025-06-15,G01,White Bread,Bakery,60
309,2025-06-15,G02,Butter,Dairy,180
309,2025-06-15,G03,Milk 1L,Dairy,120
309,2025-06-15,G04,Eggs (Tray),Dairy,350
310,2025-02-24,G10,Parmesan Cheese,Dairy,400
310,2025-02-24,G13,Soda 2L,Beverages,150
310,2025-02-24,G17,Baby Formula,Baby Care,1500
311,2025-01-07,G08,Pasta,Pantry,120
311,2025-01-07,G09,Tomato Sauce,Pantry,90
312,2025-04-07,G09,Tomato Sauce,Pantry,90
313,2025-02-17,G14,Baby Diapers,Baby Care,1200
313,2025-02-17,G15,Beer (6-Pack),Alcohol,800
314,2025-01-17,G13,Soda 2L,Beverages,150
314,2025-01-17,G06,Tea Leaves,Beverages,200
314,2025-01-17,G11,Potato Chips,Snacks,150
315,2025-06-13,G16,Baby Wipes,Baby Care,350
315,2025-06-13,G14,Baby Diapers,Baby Care,1200
316,2025-02-13,G05,Coffee,Beverages,450
316,2025-02-13,G07,Sugar 1kg,Pantry,150
316,2025-02-13,G02,Butter,Dairy,180
317,2025-05-21,G18,Rice 2kg,Pantry,250
318,2025-05-02,G18,Rice 2kg,Pantry,250
318,2025-05-02,G19,Cooking Oil 1L,Pantry,300
318,2025-05-02,G20,Onions 1kg,Produce,80
318,2025-05-02,G01,White Bread,Bakery,60
319,2025-03-15,G20,Onions 1kg,Produce,80
319,2025-03-15,G15,Beer (6-Pack),Alcohol,800
319,2025-03-15,G02,Butter,Dairy,180
320,2025-04-03,G14,Baby Diapers,Baby Care,1200
320,2025-04-03,G16,Baby Wipes,Baby Care,350
320,2025-04-03,G12,Salsa Dip,Snacks,200
320,2025-04-03,G05,Coffee,Beverages,450
321,2025-03-12,G18,Rice 2kg,Pantry,250
321,2025-03-12,G19,Cooking Oil 1L,Pantry,300
321,2025-03-12,G20,Onions 1kg,Produce,80
321,2025-03-12,G10,Parmesan Cheese,Dairy,400
322,2025-03-29,G16,Baby Wipes,Baby Care,350
322,2025-03-29,G14,Baby Diapers,Baby Care,1200
323,2025-01-30,G06,Tea Leaves,Beverages,200
323,2025-01-30,G14,Baby Diapers,Baby Care,1200
323,2025-01-30,G18,Rice 2kg,Pantry,250
323,2025-01-30,G04,Eggs (Tray),Dairy,350
324,2025-02-01,G16,Baby Wipes,Baby Care,350
324,2025-02-01,G14,Baby Diapers,Baby Care,1200
325,2025-02-13,G07,Sugar 1kg,Pantry,150
325,2025-02-13,G02,Butter,Dairy,180
325,2025-02-13,G14,Baby Diapers,Baby Care,1200
326,2025-04-01,G09,Tomato Sauce,Pantry,90
326,2025-04-01,G04,Eggs (Tray),Dairy,350
327,2025-01-01,G07,Sugar 1kg,Pantry,150
328,2025-02-21,G08,Pasta,Pantry,120
328,2025-02-21,G09,Tomato Sauce,Pantry,90
329,2025-02-26,G08,Pasta,Pantry,120
329,2025-02-26,G09,Tomato Sauce,Pantry,90
329,2025-02-26,G10,Parmesan Cheese,Dairy,400
330,2025-02-04,G05,Coffee,Beverages,450
330,2025-02-04,G07,Sugar 1kg,Pantry,150
331,2025-02-21,G05,Coffee,Beverages,450
331,2025-02-21,G07,Sugar 1kg,Pantry,150
332,2025-03-20,G05,Coffee,Beverages,450
332,2025-03-20,G07,Sugar 1kg,Pantry,150
333,2025-04-30,G10,Parmesan Cheese,Dairy,400
333,2025-04-30,G19,Cooking Oil 1L,Pantry,300
333,2025-04-30,G20,Onions 1kg,Produce,80
334,2025-05-27,G05,Coffee,Beverages,450
334,2025-05-27,G07,Sugar 1kg,Pantry,150
335,2025-06-22,G01,White Bread,Bakery,60
336,2025-01-01,G15,Beer (6-Pack),Alcohol,800
336,2025-01-01,G17,Baby Formula,Baby Care,1500
336,2025-01-01,G12,Salsa Dip,Snacks,200
336,2025-01-01,G19,Cooking Oil 1L,Pantry,300
337,2025-03-09,G01,White Bread,Bakery,60
337,2025-03-09,G02,Butter,Dairy,180
337,2025-03-09,G03,Milk 1L,Dairy,120
337,2025-03-09,G04,Eggs (Tray),Dairy,350
338,2025-05-28,G09,Tomato Sauce,Pantry,90
338,2025-05-28,G19,Cooking Oil 1L,Pantry,300
339,2025-06-24,G05,Coffee,Beverages,450
339,2025-06-24,G07,Sugar 1kg,Pantry,150
340,2025-01-18,G16,Baby Wipes,Baby Care,350
340,2025-01-18,G14,Baby Diapers,Baby Care,1200
341,2025-02-19,G08,Pasta,Pantry,120
341,2025-02-19,G03,Milk 1L,Dairy,120
342,2025-05-06,G14,Baby Diapers,Baby Care,1200
342,2025-05-06,G15,Beer (6-Pack),Alcohol,800
343,2025-04-08,G16,Baby Wipes,Baby Care,350
343,2025-04-08,G14,Baby Diapers,Baby Care,1200
344,2025-06-11,G09,Tomato Sauce,Pantry,90
345,2025-01-30,G03,Milk 1L,Dairy,120
345,2025-01-30,G09,Tomato Sauce,Pantry,90
345,2025-01-30,G14,Baby Diapers,Baby Care,1200
345,2025-01-30,G19,Cooking Oil 1L,Pantry,300
346,2025-01-19,G01,White Bread,Bakery,60
346,2025-01-19,G16,Baby Wipes,Baby Care,350
347,2025-03-18,G09,Tomato Sauce,Pantry,90
348,2025-06-09,G02,Butter,Dairy,180
349,2025-06-15,G11,Potato Chips,Snacks,150
349,2025-06-15,G12,Salsa Dip,Snacks,200
349,2025-06-15,G13,Soda 2L,Beverages,150
350,2025-03-03,G05,Coffee,Beverages,450
350,2025-03-03,G07,Sugar 1kg,Pantry,150
351,2025-03-21,G18,Rice 2kg,Pantry,250
351,2025-03-21,G19,Cooking Oil 1L,Pantry,300
351,2025-03-21,G20,Onions 1kg,Produce,80
352,2025-05-12,G03,Milk 1L,Dairy,120
352,2025-05-12,G19,Cooking Oil 1L,Pantry,300
353,2025-01-29,G18,Rice 2kg,Pantry,250
354,2025-05-12,G08,Pasta,Pantry,120
354,2025-05-12,G09,Tomato Sauce,Pantry,90
355,2025-02-02,G19,Cooking Oil 1L,Pantry,300
356,2025-04-15,G18,Rice 2kg,Pantry,250
356,2025-04-15,G11,Potato Chips,Snacks,150
357,2025-01-18,G11,Potato Chips,Snacks,150
357,2025-01-18,G09,Tomato Sauce,Pantry,90
358,2025-05-05,G08,Pasta,Pantry,120
359,2025-03-18,G01,White Bread,Bakery,60
359,2025-03-18,G17,Baby Formula,Baby Care,1500
359,2025-03-18,G12,Salsa Dip,Snacks,200
360,2025-06-16,G11,Potato Chips,Snacks,150
360,2025-06-16,G12,Salsa Dip,Snacks,200
361,2025-02-26,G18,Rice 2kg,Pantry,250
361,2025-02-26,G08,Pasta,Pantry,120
361,2025-02-26,G14,Baby Diapers,Baby Care,1200
362,2025-04-22,G14,Baby Diapers,Baby Care,1200
362,2025-04-22,G15,Beer (6-Pack),Alcohol,800
363,2025-06-14,G08,Pasta,Pantry,120
363,2025-06-14,G09,Tomato Sauce,Pantry,90
364,2025-01-09,G11,Potato Chips,Snacks,150
364,2025-01-09,G12,Salsa Dip,Snacks,200
365,2025-01-28,G18,Rice 2kg,Pantry,250
365,2025-01-28,G19,Cooking Oil 1L,Pantry,300
365,2025-01-28,G20,Onions 1kg,Produce,80
366,2025-05-25,G05,Coffee,Beverages,450
366,2025-05-25,G07,Sugar 1kg,Pantry,150
367,2025-04-08,G14,Baby Diapers,Baby Care,1200
367,2025-04-08,G03,Milk 1L,Dairy,120
367,2025-04-08,G07,Sugar 1kg,Pantry,150
368,2025-03-30,G05,Coffee,Beverages,450
368,2025-03-30,G07,Sugar 1kg,Pantry,150
369,2025-04-23,G06,Tea Leaves,Beverages,200
370,2025-06-22,G09,Tomato Sauce,Pantry,90
370,2025-06-22,G12,Salsa Dip,Snacks,200
370,2025-06-22,G15,Beer (6-Pack),Alcohol,800
370,2025-06-22,G20,Onions 1kg,Produce,80
371,2025-03-23,G08,Pasta,Pantry,120
371,2025-03-23,G09,Tomato Sauce,Pantry,90
372,2025-01-07,G05,Coffee,Beverages,450
372,2025-01-07,G07,Sugar 1kg,Pantry,150
372,2025-01-07,G09,Tomato Sauce,Pantry,90
373,2025-02-07,G11,Potato Chips,Snacks,150
373,2025-02-07,G12,Salsa Dip,Snacks,200
373,2025-02-07,G13,Soda 2L,Beverages,150
374,2025-02-25,G14,Baby Diapers,Baby Care,1200
374,2025-02-25,G15,Beer (6-Pack),Alcohol,800
375,2025-05-16,G11,Potato Chips,Snacks,150
375,2025-05-16,G12,Salsa Dip,Snacks,200
375,2025-05-16,G13,Soda 2L,Beverages,150
376,2025-01-10,G05,Coffee,Beverages,450
376,2025-01-10,G07,Sugar 1kg,Pantry,150
377,2025-03-18,G05,Coffee,Beverages,450
377,2025-03-18,G07,Sugar 1kg,Pantry,150
378,2025-01-10,G11,Potato Chips,Snacks,150
378,2025-01-10,G12,Salsa Dip,Snacks,200
379,2025-01-07,G08,Pasta,Pantry,120
379,2025-01-07,G09,Tomato Sauce,Pantry,90
379,2025-01-07,G10,Parmesan Cheese,Dairy,400
380,2025-03-27,G14,Baby Diapers,Baby Care,1200
381,2025-05-26,G03,Milk 1L,Dairy,120
381,2025-05-26,G09,Tomato Sauce,Pantry,90
381,2025-05-26,G10,Parmesan Cheese,Dairy,400
382,2025-03-18,G11,Potato Chips,Snacks,150
382,2025-03-18,G12,Salsa Dip,Snacks,200
382,2025-03-18,G13,Soda 2L,Beverages,150
383,2025-03-27,G01,White Bread,Bakery,60
383,2025-03-27,G18,Rice 2kg,Pantry,250
383,2025-03-27,G02,Butter,Dairy,180
384,2025-06-14,G18,Rice 2kg,Pantry,250
384,2025-06-14,G08,Pasta,Pantry,120
384,2025-06-14,G19,Cooking Oil 1L,Pantry,300
384,2025-06-14,G11,Potato Chips,Snacks,150
385,2025-01-23,G04,Eggs (Tray),Dairy,350
386,2025-02-05,G05,Coffee,Beverages,450
386,2025-02-05,G07,Sugar 1kg,Pantry,150
387,2025-06-30,G18,Rice 2kg,Pantry,250
387,2025-06-30,G02,Butter,Dairy,180
387,2025-06-30,G01,White Bread,Bakery,60
387,2025-06-30,G12,Salsa Dip,Snacks,200
388,2025-01-29,G12,Salsa Dip,Snacks,200
389,2025-06-29,G08,Pasta,Pantry,120
389,2025-06-29,G09,Tomato Sauce,Pantry,90
389,2025-06-29,G10,Parmesan Cheese,Dairy,400
390,2025-02-25,G14,Baby Diapers,Baby Care,1200
391,2025-03-22,G09,Tomato Sauce,Pantry,90
392,2025-06-02,G11,Potato Chips,Snacks,150
392,2025-06-02,G12,Salsa Dip,Snacks,200
393,2025-02-07,G12,Salsa Dip,Snacks,200
394,2025-01-05,G14,Baby Diapers,Baby Care,1200
394,2025-01-05,G15,Beer (6-Pack),Alcohol,800
394,2025-01-05,G13,Soda 2L,Beverages,150
395,2025-03-17,G14,Baby Diapers,Baby Care,1200
395,2025-03-17,G18,Rice 2kg,Pantry,250
395,2025-03-17,G13,Soda 2L,Beverages,150
395,2025-03-17,G05,Coffee,Beverages,450
396,2025-01-10,G01,White Bread,Bakery,60
396,2025-01-10,G02,Butter,Dairy,180
396,2025-01-10,G03,Milk 1L,Dairy,120
397,2025-04-10,G11,Potato Chips,Snacks,150
397,2025-04-10,G12,Salsa Dip,Snacks,200
397,2025-04-10,G13,Soda 2L,Beverages,150
398,2025-05-05,G17,Baby Formula,Baby Care,1500
398,2025-05-05,G13,Soda 2L,Beverages,150
398,2025-05-05,G12,Salsa Dip,Snacks,200
398,2025-05-05,G06,Tea Leaves,Beverages,200
399,2025-04-24,G14,Baby Diapers,Baby Care,1200
399,2025-04-24,G15,Beer (6-Pack),Alcohol,800
400,2025-06-25,G18,Rice 2kg,Pantry,250
400,2025-06-25,G19,Cooking Oil 1L,Pantry,300
400,2025-06-25,G20,Onions 1kg,Produce,80
401,2025-03-03,G19,Cooking Oil 1L,Pantry,300
401,2025-03-03,G13,Soda 2L,Beverages,150
401,2025-03-03,G09,Tomato Sauce,Pantry,90
401,2025-03-03,G05,Coffee,Beverages,450
402,2025-01-14,G15,Beer (6-Pack),Alcohol,800
402,2025-01-14,G05,Coffee,Beverages,450
402,2025-01-14,G17,Baby Formula,Baby Care,1500
403,2025-02-01,G08,Pasta,Pantry,120
403,2025-02-01,G03,Milk 1L,Dairy,120
403,2025-02-01,G06,Tea Leaves,Beverages,200
403,2025-02-01,G20,Onions 1kg,Produce,80
404,2025-03-31,G08,Pasta,Pantry,120
405,2025-03-04,G18,Rice 2kg,Pantry,250
405,2025-03-04,G19,Cooking Oil 1L,Pantry,300
405,2025-03-04,G20,Onions 1kg,Produce,80
406,2025-04-10,G04,Eggs (Tray),Dairy,350
407,2025-05-19,G04,Eggs (Tray),Dairy,350
408,2025-06-30,G18,Rice 2kg,Pantry,250
408,2025-06-30,G19,Cooking Oil 1L,Pantry,300
408,2025-06-30,G20,Onions 1kg,Produce,80
409,2025-05-06,G10,Parmesan Cheese,Dairy,400
409,2025-05-06,G15,Beer (6-Pack),Alcohol,800
410,2025-04-28,G12,Salsa Dip,Snacks,200
410,2025-04-28,G10,Parmesan Cheese,Dairy,400
410,2025-04-28,G14,Baby Diapers,Baby Care,1200
411,2025-06-07,G17,Baby Formula,Baby Care,1500
412,2025-04-30,G16,Baby Wipes,Baby Care,350
412,2025-04-30,G14,Baby Diapers,Baby Care,1200
412,2025-04-30,G02,Butter,Dairy,180
413,2025-06-18,G18,Rice 2kg,Pantry,250
413,2025-06-18,G19,Cooking Oil 1L,Pantry,300
413,2025-06-18,G20,Onions 1kg,Produce,80
414,2025-02-12,G07,Sugar 1kg,Pantry,150
414,2025-02-12,G16,Baby Wipes,Baby Care,350
414,2025-02-12,G04,Eggs (Tray),Dairy,350
415,2025-03-19,G06,Tea Leaves,Beverages,200
415,2025-03-19,G02,Butter,Dairy,180
415,2025-03-19,G10,Parmesan Cheese,Dairy,400
416,2025-03-09,G16,Baby Wipes,Baby Care,350
416,2025-03-09,G14,Baby Diapers,Baby Care,1200
416,2025-03-09,G17,Baby Formula,Baby Care,1500
417,2025-04-13,G01,White Bread,Bakery,60
417,2025-04-13,G02,Butter,Dairy,180
417,2025-04-13,G03,Milk 1L,Dairy,120
417,2025-04-13,G07,Sugar 1kg,Pantry,150
418,2025-01-31,G18,Rice 2kg,Pantry,250
418,2025-01-31,G19,Cooking Oil 1L,Pantry,300
418,2025-01-31,G20,Onions 1kg,Produce,80
419,2025-01-11,G14,Baby Diapers,Baby Care,1200
419,2025-01-11,G15,Beer (6-Pack),Alcohol,800
420,2025-03-28,G14,Baby Diapers,Baby Care,1200
421,2025-02-26,G20,Onions 1kg,Produce,80
422,2025-03-18,G16,Baby Wipes,Baby Care,350
422,2025-03-18,G14,Baby Diapers,Baby Care,1200
423,2025-05-12,G16,Baby Wipes,Baby Care,350
423,2025-05-12,G14,Baby Diapers,Baby Care,1200
424,2025-03-07,G05,Coffee,Beverages,450
424,2025-03-07,G07,Sugar 1kg,Pantry,150
425,2025-04-17,G05,Coffee,Beverages,450
425,2025-04-17,G07,Sugar 1kg,Pantry,150
426,2025-04-03,G08,Pasta,Pantry,120
426,2025-04-03,G09,Tomato Sauce,Pantry,90
426,2025-04-03,G10,Parmesan Cheese,Dairy,400
427,2025-05-08,G16,Baby Wipes,Baby Care,350
427,2025-05-08,G14,Baby Diapers,Baby Care,1200
428,2025-03-18,G09,Tomato Sauce,Pantry,90
428,2025-03-18,G02,Butter,Dairy,180
428,2025-03-18,G06,Tea Leaves,Beverages,200
429,2025-02-05,G18,Rice 2kg,Pantry,250
429,2025-02-05,G13,Soda 2L,Beverages,150
429,2025-02-05,G04,Eggs (Tray),Dairy,350
430,2025-03-06,G04,Eggs (Tray),Dairy,350
431,2025-04-06,G14,Baby Diapers,Baby Care,1200
431,2025-04-06,G15,Beer (6-Pack),Alcohol,800
432,2025-06-20,G03,Milk 1L,Dairy,120
433,2025-02-26,G14,Baby Diapers,Baby Care,1200
433,2025-02-26,G15,Beer (6-Pack),Alcohol,800
434,2025-06-20,G08,Pasta,Pantry,120
434,2025-06-20,G09,Tomato Sauce,Pantry,90
434,2025-06-20,G10,Parmesan Cheese,Dairy,400
435,2025-06-28,G05,Coffee,Beverages,450
435,2025-06-28,G07,Sugar 1kg,Pantry,150
436,2025-05-15,G08,Pasta,Pantry,120
436,2025-05-15,G09,Tomato Sauce,Pantry,90
436,2025-05-15,G10,Parmesan Cheese,Dairy,400
437,2025-06-13,G18,Rice 2kg,Pantry,250
437,2025-06-13,G19,Cooking Oil 1L,Pantry,300
437,2025-06-13,G20,Onions 1kg,Produce,80
438,2025-02-19,G08,Pasta,Pantry,120
438,2025-02-19,G09,Tomato Sauce,Pantry,90
438,2025-02-19,G10,Parmesan Cheese,Dairy,400
439,2025-04-20,G05,Coffee,Beverages,450
439,2025-04-20,G08,Pasta,Pantry,120
439,2025-04-20,G09,Tomato Sauce,Pantry,90
440,2025-06-06,G18,Rice 2kg,Pantry,250
440,2025-06-06,G19,Cooking Oil 1L,Pantry,300
440,2025-06-06,G20,Onions 1kg,Produce,80
441,2025-06-15,G17,Baby Formula,Baby Care,1500
442,2025-01-12,G01,White Bread,Bakery,60
442,2025-01-12,G13,Soda 2L,Beverages,150
442,2025-01-12,G11,Potato Chips,Snacks,150
442,2025-01-12,G19,Cooking Oil 1L,Pantry,300
443,2025-04-25,G14,Baby Diapers,Baby Care,1200
443,2025-04-25,G15,Beer (6-Pack),Alcohol,800
444,2025-01-02,G14,Baby Diapers,Baby Care,1200
444,2025-01-02,G15,Beer (6-Pack),Alcohol,800
445,2025-05-03,G19,Cooking Oil 1L,Pantry,300
445,2025-05-03,G15,Beer (6-Pack),Alcohol,800
445,2025-05-03,G13,Soda 2L,Beverages,150
446,2025-03-30,G14,Baby Diapers,Baby Care,1200
446,2025-03-30,G15,Beer (6-Pack),Alcohol,800
447,2025-05-28,G19,Cooking Oil 1L,Pantry,300
447,2025-05-28,G20,Onions 1kg,Produce,80
447,2025-05-28,G12,Salsa Dip,Snacks,200
448,2025-01-04,G15,Beer (6-Pack),Alcohol,800
448,2025-01-04,G12,Salsa Dip,Snacks,200
448,2025-01-04,G09,Tomato Sauce,Pantry,90
448,2025-01-04,G04,Eggs (Tray),Dairy,350
449,2025-04-14,G18,Rice 2kg,Pantry,250
449,2025-04-14,G19,Cooking Oil 1L,Pantry,300
449,2025-04-14,G20,Onions 1kg,Produce,80
450,2025-05-12,G02,Butter,Dairy,180
451,2025-03-23,G17,Baby Formula,Baby Care,1500
451,2025-03-23,G01,White Bread,Bakery,60
451,2025-03-23,G06,Tea Leaves,Beverages,200
451,2025-03-23,G13,Soda 2L,Beverages,150
452,2025-04-14,G14,Baby Diapers,Baby Care,1200
452,2025-04-14,G15,Beer (6-Pack),Alcohol,800
453,2025-04-05,G16,Baby Wipes,Baby Care,350
453,2025-04-05,G14,Baby Diapers,Baby Care,1200
454,2025-03-31,G08,Pasta,Pantry,120
454,2025-03-31,G09,Tomato Sauce,Pantry,90
454,2025-03-31,G10,Parmesan Cheese,Dairy,400
455,2025-02-17,G06,Tea Leaves,Beverages,200
455,2025-02-17,G08,Pasta,Pantry,120
455,2025-02-17,G05,Coffee,Beverages,450
456,2025-03-08,G12,Salsa Dip,Snacks,200
456,2025-03-08,G15,Beer (6-Pack),Alcohol,800
457,2025-03-25,G16,Baby Wipes,Baby Care,350
457,2025-03-25,G14,Baby Diapers,Baby Care,1200
458,2025-05-28,G05,Coffee,Beverages,450
458,2025-05-28,G07,Sugar 1kg,Pantry,150
459,2025-03-27,G16,Baby Wipes,Baby Care,350
459,2025-03-27,G14,Baby Diapers,Baby Care,1200
459,2025-03-27,G17,Baby Formula,Baby Care,1500
460,2025-05-24,G14,Baby Diapers,Baby Care,1200
460,2025-05-24,G15,Beer (6-Pack),Alcohol,800
461,2025-06-25,G18,Rice 2kg,Pantry,250
461,2025-06-25,G19,Cooking Oil 1L,Pantry,300
461,2025-06-25,G20,Onions 1kg,Produce,80
462,2025-04-29,G12,Salsa Dip,Snacks,200
463,2025-03-01,G08,Pasta,Pantry,120
463,2025-03-01,G05,Coffee,Beverages,450
463,2025-03-01,G03,Milk 1L,Dairy,120
464,2025-02-09,G14,Baby Diapers,Baby Care,1200
464,2025-02-09,G13,Soda 2L,Beverages,150
464,2025-02-09,G05,Coffee,Beverages,450
464,2025-02-09,G04,Eggs (Tray),Dairy,350
465,2025-01-26,G12,Salsa Dip,Snacks,200
465,2025-01-26,G08,Pasta,Pantry,120
466,2025-01-17,G13,Soda 2L,Beverages,150
466,2025-01-17,G14,Baby Diapers,Baby Care,1200
466,2025-01-17,G17,Baby Formula,Baby Care,1500
466,2025-01-17,G19,Cooking Oil 1L,Pantry,300
467,2025-02-06,G07,Sugar 1kg,Pantry,150
467,2025-02-06,G04,Eggs (Tray),Dairy,350
467,2025-02-06,G10,Parmesan Cheese,Dairy,400
468,2025-03-12,G02,Butter,Dairy,180
468,2025-03-12,G13,Soda 2L,Beverages,150
468,2025-03-12,G11,Potato Chips,Snacks,150
469,2025-03-10,G01,White Bread,Bakery,60
469,2025-03-10,G02,Butter,Dairy,180
469,2025-03-10,G03,Milk 1L,Dairy,120
469,2025-03-10,G04,Eggs (Tray),Dairy,350
470,2025-03-08,G03,Milk 1L,Dairy,120
471,2025-04-17,G05,Coffee,Beverages,450
471,2025-04-17,G07,Sugar 1kg,Pantry,150
472,2025-02-25,G11,Potato Chips,Snacks,150
472,2025-02-25,G12,Salsa Dip,Snacks,200
473,2025-01-08,G18,Rice 2kg,Pantry,250
473,2025-01-08,G19,Cooking Oil 1L,Pantry,300
473,2025-01-08,G20,Onions 1kg,Produce,80
474,2025-06-12,G09,Tomato Sauce,Pantry,90
474,2025-06-12,G05,Coffee,Beverages,450
475,2025-06-22,G18,Rice 2kg,Pantry,250
476,2025-03-19,G14,Baby Diapers,Baby Care,1200
477,2025-04-06,G08,Pasta,Pantry,120
477,2025-04-06,G09,Tomato Sauce,Pantry,90
477,2025-04-06,G10,Parmesan Cheese,Dairy,400
478,2025-05-13,G16,Baby Wipes,Baby Care,350
479,2025-02-25,G08,Pasta,Pantry,120
479,2025-02-25,G09,Tomato Sauce,Pantry,90
479,2025-02-25,G10,Parmesan Cheese,Dairy,400
480,2025-03-06,G17,Baby Formula,Baby Care,1500
480,2025-03-06,G05,Coffee,Beverages,450
481,2025-02-02,G01,White Bread,Bakery,60
481,2025-02-02,G02,Butter,Dairy,180
481,2025-02-02,G03,Milk 1L,Dairy,120
482,2025-05-17,G08,Pasta,Pantry,120
482,2025-05-17,G09,Tomato Sauce,Pantry,90
483,2025-03-07,G14,Baby Diapers,Baby Care,1200
483,2025-03-07,G15,Beer (6-Pack),Alcohol,800
484,2025-04-03,G08,Pasta,Pantry,120
484,2025-04-03,G09,Tomato Sauce,Pantry,90
484,2025-04-03,G10,Parmesan Cheese,Dairy,400
485,2025-05-15,G15,Beer (6-Pack),Alcohol,800
485,2025-05-15,G05,Coffee,Beverages,450
486,2025-06-16,G16,Baby Wipes,Baby Care,350
486,2025-06-16,G14,Baby Diapers,Baby Care,1200
486,2025-06-16,G17,Baby Formula,Baby Care,1500
487,2025-02-08,G12,Salsa Dip,Snacks,200
488,2025-05-19,G01,White Bread,Bakery,60
489,2025-05-31,G19,Cooking Oil 1L,Pantry,300
490,2025-06-22,G08,Pasta,Pantry,120
490,2025-06-22,G09,Tomato Sauce,Pantry,90
490,2025-06-22,G10,Parmesan Cheese,Dairy,400
491,2025-03-03,G07,Sugar 1kg,Pantry,150
492,2025-05-11,G14,Baby Diapers,Baby Care,1200
492,2025-05-11,G15,Beer (6-Pack),Alcohol,800
493,2025-04-01,G05,Coffee,Beverages,450
494,2025-03-28,G05,Coffee,Beverages,450
494,2025-03-28,G07,Sugar 1kg,Pantry,150
495,2025-01-18,G18,Rice 2kg,Pantry,250
495,2025-01-18,G19,Cooking Oil 1L,Pantry,300
495,2025-01-18,G20,Onions 1kg,Produce,80
496,2025-04-11,G16,Baby Wipes,Baby Care,350
496,2025-04-11,G12,Salsa Dip,Snacks,200
496,2025-04-11,G05,Coffee,Beverages,450
497,2025-06-14,G18,Rice 2kg,Pantry,250
497,2025-06-14,G19,Cooking Oil 1L,Pantry,300
497,2025-06-14,G20,Onions 1kg,Produce,80
497,2025-06-14,G15,Beer (6-Pack),Alcohol,800
498,2025-01-01,G14,Baby Diapers,Baby Care,1200
498,2025-01-01,G15,Beer (6-Pack),Alcohol,800
499,2025-02-27,G08,Pasta,Pantry,120
499,2025-02-27,G09,Tomato Sauce,Pantry,90
499,2025-02-27,G10,Parmesan Cheese,Dairy,400
500,2025-04-15,G18,Rice 2kg,Pantry,250
500,2025-04-15,G19,Cooking Oil 1L,Pantry,300
500,2025-04-15,G20,Onions 1kg,Produce,80
501,2025-02-11,G11,Potato Chips,Snacks,150
501,2025-02-11,G12,Salsa Dip,Snacks,200
501,2025-02-11,G13,Soda 2L,Beverages,150
502,2025-02-26,G16,Baby Wipes,Baby Care,350
502,2025-02-26,G14,Baby Diapers,Baby Care,1200
502,2025-02-26,G17,Baby Formula,Baby Care,1500
502,2025-02-26,G18,Rice 2kg,Pantry,250
503,2025-06-29,G02,Butter,Dairy,180
504,2025-04-18,G15,Beer (6-Pack),Alcohol,800
504,2025-04-18,G16,Baby Wipes,Baby Care,350
504,2025-04-18,G19,Cooking Oil 1L,Pantry,300
504,2025-04-18,G02,Butter,Dairy,180
505,2025-03-23,G01,White Bread,Bakery,60
505,2025-03-23,G02,Butter,Dairy,180
505,2025-03-23,G03,Milk 1L,Dairy,120
506,2025-06-16,G18,Rice 2kg,Pantry,250
506,2025-06-16,G09,Tomato Sauce,Pantry,90
507,2025-06-28,G17,Baby Formula,Baby Care,1500
507,2025-06-28,G09,Tomato Sauce,Pantry,90
507,2025-06-28,G12,Salsa Dip,Snacks,200
508,2025-02-15,G07,Sugar 1kg,Pantry,150
508,2025-02-15,G04,Eggs (Tray),Dairy,350
508,2025-02-15,G11,Potato Chips,Snacks,150
509,2025-01-30,G12,Salsa Dip,Snacks,200
509,2025-01-30,G01,White Bread,Bakery,60
509,2025-01-30,G08,Pasta,Pantry,120
510,2025-02-09,G08,Pasta,Pantry,120
510,2025-02-09,G07,Sugar 1kg,Pantry,150
510,2025-02-09,G19,Cooking Oil 1L,Pantry,300
511,2025-01-09,G06,Tea Leaves,Beverages,200
512,2025-05-16,G17,Baby Formula,Baby Care,1500
512,2025-05-16,G18,Rice 2kg,Pantry,250
512,2025-05-16,G11,Potato Chips,Snacks,150
512,2025-05-16,G20,Onions 1kg,Produce,80
513,2025-05-06,G05,Coffee,Beverages,450
513,2025-05-06,G07,Sugar 1kg,Pantry,150
514,2025-04-07,G11,Potato Chips,Snacks,150
515,2025-04-05,G16,Baby Wipes,Baby Care,350
515,2025-04-05,G14,Baby Diapers,Baby Care,1200
516,2025-05-26,G01,White Bread,Bakery,60
516,2025-05-26,G02,Butter,Dairy,180
516,2025-05-26,G03,Milk 1L,Dairy,120
516,2025-05-26,G04,Eggs (Tray),Dairy,350
517,2025-06-27,G04,Eggs (Tray),Dairy,350
518,2025-05-05,G05,Coffee,Beverages,450
518,2025-05-05,G07,Sugar 1kg,Pantry,150
519,2025-06-09,G14,Baby Diapers,Baby Care,1200
519,2025-06-09,G05,Coffee,Beverages,450
520,2025-03-29,G18,Rice 2kg,Pantry,250
520,2025-03-29,G19,Cooking Oil 1L,Pantry,300
520,2025-03-29,G20,Onions 1kg,Produce,80
520,2025-03-29,G08,Pasta,Pantry,120
521,2025-06-12,G01,White Bread,Bakery,60
522,2025-06-20,G19,Cooking Oil 1L,Pantry,300
522,2025-06-20,G14,Baby Diapers,Baby Care,1200
523,2025-03-30,G18,Rice 2kg,Pantry,250
523,2025-03-30,G19,Cooking Oil 1L,Pantry,300
523,2025-03-30,G20,Onions 1kg,Produce,80
524,2025-02-24,G19,Cooking Oil 1L,Pantry,300
525,2025-06-07,G14,Baby Diapers,Baby Care,1200
525,2025-06-07,G15,Beer (6-Pack),Alcohol,800
526,2025-06-24,G18,Rice 2kg,Pantry,250
526,2025-06-24,G19,Cooking Oil 1L,Pantry,300
526,2025-06-24,G20,Onions 1kg,Produce,80
527,2025-05-11,G05,Coffee,Beverages,450
528,2025-04-03,G11,Potato Chips,Snacks,150
528,2025-04-03,G13,Soda 2L,Beverages,150
528,2025-04-03,G05,Coffee,Beverages,450
528,2025-04-03,G06,Tea Leaves,Beverages,200
529,2025-03-28,G13,Soda 2L,Beverages,150
529,2025-03-28,G15,Beer (6-Pack),Alcohol,800
529,2025-03-28,G19,Cooking Oil 1L,Pantry,300
529,2025-03-28,G14,Baby Diapers,Baby Care,1200
530,2025-02-06,G11,Potato Chips,Snacks,150
531,2025-02-14,G17,Baby Formula,Baby Care,1500
532,2025-01-24,G11,Potato Chips,Snacks,150
532,2025-01-24,G14,Baby Diapers,Baby Care,1200
533,2025-06-24,G18,Rice 2kg,Pantry,250
533,2025-06-24,G19,Cooking Oil 1L,Pantry,300
533,2025-06-24,G20,Onions 1kg,Produce,80
534,2025-03-22,G14,Baby Diapers,Baby Care,1200
534,2025-03-22,G15,Beer (6-Pack),Alcohol,800
535,2025-02-17,G18,Rice 2kg,Pantry,250
535,2025-02-17,G19,Cooking Oil 1L,Pantry,300
535,2025-02-17,G20,Onions 1kg,Produce,80
535,2025-02-17,G12,Salsa Dip,Snacks,200
536,2025-04-21,G07,Sugar 1kg,Pantry,150
536,2025-04-21,G05,Coffee,Beverages,450
537,2025-02-14,G08,Pasta,Pantry,120
537,2025-02-14,G18,Rice 2kg,Pantry,250
537,2025-02-14,G02,Butter,Dairy,180
537,2025-02-14,G09,Tomato Sauce,Pantry,90
538,2025-06-29,G05,Coffee,Beverages,450
538,2025-06-29,G07,Sugar 1kg,Pantry,150
539,2025-02-23,G16,Baby Wipes,Baby Care,350
539,2025-02-23,G14,Baby Diapers,Baby Care,1200
540,2025-06-19,G16,Baby Wipes,Baby Care,350
540,2025-06-19,G14,Baby Diapers,Baby Care,1200
541,2025-06-18,G12,Salsa Dip,Snacks,200
541,2025-06-18,G16,Baby Wipes,Baby Care,350
542,2025-06-15,G12,Salsa Dip,Snacks,200
542,2025-06-15,G20,Onions 1kg,Produce,80
542,2025-06-15,G18,Rice 2kg,Pantry,250
542,2025-06-15,G14,Baby Diapers,Baby Care,1200
543,2025-03-18,G12,Salsa Dip,Snacks,200
543,2025-03-18,G20,Onions 1kg,Produce,80
544,2025-01-18,G11,Potato Chips,Snacks,150
545,2025-03-20,G08,Pasta,Pantry,120
545,2025-03-20,G01,White Bread,Bakery,60
545,2025-03-20,G18,Rice 2kg,Pantry,250
545,2025-03-20,G19,Cooking Oil 1L,Pantry,300
546,2025-01-28,G11,Potato Chips,Snacks,150
547,2025-03-08,G14,Baby Diapers,Baby Care,1200
547,2025-03-08,G15,Beer (6-Pack),Alcohol,800
548,2025-03-01,G01,White Bread,Bakery,60
548,2025-03-01,G11,Potato Chips,Snacks,150
549,2025-06-30,G14,Baby Diapers,Baby Care,1200
549,2025-06-30,G15,Beer (6-Pack),Alcohol,800
550,2025-02-01,G08,Pasta,Pantry,120
551,2025-01-23,G16,Baby Wipes,Baby Care,350
551,2025-01-23,G14,Baby Diapers,Baby Care,1200
552,2025-02-23,G13,Soda 2L,Beverages,150
552,2025-02-23,G04,Eggs (Tray),Dairy,350
553,2025-06-24,G13,Soda 2L,Beverages,150
554,2025-05-03,G17,Baby Formula,Baby Care,1500
554,2025-05-03,G13,Soda 2L,Beverages,150
554,2025-05-03,G12,Salsa Dip,Snacks,200
555,2025-01-13,G07,Sugar 1kg,Pantry,150
556,2025-06-04,G01,White Bread,Bakery,60
556,2025-06-04,G02,Butter,Dairy,180
556,2025-06-04,G03,Milk 1L,Dairy,120
556,2025-06-04,G11,Potato Chips,Snacks,150
557,2025-06-30,G18,Rice 2kg,Pantry,250
557,2025-06-30,G16,Baby Wipes,Baby Care,350
558,2025-06-12,G01,White Bread,Bakery,60
558,2025-06-12,G17,Baby Formula,Baby Care,1500
558,2025-06-12,G10,Parmesan Cheese,Dairy,400
558,2025-06-12,G07,Sugar 1kg,Pantry,150
559,2025-03-24,G05,Coffee,Beverages,450
559,2025-03-24,G07,Sugar 1kg,Pantry,150
560,2025-06-11,G14,Baby Diapers,Baby Care,1200
560,2025-06-11,G15,Beer (6-Pack),Alcohol,800
561,2025-06-18,G12,Salsa Dip,Snacks,200
561,2025-06-18,G14,Baby Diapers,Baby Care,1200
562,2025-06-17,G08,Pasta,Pantry,120
563,2025-06-15,G05,Coffee,Beverages,450
563,2025-06-15,G07,Sugar 1kg,Pantry,150
563,2025-06-15,G03,Milk 1L,Dairy,120
564,2025-06-13,G05,Coffee,Beverages,450
564,2025-06-13,G07,Sugar 1kg,Pantry,150
565,2025-06-04,G11,Potato Chips,Snacks,150
566,2025-04-26,G13,Soda 2L,Beverages,150
567,2025-01-22,G08,Pasta,Pantry,120
567,2025-01-22,G09,Tomato Sauce,Pantry,90
568,2025-03-09,G08,Pasta,Pantry,120
568,2025-03-09,G07,Sugar 1kg,Pantry,150
568,2025-03-09,G15,Beer (6-Pack),Alcohol,800
569,2025-02-02,G05,Coffee,Beverages,450
569,2025-02-02,G07,Sugar 1kg,Pantry,150
570,2025-04-01,G18,Rice 2kg,Pantry,250
570,2025-04-01,G19,Cooking Oil 1L,Pantry,300
570,2025-04-01,G20,Onions 1kg,Produce,80
571,2025-02-24,G17,Baby Formula,Baby Care,1500
572,2025-06-14,G05,Coffee,Beverages,450
572,2025-06-14,G02,Butter,Dairy,180
572,2025-06-14,G18,Rice 2kg,Pantry,250
573,2025-03-12,G18,Rice 2kg,Pantry,250
573,2025-03-12,G19,Cooking Oil 1L,Pantry,300
573,2025-03-12,G20,Onions 1kg,Produce,80
574,2025-05-15,G10,Parmesan Cheese,Dairy,400
574,2025-05-15,G17,Baby Formula,Baby Care,1500
574,2025-05-15,G01,White Bread,Bakery,60
575,2025-02-12,G04,Eggs (Tray),Dairy,350
575,2025-02-12,G19,Cooking Oil 1L,Pantry,300
576,2025-06-30,G16,Baby Wipes,Baby Care,350
576,2025-06-30,G14,Baby Diapers,Baby Care,1200
577,2025-06-12,G03,Milk 1L,Dairy,120
577,2025-06-12,G06,Tea Leaves,Beverages,200
577,2025-06-12,G07,Sugar 1kg,Pantry,150
577,2025-06-12,G10,Parmesan Cheese,Dairy,400
578,2025-03-28,G12,Salsa Dip,Snacks,200
578,2025-03-28,G18,Rice 2kg,Pantry,250
578,2025-03-28,G20,Onions 1kg,Produce,80
579,2025-06-27,G15,Beer (6-Pack),Alcohol,800
579,2025-06-27,G07,Sugar 1kg,Pantry,150
579,2025-06-27,G20,Onions 1kg,Produce,80
580,2025-02-07,G20,Onions 1kg,Produce,80
581,2025-02-21,G13,Soda 2L,Beverages,150
581,2025-02-21,G11,Potato Chips,Snacks,150
582,2025-04-18,G08,Pasta,Pantry,120
582,2025-04-18,G09,Tomato Sauce,Pantry,90
582,2025-04-18,G15,Beer (6-Pack),Alcohol,800
582,2025-04-18,G18,Rice 2kg,Pantry,250
583,2025-05-21,G06,Tea Leaves,Beverages,200
583,2025-05-21,G07,Sugar 1kg,Pantry,150
583,2025-05-21,G10,Parmesan Cheese,Dairy,400
583,2025-05-21,G17,Baby Formula,Baby Care,1500
584,2025-04-05,G14,Baby Diapers,Baby Care,1200
584,2025-04-05,G15,Beer (6-Pack),Alcohol,800
585,2025-01-19,G16,Baby Wipes,Baby Care,350
585,2025-01-19,G14,Baby Diapers,Baby Care,1200
586,2025-03-20,G05,Coffee,Beverages,450
587,2025-02-22,G17,Baby Formula,Baby Care,1500
587,2025-02-22,G18,Rice 2kg,Pantry,250
587,2025-02-22,G03,Milk 1L,Dairy,120
587,2025-02-22,G01,White Bread,Bakery,60
588,2025-04-07,G19,Cooking Oil 1L,Pantry,300
589,2025-02-09,G18,Rice 2kg,Pantry,250
589,2025-02-09,G19,Cooking Oil 1L,Pantry,300
589,2025-02-09,G20,Onions 1kg,Produce,80
590,2025-01-12,G02,Butter,Dairy,180
590,2025-01-12,G03,Milk 1L,Dairy,120
590,2025-01-12,G01,White Bread,Bakery,60
590,2025-01-12,G11,Potato Chips,Snacks,150
591,2025-06-14,G01,White Bread,Bakery,60
592,2025-05-02,G19,Cooking Oil 1L,Pantry,300
593,2025-05-17,G01,White Bread,Bakery,60
593,2025-05-17,G02,Butter,Dairy,180
593,2025-05-17,G03,Milk 1L,Dairy,120
593,2025-05-17,G04,Eggs (Tray),Dairy,350
593,2025-05-17,G14,Baby Diapers,Baby Care,1200
594,2025-03-19,G18,Rice 2kg,Pantry,250
594,2025-03-19,G19,Cooking Oil 1L,Pantry,300
594,2025-03-19,G20,Onions 1kg,Produce,80
595,2025-04-09,G12,Salsa Dip,Snacks,200
596,2025-04-23,G04,Eggs (Tray),Dairy,350
596,2025-04-23,G03,Milk 1L,Dairy,120
597,2025-04-30,G11,Potato Chips,Snacks,150
598,2025-05-28,G11,Potato Chips,Snacks,150
598,2025-05-28,G12,Salsa Dip,Snacks,200
599,2025-04-15,G01,White Bread,Bakery,60
599,2025-04-15,G02,Butter,Dairy,180
599,2025-04-15,G03,Milk 1L,Dairy,120
600,2025-03-19,G11,Potato Chips,Snacks,150
601,2025-06-07,G05,Coffee,Beverages,450
601,2025-06-07,G04,Eggs (Tray),Dairy,350
601,2025-06-07,G06,Tea Leaves,Beverages,200
601,2025-06-07,G01,White Bread,Bakery,60
602,2025-01-08,G11,Potato Chips,Snacks,150
602,2025-01-08,G12,Salsa Dip,Snacks,200
603,2025-05-12,G14,Baby Diapers,Baby Care,1200
603,2025-05-12,G15,Beer (6-Pack),Alcohol,800
604,2025-02-12,G01,White Bread,Bakery,60
604,2025-02-12,G02,Butter,Dairy,180
604,2025-02-12,G03,Milk 1L,Dairy,120
604,2025-02-12,G04,Eggs (Tray),Dairy,350
605,2025-05-01,G14,Baby Diapers,Baby Care,1200
605,2025-05-01,G15,Beer (6-Pack),Alcohol,800
606,2025-06-16,G18,Rice 2kg,Pantry,250
607,2025-03-08,G10,Parmesan Cheese,Dairy,400
608,2025-04-28,G18,Rice 2kg,Pantry,250
608,2025-04-28,G19,Cooking Oil 1L,Pantry,300
608,2025-04-28,G20,Onions 1kg,Produce,80
609,2025-06-16,G09,Tomato Sauce,Pantry,90
610,2025-03-13,G05,Coffee,Beverages,450
611,2025-03-08,G14,Baby Diapers,Baby Care,1200
611,2025-03-08,G15,Beer (6-Pack),Alcohol,800
612,2025-04-10,G19,Cooking Oil 1L,Pantry,300
613,2025-05-11,G06,Tea Leaves,Beverages,200
614,2025-02-23,G05,Coffee,Beverages,450
614,2025-02-23,G18,Rice 2kg,Pantry,250
615,2025-01-27,G19,Cooking Oil 1L,Pantry,300
616,2025-05-17,G05,Coffee,Beverages,450
616,2025-05-17,G07,Sugar 1kg,Pantry,150
617,2025-02-28,G07,Sugar 1kg,Pantry,150
617,2025-02-28,G10,Parmesan Cheese,Dairy,400
618,2025-06-10,G15,Beer (6-Pack),Alcohol,800
618,2025-06-10,G09,Tomato Sauce,Pantry,90
618,2025-06-10,G04,Eggs (Tray),Dairy,350
619,2025-06-30,G05,Coffee,Beverages,450
619,2025-06-30,G07,Sugar 1kg,Pantry,150
620,2025-03-20,G14,Baby Diapers,Baby Care,1200
620,2025-03-20,G15,Beer (6-Pack),Alcohol,800
621,2025-01-28,G19,Cooking Oil 1L,Pantry,300
621,2025-01-28,G12,Salsa Dip,Snacks,200
621,2025-01-28,G20,Onions 1kg,Produce,80
621,2025-01-28,G10,Parmesan Cheese,Dairy,400
622,2025-05-21,G16,Baby Wipes,Baby Care,350
622,2025-05-21,G14,Baby Diapers,Baby Care,1200
623,2025-01-23,G02,Butter,Dairy,180
623,2025-01-23,G18,Rice 2kg,Pantry,250
623,2025-01-23,G10,Parmesan Cheese,Dairy,400
624,2025-03-21,G18,Rice 2kg,Pantry,250
624,2025-03-21,G19,Cooking Oil 1L,Pantry,300
624,2025-03-21,G20,Onions 1kg,Produce,80
625,2025-03-05,G17,Baby Formula,Baby Care,1500
626,2025-02-13,G18,Rice 2kg,Pantry,250
626,2025-02-13,G19,Cooking Oil 1L,Pantry,300
626,2025-02-13,G20,Onions 1kg,Produce,80
627,2025-06-03,G01,White Bread,Bakery,60
627,2025-06-03,G02,Butter,Dairy,180
627,2025-06-03,G03,Milk 1L,Dairy,120
628,2025-04-21,G16,Baby Wipes,Baby Care,350
628,2025-04-21,G14,Baby Diapers,Baby Care,1200
629,2025-06-24,G14,Baby Diapers,Baby Care,1200
629,2025-06-24,G15,Beer (6-Pack),Alcohol,800
630,2025-06-29,G05,Coffee,Beverages,450
630,2025-06-29,G07,Sugar 1kg,Pantry,150
631,2025-03-29,G16,Baby Wipes,Baby Care,350
631,2025-03-29,G14,Baby Diapers,Baby Care,1200
632,2025-05-20,G16,Baby Wipes,Baby Care,350
632,2025-05-20,G10,Parmesan Cheese,Dairy,400
632,2025-05-20,G11,Potato Chips,Snacks,150
632,2025-05-20,G17,Baby Formula,Baby Care,1500
633,2025-01-15,G13,Soda 2L,Beverages,150
633,2025-01-15,G05,Coffee,Beverages,450
633,2025-01-15,G09,Tomato Sauce,Pantry,90
633,2025-01-15,G06,Tea Leaves,Beverages,200
634,2025-06-04,G11,Potato Chips,Snacks,150
635,2025-01-24,G18,Rice 2kg,Pantry,250
635,2025-01-24,G19,Cooking Oil 1L,Pantry,300
635,2025-01-24,G20,Onions 1kg,Produce,80
636,2025-06-03,G18,Rice 2kg,Pantry,250
636,2025-06-03,G19,Cooking Oil 1L,Pantry,300
636,2025-06-03,G20,Onions 1kg,Produce,80
637,2025-04-25,G08,Pasta,Pantry,120
637,2025-04-25,G02,Butter,Dairy,180
637,2025-04-25,G16,Baby Wipes,Baby Care,350
638,2025-05-02,G11,Potato Chips,Snacks,150
638,2025-05-02,G02,Butter,Dairy,180
638,2025-05-02,G07,Sugar 1kg,Pantry,150
639,2025-04-11,G16,Baby Wipes,Baby Care,350
639,2025-04-11,G03,Milk 1L,Dairy,120
639,2025-04-11,G11,Potato Chips,Snacks,150
639,2025-04-11,G12,Salsa Dip,Snacks,200
640,2025-03-24,G11,Potato Chips,Snacks,150
640,2025-03-24,G12,Salsa Dip,Snacks,200
641,2025-02-08,G01,White Bread,Bakery,60
641,2025-02-08,G02,Butter,Dairy,180
641,2025-02-08,G03,Milk 1L,Dairy,120
641,2025-02-08,G04,Eggs (Tray),Dairy,350
642,2025-02-27,G05,Coffee,Beverages,450
642,2025-02-27,G07,Sugar 1kg,Pantry,150
643,2025-02-27,G08,Pasta,Pantry,120
643,2025-02-27,G09,Tomato Sauce,Pantry,90
643,2025-02-27,G10,Parmesan Cheese,Dairy,400
644,2025-03-09,G08,Pasta,Pantry,120
644,2025-03-09,G09,Tomato Sauce,Pantry,90
644,2025-03-09,G10,Parmesan Cheese,Dairy,400
645,2025-02-26,G16,Baby Wipes,Baby Care,350
645,2025-02-26,G14,Baby Diapers,Baby Care,1200
645,2025-02-26,G17,Baby Formula,Baby Care,1500
646,2025-01-10,G01,White Bread,Bakery,60
646,2025-01-10,G02,Butter,Dairy,180
646,2025-01-10,G03,Milk 1L,Dairy,120
647,2025-03-09,G14,Baby Diapers,Baby Care,1200
647,2025-03-09,G15,Beer (6-Pack),Alcohol,800
648,2025-06-12,G08,Pasta,Pantry,120
648,2025-06-12,G09,Tomato Sauce,Pantry,90
649,2025-06-24,G05,Coffee,Beverages,450
649,2025-06-24,G07,Sugar 1kg,Pantry,150
650,2025-03-05,G10,Parmesan Cheese,Dairy,400
650,2025-03-05,G06,Tea Leaves,Beverages,200
650,2025-03-05,G08,Pasta,Pantry,120
651,2025-05-18,G15,Beer (6-Pack),Alcohol,800
652,2025-06-24,G13,Soda 2L,Beverages,150
652,2025-06-24,G05,Coffee,Beverages,450
652,2025-06-24,G12,Salsa Dip,Snacks,200
652,2025-06-24,G18,Rice 2kg,Pantry,250
653,2025-04-10,G18,Rice 2kg,Pantry,250
653,2025-04-10,G04,Eggs (Tray),Dairy,350
653,2025-04-10,G17,Baby Formula,Baby Care,1500
654,2025-06-30,G05,Coffee,Beverages,450
654,2025-06-30,G06,Tea Leaves,Beverages,200
654,2025-06-30,G17,Baby Formula,Baby Care,1500
655,2025-05-23,G11,Potato Chips,Snacks,150
655,2025-05-23,G12,Salsa Dip,Snacks,200
656,2025-02-28,G19,Cooking Oil 1L,Pantry,300
656,2025-02-28,G07,Sugar 1kg,Pantry,150
656,2025-02-28,G09,Tomato Sauce,Pantry,90
656,2025-02-28,G13,Soda 2L,Beverages,150
657,2025-04-19,G12,Salsa Dip,Snacks,200
657,2025-04-19,G15,Beer (6-Pack),Alcohol,800
657,2025-04-19,G18,Rice 2kg,Pantry,250
657,2025-04-19,G16,Baby Wipes,Baby Care,350
658,2025-06-10,G05,Coffee,Beverages,450
658,2025-06-10,G07,Sugar 1kg,Pantry,150
659,2025-02-10,G05,Coffee,Beverages,450
659,2025-02-10,G07,Sugar 1kg,Pantry,150
659,2025-02-10,G08,Pasta,Pantry,120
660,2025-06-18,G11,Potato Chips,Snacks,150
660,2025-06-18,G12,Salsa Dip,Snacks,200
661,2025-03-21,G17,Baby Formula,Baby Care,1500
662,2025-06-21,G08,Pasta,Pantry,120
662,2025-06-21,G09,Tomato Sauce,Pantry,90
663,2025-01-16,G01,White Bread,Bakery,60
663,2025-01-16,G02,Butter,Dairy,180
663,2025-01-16,G03,Milk 1L,Dairy,120
664,2025-04-26,G20,Onions 1kg,Produce,80
664,2025-04-26,G14,Baby Diapers,Baby Care,1200
664,2025-04-26,G15,Beer (6-Pack),Alcohol,800
664,2025-04-26,G05,Coffee,Beverages,450
665,2025-02-05,G08,Pasta,Pantry,120
665,2025-02-05,G09,Tomato Sauce,Pantry,90
665,2025-02-05,G10,Parmesan Cheese,Dairy,400
666,2025-06-08,G02,Butter,Dairy,180
666,2025-06-08,G13,Soda 2L,Beverages,150
667,2025-03-07,G11,Potato Chips,Snacks,150
667,2025-03-07,G02,Butter,Dairy,180
667,2025-03-07,G01,White Bread,Bakery,60
668,2025-01-14,G16,Baby Wipes,Baby Care,350
668,2025-01-14,G14,Baby Diapers,Baby Care,1200
668,2025-01-14,G17,Baby Formula,Baby Care,1500
669,2025-06-02,G11,Potato Chips,Snacks,150
669,2025-06-02,G12,Salsa Dip,Snacks,200
670,2025-02-25,G16,Baby Wipes,Baby Care,350
670,2025-02-25,G14,Baby Diapers,Baby Care,1200
670,2025-02-25,G17,Baby Formula,Baby Care,1500
671,2025-06-21,G08,Pasta,Pantry,120
671,2025-06-21,G09,Tomato Sauce,Pantry,90
672,2025-06-14,G16,Baby Wipes,Baby Care,350
672,2025-06-14,G12,Salsa Dip,Snacks,200
672,2025-06-14,G03,Milk 1L,Dairy,120
672,2025-06-14,G04,Eggs (Tray),Dairy,350
673,2025-06-13,G02,Butter,Dairy,180
673,2025-06-13,G04,Eggs (Tray),Dairy,350
673,2025-06-13,G09,Tomato Sauce,Pantry,90
673,2025-06-13,G20,Onions 1kg,Produce,80
674,2025-06-05,G16,Baby Wipes,Baby Care,350
674,2025-06-05,G14,Baby Diapers,Baby Care,1200
675,2025-01-14,G14,Baby Diapers,Baby Care,1200
675,2025-01-14,G15,Beer (6-Pack),Alcohol,800
675,2025-01-14,G20,Onions 1kg,Produce,80
676,2025-04-29,G13,Soda 2L,Beverages,150
676,2025-04-29,G18,Rice 2kg,Pantry,250
677,2025-05-22,G12,Salsa Dip,Snacks,200
677,2025-05-22,G18,Rice 2kg,Pantry,250
678,2025-03-16,G01,White Bread,Bakery,60
678,2025-03-16,G02,Butter,Dairy,180
678,2025-03-16,G03,Milk 1L,Dairy,120
679,2025-03-23,G07,Sugar 1kg,Pantry,150
680,2025-06-07,G01,White Bread,Bakery,60
680,2025-06-07,G13,Soda 2L,Beverages,150
680,2025-06-07,G11,Potato Chips,Snacks,150
680,2025-06-07,G18,Rice 2kg,Pantry,250
681,2025-01-31,G16,Baby Wipes,Baby Care,350
681,2025-01-31,G14,Baby Diapers,Baby Care,1200
682,2025-03-07,G07,Sugar 1kg,Pantry,150
682,2025-03-07,G11,Potato Chips,Snacks,150
682,2025-03-07,G13,Soda 2L,Beverages,150
683,2025-02-17,G16,Baby Wipes,Baby Care,350
683,2025-02-17,G14,Baby Diapers,Baby Care,1200
684,2025-01-13,G05,Coffee,Beverages,450
684,2025-01-13,G07,Sugar 1kg,Pantry,150
685,2025-04-05,G08,Pasta,Pantry,120
686,2025-01-30,G13,Soda 2L,Beverages,150
686,2025-01-30,G19,Cooking Oil 1L,Pantry,300
686,2025-01-30,G15,Beer (6-Pack),Alcohol,800
686,2025-01-30,G07,Sugar 1kg,Pantry,150
687,2025-05-23,G17,Baby Formula,Baby Care,1500
688,2025-05-19,G14,Baby Diapers,Baby Care,1200
688,2025-05-19,G15,Beer (6-Pack),Alcohol,800
689,2025-06-27,G12,Salsa Dip,Snacks,200
689,2025-06-27,G07,Sugar 1kg,Pantry,150
689,2025-06-27,G20,Onions 1kg,Produce,80
689,2025-06-27,G14,Baby Diapers,Baby Care,1200
690,2025-02-02,G16,Baby Wipes,Baby Care,350
690,2025-02-02,G14,Baby Diapers,Baby Care,1200
691,2025-02-07,G16,Baby Wipes,Baby Care,350
691,2025-02-07,G14,Baby Diapers,Baby Care,1200
691,2025-02-07,G13,Soda 2L,Beverages,150
692,2025-03-18,G11,Potato Chips,Snacks,150
692,2025-03-18,G12,Salsa Dip,Snacks,200
692,2025-03-18,G13,Soda 2L,Beverages,150
693,2025-02-24,G01,White Bread,Bakery,60
693,2025-02-24,G02,Butter,Dairy,180
693,2025-02-24,G03,Milk 1L,Dairy,120
693,2025-02-24,G04,Eggs (Tray),Dairy,350
694,2025-02-06,G13,Soda 2L,Beverages,150
694,2025-02-06,G05,Coffee,Beverages,450
694,2025-02-06,G18,Rice 2kg,Pantry,250
694,2025-02-06,G09,Tomato Sauce,Pantry,90
695,2025-02-02,G16,Baby Wipes,Baby Care,350
695,2025-02-02,G14,Baby Diapers,Baby Care,1200
696,2025-02-17,G05,Coffee,Beverages,450
697,2025-01-30,G08,Pasta,Pantry,120
697,2025-01-30,G09,Tomato Sauce,Pantry,90
697,2025-01-30,G10,Parmesan Cheese,Dairy,400
698,2025-06-14,G16,Baby Wipes,Baby Care,350
698,2025-06-14,G14,Baby Diapers,Baby Care,1200
699,2025-04-10,G18,Rice 2kg,Pantry,250
699,2025-04-10,G02,Butter,Dairy,180
699,2025-04-10,G09,Tomato Sauce,Pantry,90
699,2025-04-10,G10,Parmesan Cheese,Dairy,400
700,2025-05-05,G16,Baby Wipes,Baby Care,350
700,2025-05-05,G14,Baby Diapers,Baby Care,1200
701,2025-05-17,G08,Pasta,Pantry,120
701,2025-05-17,G09,Tomato Sauce,Pantry,90
701,2025-05-17,G10,Parmesan Cheese,Dairy,400
702,2025-03-28,G11,Potato Chips,Snacks,150
703,2025-06-10,G20,Onions 1kg,Produce,80
703,2025-06-10,G15,Beer (6-Pack),Alcohol,800
703,2025-06-10,G18,Rice 2kg,Pantry,250
703,2025-06-10,G10,Parmesan Cheese,Dairy,400
704,2025-04-02,G01,White Bread,Bakery,60
704,2025-04-02,G02,Butter,Dairy,180
704,2025-04-02,G03,Milk 1L,Dairy,120
704,2025-04-02,G12,Salsa Dip,Snacks,200
705,2025-03-15,G17,Baby Formula,Baby Care,1500
706,2025-03-20,G11,Potato Chips,Snacks,150
706,2025-03-20,G12,Salsa Dip,Snacks,200
706,2025-03-20,G03,Milk 1L,Dairy,120
707,2025-06-29,G19,Cooking Oil 1L,Pantry,300
707,2025-06-29,G10,Parmesan Cheese,Dairy,400
708,2025-06-16,G04,Eggs (Tray),Dairy,350
709,2025-05-09,G01,White Bread,Bakery,60
710,2025-06-29,G18,Rice 2kg,Pantry,250
710,2025-06-29,G20,Onions 1kg,Produce,80
710,2025-06-29,G13,Soda 2L,Beverages,150
711,2025-06-24,G08,Pasta,Pantry,120
711,2025-06-24,G09,Tomato Sauce,Pantry,90
711,2025-06-24,G10,Parmesan Cheese,Dairy,400
712,2025-06-12,G11,Potato Chips,Snacks,150
712,2025-06-12,G20,Onions 1kg,Produce,80
712,2025-06-12,G10,Parmesan Cheese,Dairy,400
712,2025-06-12,G13,Soda 2L,Beverages,150
713,2025-04-07,G14,Baby Diapers,Baby Care,1200
713,2025-04-07,G15,Beer (6-Pack),Alcohol,800
714,2025-04-12,G05,Coffee,Beverages,450
714,2025-04-12,G07,Sugar 1kg,Pantry,150
715,2025-05-10,G04,Eggs (Tray),Dairy,350
715,2025-05-10,G20,Onions 1kg,Produce,80
715,2025-05-10,G11,Potato Chips,Snacks,150
716,2025-01-23,G16,Baby Wipes,Baby Care,350
716,2025-01-23,G14,Baby Diapers,Baby Care,1200
716,2025-01-23,G17,Baby Formula,Baby Care,1500
717,2025-04-07,G15,Beer (6-Pack),Alcohol,800
717,2025-04-07,G16,Baby Wipes,Baby Care,350
717,2025-04-07,G13,Soda 2L,Beverages,150
717,2025-04-07,G17,Baby Formula,Baby Care,1500
718,2025-06-06,G07,Sugar 1kg,Pantry,150
718,2025-06-06,G01,White Bread,Bakery,60
718,2025-06-06,G10,Parmesan Cheese,Dairy,400
719,2025-03-03,G08,Pasta,Pantry,120
719,2025-03-03,G09,Tomato Sauce,Pantry,90
719,2025-03-03,G10,Parmesan Cheese,Dairy,400
719,2025-03-03,G16,Baby Wipes,Baby Care,350
720,2025-04-07,G05,Coffee,Beverages,450
720,2025-04-07,G07,Sugar 1kg,Pantry,150
721,2025-03-28,G16,Baby Wipes,Baby Care,350
721,2025-03-28,G14,Baby Diapers,Baby Care,1200
721,2025-03-28,G01,White Bread,Bakery,60
722,2025-04-02,G14,Baby Diapers,Baby Care,1200
722,2025-04-02,G15,Beer (6-Pack),Alcohol,800
723,2025-03-20,G16,Baby Wipes,Baby Care,350
723,2025-03-20,G07,Sugar 1kg,Pantry,150
723,2025-03-20,G05,Coffee,Beverages,450
723,2025-03-20,G01,White Bread,Bakery,60
724,2025-06-27,G01,White Bread,Bakery,60
724,2025-06-27,G19,Cooking Oil 1L,Pantry,300
724,2025-06-27,G16,Baby Wipes,Baby Care,350
724,2025-06-27,G13,Soda 2L,Beverages,150
725,2025-03-31,G01,White Bread,Bakery,60
726,2025-01-08,G16,Baby Wipes,Baby Care,350
727,2025-06-04,G09,Tomato Sauce,Pantry,90
727,2025-06-04,G13,Soda 2L,Beverages,150
727,2025-06-04,G14,Baby Diapers,Baby Care,1200
727,2025-06-04,G11,Potato Chips,Snacks,150
728,2025-03-12,G03,Milk 1L,Dairy,120
729,2025-06-09,G08,Pasta,Pantry,120
729,2025-06-09,G09,Tomato Sauce,Pantry,90
730,2025-01-13,G05,Coffee,Beverages,450
730,2025-01-13,G07,Sugar 1kg,Pantry,150
731,2025-05-01,G03,Milk 1L,Dairy,120
731,2025-05-01,G12,Salsa Dip,Snacks,200
731,2025-05-01,G20,Onions 1kg,Produce,80
732,2025-01-04,G13,Soda 2L,Beverages,150
732,2025-01-04,G04,Eggs (Tray),Dairy,350
732,2025-01-04,G07,Sugar 1kg,Pantry,150
733,2025-03-21,G12,Salsa Dip,Snacks,200
733,2025-03-21,G06,Tea Leaves,Beverages,200
733,2025-03-21,G09,Tomato Sauce,Pantry,90
734,2025-06-24,G01,White Bread,Bakery,60
734,2025-06-24,G02,Butter,Dairy,180
734,2025-06-24,G03,Milk 1L,Dairy,120
734,2025-06-24,G04,Eggs (Tray),Dairy,350
735,2025-01-25,G05,Coffee,Beverages,450
736,2025-06-02,G06,Tea Leaves,Beverages,200
736,2025-06-02,G17,Baby Formula,Baby Care,1500
736,2025-06-02,G20,Onions 1kg,Produce,80
736,2025-06-02,G15,Beer (6-Pack),Alcohol,800
737,2025-06-20,G04,Eggs (Tray),Dairy,350
737,2025-06-20,G18,Rice 2kg,Pantry,250
737,2025-06-20,G10,Parmesan Cheese,Dairy,400
737,2025-06-20,G03,Milk 1L,Dairy,120
738,2025-05-19,G18,Rice 2kg,Pantry,250
738,2025-05-19,G19,Cooking Oil 1L,Pantry,300
738,2025-05-19,G20,Onions 1kg,Produce,80
739,2025-06-16,G13,Soda 2L,Beverages,150
739,2025-06-16,G20,Onions 1kg,Produce,80
739,2025-06-16,G19,Cooking Oil 1L,Pantry,300
739,2025-06-16,G12,Salsa Dip,Snacks,200
740,2025-03-16,G04,Eggs (Tray),Dairy,350
741,2025-02-16,G18,Rice 2kg,Pantry,250
741,2025-02-16,G19,Cooking Oil 1L,Pantry,300
741,2025-02-16,G20,Onions 1kg,Produce,80
742,2025-05-21,G16,Baby Wipes,Baby Care,350
742,2025-05-21,G14,Baby Diapers,Baby Care,1200
743,2025-03-17,G08,Pasta,Pantry,120
743,2025-03-17,G09,Tomato Sauce,Pantry,90
743,2025-03-17,G10,Parmesan Cheese,Dairy,400
744,2025-02-21,G10,Parmesan Cheese,Dairy,400
744,2025-02-21,G11,Potato Chips,Snacks,150
745,2025-01-06,G14,Baby Diapers,Baby Care,1200
745,2025-01-06,G15,Beer (6-Pack),Alcohol,800
746,2025-06-10,G01,White Bread,Bakery,60
746,2025-06-10,G02,Butter,Dairy,180
746,2025-06-10,G03,Milk 1L,Dairy,120
747,2025-05-30,G05,Coffee,Beverages,450
747,2025-05-30,G07,Sugar 1kg,Pantry,150
748,2025-02-26,G01,White Bread,Bakery,60
748,2025-02-26,G05,Coffee,Beverages,450
749,2025-03-02,G07,Sugar 1kg,Pantry,150
749,2025-03-02,G01,White Bread,Bakery,60
750,2025-03-19,G01,White Bread,Bakery,60
750,2025-03-19,G02,Butter,Dairy,180
750,2025-03-19,G03,Milk 1L,Dairy,120
750,2025-03-19,G04,Eggs (Tray),Dairy,350
751,2025-04-17,G11,Potato Chips,Snacks,150
751,2025-04-17,G12,Salsa Dip,Snacks,200
751,2025-04-17,G13,Soda 2L,Beverages,150
752,2025-01-28,G16,Baby Wipes,Baby Care,350
752,2025-01-28,G19,Cooking Oil 1L,Pantry,300
753,2025-03-27,G18,Rice 2kg,Pantry,250
753,2025-03-27,G19,Cooking Oil 1L,Pantry,300
753,2025-03-27,G20,Onions 1kg,Produce,80
754,2025-05-09,G01,White Bread,Bakery,60
754,2025-05-09,G02,Butter,Dairy,180
754,2025-05-09,G03,Milk 1L,Dairy,120
755,2025-06-19,G19,Cooking Oil 1L,Pantry,300
756,2025-06-25,G01,White Bread,Bakery,60
756,2025-06-25,G02,Butter,Dairy,180
756,2025-06-25,G03,Milk 1L,Dairy,120
757,2025-06-19,G01,White Bread,Bakery,60
757,2025-06-19,G02,Butter,Dairy,180
757,2025-06-19,G03,Milk 1L,Dairy,120
758,2025-02-27,G14,Baby Diapers,Baby Care,1200
758,2025-02-27,G15,Beer (6-Pack),Alcohol,800
759,2025-04-08,G10,Parmesan Cheese,Dairy,400
760,2025-05-30,G11,Potato Chips,Snacks,150
760,2025-05-30,G14,Baby Diapers,Baby Care,1200
760,2025-05-30,G05,Coffee,Beverages,450
761,2025-01-11,G01,White Bread,Bakery,60
761,2025-01-11,G02,Butter,Dairy,180
761,2025-01-11,G03,Milk 1L,Dairy,120
762,2025-01-14,G18,Rice 2kg,Pantry,250
762,2025-01-14,G19,Cooking Oil 1L,Pantry,300
762,2025-01-14,G20,Onions 1kg,Produce,80
763,2025-05-21,G05,Coffee,Beverages,450
763,2025-05-21,G16,Baby Wipes,Baby Care,350
764,2025-02-11,G11,Potato Chips,Snacks,150
764,2025-02-11,G12,Salsa Dip,Snacks,200
764,2025-02-11,G13,Soda 2L,Beverages,150
765,2025-03-01,G19,Cooking Oil 1L,Pantry,300
766,2025-04-19,G01,White Bread,Bakery,60
766,2025-04-19,G02,Butter,Dairy,180
766,2025-04-19,G03,Milk 1L,Dairy,120
767,2025-05-29,G01,White Bread,Bakery,60
768,2025-06-14,G18,Rice 2kg,Pantry,250
769,2025-06-16,G11,Potato Chips,Snacks,150
769,2025-06-16,G12,Salsa Dip,Snacks,200
769,2025-06-16,G13,Soda 2L,Beverages,150
770,2025-03-15,G16,Baby Wipes,Baby Care,350
770,2025-03-15,G14,Baby Diapers,Baby Care,1200
771,2025-02-17,G05,Coffee,Beverages,450
771,2025-02-17,G07,Sugar 1kg,Pantry,150
772,2025-06-10,G08,Pasta,Pantry,120
772,2025-06-10,G09,Tomato Sauce,Pantry,90
772,2025-06-10,G10,Parmesan Cheese,Dairy,400
773,2025-06-24,G14,Baby Diapers,Baby Care,1200
773,2025-06-24,G15,Beer (6-Pack),Alcohol,800
773,2025-06-24,G05,Coffee,Beverages,450
773,2025-06-24,G10,Parmesan Cheese,Dairy,400
774,2025-06-19,G11,Potato Chips,Snacks,150
774,2025-06-19,G03,Milk 1L,Dairy,120
774,2025-06-19,G13,Soda 2L,Beverages,150
775,2025-05-12,G16,Baby Wipes,Baby Care,350
776,2025-04-20,G14,Baby Diapers,Baby Care,1200
776,2025-04-20,G15,Beer (6-Pack),Alcohol,800
777,2025-03-15,G16,Baby Wipes,Baby Care,350
777,2025-03-15,G07,Sugar 1kg,Pantry,150
778,2025-03-22,G05,Coffee,Beverages,450
778,2025-03-22,G07,Sugar 1kg,Pantry,150
779,2025-02-08,G14,Baby Diapers,Baby Care,1200
779,2025-02-08,G15,Beer (6-Pack),Alcohol,800
780,2025-06-06,G16,Baby Wipes,Baby Care,350
780,2025-06-06,G14,Baby Diapers,Baby Care,1200
781,2025-06-19,G11,Potato Chips,Snacks,150
781,2025-06-19,G12,Salsa Dip,Snacks,200
781,2025-06-19,G13,Soda 2L,Beverages,150
782,2025-05-19,G11,Potato Chips,Snacks,150
782,2025-05-19,G12,Salsa Dip,Snacks,200
783,2025-04-10,G11,Potato Chips,Snacks,150
783,2025-04-10,G12,Salsa Dip,Snacks,200
784,2025-03-09,G13,Soda 2L,Beverages,150
784,2025-03-09,G01,White Bread,Bakery,60
784,2025-03-09,G03,Milk 1L,Dairy,120
784,2025-03-09,G05,Coffee,Beverages,450
785,2025-02-21,G18,Rice 2kg,Pantry,250
785,2025-02-21,G19,Cooking Oil 1L,Pantry,300
785,2025-02-21,G20,Onions 1kg,Produce,80
786,2025-06-01,G01,White Bread,Bakery,60
787,2025-04-16,G03,Milk 1L,Dairy,120
787,2025-04-16,G20,Onions 1kg,Produce,80
787,2025-04-16,G14,Baby Diapers,Baby Care,1200
787,2025-04-16,G09,Tomato Sauce,Pantry,90
788,2025-06-03,G16,Baby Wipes,Baby Care,350
788,2025-06-03,G14,Baby Diapers,Baby Care,1200
789,2025-04-01,G14,Baby Diapers,Baby Care,1200
789,2025-04-01,G15,Beer (6-Pack),Alcohol,800
790,2025-06-14,G18,Rice 2kg,Pantry,250
790,2025-06-14,G19,Cooking Oil 1L,Pantry,300
790,2025-06-14,G20,Onions 1kg,Produce,80
791,2025-03-20,G01,White Bread,Bakery,60
791,2025-03-20,G02,Butter,Dairy,180
791,2025-03-20,G03,Milk 1L,Dairy,120
791,2025-03-20,G04,Eggs (Tray),Dairy,350
792,2025-03-13,G14,Baby Diapers,Baby Care,1200
792,2025-03-13,G05,Coffee,Beverages,450
793,2025-05-12,G10,Parmesan Cheese,Dairy,400
794,2025-01-07,G11,Potato Chips,Snacks,150
794,2025-01-07,G12,Salsa Dip,Snacks,200
794,2025-01-07,G13,Soda 2L,Beverages,150
795,2025-01-16,G14,Baby Diapers,Baby Care,1200
795,2025-01-16,G15,Beer (6-Pack),Alcohol,800
796,2025-01-05,G15,Beer (6-Pack),Alcohol,800
797,2025-02-25,G13,Soda 2L,Beverages,150
797,2025-02-25,G16,Baby Wipes,Baby Care,350
797,2025-02-25,G14,Baby Diapers,Baby Care,1200
798,2025-05-11,G05,Coffee,Beverages,450
798,2025-05-11,G07,Sugar 1kg,Pantry,150
798,2025-05-11,G01,White Bread,Bakery,60
799,2025-02-17,G11,Potato Chips,Snacks,150
799,2025-02-17,G12,Salsa Dip,Snacks,200
800,2025-01-01,G16,Baby Wipes,Baby Care,350
800,2025-01-01,G14,Baby Diapers,Baby Care,1200
801,2025-01-26,G11,Potato Chips,Snacks,150
801,2025-01-26,G12,Salsa Dip,Snacks,200
802,2025-04-26,G19,Cooking Oil 1L,Pantry,300
802,2025-04-26,G01,White Bread,Bakery,60
802,2025-04-26,G13,Soda 2L,Beverages,150
803,2025-05-29,G01,White Bread,Bakery,60
804,2025-05-06,G16,Baby Wipes,Baby Care,350
804,2025-05-06,G14,Baby Diapers,Baby Care,1200
804,2025-05-06,G17,Baby Formula,Baby Care,1500
805,2025-05-27,G14,Baby Diapers,Baby Care,1200
805,2025-05-27,G15,Beer (6-Pack),Alcohol,800
806,2025-05-24,G02,Butter,Dairy,180
806,2025-05-24,G14,Baby Diapers,Baby Care,1200
806,2025-05-24,G17,Baby Formula,Baby Care,1500
807,2025-02-11,G01,White Bread,Bakery,60
807,2025-02-11,G02,Butter,Dairy,180
807,2025-02-11,G03,Milk 1L,Dairy,120
807,2025-02-11,G04,Eggs (Tray),Dairy,350
807,2025-02-11,G09,Tomato Sauce,Pantry,90
808,2025-05-28,G11,Potato Chips,Snacks,150
808,2025-05-28,G12,Salsa Dip,Snacks,200
809,2025-01-01,G08,Pasta,Pantry,120
809,2025-01-01,G09,Tomato Sauce,Pantry,90
810,2025-05-20,G09,Tomato Sauce,Pantry,90
810,2025-05-20,G13,Soda 2L,Beverages,150
810,2025-05-20,G02,Butter,Dairy,180
811,2025-05-28,G07,Sugar 1kg,Pantry,150
811,2025-05-28,G06,Tea Leaves,Beverages,200
811,2025-05-28,G13,Soda 2L,Beverages,150
811,2025-05-28,G09,Tomato Sauce,Pantry,90
812,2025-02-14,G05,Coffee,Beverages,450
812,2025-02-14,G07,Sugar 1kg,Pantry,150
813,2025-03-22,G03,Milk 1L,Dairy,120
814,2025-01-03,G20,Onions 1kg,Produce,80
814,2025-01-03,G19,Cooking Oil 1L,Pantry,300
814,2025-01-03,G06,Tea Leaves,Beverages,200
814,2025-01-03,G11,Potato Chips,Snacks,150
815,2025-06-21,G14,Baby Diapers,Baby Care,1200
815,2025-06-21,G15,Beer (6-Pack),Alcohol,800
816,2025-03-03,G05,Coffee,Beverages,450
816,2025-03-03,G07,Sugar 1kg,Pantry,150
817,2025-05-02,G15,Beer (6-Pack),Alcohol,800
818,2025-01-01,G11,Potato Chips,Snacks,150
818,2025-01-01,G12,Salsa Dip,Snacks,200
819,2025-01-10,G07,Sugar 1kg,Pantry,150
819,2025-01-10,G20,Onions 1kg,Produce,80
819,2025-01-10,G15,Beer (6-Pack),Alcohol,800
819,2025-01-10,G04,Eggs (Tray),Dairy,350
820,2025-02-12,G01,White Bread,Bakery,60
820,2025-02-12,G02,Butter,Dairy,180
820,2025-02-12,G03,Milk 1L,Dairy,120
821,2025-04-29,G03,Milk 1L,Dairy,120
821,2025-04-29,G10,Parmesan Cheese,Dairy,400
821,2025-04-29,G20,Onions 1kg,Produce,80
822,2025-05-23,G08,Pasta,Pantry,120
822,2025-05-23,G09,Tomato Sauce,Pantry,90
822,2025-05-23,G10,Parmesan Cheese,Dairy,400
823,2025-03-20,G05,Coffee,Beverages,450
823,2025-03-20,G07,Sugar 1kg,Pantry,150
823,2025-03-20,G10,Parmesan Cheese,Dairy,400
824,2025-01-06,G05,Coffee,Beverages,450
824,2025-01-06,G07,Sugar 1kg,Pantry,150
825,2025-03-18,G03,Milk 1L,Dairy,120
825,2025-03-18,G11,Potato Chips,Snacks,150
826,2025-04-12,G08,Pasta,Pantry,120
826,2025-04-12,G09,Tomato Sauce,Pantry,90
827,2025-02-27,G14,Baby Diapers,Baby Care,1200
827,2025-02-27,G15,Beer (6-Pack),Alcohol,800
827,2025-02-27,G03,Milk 1L,Dairy,120
828,2025-04-28,G13,Soda 2L,Beverages,150
828,2025-04-28,G04,Eggs (Tray),Dairy,350
828,2025-04-28,G11,Potato Chips,Snacks,150
828,2025-04-28,G08,Pasta,Pantry,120
829,2025-01-14,G08,Pasta,Pantry,120
829,2025-01-14,G09,Tomato Sauce,Pantry,90
829,2025-01-14,G10,Parmesan Cheese,Dairy,400
830,2025-06-12,G05,Coffee,Beverages,450
830,2025-06-12,G07,Sugar 1kg,Pantry,150
831,2025-06-23,G11,Potato Chips,Snacks,150
831,2025-06-23,G12,Salsa Dip,Snacks,200
831,2025-06-23,G13,Soda 2L,Beverages,150
832,2025-02-14,G05,Coffee,Beverages,450
833,2025-01-31,G07,Sugar 1kg,Pantry,150
833,2025-01-31,G15,Beer (6-Pack),Alcohol,800
833,2025-01-31,G05,Coffee,Beverages,450
834,2025-04-23,G15,Beer (6-Pack),Alcohol,800
835,2025-01-24,G15,Beer (6-Pack),Alcohol,800
835,2025-01-24,G19,Cooking Oil 1L,Pantry,300
835,2025-01-24,G16,Baby Wipes,Baby Care,350
835,2025-01-24,G06,Tea Leaves,Beverages,200
836,2025-01-07,G17,Baby Formula,Baby Care,1500
837,2025-01-09,G02,Butter,Dairy,180
838,2025-03-27,G10,Parmesan Cheese,Dairy,400
838,2025-03-27,G12,Salsa Dip,Snacks,200
838,2025-03-27,G14,Baby Diapers,Baby Care,1200
838,2025-03-27,G01,White Bread,Bakery,60
839,2025-03-08,G15,Beer (6-Pack),Alcohol,800
839,2025-03-08,G16,Baby Wipes,Baby Care,350
839,2025-03-08,G05,Coffee,Beverages,450
839,2025-03-08,G14,Baby Diapers,Baby Care,1200
840,2025-03-18,G11,Potato Chips,Snacks,150
840,2025-03-18,G12,Salsa Dip,Snacks,200
841,2025-03-05,G06,Tea Leaves,Beverages,200
842,2025-04-12,G09,Tomato Sauce,Pantry,90
842,2025-04-12,G11,Potato Chips,Snacks,150
842,2025-04-12,G15,Beer (6-Pack),Alcohol,800
843,2025-05-19,G04,Eggs (Tray),Dairy,350
843,2025-05-19,G03,Milk 1L,Dairy,120
844,2025-05-03,G05,Coffee,Beverages,450
844,2025-05-03,G20,Onions 1kg,Produce,80
844,2025-05-03,G01,White Bread,Bakery,60
844,2025-05-03,G14,Baby Diapers,Baby Care,1200
845,2025-02-23,G03,Milk 1L,Dairy,120
845,2025-02-23,G17,Baby Formula,Baby Care,1500
845,2025-02-23,G08,Pasta,Pantry,120
845,2025-02-23,G06,Tea Leaves,Beverages,200
846,2025-03-05,G08,Pasta,Pantry,120
846,2025-03-05,G09,Tomato Sauce,Pantry,90
847,2025-06-26,G05,Coffee,Beverages,450
847,2025-06-26,G07,Sugar 1kg,Pantry,150
847,2025-06-26,G09,Tomato Sauce,Pantry,90
848,2025-01-09,G01,White Bread,Bakery,60
848,2025-01-09,G02,Butter,Dairy,180
848,2025-01-09,G03,Milk 1L,Dairy,120
849,2025-01-06,G01,White Bread,Bakery,60
850,2025-04-03,G01,White Bread,Bakery,60
850,2025-04-03,G02,Butter,Dairy,180
850,2025-04-03,G03,Milk 1L,Dairy,120
851,2025-06-23,G01,White Bread,Bakery,60
851,2025-06-23,G02,Butter,Dairy,180
851,2025-06-23,G03,Milk 1L,Dairy,120
852,2025-04-07,G14,Baby Diapers,Baby Care,1200
853,2025-05-24,G08,Pasta,Pantry,120
853,2025-05-24,G09,Tomato Sauce,Pantry,90
854,2025-04-08,G02,Butter,Dairy,180
854,2025-04-08,G05,Coffee,Beverages,450
854,2025-04-08,G09,Tomato Sauce,Pantry,90
854,2025-04-08,G16,Baby Wipes,Baby Care,350
855,2025-05-07,G11,Potato Chips,Snacks,150
855,2025-05-07,G12,Salsa Dip,Snacks,200
855,2025-05-07,G13,Soda 2L,Beverages,150
856,2025-04-26,G08,Pasta,Pantry,120
857,2025-03-02,G18,Rice 2kg,Pantry,250
857,2025-03-02,G19,Cooking Oil 1L,Pantry,300
857,2025-03-02,G20,Onions 1kg,Produce,80
858,2025-02-03,G01,White Bread,Bakery,60
858,2025-02-03,G02,Butter,Dairy,180
858,2025-02-03,G03,Milk 1L,Dairy,120
858,2025-02-03,G04,Eggs (Tray),Dairy,350
859,2025-05-10,G14,Baby Diapers,Baby Care,1200
859,2025-05-10,G15,Beer (6-Pack),Alcohol,800
860,2025-03-19,G10,Parmesan Cheese,Dairy,400
861,2025-02-03,G04,Eggs (Tray),Dairy,350
861,2025-02-03,G01,White Bread,Bakery,60
861,2025-02-03,G16,Baby Wipes,Baby Care,350
861,2025-02-03,G15,Beer (6-Pack),Alcohol,800
862,2025-04-05,G12,Salsa Dip,Snacks,200
863,2025-02-05,G10,Parmesan Cheese,Dairy,400
863,2025-02-05,G20,Onions 1kg,Produce,80
863,2025-02-05,G05,Coffee,Beverages,450
863,2025-02-05,G02,Butter,Dairy,180
864,2025-03-09,G16,Baby Wipes,Baby Care,350
864,2025-03-09,G14,Baby Diapers,Baby Care,1200
865,2025-05-14,G08,Pasta,Pantry,120
865,2025-05-14,G09,Tomato Sauce,Pantry,90
866,2025-01-27,G18,Rice 2kg,Pantry,250
866,2025-01-27,G19,Cooking Oil 1L,Pantry,300
866,2025-01-27,G20,Onions 1kg,Produce,80
866,2025-01-27,G15,Beer (6-Pack),Alcohol,800
867,2025-01-09,G07,Sugar 1kg,Pantry,150
868,2025-03-22,G14,Baby Diapers,Baby Care,1200
868,2025-03-22,G15,Beer (6-Pack),Alcohol,800
869,2025-05-08,G16,Baby Wipes,Baby Care,350
869,2025-05-08,G14,Baby Diapers,Baby Care,1200
870,2025-02-07,G05,Coffee,Beverages,450
870,2025-02-07,G07,Sugar 1kg,Pantry,150
871,2025-03-16,G16,Baby Wipes,Baby Care,350
871,2025-03-16,G14,Baby Diapers,Baby Care,1200
872,2025-04-16,G08,Pasta,Pantry,120
872,2025-04-16,G09,Tomato Sauce,Pantry,90
872,2025-04-16,G10,Parmesan Cheese,Dairy,400
873,2025-01-26,G13,Soda 2L,Beverages,150
873,2025-01-26,G15,Beer (6-Pack),Alcohol,800
873,2025-01-26,G04,Eggs (Tray),Dairy,350
874,2025-04-30,G16,Baby Wipes,Baby Care,350
874,2025-04-30,G14,Baby Diapers,Baby Care,1200
875,2025-04-13,G20,Onions 1kg,Produce,80
875,2025-04-13,G18,Rice 2kg,Pantry,250
876,2025-02-12,G14,Baby Diapers,Baby Care,1200
876,2025-02-12,G10,Parmesan Cheese,Dairy,400
876,2025-02-12,G16,Baby Wipes,Baby Care,350
876,2025-02-12,G19,Cooking Oil 1L,Pantry,300
877,2025-04-09,G11,Potato Chips,Snacks,150
877,2025-04-09,G12,Salsa Dip,Snacks,200
877,2025-04-09,G08,Pasta,Pantry,120
878,2025-05-24,G11,Potato Chips,Snacks,150
878,2025-05-24,G12,Salsa Dip,Snacks,200
879,2025-05-11,G01,White Bread,Bakery,60
879,2025-05-11,G09,Tomato Sauce,Pantry,90
879,2025-05-11,G02,Butter,Dairy,180
879,2025-05-11,G07,Sugar 1kg,Pantry,150
880,2025-01-23,G16,Baby Wipes,Baby Care,350
880,2025-01-23,G14,Baby Diapers,Baby Care,1200
881,2025-05-16,G09,Tomato Sauce,Pantry,90
882,2025-04-19,G01,White Bread,Bakery,60
882,2025-04-19,G02,Butter,Dairy,180
882,2025-04-19,G03,Milk 1L,Dairy,120
882,2025-04-19,G16,Baby Wipes,Baby Care,350
883,2025-03-03,G20,Onions 1kg,Produce,80
883,2025-03-03,G19,Cooking Oil 1L,Pantry,300
883,2025-03-03,G11,Potato Chips,Snacks,150
883,2025-03-03,G03,Milk 1L,Dairy,120
884,2025-02-23,G08,Pasta,Pantry,120
884,2025-02-23,G09,Tomato Sauce,Pantry,90
884,2025-02-23,G10,Parmesan Cheese,Dairy,400
885,2025-01-01,G18,Rice 2kg,Pantry,250
885,2025-01-01,G19,Cooking Oil 1L,Pantry,300
885,2025-01-01,G20,Onions 1kg,Produce,80
886,2025-06-07,G01,White Bread,Bakery,60
886,2025-06-07,G02,Butter,Dairy,180
886,2025-06-07,G03,Milk 1L,Dairy,120
887,2025-03-18,G18,Rice 2kg,Pantry,250
887,2025-03-18,G19,Cooking Oil 1L,Pantry,300
887,2025-03-18,G20,Onions 1kg,Produce,80
888,2025-05-17,G02,Butter,Dairy,180
888,2025-05-17,G12,Salsa Dip,Snacks,200
888,2025-05-17,G15,Beer (6-Pack),Alcohol,800
888,2025-05-17,G17,Baby Formula,Baby Care,1500
889,2025-01-14,G19,Cooking Oil 1L,Pantry,300
889,2025-01-14,G03,Milk 1L,Dairy,120
890,2025-06-30,G06,Tea Leaves,Beverages,200
890,2025-06-30,G09,Tomato Sauce,Pantry,90
890,2025-06-30,G14,Baby Diapers,Baby Care,1200
890,2025-06-30,G19,Cooking Oil 1L,Pantry,300
891,2025-06-14,G03,Milk 1L,Dairy,120
891,2025-06-14,G19,Cooking Oil 1L,Pantry,300
892,2025-05-18,G08,Pasta,Pantry,120
892,2025-05-18,G09,Tomato Sauce,Pantry,90
892,2025-05-18,G10,Parmesan Cheese,Dairy,400
893,2025-06-02,G05,Coffee,Beverages,450
893,2025-06-02,G09,Tomato Sauce,Pantry,90
893,2025-06-02,G13,Soda 2L,Beverages,150
894,2025-05-03,G12,Salsa Dip,Snacks,200
894,2025-05-03,G05,Coffee,Beverages,450
895,2025-01-06,G11,Potato Chips,Snacks,150
895,2025-01-06,G12,Salsa Dip,Snacks,200
895,2025-01-06,G13,Soda 2L,Beverages,150
896,2025-06-10,G20,Onions 1kg,Produce,80
896,2025-06-10,G01,White Bread,Bakery,60
896,2025-06-10,G12,Salsa Dip,Snacks,200
896,2025-06-10,G11,Potato Chips,Snacks,150
897,2025-01-15,G18,Rice 2kg,Pantry,250
897,2025-01-15,G19,Cooking Oil 1L,Pantry,300
897,2025-01-15,G20,Onions 1kg,Produce,80
898,2025-01-23,G14,Baby Diapers,Baby Care,1200
898,2025-01-23,G13,Soda 2L,Beverages,150
899,2025-04-27,G04,Eggs (Tray),Dairy,350
899,2025-04-27,G17,Baby Formula,Baby Care,1500
899,2025-04-27,G16,Baby Wipes,Baby Care,350
899,2025-04-27,G08,Pasta,Pantry,120
900,2025-03-30,G14,Baby Diapers,Baby Care,1200
900,2025-03-30,G15,Beer (6-Pack),Alcohol,800
901,2025-01-26,G03,Milk 1L,Dairy,120
902,2025-05-08,G14,Baby Diapers,Baby Care,1200
902,2025-05-08,G15,Beer (6-Pack),Alcohol,800
903,2025-06-10,G06,Tea Leaves,Beverages,200
903,2025-06-10,G11,Potato Chips,Snacks,150
904,2025-03-26,G05,Coffee,Beverages,450
904,2025-03-26,G07,Sugar 1kg,Pantry,150
905,2025-01-02,G08,Pasta,Pantry,120
905,2025-01-02,G09,Tomato Sauce,Pantry,90
905,2025-01-02,G17,Baby Formula,Baby Care,1500
906,2025-05-09,G11,Potato Chips,Snacks,150
906,2025-05-09,G12,Salsa Dip,Snacks,200
907,2025-04-14,G12,Salsa Dip,Snacks,200
907,2025-04-14,G08,Pasta,Pantry,120
907,2025-04-14,G10,Parmesan Cheese,Dairy,400
907,2025-04-14,G04,Eggs (Tray),Dairy,350
908,2025-03-07,G11,Potato Chips,Snacks,150
908,2025-03-07,G12,Salsa Dip,Snacks,200
909,2025-03-23,G05,Coffee,Beverages,450
909,2025-03-23,G07,Sugar 1kg,Pantry,150
910,2025-04-14,G15,Beer (6-Pack),Alcohol,800
910,2025-04-14,G10,Parmesan Cheese,Dairy,400
911,2025-03-27,G18,Rice 2kg,Pantry,250
911,2025-03-27,G19,Cooking Oil 1L,Pantry,300
911,2025-03-27,G20,Onions 1kg,Produce,80
912,2025-04-02,G08,Pasta,Pantry,120
912,2025-04-02,G09,Tomato Sauce,Pantry,90
912,2025-04-02,G10,Parmesan Cheese,Dairy,400
913,2025-06-16,G04,Eggs (Tray),Dairy,350
913,2025-06-16,G15,Beer (6-Pack),Alcohol,800
913,2025-06-16,G12,Salsa Dip,Snacks,200
914,2025-04-18,G01,White Bread,Bakery,60
914,2025-04-18,G02,Butter,Dairy,180
914,2025-04-18,G03,Milk 1L,Dairy,120
915,2025-05-31,G01,White Bread,Bakery,60
915,2025-05-31,G02,Butter,Dairy,180
915,2025-05-31,G03,Milk 1L,Dairy,120
915,2025-05-31,G04,Eggs (Tray),Dairy,350
916,2025-06-25,G18,Rice 2kg,Pantry,250
916,2025-06-25,G19,Cooking Oil 1L,Pantry,300
916,2025-06-25,G20,Onions 1kg,Produce,80
917,2025-04-14,G18,Rice 2kg,Pantry,250
917,2025-04-14,G19,Cooking Oil 1L,Pantry,300
917,2025-04-14,G20,Onions 1kg,Produce,80
918,2025-06-10,G05,Coffee,Beverages,450
918,2025-06-10,G07,Sugar 1kg,Pantry,150
919,2025-06-30,G14,Baby Diapers,Baby Care,1200
919,2025-06-30,G15,Beer (6-Pack),Alcohol,800
920,2025-02-02,G05,Coffee,Beverages,450
920,2025-02-02,G07,Sugar 1kg,Pantry,150
921,2025-06-19,G02,Butter,Dairy,180
922,2025-03-05,G08,Pasta,Pantry,120
922,2025-03-05,G09,Tomato Sauce,Pantry,90
922,2025-03-05,G10,Parmesan Cheese,Dairy,400
923,2025-03-17,G14,Baby Diapers,Baby Care,1200
923,2025-03-17,G15,Beer (6-Pack),Alcohol,800
924,2025-04-27,G08,Pasta,Pantry,120
924,2025-04-27,G09,Tomato Sauce,Pantry,90
924,2025-04-27,G10,Parmesan Cheese,Dairy,400
925,2025-01-01,G05,Coffee,Beverages,450
925,2025-01-01,G07,Sugar 1kg,Pantry,150
926,2025-04-29,G18,Rice 2kg,Pantry,250
926,2025-04-29,G19,Cooking Oil 1L,Pantry,300
926,2025-04-29,G20,Onions 1kg,Produce,80
927,2025-06-15,G16,Baby Wipes,Baby Care,350
927,2025-06-15,G14,Baby Diapers,Baby Care,1200
927,2025-06-15,G07,Sugar 1kg,Pantry,150
928,2025-03-15,G05,Coffee,Beverages,450
928,2025-03-15,G03,Milk 1L,Dairy,120
929,2025-02-09,G08,Pasta,Pantry,120
929,2025-02-09,G09,Tomato Sauce,Pantry,90
929,2025-02-09,G10,Parmesan Cheese,Dairy,400
929,2025-02-09,G02,Butter,Dairy,180
930,2025-01-24,G20,Onions 1kg,Produce,80
931,2025-06-14,G11,Potato Chips,Snacks,150
931,2025-06-14,G12,Salsa Dip,Snacks,200
932,2025-01-04,G18,Rice 2kg,Pantry,250
932,2025-01-04,G19,Cooking Oil 1L,Pantry,300
932,2025-01-04,G20,Onions 1kg,Produce,80
933,2025-02-15,G16,Baby Wipes,Baby Care,350
933,2025-02-15,G14,Baby Diapers,Baby Care,1200
933,2025-02-15,G17,Baby Formula,Baby Care,1500
934,2025-03-21,G19,Cooking Oil 1L,Pantry,300
934,2025-03-21,G10,Parmesan Cheese,Dairy,400
935,2025-03-27,G15,Beer (6-Pack),Alcohol,800
935,2025-03-27,G01,White Bread,Bakery,60
936,2025-02-03,G16,Baby Wipes,Baby Care,350
936,2025-02-03,G14,Baby Diapers,Baby Care,1200
937,2025-04-18,G08,Pasta,Pantry,120
937,2025-04-18,G09,Tomato Sauce,Pantry,90
938,2025-05-27,G05,Coffee,Beverages,450
938,2025-05-27,G07,Sugar 1kg,Pantry,150
938,2025-05-27,G12,Salsa Dip,Snacks,200
939,2025-01-10,G18,Rice 2kg,Pantry,250
939,2025-01-10,G19,Cooking Oil 1L,Pantry,300
939,2025-01-10,G20,Onions 1kg,Produce,80
940,2025-01-19,G05,Coffee,Beverages,450
940,2025-01-19,G19,Cooking Oil 1L,Pantry,300
940,2025-01-19,G07,Sugar 1kg,Pantry,150
940,2025-01-19,G11,Potato Chips,Snacks,150
941,2025-02-26,G19,Cooking Oil 1L,Pantry,300
941,2025-02-26,G02,Butter,Dairy,180
941,2025-02-26,G18,Rice 2kg,Pantry,250
942,2025-05-16,G08,Pasta,Pantry,120
942,2025-05-16,G09,Tomato Sauce,Pantry,90
942,2025-05-16,G10,Parmesan Cheese,Dairy,400
943,2025-04-05,G16,Baby Wipes,Baby Care,350
943,2025-04-05,G14,Baby Diapers,Baby Care,1200
944,2025-03-15,G16,Baby Wipes,Baby Care,350
944,2025-03-15,G14,Baby Diapers,Baby Care,1200
945,2025-05-08,G15,Beer (6-Pack),Alcohol,800
945,2025-05-08,G07,Sugar 1kg,Pantry,150
945,2025-05-08,G12,Salsa Dip,Snacks,200
945,2025-05-08,G03,Milk 1L,Dairy,120
946,2025-03-29,G08,Pasta,Pantry,120
946,2025-03-29,G10,Parmesan Cheese,Dairy,400
947,2025-01-20,G16,Baby Wipes,Baby Care,350
947,2025-01-20,G14,Baby Diapers,Baby Care,1200
947,2025-01-20,G17,Baby Formula,Baby Care,1500
947,2025-01-20,G02,Butter,Dairy,180
948,2025-06-30,G18,Rice 2kg,Pantry,250
949,2025-01-23,G14,Baby Diapers,Baby Care,1200
949,2025-01-23,G18,Rice 2kg,Pantry,250
949,2025-01-23,G02,Butter,Dairy,180
949,2025-01-23,G13,Soda 2L,Beverages,150
950,2025-03-11,G07,Sugar 1kg,Pantry,150
951,2025-06-15,G16,Baby Wipes,Baby Care,350
951,2025-06-15,G20,Onions 1kg,Produce,80
952,2025-06-30,G14,Baby Diapers,Baby Care,1200
952,2025-06-30,G13,Soda 2L,Beverages,150
953,2025-03-15,G05,Coffee,Beverages,450
953,2025-03-15,G07,Sugar 1kg,Pantry,150
954,2025-04-08,G08,Pasta,Pantry,120
954,2025-04-08,G09,Tomato Sauce,Pantry,90
954,2025-04-08,G19,Cooking Oil 1L,Pantry,300
955,2025-02-22,G09,Tomato Sauce,Pantry,90
955,2025-02-22,G19,Cooking Oil 1L,Pantry,300
956,2025-02-07,G01,White Bread,Bakery,60
956,2025-02-07,G15,Beer (6-Pack),Alcohol,800
956,2025-02-07,G18,Rice 2kg,Pantry,250
957,2025-01-03,G08,Pasta,Pantry,120
957,2025-01-03,G09,Tomato Sauce,Pantry,90
957,2025-01-03,G10,Parmesan Cheese,Dairy,400
958,2025-01-21,G05,Coffee,Beverages,450
958,2025-01-21,G07,Sugar 1kg,Pantry,150
958,2025-01-21,G04,Eggs (Tray),Dairy,350
959,2025-04-07,G18,Rice 2kg,Pantry,250
959,2025-04-07,G19,Cooking Oil 1L,Pantry,300
959,2025-04-07,G20,Onions 1kg,Produce,80
960,2025-03-22,G18,Rice 2kg,Pantry,250
960,2025-03-22,G19,Cooking Oil 1L,Pantry,300
960,2025-03-22,G20,Onions 1kg,Produce,80
961,2025-03-31,G02,Butter,Dairy,180
961,2025-03-31,G08,Pasta,Pantry,120
961,2025-03-31,G04,Eggs (Tray),Dairy,350
961,2025-03-31,G17,Baby Formula,Baby Care,1500
962,2025-05-20,G18,Rice 2kg,Pantry,250
962,2025-05-20,G19,Cooking Oil 1L,Pantry,300
962,2025-05-20,G20,Onions 1kg,Produce,80
963,2025-06-08,G15,Beer (6-Pack),Alcohol,800
964,2025-06-09,G19,Cooking Oil 1L,Pantry,300
964,2025-06-09,G20,Onions 1kg,Produce,80
964,2025-06-09,G16,Baby Wipes,Baby Care,350
965,2025-01-13,G13,Soda 2L,Beverages,150
966,2025-04-16,G01,White Bread,Bakery,60
967,2025-01-17,G02,Butter,Dairy,180
967,2025-01-17,G04,Eggs (Tray),Dairy,350
967,2025-01-17,G11,Potato Chips,Snacks,150
968,2025-05-01,G08,Pasta,Pantry,120
968,2025-05-01,G09,Tomato Sauce,Pantry,90
969,2025-02-17,G14,Baby Diapers,Baby Care,1200
969,2025-02-17,G15,Beer (6-Pack),Alcohol,800
970,2025-06-20,G01,White Bread,Bakery,60
970,2025-06-20,G02,Butter,Dairy,180
970,2025-06-20,G03,Milk 1L,Dairy,120
971,2025-06-07,G15,Beer (6-Pack),Alcohol,800
971,2025-06-07,G20,Onions 1kg,Produce,80
971,2025-06-07,G14,Baby Diapers,Baby Care,1200
972,2025-05-01,G05,Coffee,Beverages,450
972,2025-05-01,G04,Eggs (Tray),Dairy,350
972,2025-05-01,G20,Onions 1kg,Produce,80
973,2025-01-26,G01,White Bread,Bakery,60
973,2025-01-26,G04,Eggs (Tray),Dairy,350
973,2025-01-26,G18,Rice 2kg,Pantry,250
974,2025-06-10,G16,Baby Wipes,Baby Care,350
974,2025-06-10,G07,Sugar 1kg,Pantry,150
974,2025-06-10,G14,Baby Diapers,Baby Care,1200
975,2025-05-10,G18,Rice 2kg,Pantry,250
975,2025-05-10,G19,Cooking Oil 1L,Pantry,300
975,2025-05-10,G20,Onions 1kg,Produce,80
976,2025-03-05,G06,Tea Leaves,Beverages,200
976,2025-03-05,G01,White Bread,Bakery,60
977,2025-06-04,G18,Rice 2kg,Pantry,250
977,2025-06-04,G19,Cooking Oil 1L,Pantry,300
977,2025-06-04,G20,Onions 1kg,Produce,80
978,2025-05-20,G18,Rice 2kg,Pantry,250
978,2025-05-20,G19,Cooking Oil 1L,Pantry,300
978,2025-05-20,G20,Onions 1kg,Produce,80
979,2025-06-21,G18,Rice 2kg,Pantry,250
979,2025-06-21,G19,Cooking Oil 1L,Pantry,300
979,2025-06-21,G20,Onions 1kg,Produce,80
980,2025-01-22,G16,Baby Wipes,Baby Care,350
980,2025-01-22,G14,Baby Diapers,Baby Care,1200
981,2025-05-29,G14,Baby Diapers,Baby Care,1200
981,2025-05-29,G15,Beer (6-Pack),Alcohol,800
982,2025-02-23,G05,Coffee,Beverages,450
982,2025-02-23,G07,Sugar 1kg,Pantry,150
983,2025-03-23,G05,Coffee,Beverages,450
983,2025-03-23,G07,Sugar 1kg,Pantry,150
983,2025-03-23,G09,Tomato Sauce,Pantry,90
984,2025-06-18,G08,Pasta,Pantry,120
984,2025-06-18,G09,Tomato Sauce,Pantry,90
984,2025-06-18,G10,Parmesan Cheese,Dairy,400
985,2025-05-29,G06,Tea Leaves,Beverages,200
986,2025-05-19,G09,Tomato Sauce,Pantry,90
986,2025-05-19,G12,Salsa Dip,Snacks,200
986,2025-05-19,G01,White Bread,Bakery,60
987,2025-01-14,G05,Coffee,Beverages,450
987,2025-01-14,G07,Sugar 1kg,Pantry,150
988,2025-06-10,G01,White Bread,Bakery,60
988,2025-06-10,G02,Butter,Dairy,180
988,2025-06-10,G03,Milk 1L,Dairy,120
988,2025-06-10,G04,Eggs (Tray),Dairy,350
989,2025-06-07,G01,White Bread,Bakery,60
989,2025-06-07,G02,Butter,Dairy,180
989,2025-06-07,G03,Milk 1L,Dairy,120
990,2025-01-26,G18,Rice 2kg,Pantry,250
990,2025-01-26,G19,Cooking Oil 1L,Pantry,300
990,2025-01-26,G20,Onions 1kg,Produce,80
991,2025-01-11,G08,Pasta,Pantry,120
991,2025-01-11,G09,Tomato Sauce,Pantry,90
992,2025-02-27,G05,Coffee,Beverages,450
992,2025-02-27,G07,Sugar 1kg,Pantry,150
993,2025-01-23,G16,Baby Wipes,Baby Care,350
993,2025-01-23,G15,Beer (6-Pack),Alcohol,800
993,2025-01-23,G02,Butter,Dairy,180
994,2025-06-27,G17,Baby Formula,Baby Care,1500
994,2025-06-27,G11,Potato Chips,Snacks,150
994,2025-06-27,G02,Butter,Dairy,180
994,2025-06-27,G04,Eggs (Tray),Dairy,350
995,2025-03-23,G16,Baby Wipes,Baby Care,350
995,2025-03-23,G13,Soda 2L,Beverages,150
995,2025-03-23,G07,Sugar 1kg,Pantry,150
995,2025-03-23,G20,Onions 1kg,Produce,80
996,2025-02-24,G01,White Bread,Bakery,60
996,2025-02-24,G02,Butter,Dairy,180
996,2025-02-24,G03,Milk 1L,Dairy,120
996,2025-02-24,G04,Eggs (Tray),Dairy,350
997,2025-02-07,G14,Baby Diapers,Baby Care,1200
998,2025-05-28,G05,Coffee,Beverages,450
999,2025-03-23,G16,Baby Wipes,Baby Care,350
999,2025-03-23,G14,Baby Diapers,Baby Care,1200
999,2025-03-23,G17,Baby Formula,Baby Care,1500
1000,2025-02-20,G06,Tea Leaves,Beverages,200
1001,2025-05-30,G14,Baby Diapers,Baby Care,1200
1001,2025-05-30,G15,Beer (6-Pack),Alcohol,800
1002,2025-06-03,G08,Pasta,Pantry,120
1003,2025-03-05,G16,Baby Wipes,Baby Care,350
1003,2025-03-05,G14,Baby Diapers,Baby Care,1200
1004,2025-06-10,G01,White Bread,Bakery,60
1004,2025-06-10,G02,Butter,Dairy,180
1004,2025-06-10,G03,Milk 1L,Dairy,120
1005,2025-05-18,G14,Baby Diapers,Baby Care,1200
1005,2025-05-18,G15,Beer (6-Pack),Alcohol,800
1006,2025-01-30,G02,Butter,Dairy,180
1006,2025-01-30,G20,Onions 1kg,Produce,80
1006,2025-01-30,G16,Baby Wipes,Baby Care,350
1006,2025-01-30,G03,Milk 1L,Dairy,120
1007,2025-05-29,G18,Rice 2kg,Pantry,250
1007,2025-05-29,G19,Cooking Oil 1L,Pantry,300
1007,2025-05-29,G20,Onions 1kg,Produce,80
1008,2025-02-24,G05,Coffee,Beverages,450
1008,2025-02-24,G07,Sugar 1kg,Pantry,150
1009,2025-04-10,G02,Butter,Dairy,180
1010,2025-04-29,G11,Potato Chips,Snacks,150
1010,2025-04-29,G12,Salsa Dip,Snacks,200
1010,2025-04-29,G13,Soda 2L,Beverages,150
1011,2025-01-15,G11,Potato Chips,Snacks,150
1011,2025-01-15,G12,Salsa Dip,Snacks,200
1011,2025-01-15,G13,Soda 2L,Beverages,150
1012,2025-01-16,G05,Coffee,Beverages,450
1012,2025-01-16,G07,Sugar 1kg,Pantry,150
1013,2025-06-13,G05,Coffee,Beverages,450
1013,2025-06-13,G11,Potato Chips,Snacks,150
1013,2025-06-13,G09,Tomato Sauce,Pantry,90
1013,2025-06-13,G06,Tea Leaves,Beverages,200
1014,2025-01-13,G01,White Bread,Bakery,60
1014,2025-01-13,G02,Butter,Dairy,180
1014,2025-01-13,G03,Milk 1L,Dairy,120
1014,2025-01-13,G04,Eggs (Tray),Dairy,350
1015,2025-01-25,G14,Baby Diapers,Baby Care,1200
1015,2025-01-25,G15,Beer (6-Pack),Alcohol,800
1016,2025-04-21,G07,Sugar 1kg,Pantry,150
1016,2025-04-21,G10,Parmesan Cheese,Dairy,400
1016,2025-04-21,G01,White Bread,Bakery,60
1016,2025-04-21,G06,Tea Leaves,Beverages,200
1017,2025-03-19,G08,Pasta,Pantry,120
1017,2025-03-19,G09,Tomato Sauce,Pantry,90
1017,2025-03-19,G10,Parmesan Cheese,Dairy,400
1017,2025-03-19,G15,Beer (6-Pack),Alcohol,800
1018,2025-02-13,G15,Beer (6-Pack),Alcohol,800
1018,2025-02-13,G19,Cooking Oil 1L,Pantry,300
1018,2025-02-13,G12,Salsa Dip,Snacks,200
1019,2025-06-28,G11,Potato Chips,Snacks,150
1019,2025-06-28,G12,Salsa Dip,Snacks,200
1019,2025-06-28,G13,Soda 2L,Beverages,150
1020,2025-05-11,G16,Baby Wipes,Baby Care,350
1020,2025-05-11,G14,Baby Diapers,Baby Care,1200
1020,2025-05-11,G17,Baby Formula,Baby Care,1500
1021,2025-03-19,G05,Coffee,Beverages,450
1021,2025-03-19,G07,Sugar 1kg,Pantry,150
1022,2025-06-12,G02,Butter,Dairy,180
1022,2025-06-12,G01,White Bread,Bakery,60
1022,2025-06-12,G04,Eggs (Tray),Dairy,350
1022,2025-06-12,G13,Soda 2L,Beverages,150
1023,2025-02-05,G11,Potato Chips,Snacks,150
1023,2025-02-05,G08,Pasta,Pantry,120
1024,2025-06-12,G14,Baby Diapers,Baby Care,1200
1024,2025-06-12,G08,Pasta,Pantry,120
1024,2025-06-12,G20,Onions 1kg,Produce,80
1025,2025-04-16,G14,Baby Diapers,Baby Care,1200
1025,2025-04-16,G12,Salsa Dip,Snacks,200
1025,2025-04-16,G13,Soda 2L,Beverages,150
1026,2025-02-02,G01,White Bread,Bakery,60
1026,2025-02-02,G02,Butter,Dairy,180
1026,2025-02-02,G03,Milk 1L,Dairy,120
1027,2025-01-13,G05,Coffee,Beverages,450
1027,2025-01-13,G07,Sugar 1kg,Pantry,150
1028,2025-06-20,G03,Milk 1L,Dairy,120
1028,2025-06-20,G19,Cooking Oil 1L,Pantry,300
1028,2025-06-20,G18,Rice 2kg,Pantry,250
1028,2025-06-20,G02,Butter,Dairy,180
1029,2025-05-21,G12,Salsa Dip,Snacks,200
1029,2025-05-21,G08,Pasta,Pantry,120
1029,2025-05-21,G13,Soda 2L,Beverages,150
1029,2025-05-21,G05,Coffee,Beverages,450
1030,2025-05-14,G14,Baby Diapers,Baby Care,1200
1030,2025-05-14,G15,Beer (6-Pack),Alcohol,800
1031,2025-03-07,G16,Baby Wipes,Baby Care,350
1031,2025-03-07,G14,Baby Diapers,Baby Care,1200
1032,2025-06-23,G13,Soda 2L,Beverages,150
1033,2025-01-17,G06,Tea Leaves,Beverages,200
1033,2025-01-17,G01,White Bread,Bakery,60
1034,2025-04-03,G05,Coffee,Beverages,450
1034,2025-04-03,G07,Sugar 1kg,Pantry,150
1035,2025-02-15,G05,Coffee,Beverages,450
1035,2025-02-15,G07,Sugar 1kg,Pantry,150
1036,2025-01-20,G08,Pasta,Pantry,120
1037,2025-01-16,G08,Pasta,Pantry,120
1037,2025-01-16,G09,Tomato Sauce,Pantry,90
1037,2025-01-16,G10,Parmesan Cheese,Dairy,400
1038,2025-04-05,G05,Coffee,Beverages,450
1039,2025-06-07,G07,Sugar 1kg,Pantry,150
1040,2025-02-16,G18,Rice 2kg,Pantry,250
1040,2025-02-16,G19,Cooking Oil 1L,Pantry,300
1040,2025-02-16,G20,Onions 1kg,Produce,80
1041,2025-03-30,G03,Milk 1L,Dairy,120
1041,2025-03-30,G13,Soda 2L,Beverages,150
1041,2025-03-30,G02,Butter,Dairy,180
1041,2025-03-30,G18,Rice 2kg,Pantry,250
1042,2025-02-24,G05,Coffee,Beverages,450
1042,2025-02-24,G01,White Bread,Bakery,60
1042,2025-02-24,G07,Sugar 1kg,Pantry,150
1042,2025-02-24,G20,Onions 1kg,Produce,80
1043,2025-01-11,G18,Rice 2kg,Pantry,250
1043,2025-01-11,G12,Salsa Dip,Snacks,200
1044,2025-06-25,G12,Salsa Dip,Snacks,200
1044,2025-06-25,G01,White Bread,Bakery,60
1044,2025-06-25,G09,Tomato Sauce,Pantry,90
1044,2025-06-25,G18,Rice 2kg,Pantry,250
1045,2025-01-25,G13,Soda 2L,Beverages,150
1045,2025-01-25,G03,Milk 1L,Dairy,120
1045,2025-01-25,G12,Salsa Dip,Snacks,200
1045,2025-01-25,G17,Baby Formula,Baby Care,1500
1046,2025-04-23,G14,Baby Diapers,Baby Care,1200
1046,2025-04-23,G20,Onions 1kg,Produce,80
1046,2025-04-23,G11,Potato Chips,Snacks,150
1046,2025-04-23,G16,Baby Wipes,Baby Care,350
1047,2025-03-17,G03,Milk 1L,Dairy,120
1047,2025-03-17,G18,Rice 2kg,Pantry,250
1047,2025-03-17,G02,Butter,Dairy,180
1048,2025-03-22,G12,Salsa Dip,Snacks,200
1048,2025-03-22,G02,Butter,Dairy,180
1049,2025-04-17,G16,Baby Wipes,Baby Care,350
1050,2025-05-20,G12,Salsa Dip,Snacks,200
1051,2025-03-25,G19,Cooking Oil 1L,Pantry,300
1052,2025-03-26,G17,Baby Formula,Baby Care,1500
1053,2025-03-03,G08,Pasta,Pantry,120
1053,2025-03-03,G09,Tomato Sauce,Pantry,90
1053,2025-03-03,G10,Parmesan Cheese,Dairy,400
1054,2025-05-20,G05,Coffee,Beverages,450
1054,2025-05-20,G07,Sugar 1kg,Pantry,150
1055,2025-06-11,G18,Rice 2kg,Pantry,250
1055,2025-06-11,G19,Cooking Oil 1L,Pantry,300
1055,2025-06-11,G20,Onions 1kg,Produce,80
1056,2025-05-08,G14,Baby Diapers,Baby Care,1200
1056,2025-05-08,G15,Beer (6-Pack),Alcohol,800
1057,2025-03-14,G14,Baby Diapers,Baby Care,1200
1057,2025-03-14,G15,Beer (6-Pack),Alcohol,800
1058,2025-04-08,G12,Salsa Dip,Snacks,200
1058,2025-04-08,G20,Onions 1kg,Produce,80
1058,2025-04-08,G03,Milk 1L,Dairy,120
1059,2025-05-03,G18,Rice 2kg,Pantry,250
1059,2025-05-03,G19,Cooking Oil 1L,Pantry,300
1059,2025-05-03,G20,Onions 1kg,Produce,80
1060,2025-01-31,G01,White Bread,Bakery,60
1060,2025-01-31,G02,Butter,Dairy,180
1060,2025-01-31,G03,Milk 1L,Dairy,120
1061,2025-01-25,G14,Baby Diapers,Baby Care,1200
1061,2025-01-25,G15,Beer (6-Pack),Alcohol,800
1062,2025-06-02,G08,Pasta,Pantry,120
1062,2025-06-02,G09,Tomato Sauce,Pantry,90
1062,2025-06-02,G10,Parmesan Cheese,Dairy,400
1063,2025-03-14,G18,Rice 2kg,Pantry,250
1063,2025-03-14,G19,Cooking Oil 1L,Pantry,300
1063,2025-03-14,G20,Onions 1kg,Produce,80
1064,2025-03-14,G08,Pasta,Pantry,120
1065,2025-04-08,G17,Baby Formula,Baby Care,1500
1065,2025-04-08,G02,Butter,Dairy,180
1065,2025-04-08,G04,Eggs (Tray),Dairy,350
1066,2025-04-04,G04,Eggs (Tray),Dairy,350
1067,2025-06-12,G16,Baby Wipes,Baby Care,350
1067,2025-06-12,G14,Baby Diapers,Baby Care,1200
1067,2025-06-12,G04,Eggs (Tray),Dairy,350
1068,2025-03-11,G14,Baby Diapers,Baby Care,1200
1068,2025-03-11,G15,Beer (6-Pack),Alcohol,800
1069,2025-06-17,G10,Parmesan Cheese,Dairy,400
1069,2025-06-17,G15,Beer (6-Pack),Alcohol,800
1070,2025-05-12,G01,White Bread,Bakery,60
1070,2025-05-12,G02,Butter,Dairy,180
1070,2025-05-12,G03,Milk 1L,Dairy,120
1071,2025-01-03,G11,Potato Chips,Snacks,150
1071,2025-01-03,G12,Salsa Dip,Snacks,200
1071,2025-01-03,G13,Soda 2L,Beverages,150
1072,2025-01-06,G04,Eggs (Tray),Dairy,350
1072,2025-01-06,G18,Rice 2kg,Pantry,250
1073,2025-03-08,G17,Baby Formula,Baby Care,1500
1073,2025-03-08,G12,Salsa Dip,Snacks,200
1073,2025-03-08,G01,White Bread,Bakery,60
1074,2025-02-08,G19,Cooking Oil 1L,Pantry,300
1074,2025-02-08,G15,Beer (6-Pack),Alcohol,800
1074,2025-02-08,G05,Coffee,Beverages,450
1074,2025-02-08,G17,Baby Formula,Baby Care,1500
1075,2025-01-21,G14,Baby Diapers,Baby Care,1200
1075,2025-01-21,G16,Baby Wipes,Baby Care,350
1075,2025-01-21,G07,Sugar 1kg,Pantry,150
1075,2025-01-21,G20,Onions 1kg,Produce,80
1076,2025-05-01,G19,Cooking Oil 1L,Pantry,300
1077,2025-03-30,G18,Rice 2kg,Pantry,250
1077,2025-03-30,G19,Cooking Oil 1L,Pantry,300
1077,2025-03-30,G20,Onions 1kg,Produce,80
1078,2025-05-27,G05,Coffee,Beverages,450
1079,2025-03-29,G01,White Bread,Bakery,60
1079,2025-03-29,G02,Butter,Dairy,180
1079,2025-03-29,G03,Milk 1L,Dairy,120
1079,2025-03-29,G04,Eggs (Tray),Dairy,350
1080,2025-01-23,G08,Pasta,Pantry,120
1080,2025-01-23,G09,Tomato Sauce,Pantry,90
1080,2025-01-23,G10,Parmesan Cheese,Dairy,400
1081,2025-06-16,G05,Coffee,Beverages,450
1081,2025-06-16,G07,Sugar 1kg,Pantry,150
1082,2025-01-30,G16,Baby Wipes,Baby Care,350
1082,2025-01-30,G19,Cooking Oil 1L,Pantry,300
1083,2025-03-04,G09,Tomato Sauce,Pantry,90
1084,2025-06-15,G02,Butter,Dairy,180
1084,2025-06-15,G12,Salsa Dip,Snacks,200
1084,2025-06-15,G06,Tea Leaves,Beverages,200
1084,2025-06-15,G14,Baby Diapers,Baby Care,1200
1085,2025-04-19,G08,Pasta,Pantry,120
1085,2025-04-19,G09,Tomato Sauce,Pantry,90
1086,2025-01-22,G14,Baby Diapers,Baby Care,1200
1086,2025-01-22,G15,Beer (6-Pack),Alcohol,800
1087,2025-06-24,G14,Baby Diapers,Baby Care,1200
1087,2025-06-24,G15,Beer (6-Pack),Alcohol,800
1088,2025-04-15,G02,Butter,Dairy,180
1088,2025-04-15,G13,Soda 2L,Beverages,150
1088,2025-04-15,G04,Eggs (Tray),Dairy,350
1088,2025-04-15,G17,Baby Formula,Baby Care,1500
1089,2025-05-04,G11,Potato Chips,Snacks,150
1089,2025-05-04,G12,Salsa Dip,Snacks,200
1090,2025-01-23,G19,Cooking Oil 1L,Pantry,300
1090,2025-01-23,G03,Milk 1L,Dairy,120
1090,2025-01-23,G15,Beer (6-Pack),Alcohol,800
1090,2025-01-23,G06,Tea Leaves,Beverages,200
1091,2025-02-06,G14,Baby Diapers,Baby Care,1200
1091,2025-02-06,G07,Sugar 1kg,Pantry,150
1092,2025-03-09,G08,Pasta,Pantry,120
1092,2025-03-09,G09,Tomato Sauce,Pantry,90
1093,2025-05-25,G08,Pasta,Pantry,120
1093,2025-05-25,G09,Tomato Sauce,Pantry,90
1094,2025-02-19,G14,Baby Diapers,Baby Care,1200
1094,2025-02-19,G15,Beer (6-Pack),Alcohol,800
1095,2025-03-18,G18,Rice 2kg,Pantry,250
1095,2025-03-18,G19,Cooking Oil 1L,Pantry,300
1095,2025-03-18,G20,Onions 1kg,Produce,80
1096,2025-02-08,G19,Cooking Oil 1L,Pantry,300
1097,2025-04-19,G05,Coffee,Beverages,450
1097,2025-04-19,G07,Sugar 1kg,Pantry,150
1098,2025-05-20,G10,Parmesan Cheese,Dairy,400
1098,2025-05-20,G09,Tomato Sauce,Pantry,90
1098,2025-05-20,G13,Soda 2L,Beverages,150
1098,2025-05-20,G06,Tea Leaves,Beverages,200
1099,2025-06-14,G01,White Bread,Bakery,60
1099,2025-06-14,G02,Butter,Dairy,180
1099,2025-06-14,G03,Milk 1L,Dairy,120
1100,2025-04-30,G13,Soda 2L,Beverages,150
1101,2025-04-22,G18,Rice 2kg,Pantry,250
1101,2025-04-22,G01,White Bread,Bakery,60
1101,2025-04-22,G09,Tomato Sauce,Pantry,90
1102,2025-04-12,G11,Potato Chips,Snacks,150
1103,2025-05-06,G16,Baby Wipes,Baby Care,350
1104,2025-02-25,G18,Rice 2kg,Pantry,250
1104,2025-02-25,G11,Potato Chips,Snacks,150
1104,2025-02-25,G01,White Bread,Bakery,60
1104,2025-02-25,G16,Baby Wipes,Baby Care,350
1105,2025-02-10,G19,Cooking Oil 1L,Pantry,300
1105,2025-02-10,G11,Potato Chips,Snacks,150
1106,2025-02-05,G05,Coffee,Beverages,450
1106,2025-02-05,G07,Sugar 1kg,Pantry,150
1107,2025-06-17,G16,Baby Wipes,Baby Care,350
1108,2025-05-16,G09,Tomato Sauce,Pantry,90
1109,2025-06-30,G13,Soda 2L,Beverages,150
1110,2025-05-08,G11,Potato Chips,Snacks,150
1110,2025-05-08,G12,Salsa Dip,Snacks,200
1111,2025-04-01,G10,Parmesan Cheese,Dairy,400
1111,2025-04-01,G06,Tea Leaves,Beverages,200
1112,2025-05-03,G02,Butter,Dairy,180
1112,2025-05-03,G11,Potato Chips,Snacks,150
1113,2025-05-07,G17,Baby Formula,Baby Care,1500
1113,2025-05-07,G09,Tomato Sauce,Pantry,90
1113,2025-05-07,G11,Potato Chips,Snacks,150
1113,2025-05-07,G14,Baby Diapers,Baby Care,1200
1114,2025-04-13,G17,Baby Formula,Baby Care,1500
1115,2025-01-20,G11,Potato Chips,Snacks,150
1115,2025-01-20,G12,Salsa Dip,Snacks,200
1116,2025-02-10,G16,Baby Wipes,Baby Care,350
1116,2025-02-10,G14,Baby Diapers,Baby Care,1200
1117,2025-06-07,G05,Coffee,Beverages,450
1117,2025-06-07,G08,Pasta,Pantry,120
1118,2025-02-15,G08,Pasta,Pantry,120
1118,2025-02-15,G05,Coffee,Beverages,450
1118,2025-02-15,G01,White Bread,Bakery,60
1118,2025-02-15,G15,Beer (6-Pack),Alcohol,800
1119,2025-01-14,G18,Rice 2kg,Pantry,250
1119,2025-01-14,G19,Cooking Oil 1L,Pantry,300
1119,2025-01-14,G20,Onions 1kg,Produce,80
1120,2025-03-21,G14,Baby Diapers,Baby Care,1200
1120,2025-03-21,G13,Soda 2L,Beverages,150
1121,2025-01-16,G16,Baby Wipes,Baby Care,350
1121,2025-01-16,G14,Baby Diapers,Baby Care,1200
1122,2025-06-06,G18,Rice 2kg,Pantry,250
1122,2025-06-06,G19,Cooking Oil 1L,Pantry,300
1122,2025-06-06,G20,Onions 1kg,Produce,80
1123,2025-02-13,G15,Beer (6-Pack),Alcohol,800
1123,2025-02-13,G01,White Bread,Bakery,60
1124,2025-03-02,G14,Baby Diapers,Baby Care,1200
1124,2025-03-02,G12,Salsa Dip,Snacks,200
1125,2025-05-06,G05,Coffee,Beverages,450
1126,2025-02-26,G16,Baby Wipes,Baby Care,350
1126,2025-02-26,G05,Coffee,Beverages,450
1126,2025-02-26,G20,Onions 1kg,Produce,80
1127,2025-05-22,G16,Baby Wipes,Baby Care,350
1127,2025-05-22,G14,Baby Diapers,Baby Care,1200
1128,2025-06-27,G05,Coffee,Beverages,450
1128,2025-06-27,G07,Sugar 1kg,Pantry,150
1129,2025-01-25,G08,Pasta,Pantry,120
1129,2025-01-25,G09,Tomato Sauce,Pantry,90
1130,2025-03-01,G09,Tomato Sauce,Pantry,90
1130,2025-03-01,G03,Milk 1L,Dairy,120
1130,2025-03-01,G18,Rice 2kg,Pantry,250
1130,2025-03-01,G20,Onions 1kg,Produce,80
1131,2025-05-19,G09,Tomato Sauce,Pantry,90
1131,2025-05-19,G03,Milk 1L,Dairy,120
1132,2025-03-22,G03,Milk 1L,Dairy,120
1133,2025-06-28,G02,Butter,Dairy,180
1133,2025-06-28,G08,Pasta,Pantry,120
1133,2025-06-28,G01,White Bread,Bakery,60
1133,2025-06-28,G06,Tea Leaves,Beverages,200
1134,2025-01-25,G06,Tea Leaves,Beverages,200
1135,2025-05-17,G01,White Bread,Bakery,60
1135,2025-05-17,G02,Butter,Dairy,180
1135,2025-05-17,G03,Milk 1L,Dairy,120
1136,2025-02-16,G14,Baby Diapers,Baby Care,1200
1136,2025-02-16,G15,Beer (6-Pack),Alcohol,800
1137,2025-01-21,G01,White Bread,Bakery,60
1137,2025-01-21,G02,Butter,Dairy,180
1137,2025-01-21,G03,Milk 1L,Dairy,120
1138,2025-02-02,G09,Tomato Sauce,Pantry,90
1139,2025-04-25,G09,Tomato Sauce,Pantry,90
1140,2025-06-02,G13,Soda 2L,Beverages,150
1140,2025-06-02,G12,Salsa Dip,Snacks,200
1141,2025-01-31,G01,White Bread,Bakery,60
1142,2025-01-08,G08,Pasta,Pantry,120
1142,2025-01-08,G02,Butter,Dairy,180
1142,2025-01-08,G01,White Bread,Bakery,60
1143,2025-03-17,G14,Baby Diapers,Baby Care,1200
1143,2025-03-17,G15,Beer (6-Pack),Alcohol,800
1144,2025-02-14,G04,Eggs (Tray),Dairy,350
1145,2025-02-22,G19,Cooking Oil 1L,Pantry,300
1146,2025-02-16,G05,Coffee,Beverages,450
1146,2025-02-16,G07,Sugar 1kg,Pantry,150
1147,2025-03-21,G14,Baby Diapers,Baby Care,1200
1148,2025-01-10,G10,Parmesan Cheese,Dairy,400
1148,2025-01-10,G15,Beer (6-Pack),Alcohol,800
1149,2025-05-06,G06,Tea Leaves,Beverages,200
1149,2025-05-06,G08,Pasta,Pantry,120
1149,2025-05-06,G01,White Bread,Bakery,60
1149,2025-05-06,G14,Baby Diapers,Baby Care,1200
1150,2025-01-18,G14,Baby Diapers,Baby Care,1200
1150,2025-01-18,G18,Rice 2kg,Pantry,250
1150,2025-01-18,G19,Cooking Oil 1L,Pantry,300
1151,2025-01-27,G17,Baby Formula,Baby Care,1500
1152,2025-05-20,G01,White Bread,Bakery,60
1152,2025-05-20,G02,Butter,Dairy,180
1152,2025-05-20,G03,Milk 1L,Dairy,120
1152,2025-05-20,G04,Eggs (Tray),Dairy,350
1153,2025-05-06,G18,Rice 2kg,Pantry,250
1153,2025-05-06,G19,Cooking Oil 1L,Pantry,300
1153,2025-05-06,G20,Onions 1kg,Produce,80
1154,2025-06-25,G07,Sugar 1kg,Pantry,150
1154,2025-06-25,G19,Cooking Oil 1L,Pantry,300
1155,2025-01-07,G08,Pasta,Pantry,120
1155,2025-01-07,G17,Baby Formula,Baby Care,1500
1155,2025-01-07,G14,Baby Diapers,Baby Care,1200
1155,2025-01-07,G10,Parmesan Cheese,Dairy,400
1156,2025-03-04,G06,Tea Leaves,Beverages,200
1156,2025-03-04,G05,Coffee,Beverages,450
1156,2025-03-04,G13,Soda 2L,Beverages,150
1156,2025-03-04,G10,Parmesan Cheese,Dairy,400
1157,2025-02-16,G01,White Bread,Bakery,60
1157,2025-02-16,G02,Butter,Dairy,180
1157,2025-02-16,G03,Milk 1L,Dairy,120
1157,2025-02-16,G05,Coffee,Beverages,450
1158,2025-03-11,G04,Eggs (Tray),Dairy,350
1159,2025-03-10,G04,Eggs (Tray),Dairy,350
1160,2025-02-03,G05,Coffee,Beverages,450
1160,2025-02-03,G07,Sugar 1kg,Pantry,150
1161,2025-06-07,G10,Parmesan Cheese,Dairy,400
1162,2025-05-16,G08,Pasta,Pantry,120
1162,2025-05-16,G09,Tomato Sauce,Pantry,90
1162,2025-05-16,G13,Soda 2L,Beverages,150
1163,2025-06-15,G05,Coffee,Beverages,450
1163,2025-06-15,G07,Sugar 1kg,Pantry,150
1164,2025-01-30,G05,Coffee,Beverages,450
1165,2025-05-02,G01,White Bread,Bakery,60
1165,2025-05-02,G02,Butter,Dairy,180
1165,2025-05-02,G03,Milk 1L,Dairy,120
1165,2025-05-02,G04,Eggs (Tray),Dairy,350
1166,2025-03-02,G18,Rice 2kg,Pantry,250
1166,2025-03-02,G19,Cooking Oil 1L,Pantry,300
1166,2025-03-02,G20,Onions 1kg,Produce,80
1166,2025-03-02,G08,Pasta,Pantry,120
1167,2025-04-22,G04,Eggs (Tray),Dairy,350
1168,2025-05-09,G18,Rice 2kg,Pantry,250
1168,2025-05-09,G19,Cooking Oil 1L,Pantry,300
1168,2025-05-09,G20,Onions 1kg,Produce,80
1169,2025-05-07,G01,White Bread,Bakery,60
1169,2025-05-07,G02,Butter,Dairy,180
1169,2025-05-07,G03,Milk 1L,Dairy,120
1170,2025-01-19,G18,Rice 2kg,Pantry,250
1170,2025-01-19,G19,Cooking Oil 1L,Pantry,300
1170,2025-01-19,G20,Onions 1kg,Produce,80
1171,2025-01-16,G08,Pasta,Pantry,120
1171,2025-01-16,G09,Tomato Sauce,Pantry,90
1172,2025-06-30,G16,Baby Wipes,Baby Care,350
1172,2025-06-30,G14,Baby Diapers,Baby Care,1200
1172,2025-06-30,G05,Coffee,Beverages,450
1173,2025-03-18,G20,Onions 1kg,Produce,80
1173,2025-03-18,G10,Parmesan Cheese,Dairy,400
1173,2025-03-18,G07,Sugar 1kg,Pantry,150
1173,2025-03-18,G17,Baby Formula,Baby Care,1500
1174,2025-01-11,G14,Baby Diapers,Baby Care,1200
1174,2025-01-11,G15,Beer (6-Pack),Alcohol,800
1175,2025-03-14,G16,Baby Wipes,Baby Care,350
1175,2025-03-14,G14,Baby Diapers,Baby Care,1200
1176,2025-05-09,G14,Baby Diapers,Baby Care,1200
1176,2025-05-09,G15,Beer (6-Pack),Alcohol,800
1176,2025-05-09,G03,Milk 1L,Dairy,120
1177,2025-05-26,G16,Baby Wipes,Baby Care,350
1177,2025-05-26,G14,Baby Diapers,Baby Care,1200
1178,2025-04-23,G08,Pasta,Pantry,120
1179,2025-02-01,G01,White Bread,Bakery,60
1179,2025-02-01,G02,Butter,Dairy,180
1179,2025-02-01,G03,Milk 1L,Dairy,120
1180,2025-02-22,G11,Potato Chips,Snacks,150
1180,2025-02-22,G12,Salsa Dip,Snacks,200
1181,2025-06-22,G05,Coffee,Beverages,450
1181,2025-06-22,G07,Sugar 1kg,Pantry,150
1181,2025-06-22,G09,Tomato Sauce,Pantry,90
1182,2025-03-15,G14,Baby Diapers,Baby Care,1200
1182,2025-03-15,G15,Beer (6-Pack),Alcohol,800
1183,2025-02-15,G14,Baby Diapers,Baby Care,1200
1183,2025-02-15,G15,Beer (6-Pack),Alcohol,800
1184,2025-05-29,G10,Parmesan Cheese,Dairy,400
1184,2025-05-29,G18,Rice 2kg,Pantry,250
1184,2025-05-29,G13,Soda 2L,Beverages,150
1184,2025-05-29,G02,Butter,Dairy,180
1185,2025-01-24,G08,Pasta,Pantry,120
1185,2025-01-24,G09,Tomato Sauce,Pantry,90
1186,2025-04-28,G01,White Bread,Bakery,60
1186,2025-04-28,G02,Butter,Dairy,180
1186,2025-04-28,G03,Milk 1L,Dairy,120
1187,2025-05-21,G18,Rice 2kg,Pantry,250
1187,2025-05-21,G19,Cooking Oil 1L,Pantry,300
1187,2025-05-21,G20,Onions 1kg,Produce,80
1188,2025-04-15,G08,Pasta,Pantry,120
1189,2025-05-05,G08,Pasta,Pantry,120
1189,2025-05-05,G16,Baby Wipes,Baby Care,350
1190,2025-03-06,G09,Tomato Sauce,Pantry,90
1191,2025-01-10,G14,Baby Diapers,Baby Care,1200
1191,2025-01-10,G15,Beer (6-Pack),Alcohol,800
1192,2025-03-06,G14,Baby Diapers,Baby Care,1200
1192,2025-03-06,G15,Beer (6-Pack),Alcohol,800
1193,2025-03-02,G05,Coffee,Beverages,450
1193,2025-03-02,G07,Sugar 1kg,Pantry,150
1194,2025-06-14,G04,Eggs (Tray),Dairy,350
1195,2025-05-11,G16,Baby Wipes,Baby Care,350
1196,2025-05-15,G08,Pasta,Pantry,120
1196,2025-05-15,G09,Tomato Sauce,Pantry,90
1196,2025-05-15,G10,Parmesan Cheese,Dairy,400
1197,2025-01-30,G18,Rice 2kg,Pantry,250
1198,2025-06-20,G04,Eggs (Tray),Dairy,350
1198,2025-06-20,G11,Potato Chips,Snacks,150
1199,2025-04-08,G03,Milk 1L,Dairy,120
1200,2025-01-07,G08,Pasta,Pantry,120
1200,2025-01-07,G09,Tomato Sauce,Pantry,90
1200,2025-01-07,G10,Parmesan Cheese,Dairy,400
1201,2025-05-28,G02,Butter,Dairy,180
1201,2025-05-28,G18,Rice 2kg,Pantry,250
1202,2025-01-12,G01,White Bread,Bakery,60
1203,2025-03-27,G01,White Bread,Bakery,60
1203,2025-03-27,G02,Butter,Dairy,180
1203,2025-03-27,G03,Milk 1L,Dairy,120
1204,2025-02-18,G11,Potato Chips,Snacks,150
1204,2025-02-18,G12,Salsa Dip,Snacks,200
1204,2025-02-18,G13,Soda 2L,Beverages,150
1205,2025-02-19,G01,White Bread,Bakery,60
1205,2025-02-19,G02,Butter,Dairy,180
1205,2025-02-19,G03,Milk 1L,Dairy,120
1206,2025-06-05,G14,Baby Diapers,Baby Care,1200
1206,2025-06-05,G15,Beer (6-Pack),Alcohol,800
1207,2025-06-18,G05,Coffee,Beverages,450
1207,2025-06-18,G07,Sugar 1kg,Pantry,150
1207,2025-06-18,G09,Tomato Sauce,Pantry,90
1208,2025-03-03,G11,Potato Chips,Snacks,150
1208,2025-03-03,G12,Salsa Dip,Snacks,200
1209,2025-05-24,G06,Tea Leaves,Beverages,200
1210,2025-04-29,G17,Baby Formula,Baby Care,1500
1211,2025-05-08,G19,Cooking Oil 1L,Pantry,300
1211,2025-05-08,G15,Beer (6-Pack),Alcohol,800
1211,2025-05-08,G01,White Bread,Bakery,60
1211,2025-05-08,G20,Onions 1kg,Produce,80
1212,2025-02-12,G01,White Bread,Bakery,60
1213,2025-04-25,G01,White Bread,Bakery,60
1213,2025-04-25,G02,Butter,Dairy,180
1213,2025-04-25,G03,Milk 1L,Dairy,120
1213,2025-04-25,G04,Eggs (Tray),Dairy,350
1214,2025-05-03,G15,Beer (6-Pack),Alcohol,800
1215,2025-05-13,G01,White Bread,Bakery,60
1215,2025-05-13,G02,Butter,Dairy,180
1215,2025-05-13,G05,Coffee,Beverages,450
1215,2025-05-13,G20,Onions 1kg,Produce,80
1216,2025-03-29,G08,Pasta,Pantry,120
1216,2025-03-29,G09,Tomato Sauce,Pantry,90
1216,2025-03-29,G02,Butter,Dairy,180
1217,2025-06-19,G12,Salsa Dip,Snacks,200
1217,2025-06-19,G15,Beer (6-Pack),Alcohol,800
1218,2025-06-11,G20,Onions 1kg,Produce,80
1219,2025-01-09,G16,Baby Wipes,Baby Care,350
1219,2025-01-09,G14,Baby Diapers,Baby Care,1200
1219,2025-01-09,G17,Baby Formula,Baby Care,1500
1220,2025-03-20,G01,White Bread,Bakery,60
1220,2025-03-20,G02,Butter,Dairy,180
1220,2025-03-20,G03,Milk 1L,Dairy,120
1220,2025-03-20,G04,Eggs (Tray),Dairy,350
1221,2025-03-23,G16,Baby Wipes,Baby Care,350
1221,2025-03-23,G14,Baby Diapers,Baby Care,1200
1222,2025-02-15,G20,Onions 1kg,Produce,80
1223,2025-03-02,G06,Tea Leaves,Beverages,200
1223,2025-03-02,G18,Rice 2kg,Pantry,250
1223,2025-03-02,G15,Beer (6-Pack),Alcohol,800
1224,2025-03-23,G01,White Bread,Bakery,60
1224,2025-03-23,G02,Butter,Dairy,180
1224,2025-03-23,G03,Milk 1L,Dairy,120
1224,2025-03-23,G04,Eggs (Tray),Dairy,350
1225,2025-04-03,G18,Rice 2kg,Pantry,250
1225,2025-04-03,G17,Baby Formula,Baby Care,1500
1226,2025-01-15,G09,Tomato Sauce,Pantry,90
1227,2025-04-08,G08,Pasta,Pantry,120
1227,2025-04-08,G09,Tomato Sauce,Pantry,90
1228,2025-03-26,G11,Potato Chips,Snacks,150
1228,2025-03-26,G12,Salsa Dip,Snacks,200
1228,2025-03-26,G13,Soda 2L,Beverages,150
1229,2025-06-13,G16,Baby Wipes,Baby Care,350
1229,2025-06-13,G01,White Bread,Bakery,60
1229,2025-06-13,G12,Salsa Dip,Snacks,200
1229,2025-06-13,G05,Coffee,Beverages,450
1230,2025-01-04,G08,Pasta,Pantry,120
1231,2025-04-30,G08,Pasta,Pantry,120
1231,2025-04-30,G09,Tomato Sauce,Pantry,90
1231,2025-04-30,G10,Parmesan Cheese,Dairy,400
1232,2025-03-06,G06,Tea Leaves,Beverages,200
1232,2025-03-06,G09,Tomato Sauce,Pantry,90
1232,2025-03-06,G12,Salsa Dip,Snacks,200
1233,2025-05-06,G06,Tea Leaves,Beverages,200
1234,2025-02-15,G08,Pasta,Pantry,120
1234,2025-02-15,G05,Coffee,Beverages,450
1234,2025-02-15,G13,Soda 2L,Beverages,150
1234,2025-02-15,G19,Cooking Oil 1L,Pantry,300
1235,2025-04-28,G16,Baby Wipes,Baby Care,350
1235,2025-04-28,G14,Baby Diapers,Baby Care,1200
1236,2025-02-25,G09,Tomato Sauce,Pantry,90
1237,2025-02-17,G08,Pasta,Pantry,120
1237,2025-02-17,G09,Tomato Sauce,Pantry,90
1237,2025-02-17,G10,Parmesan Cheese,Dairy,400
1238,2025-01-16,G11,Potato Chips,Snacks,150
1238,2025-01-16,G12,Salsa Dip,Snacks,200
1238,2025-01-16,G14,Baby Diapers,Baby Care,1200
1239,2025-05-10,G18,Rice 2kg,Pantry,250
1239,2025-05-10,G19,Cooking Oil 1L,Pantry,300
1239,2025-05-10,G20,Onions 1kg,Produce,80
1240,2025-02-12,G18,Rice 2kg,Pantry,250
1240,2025-02-12,G19,Cooking Oil 1L,Pantry,300
1240,2025-02-12,G20,Onions 1kg,Produce,80
1241,2025-04-19,G05,Coffee,Beverages,450
1241,2025-04-19,G07,Sugar 1kg,Pantry,150
1242,2025-01-20,G01,White Bread,Bakery,60
1243,2025-05-05,G05,Coffee,Beverages,450
1243,2025-05-05,G07,Sugar 1kg,Pantry,150
1244,2025-06-26,G14,Baby Diapers,Baby Care,1200
1244,2025-06-26,G15,Beer (6-Pack),Alcohol,800
1245,2025-03-17,G05,Coffee,Beverages,450
1245,2025-03-17,G15,Beer (6-Pack),Alcohol,800
1245,2025-03-17,G08,Pasta,Pantry,120
1245,2025-03-17,G20,Onions 1kg,Produce,80
1246,2025-01-09,G06,Tea Leaves,Beverages,200
1246,2025-01-09,G09,Tomato Sauce,Pantry,90
1247,2025-06-07,G14,Baby Diapers,Baby Care,1200
1247,2025-06-07,G15,Beer (6-Pack),Alcohol,800
1248,2025-02-05,G08,Pasta,Pantry,120
1248,2025-02-05,G09,Tomato Sauce,Pantry,90
1248,2025-02-05,G10,Parmesan Cheese,Dairy,400
1249,2025-05-19,G07,Sugar 1kg,Pantry,150
1250,2025-04-01,G07,Sugar 1kg,Pantry,150
1250,2025-04-01,G12,Salsa Dip,Snacks,200
1251,2025-04-20,G08,Pasta,Pantry,120
1251,2025-04-20,G09,Tomato Sauce,Pantry,90
1252,2025-01-14,G18,Rice 2kg,Pantry,250
1252,2025-01-14,G19,Cooking Oil 1L,Pantry,300
1252,2025-01-14,G20,Onions 1kg,Produce,80
1253,2025-04-09,G10,Parmesan Cheese,Dairy,400
1254,2025-06-12,G11,Potato Chips,Snacks,150
1254,2025-06-12,G12,Salsa Dip,Snacks,200
1254,2025-06-12,G06,Tea Leaves,Beverages,200
1255,2025-06-22,G08,Pasta,Pantry,120
1255,2025-06-22,G09,Tomato Sauce,Pantry,90
1256,2025-03-13,G16,Baby Wipes,Baby Care,350
1257,2025-01-27,G18,Rice 2kg,Pantry,250
1257,2025-01-27,G19,Cooking Oil 1L,Pantry,300
1257,2025-01-27,G20,Onions 1kg,Produce,80
1258,2025-02-22,G14,Baby Diapers,Baby Care,1200
1258,2025-02-22,G15,Beer (6-Pack),Alcohol,800
1259,2025-02-03,G11,Potato Chips,Snacks,150
1259,2025-02-03,G12,Salsa Dip,Snacks,200
1259,2025-02-03,G13,Soda 2L,Beverages,150
1260,2025-04-15,G01,White Bread,Bakery,60
1260,2025-04-15,G02,Butter,Dairy,180
1260,2025-04-15,G03,Milk 1L,Dairy,120
1261,2025-05-12,G06,Tea Leaves,Beverages,200
1261,2025-05-12,G18,Rice 2kg,Pantry,250
1262,2025-03-22,G14,Baby Diapers,Baby Care,1200
1262,2025-03-22,G15,Beer (6-Pack),Alcohol,800
1263,2025-05-01,G14,Baby Diapers,Baby Care,1200
1263,2025-05-01,G15,Beer (6-Pack),Alcohol,800
1264,2025-04-09,G16,Baby Wipes,Baby Care,350
1264,2025-04-09,G14,Baby Diapers,Baby Care,1200
1265,2025-04-12,G01,White Bread,Bakery,60
1266,2025-05-07,G08,Pasta,Pantry,120
1266,2025-05-07,G13,Soda 2L,Beverages,150
1266,2025-05-07,G03,Milk 1L,Dairy,120
1266,2025-05-07,G04,Eggs (Tray),Dairy,350
1267,2025-02-24,G20,Onions 1kg,Produce,80
1267,2025-02-24,G14,Baby Diapers,Baby Care,1200
1268,2025-06-15,G18,Rice 2kg,Pantry,250
1268,2025-06-15,G19,Cooking Oil 1L,Pantry,300
1268,2025-06-15,G20,Onions 1kg,Produce,80
1269,2025-04-10,G14,Baby Diapers,Baby Care,1200
1269,2025-04-10,G08,Pasta,Pantry,120
1269,2025-04-10,G20,Onions 1kg,Produce,80
1270,2025-06-13,G07,Sugar 1kg,Pantry,150
1270,2025-06-13,G05,Coffee,Beverages,450
1270,2025-06-13,G04,Eggs (Tray),Dairy,350
1271,2025-04-22,G09,Tomato Sauce,Pantry,90
1272,2025-05-26,G11,Potato Chips,Snacks,150
1272,2025-05-26,G12,Salsa Dip,Snacks,200
1272,2025-05-26,G13,Soda 2L,Beverages,150
1273,2025-02-07,G16,Baby Wipes,Baby Care,350
1273,2025-02-07,G07,Sugar 1kg,Pantry,150
1273,2025-02-07,G12,Salsa Dip,Snacks,200
1273,2025-02-07,G06,Tea Leaves,Beverages,200
1274,2025-05-14,G08,Pasta,Pantry,120
1274,2025-05-14,G09,Tomato Sauce,Pantry,90
1275,2025-06-18,G11,Potato Chips,Snacks,150
1276,2025-03-17,G14,Baby Diapers,Baby Care,1200
1276,2025-03-17,G15,Beer (6-Pack),Alcohol,800
1277,2025-06-28,G09,Tomato Sauce,Pantry,90
1278,2025-01-14,G10,Parmesan Cheese,Dairy,400
1279,2025-04-12,G11,Potato Chips,Snacks,150
1280,2025-03-12,G05,Coffee,Beverages,450
1280,2025-03-12,G14,Baby Diapers,Baby Care,1200
1280,2025-03-12,G11,Potato Chips,Snacks,150
1280,2025-03-12,G10,Parmesan Cheese,Dairy,400
1281,2025-03-11,G11,Potato Chips,Snacks,150
1281,2025-03-11,G12,Salsa Dip,Snacks,200
1281,2025-03-11,G13,Soda 2L,Beverages,150
1282,2025-01-20,G18,Rice 2kg,Pantry,250
1282,2025-01-20,G19,Cooking Oil 1L,Pantry,300
1282,2025-01-20,G20,Onions 1kg,Produce,80
1283,2025-06-07,G08,Pasta,Pantry,120
1283,2025-06-07,G09,Tomato Sauce,Pantry,90
1283,2025-06-07,G10,Parmesan Cheese,Dairy,400
1284,2025-02-09,G18,Rice 2kg,Pantry,250
1284,2025-02-09,G08,Pasta,Pantry,120
1285,2025-01-19,G06,Tea Leaves,Beverages,200
1285,2025-01-19,G04,Eggs (Tray),Dairy,350
1285,2025-01-19,G01,White Bread,Bakery,60
1286,2025-05-30,G11,Potato Chips,Snacks,150
1286,2025-05-30,G12,Salsa Dip,Snacks,200
1286,2025-05-30,G13,Soda 2L,Beverages,150
1286,2025-05-30,G20,Onions 1kg,Produce,80
1287,2025-02-28,G16,Baby Wipes,Baby Care,350
1287,2025-02-28,G14,Baby Diapers,Baby Care,1200
1288,2025-04-12,G11,Potato Chips,Snacks,150
1288,2025-04-12,G16,Baby Wipes,Baby Care,350
1289,2025-01-11,G14,Baby Diapers,Baby Care,1200
1289,2025-01-11,G15,Beer (6-Pack),Alcohol,800
1289,2025-01-11,G16,Baby Wipes,Baby Care,350
1290,2025-03-01,G05,Coffee,Beverages,450
1290,2025-03-01,G07,Sugar 1kg,Pantry,150
1291,2025-06-18,G06,Tea Leaves,Beverages,200
1292,2025-04-05,G05,Coffee,Beverages,450
1292,2025-04-05,G07,Sugar 1kg,Pantry,150
1293,2025-02-17,G14,Baby Diapers,Baby Care,1200
1293,2025-02-17,G15,Beer (6-Pack),Alcohol,800
1294,2025-06-03,G03,Milk 1L,Dairy,120
1295,2025-05-27,G11,Potato Chips,Snacks,150
1295,2025-05-27,G12,Salsa Dip,Snacks,200
1296,2025-04-07,G18,Rice 2kg,Pantry,250
1296,2025-04-07,G19,Cooking Oil 1L,Pantry,300
1296,2025-04-07,G20,Onions 1kg,Produce,80
1297,2025-01-18,G05,Coffee,Beverages,450
1297,2025-01-18,G07,Sugar 1kg,Pantry,150
1297,2025-01-18,G20,Onions 1kg,Produce,80
1298,2025-06-28,G16,Baby Wipes,Baby Care,350
1299,2025-04-14,G04,Eggs (Tray),Dairy,350
1300,2025-03-05,G05,Coffee,Beverages,450
1300,2025-03-05,G07,Sugar 1kg,Pantry,150
1300,2025-03-05,G01,White Bread,Bakery,60
1301,2025-03-01,G08,Pasta,Pantry,120
1301,2025-03-01,G09,Tomato Sauce,Pantry,90
1301,2025-03-01,G10,Parmesan Cheese,Dairy,400
1302,2025-06-08,G05,Coffee,Beverages,450
1302,2025-06-08,G07,Sugar 1kg,Pantry,150
1303,2025-04-28,G15,Beer (6-Pack),Alcohol,800
1304,2025-05-28,G07,Sugar 1kg,Pantry,150
1304,2025-05-28,G19,Cooking Oil 1L,Pantry,300
1305,2025-05-20,G17,Baby Formula,Baby Care,1500
1306,2025-04-09,G01,White Bread,Bakery,60
1306,2025-04-09,G02,Butter,Dairy,180
1306,2025-04-09,G03,Milk 1L,Dairy,120
1306,2025-04-09,G04,Eggs (Tray),Dairy,350
1307,2025-02-17,G05,Coffee,Beverages,450
1307,2025-02-17,G07,Sugar 1kg,Pantry,150
1308,2025-05-11,G01,White Bread,Bakery,60
1308,2025-05-11,G02,Butter,Dairy,180
1308,2025-05-11,G03,Milk 1L,Dairy,120
1308,2025-05-11,G04,Eggs (Tray),Dairy,350
1309,2025-01-31,G11,Potato Chips,Snacks,150
1309,2025-01-31,G12,Salsa Dip,Snacks,200
1309,2025-01-31,G16,Baby Wipes,Baby Care,350
1310,2025-03-04,G01,White Bread,Bakery,60
1310,2025-03-04,G02,Butter,Dairy,180
1310,2025-03-04,G03,Milk 1L,Dairy,120
1310,2025-03-04,G04,Eggs (Tray),Dairy,350
1311,2025-05-18,G15,Beer (6-Pack),Alcohol,800
1311,2025-05-18,G05,Coffee,Beverages,450
1312,2025-06-17,G11,Potato Chips,Snacks,150
1312,2025-06-17,G01,White Bread,Bakery,60
1312,2025-06-17,G10,Parmesan Cheese,Dairy,400
1312,2025-06-17,G20,Onions 1kg,Produce,80
1313,2025-02-02,G13,Soda 2L,Beverages,150
1313,2025-02-02,G03,Milk 1L,Dairy,120
1313,2025-02-02,G06,Tea Leaves,Beverages,200
1314,2025-02-12,G08,Pasta,Pantry,120
1314,2025-02-12,G17,Baby Formula,Baby Care,1500
1315,2025-03-30,G10,Parmesan Cheese,Dairy,400
1315,2025-03-30,G16,Baby Wipes,Baby Care,350
1316,2025-03-04,G05,Coffee,Beverages,450
1316,2025-03-04,G07,Sugar 1kg,Pantry,150
1317,2025-04-04,G05,Coffee,Beverages,450
1317,2025-04-04,G07,Sugar 1kg,Pantry,150
1318,2025-06-08,G11,Potato Chips,Snacks,150
1318,2025-06-08,G12,Salsa Dip,Snacks,200
1319,2025-02-28,G14,Baby Diapers,Baby Care,1200
1319,2025-02-28,G15,Beer (6-Pack),Alcohol,800
1320,2025-02-22,G16,Baby Wipes,Baby Care,350
1320,2025-02-22,G14,Baby Diapers,Baby Care,1200
1321,2025-01-04,G02,Butter,Dairy,180
1322,2025-03-29,G08,Pasta,Pantry,120
1322,2025-03-29,G16,Baby Wipes,Baby Care,350
1322,2025-03-29,G10,Parmesan Cheese,Dairy,400
1322,2025-03-29,G09,Tomato Sauce,Pantry,90
1323,2025-01-20,G17,Baby Formula,Baby Care,1500
1323,2025-01-20,G12,Salsa Dip,Snacks,200
1323,2025-01-20,G08,Pasta,Pantry,120
1324,2025-06-16,G05,Coffee,Beverages,450
1324,2025-06-16,G01,White Bread,Bakery,60
1325,2025-03-17,G08,Pasta,Pantry,120
1326,2025-04-30,G05,Coffee,Beverages,450
1327,2025-03-22,G16,Baby Wipes,Baby Care,350
1327,2025-03-22,G14,Baby Diapers,Baby Care,1200
1328,2025-06-18,G09,Tomato Sauce,Pantry,90
1328,2025-06-18,G06,Tea Leaves,Beverages,200
1328,2025-06-18,G12,Salsa Dip,Snacks,200
1328,2025-06-18,G15,Beer (6-Pack),Alcohol,800
1329,2025-05-19,G01,White Bread,Bakery,60
1329,2025-05-19,G14,Baby Diapers,Baby Care,1200
1330,2025-02-03,G04,Eggs (Tray),Dairy,350
1331,2025-06-11,G19,Cooking Oil 1L,Pantry,300
1332,2025-02-28,G08,Pasta,Pantry,120
1332,2025-02-28,G09,Tomato Sauce,Pantry,90
1332,2025-02-28,G10,Parmesan Cheese,Dairy,400
1333,2025-04-22,G18,Rice 2kg,Pantry,250
1333,2025-04-22,G19,Cooking Oil 1L,Pantry,300
1333,2025-04-22,G20,Onions 1kg,Produce,80
1334,2025-05-06,G05,Coffee,Beverages,450
1334,2025-05-06,G07,Sugar 1kg,Pantry,150
1335,2025-04-02,G05,Coffee,Beverages,450
1335,2025-04-02,G07,Sugar 1kg,Pantry,150
1335,2025-04-02,G01,White Bread,Bakery,60
1336,2025-04-27,G02,Butter,Dairy,180
1337,2025-06-20,G01,White Bread,Bakery,60
1337,2025-06-20,G02,Butter,Dairy,180
1337,2025-06-20,G03,Milk 1L,Dairy,120
1338,2025-01-21,G11,Potato Chips,Snacks,150
1338,2025-01-21,G12,Salsa Dip,Snacks,200
1339,2025-03-30,G04,Eggs (Tray),Dairy,350
1339,2025-03-30,G11,Potato Chips,Snacks,150
1339,2025-03-30,G05,Coffee,Beverages,450
1340,2025-01-30,G14,Baby Diapers,Baby Care,1200
1340,2025-01-30,G15,Beer (6-Pack),Alcohol,800
1341,2025-01-07,G11,Potato Chips,Snacks,150
1341,2025-01-07,G12,Salsa Dip,Snacks,200
1342,2025-06-16,G10,Parmesan Cheese,Dairy,400
1342,2025-06-16,G09,Tomato Sauce,Pantry,90
1343,2025-06-08,G18,Rice 2kg,Pantry,250
1343,2025-06-08,G19,Cooking Oil 1L,Pantry,300
1343,2025-06-08,G20,Onions 1kg,Produce,80
1344,2025-04-11,G07,Sugar 1kg,Pantry,150
1344,2025-04-11,G19,Cooking Oil 1L,Pantry,300
1344,2025-04-11,G17,Baby Formula,Baby Care,1500
1344,2025-04-11,G02,Butter,Dairy,180
1345,2025-04-24,G14,Baby Diapers,Baby Care,1200
1345,2025-04-24,G15,Beer (6-Pack),Alcohol,800
1346,2025-03-10,G08,Pasta,Pantry,120
1346,2025-03-10,G09,Tomato Sauce,Pantry,90
1346,2025-03-10,G10,Parmesan Cheese,Dairy,400
1347,2025-04-02,G18,Rice 2kg,Pantry,250
1347,2025-04-02,G19,Cooking Oil 1L,Pantry,300
1347,2025-04-02,G20,Onions 1kg,Produce,80
1348,2025-06-24,G18,Rice 2kg,Pantry,250
1348,2025-06-24,G11,Potato Chips,Snacks,150
1349,2025-05-24,G11,Potato Chips,Snacks,150
1349,2025-05-24,G12,Salsa Dip,Snacks,200
1349,2025-05-24,G13,Soda 2L,Beverages,150
1349,2025-05-24,G06,Tea Leaves,Beverages,200
1350,2025-05-05,G11,Potato Chips,Snacks,150
1350,2025-05-05,G12,Salsa Dip,Snacks,200
1351,2025-05-14,G08,Pasta,Pantry,120
1351,2025-05-14,G09,Tomato Sauce,Pantry,90
1352,2025-03-21,G07,Sugar 1kg,Pantry,150
1353,2025-04-28,G16,Baby Wipes,Baby Care,350
1353,2025-04-28,G14,Baby Diapers,Baby Care,1200
1354,2025-03-19,G15,Beer (6-Pack),Alcohol,800
1354,2025-03-19,G06,Tea Leaves,Beverages,200
1354,2025-03-19,G02,Butter,Dairy,180
1354,2025-03-19,G20,Onions 1kg,Produce,80
1355,2025-03-12,G16,Baby Wipes,Baby Care,350
1356,2025-04-23,G18,Rice 2kg,Pantry,250
1356,2025-04-23,G19,Cooking Oil 1L,Pantry,300
1356,2025-04-23,G20,Onions 1kg,Produce,80
1357,2025-06-27,G01,White Bread,Bakery,60
1357,2025-06-27,G02,Butter,Dairy,180
1357,2025-06-27,G03,Milk 1L,Dairy,120
1358,2025-06-07,G14,Baby Diapers,Baby Care,1200
1358,2025-06-07,G15,Beer (6-Pack),Alcohol,800
1359,2025-02-25,G14,Baby Diapers,Baby Care,1200
1359,2025-02-25,G15,Beer (6-Pack),Alcohol,800
1360,2025-05-09,G08,Pasta,Pantry,120
1361,2025-03-13,G14,Baby Diapers,Baby Care,1200
1361,2025-03-13,G15,Beer (6-Pack),Alcohol,800
1362,2025-03-12,G17,Baby Formula,Baby Care,1500
1362,2025-03-12,G14,Baby Diapers,Baby Care,1200
1362,2025-03-12,G06,Tea Leaves,Beverages,200
1362,2025-03-12,G01,White Bread,Bakery,60
1363,2025-04-21,G01,White Bread,Bakery,60
1363,2025-04-21,G02,Butter,Dairy,180
1363,2025-04-21,G03,Milk 1L,Dairy,120
1364,2025-02-03,G15,Beer (6-Pack),Alcohol,800
1364,2025-02-03,G09,Tomato Sauce,Pantry,90
1364,2025-02-03,G16,Baby Wipes,Baby Care,350
1365,2025-04-29,G10,Parmesan Cheese,Dairy,400
1365,2025-04-29,G02,Butter,Dairy,180
1366,2025-01-29,G01,White Bread,Bakery,60
1366,2025-01-29,G14,Baby Diapers,Baby Care,1200
1367,2025-02-03,G05,Coffee,Beverages,450
1367,2025-02-03,G07,Sugar 1kg,Pantry,150
1367,2025-02-03,G16,Baby Wipes,Baby Care,350
1368,2025-05-05,G05,Coffee,Beverages,450
1368,2025-05-05,G07,Sugar 1kg,Pantry,150
1369,2025-05-30,G06,Tea Leaves,Beverages,200
1370,2025-01-29,G03,Milk 1L,Dairy,120
1370,2025-01-29,G17,Baby Formula,Baby Care,1500
1371,2025-05-20,G16,Baby Wipes,Baby Care,350
1371,2025-05-20,G14,Baby Diapers,Baby Care,1200
1371,2025-05-20,G17,Baby Formula,Baby Care,1500
1371,2025-05-20,G08,Pasta,Pantry,120
1372,2025-06-29,G01,White Bread,Bakery,60
1372,2025-06-29,G20,Onions 1kg,Produce,80
1372,2025-06-29,G07,Sugar 1kg,Pantry,150
1373,2025-01-02,G08,Pasta,Pantry,120
1374,2025-05-10,G04,Eggs (Tray),Dairy,350
1374,2025-05-10,G18,Rice 2kg,Pantry,250
1375,2025-03-10,G10,Parmesan Cheese,Dairy,400
1376,2025-03-18,G17,Baby Formula,Baby Care,1500
1377,2025-03-25,G02,Butter,Dairy,180
1378,2025-05-26,G01,White Bread,Bakery,60
1378,2025-05-26,G02,Butter,Dairy,180
1378,2025-05-26,G03,Milk 1L,Dairy,120
1378,2025-05-26,G04,Eggs (Tray),Dairy,350
1378,2025-05-26,G19,Cooking Oil 1L,Pantry,300
1379,2025-06-29,G08,Pasta,Pantry,120
1379,2025-06-29,G09,Tomato Sauce,Pantry,90
1380,2025-03-23,G14,Baby Diapers,Baby Care,1200
1380,2025-03-23,G07,Sugar 1kg,Pantry,150
1381,2025-01-30,G09,Tomato Sauce,Pantry,90
1382,2025-01-31,G06,Tea Leaves,Beverages,200
1382,2025-01-31,G02,Butter,Dairy,180
1382,2025-01-31,G16,Baby Wipes,Baby Care,350
1382,2025-01-31,G05,Coffee,Beverages,450
1383,2025-03-04,G14,Baby Diapers,Baby Care,1200
1383,2025-03-04,G15,Beer (6-Pack),Alcohol,800
1383,2025-03-04,G12,Salsa Dip,Snacks,200
1384,2025-04-19,G11,Potato Chips,Snacks,150
1385,2025-06-22,G20,Onions 1kg,Produce,80
1385,2025-06-22,G14,Baby Diapers,Baby Care,1200
1385,2025-06-22,G01,White Bread,Bakery,60
1386,2025-06-21,G01,White Bread,Bakery,60
1386,2025-06-21,G02,Butter,Dairy,180
1386,2025-06-21,G03,Milk 1L,Dairy,120
1387,2025-02-28,G18,Rice 2kg,Pantry,250
1387,2025-02-28,G19,Cooking Oil 1L,Pantry,300
1387,2025-02-28,G20,Onions 1kg,Produce,80
1388,2025-01-10,G11,Potato Chips,Snacks,150
1388,2025-01-10,G12,Salsa Dip,Snacks,200
1389,2025-06-02,G01,White Bread,Bakery,60
1389,2025-06-02,G06,Tea Leaves,Beverages,200
1390,2025-06-22,G16,Baby Wipes,Baby Care,350
1390,2025-06-22,G14,Baby Diapers,Baby Care,1200
1391,2025-01-08,G19,Cooking Oil 1L,Pantry,300
1391,2025-01-08,G18,Rice 2kg,Pantry,250
1391,2025-01-08,G02,Butter,Dairy,180
1391,2025-01-08,G11,Potato Chips,Snacks,150
1392,2025-01-14,G16,Baby Wipes,Baby Care,350
1392,2025-01-14,G14,Baby Diapers,Baby Care,1200
1393,2025-03-29,G05,Coffee,Beverages,450
1393,2025-03-29,G07,Sugar 1kg,Pantry,150
1394,2025-02-20,G08,Pasta,Pantry,120
1394,2025-02-20,G11,Potato Chips,Snacks,150
1394,2025-02-20,G16,Baby Wipes,Baby Care,350
1395,2025-05-15,G16,Baby Wipes,Baby Care,350
1395,2025-05-15,G14,Baby Diapers,Baby Care,1200
1396,2025-03-02,G11,Potato Chips,Snacks,150
1396,2025-03-02,G12,Salsa Dip,Snacks,200
1397,2025-02-28,G19,Cooking Oil 1L,Pantry,300
1397,2025-02-28,G20,Onions 1kg,Produce,80
1398,2025-01-25,G09,Tomato Sauce,Pantry,90
1398,2025-01-25,G01,White Bread,Bakery,60
1399,2025-05-12,G11,Potato Chips,Snacks,150
1399,2025-05-12,G12,Salsa Dip,Snacks,200
1399,2025-05-12,G13,Soda 2L,Beverages,150
1400,2025-01-20,G08,Pasta,Pantry,120
1400,2025-01-20,G09,Tomato Sauce,Pantry,90
1401,2025-03-17,G09,Tomato Sauce,Pantry,90
1402,2025-06-18,G04,Eggs (Tray),Dairy,350
1402,2025-06-18,G05,Coffee,Beverages,450
1402,2025-06-18,G14,Baby Diapers,Baby Care,1200
1402,2025-06-18,G17,Baby Formula,Baby Care,1500
1403,2025-03-06,G16,Baby Wipes,Baby Care,350
1403,2025-03-06,G14,Baby Diapers,Baby Care,1200
1404,2025-04-30,G19,Cooking Oil 1L,Pantry,300
1405,2025-01-18,G12,Salsa Dip,Snacks,200
1405,2025-01-18,G04,Eggs (Tray),Dairy,350
1405,2025-01-18,G09,Tomato Sauce,Pantry,90
1405,2025-01-18,G14,Baby Diapers,Baby Care,1200
1406,2025-04-18,G01,White Bread,Bakery,60
1406,2025-04-18,G02,Butter,Dairy,180
1406,2025-04-18,G03,Milk 1L,Dairy,120
1406,2025-04-18,G04,Eggs (Tray),Dairy,350
1407,2025-06-18,G11,Potato Chips,Snacks,150
1407,2025-06-18,G12,Salsa Dip,Snacks,200
1408,2025-04-26,G04,Eggs (Tray),Dairy,350
1409,2025-02-10,G01,White Bread,Bakery,60
1409,2025-02-10,G02,Butter,Dairy,180
1409,2025-02-10,G03,Milk 1L,Dairy,120
1410,2025-01-13,G15,Beer (6-Pack),Alcohol,800
1410,2025-01-13,G19,Cooking Oil 1L,Pantry,300
1410,2025-01-13,G09,Tomato Sauce,Pantry,90
1411,2025-03-22,G16,Baby Wipes,Baby Care,350
1412,2025-03-21,G18,Rice 2kg,Pantry,250
1412,2025-03-21,G19,Cooking Oil 1L,Pantry,300
1412,2025-03-21,G20,Onions 1kg,Produce,80
1413,2025-01-16,G11,Potato Chips,Snacks,150
1413,2025-01-16,G12,Salsa Dip,Snacks,200
1413,2025-01-16,G13,Soda 2L,Beverages,150
1414,2025-03-22,G02,Butter,Dairy,180
1414,2025-03-22,G18,Rice 2kg,Pantry,250
1415,2025-01-22,G17,Baby Formula,Baby Care,1500
1415,2025-01-22,G16,Baby Wipes,Baby Care,350
1415,2025-01-22,G15,Beer (6-Pack),Alcohol,800
1416,2025-02-05,G05,Coffee,Beverages,450
1416,2025-02-05,G07,Sugar 1kg,Pantry,150
1417,2025-05-27,G18,Rice 2kg,Pantry,250
1417,2025-05-27,G19,Cooking Oil 1L,Pantry,300
1417,2025-05-27,G20,Onions 1kg,Produce,80
1418,2025-03-31,G11,Potato Chips,Snacks,150
1418,2025-03-31,G12,Salsa Dip,Snacks,200
1419,2025-06-27,G10,Parmesan Cheese,Dairy,400
1419,2025-06-27,G03,Milk 1L,Dairy,120
1420,2025-05-04,G08,Pasta,Pantry,120
1420,2025-05-04,G09,Tomato Sauce,Pantry,90
1421,2025-02-11,G12,Salsa Dip,Snacks,200
1421,2025-02-11,G15,Beer (6-Pack),Alcohol,800
1421,2025-02-11,G10,Parmesan Cheese,Dairy,400
1421,2025-02-11,G08,Pasta,Pantry,120
1422,2025-04-18,G18,Rice 2kg,Pantry,250
1422,2025-04-18,G19,Cooking Oil 1L,Pantry,300
1422,2025-04-18,G20,Onions 1kg,Produce,80
1423,2025-05-14,G01,White Bread,Bakery,60
1423,2025-05-14,G02,Butter,Dairy,180
1423,2025-05-14,G03,Milk 1L,Dairy,120
1424,2025-02-07,G09,Tomato Sauce,Pantry,90
1424,2025-02-07,G05,Coffee,Beverages,450
1425,2025-04-19,G16,Baby Wipes,Baby Care,350
1425,2025-04-19,G17,Baby Formula,Baby Care,1500
1425,2025-04-19,G20,Onions 1kg,Produce,80
1426,2025-05-09,G11,Potato Chips,Snacks,150
1426,2025-05-09,G12,Salsa Dip,Snacks,200
1427,2025-05-05,G20,Onions 1kg,Produce,80
1428,2025-01-07,G03,Milk 1L,Dairy,120
1428,2025-01-07,G20,Onions 1kg,Produce,80
1428,2025-01-07,G06,Tea Leaves,Beverages,200
1428,2025-01-07,G19,Cooking Oil 1L,Pantry,300
1429,2025-04-28,G06,Tea Leaves,Beverages,200
1430,2025-06-04,G11,Potato Chips,Snacks,150
1430,2025-06-04,G03,Milk 1L,Dairy,120
1430,2025-06-04,G18,Rice 2kg,Pantry,250
1430,2025-06-04,G05,Coffee,Beverages,450
1431,2025-03-02,G02,Butter,Dairy,180
1432,2025-01-06,G02,Butter,Dairy,180
1432,2025-01-06,G07,Sugar 1kg,Pantry,150
1432,2025-01-06,G16,Baby Wipes,Baby Care,350
1432,2025-01-06,G17,Baby Formula,Baby Care,1500
1433,2025-06-28,G16,Baby Wipes,Baby Care,350
1433,2025-06-28,G14,Baby Diapers,Baby Care,1200
1434,2025-02-20,G16,Baby Wipes,Baby Care,350
1434,2025-02-20,G14,Baby Diapers,Baby Care,1200
1435,2025-05-04,G05,Coffee,Beverages,450
1435,2025-05-04,G07,Sugar 1kg,Pantry,150
1436,2025-03-27,G11,Potato Chips,Snacks,150
1436,2025-03-27,G12,Salsa Dip,Snacks,200
1437,2025-02-08,G08,Pasta,Pantry,120
1437,2025-02-08,G09,Tomato Sauce,Pantry,90
1437,2025-02-08,G10,Parmesan Cheese,Dairy,400
1438,2025-02-23,G08,Pasta,Pantry,120
1439,2025-02-26,G01,White Bread,Bakery,60
1440,2025-03-04,G13,Soda 2L,Beverages,150
1440,2025-03-04,G14,Baby Diapers,Baby Care,1200
1440,2025-03-04,G08,Pasta,Pantry,120
1441,2025-02-07,G08,Pasta,Pantry,120
1441,2025-02-07,G13,Soda 2L,Beverages,150
1441,2025-02-07,G15,Beer (6-Pack),Alcohol,800
1442,2025-03-25,G16,Baby Wipes,Baby Care,350
1442,2025-03-25,G19,Cooking Oil 1L,Pantry,300
1443,2025-02-21,G18,Rice 2kg,Pantry,250
1443,2025-02-21,G16,Baby Wipes,Baby Care,350
1443,2025-02-21,G14,Baby Diapers,Baby Care,1200
1444,2025-06-07,G08,Pasta,Pantry,120
1444,2025-06-07,G10,Parmesan Cheese,Dairy,400
1444,2025-06-07,G20,Onions 1kg,Produce,80
1445,2025-05-28,G11,Potato Chips,Snacks,150
1445,2025-05-28,G12,Salsa Dip,Snacks,200
1446,2025-06-01,G20,Onions 1kg,Produce,80
1447,2025-06-29,G14,Baby Diapers,Baby Care,1200
1448,2025-05-31,G01,White Bread,Bakery,60
1448,2025-05-31,G02,Butter,Dairy,180
1448,2025-05-31,G03,Milk 1L,Dairy,120
1449,2025-06-25,G18,Rice 2kg,Pantry,250
1449,2025-06-25,G19,Cooking Oil 1L,Pantry,300
1449,2025-06-25,G20,Onions 1kg,Produce,80
1450,2025-06-10,G12,Salsa Dip,Snacks,200
1451,2025-06-10,G20,Onions 1kg,Produce,80
1452,2025-01-27,G07,Sugar 1kg,Pantry,150
1452,2025-01-27,G17,Baby Formula,Baby Care,1500
1452,2025-01-27,G02,Butter,Dairy,180
1452,2025-01-27,G16,Baby Wipes,Baby Care,350
1453,2025-03-03,G05,Coffee,Beverages,450
1453,2025-03-03,G07,Sugar 1kg,Pantry,150
1454,2025-05-22,G11,Potato Chips,Snacks,150
1454,2025-05-22,G12,Salsa Dip,Snacks,200
1455,2025-04-13,G16,Baby Wipes,Baby Care,350
1455,2025-04-13,G14,Baby Diapers,Baby Care,1200
1456,2025-06-22,G17,Baby Formula,Baby Care,1500
1456,2025-06-22,G18,Rice 2kg,Pantry,250
1457,2025-01-20,G08,Pasta,Pantry,120
1457,2025-01-20,G09,Tomato Sauce,Pantry,90
1458,2025-02-25,G06,Tea Leaves,Beverages,200
1458,2025-02-25,G20,Onions 1kg,Produce,80
1459,2025-02-06,G14,Baby Diapers,Baby Care,1200
1460,2025-03-24,G14,Baby Diapers,Baby Care,1200
1460,2025-03-24,G15,Beer (6-Pack),Alcohol,800
1460,2025-03-24,G03,Milk 1L,Dairy,120
1460,2025-03-24,G06,Tea Leaves,Beverages,200
1461,2025-05-07,G10,Parmesan Cheese,Dairy,400
1461,2025-05-07,G19,Cooking Oil 1L,Pantry,300
1461,2025-05-07,G07,Sugar 1kg,Pantry,150
1462,2025-05-17,G11,Potato Chips,Snacks,150
1462,2025-05-17,G12,Salsa Dip,Snacks,200
1462,2025-05-17,G13,Soda 2L,Beverages,150
1463,2025-02-22,G03,Milk 1L,Dairy,120
1463,2025-02-22,G02,Butter,Dairy,180
1463,2025-02-22,G18,Rice 2kg,Pantry,250
1463,2025-02-22,G10,Parmesan Cheese,Dairy,400
1464,2025-05-25,G05,Coffee,Beverages,450
1464,2025-05-25,G03,Milk 1L,Dairy,120
1465,2025-01-18,G16,Baby Wipes,Baby Care,350
1465,2025-01-18,G14,Baby Diapers,Baby Care,1200
1465,2025-01-18,G17,Baby Formula,Baby Care,1500
1466,2025-06-27,G12,Salsa Dip,Snacks,200
1466,2025-06-27,G09,Tomato Sauce,Pantry,90
1467,2025-02-07,G01,White Bread,Bakery,60
1467,2025-02-07,G06,Tea Leaves,Beverages,200
1467,2025-02-07,G02,Butter,Dairy,180
1468,2025-03-18,G01,White Bread,Bakery,60
1468,2025-03-18,G02,Butter,Dairy,180
1468,2025-03-18,G03,Milk 1L,Dairy,120
1469,2025-01-16,G09,Tomato Sauce,Pantry,90
1470,2025-06-03,G14,Baby Diapers,Baby Care,1200
1471,2025-04-12,G11,Potato Chips,Snacks,150
1471,2025-04-12,G12,Salsa Dip,Snacks,200
1471,2025-04-12,G13,Soda 2L,Beverages,150
1472,2025-05-15,G13,Soda 2L,Beverages,150
1473,2025-02-17,G14,Baby Diapers,Baby Care,1200
1473,2025-02-17,G15,Beer (6-Pack),Alcohol,800
1474,2025-01-06,G10,Parmesan Cheese,Dairy,400
1474,2025-01-06,G02,Butter,Dairy,180
1474,2025-01-06,G11,Potato Chips,Snacks,150
1475,2025-01-06,G18,Rice 2kg,Pantry,250
1475,2025-01-06,G19,Cooking Oil 1L,Pantry,300
1475,2025-01-06,G20,Onions 1kg,Produce,80
1476,2025-02-13,G05,Coffee,Beverages,450
1476,2025-02-13,G07,Sugar 1kg,Pantry,150
1477,2025-03-29,G04,Eggs (Tray),Dairy,350
1477,2025-03-29,G16,Baby Wipes,Baby Care,350
1477,2025-03-29,G14,Baby Diapers,Baby Care,1200
1478,2025-05-01,G14,Baby Diapers,Baby Care,1200
1478,2025-05-01,G15,Beer (6-Pack),Alcohol,800
1478,2025-05-01,G08,Pasta,Pantry,120
1479,2025-02-04,G11,Potato Chips,Snacks,150
1480,2025-05-28,G16,Baby Wipes,Baby Care,350
1480,2025-05-28,G14,Baby Diapers,Baby Care,1200
1480,2025-05-28,G17,Baby Formula,Baby Care,1500
1481,2025-05-10,G11,Potato Chips,Snacks,150
1481,2025-05-10,G12,Salsa Dip,Snacks,200
1481,2025-05-10,G13,Soda 2L,Beverages,150
1482,2025-02-15,G01,White Bread,Bakery,60
1482,2025-02-15,G02,Butter,Dairy,180
1482,2025-02-15,G03,Milk 1L,Dairy,120
1483,2025-03-04,G15,Beer (6-Pack),Alcohol,800
1483,2025-03-04,G13,Soda 2L,Beverages,150
1483,2025-03-04,G07,Sugar 1kg,Pantry,150
1484,2025-05-12,G11,Potato Chips,Snacks,150
1485,2025-03-14,G11,Potato Chips,Snacks,150
1486,2025-06-11,G08,Pasta,Pantry,120
1486,2025-06-11,G09,Tomato Sauce,Pantry,90
1487,2025-06-11,G08,Pasta,Pantry,120
1487,2025-06-11,G09,Tomato Sauce,Pantry,90
1487,2025-06-11,G10,Parmesan Cheese,Dairy,400
1488,2025-03-20,G12,Salsa Dip,Snacks,200
1489,2025-05-19,G06,Tea Leaves,Beverages,200
1489,2025-05-19,G08,Pasta,Pantry,120
1489,2025-05-19,G11,Potato Chips,Snacks,150
1489,2025-05-19,G04,Eggs (Tray),Dairy,350
1490,2025-01-24,G01,White Bread,Bakery,60
1490,2025-01-24,G02,Butter,Dairy,180
1490,2025-01-24,G03,Milk 1L,Dairy,120
1491,2025-05-16,G08,Pasta,Pantry,120
1491,2025-05-16,G09,Tomato Sauce,Pantry,90
1491,2025-05-16,G20,Onions 1kg,Produce,80
1492,2025-04-19,G08,Pasta,Pantry,120
1492,2025-04-19,G09,Tomato Sauce,Pantry,90
1492,2025-04-19,G10,Parmesan Cheese,Dairy,400
1493,2025-06-10,G10,Parmesan Cheese,Dairy,400
1493,2025-06-10,G04,Eggs (Tray),Dairy,350
1494,2025-01-24,G12,Salsa Dip,Snacks,200
1494,2025-01-24,G13,Soda 2L,Beverages,150
1494,2025-01-24,G17,Baby Formula,Baby Care,1500
1494,2025-01-24,G07,Sugar 1kg,Pantry,150
1495,2025-06-24,G11,Potato Chips,Snacks,150
1495,2025-06-24,G12,Salsa Dip,Snacks,200
1495,2025-06-24,G13,Soda 2L,Beverages,150
1496,2025-05-15,G05,Coffee,Beverages,450
1496,2025-05-15,G07,Sugar 1kg,Pantry,150
1497,2025-06-05,G07,Sugar 1kg,Pantry,150
1497,2025-06-05,G15,Beer (6-Pack),Alcohol,800
1497,2025-06-05,G01,White Bread,Bakery,60
1498,2025-04-28,G07,Sugar 1kg,Pantry,150
1498,2025-04-28,G11,Potato Chips,Snacks,150
1499,2025-06-30,G10,Parmesan Cheese,Dairy,400
1500,2025-05-04,G11,Potato Chips,Snacks,150
1500,2025-05-04,G12,Salsa Dip,Snacks,200
1500,2025-05-04,G13,Soda 2L,Beverages,150
1501,2025-01-07,G14,Baby Diapers,Baby Care,1200
1501,2025-01-07,G15,Beer (6-Pack),Alcohol,800
1502,2025-02-04,G10,Parmesan Cheese,Dairy,400
1502,2025-02-04,G18,Rice 2kg,Pantry,250
1502,2025-02-04,G20,Onions 1kg,Produce,80
1502,2025-02-04,G02,Butter,Dairy,180
1503,2025-04-21,G13,Soda 2L,Beverages,150
1504,2025-04-09,G08,Pasta,Pantry,120
1504,2025-04-09,G09,Tomato Sauce,Pantry,90
1504,2025-04-09,G10,Parmesan Cheese,Dairy,400
1505,2025-03-13,G17,Baby Formula,Baby Care,1500
1505,2025-03-13,G14,Baby Diapers,Baby Care,1200
1505,2025-03-13,G02,Butter,Dairy,180
1506,2025-05-23,G16,Baby Wipes,Baby Care,350
1506,2025-05-23,G14,Baby Diapers,Baby Care,1200
1506,2025-05-23,G17,Baby Formula,Baby Care,1500
1507,2025-03-07,G17,Baby Formula,Baby Care,1500
1507,2025-03-07,G01,White Bread,Bakery,60
1507,2025-03-07,G07,Sugar 1kg,Pantry,150
1507,2025-03-07,G05,Coffee,Beverages,450
1508,2025-03-19,G11,Potato Chips,Snacks,150
1508,2025-03-19,G12,Salsa Dip,Snacks,200
1508,2025-03-19,G13,Soda 2L,Beverages,150
1508,2025-03-19,G15,Beer (6-Pack),Alcohol,800
1509,2025-02-08,G01,White Bread,Bakery,60
1509,2025-02-08,G02,Butter,Dairy,180
1509,2025-02-08,G03,Milk 1L,Dairy,120
1509,2025-02-08,G04,Eggs (Tray),Dairy,350
1510,2025-01-22,G05,Coffee,Beverages,450
1510,2025-01-22,G16,Baby Wipes,Baby Care,350
1510,2025-01-22,G10,Parmesan Cheese,Dairy,400
1511,2025-02-13,G18,Rice 2kg,Pantry,250
1511,2025-02-13,G19,Cooking Oil 1L,Pantry,300
1511,2025-02-13,G20,Onions 1kg,Produce,80
1512,2025-05-20,G01,White Bread,Bakery,60
1512,2025-05-20,G02,Butter,Dairy,180
1512,2025-05-20,G03,Milk 1L,Dairy,120
1513,2025-02-19,G18,Rice 2kg,Pantry,250
1513,2025-02-19,G19,Cooking Oil 1L,Pantry,300
1513,2025-02-19,G20,Onions 1kg,Produce,80
1514,2025-06-09,G01,White Bread,Bakery,60
1514,2025-06-09,G02,Butter,Dairy,180
1514,2025-06-09,G03,Milk 1L,Dairy,120
1515,2025-03-09,G16,Baby Wipes,Baby Care,350
1515,2025-03-09,G14,Baby Diapers,Baby Care,1200
1516,2025-06-09,G08,Pasta,Pantry,120
1516,2025-06-09,G09,Tomato Sauce,Pantry,90
1517,2025-03-23,G14,Baby Diapers,Baby Care,1200
1517,2025-03-23,G15,Beer (6-Pack),Alcohol,800
1518,2025-06-19,G01,White Bread,Bakery,60
1518,2025-06-19,G02,Butter,Dairy,180
1518,2025-06-19,G03,Milk 1L,Dairy,120
1519,2025-02-22,G18,Rice 2kg,Pantry,250
1519,2025-02-22,G10,Parmesan Cheese,Dairy,400
1520,2025-06-03,G12,Salsa Dip,Snacks,200
1520,2025-06-03,G10,Parmesan Cheese,Dairy,400
1520,2025-06-03,G17,Baby Formula,Baby Care,1500
1521,2025-03-05,G05,Coffee,Beverages,450
1521,2025-03-05,G07,Sugar 1kg,Pantry,150
1522,2025-01-05,G01,White Bread,Bakery,60
1522,2025-01-05,G02,Butter,Dairy,180
1522,2025-01-05,G03,Milk 1L,Dairy,120
1522,2025-01-05,G04,Eggs (Tray),Dairy,350
1523,2025-02-10,G15,Beer (6-Pack),Alcohol,800
1523,2025-02-10,G08,Pasta,Pantry,120
1523,2025-02-10,G04,Eggs (Tray),Dairy,350
1524,2025-03-08,G05,Coffee,Beverages,450
1524,2025-03-08,G07,Sugar 1kg,Pantry,150
1525,2025-05-05,G01,White Bread,Bakery,60
1526,2025-04-29,G11,Potato Chips,Snacks,150
1526,2025-04-29,G12,Salsa Dip,Snacks,200
1526,2025-04-29,G13,Soda 2L,Beverages,150
1527,2025-04-03,G04,Eggs (Tray),Dairy,350
1527,2025-04-03,G15,Beer (6-Pack),Alcohol,800
1527,2025-04-03,G05,Coffee,Beverages,450
1528,2025-06-14,G01,White Bread,Bakery,60
1528,2025-06-14,G02,Butter,Dairy,180
1528,2025-06-14,G03,Milk 1L,Dairy,120
1529,2025-06-21,G19,Cooking Oil 1L,Pantry,300
1529,2025-06-21,G04,Eggs (Tray),Dairy,350
1530,2025-05-19,G19,Cooking Oil 1L,Pantry,300
1530,2025-05-19,G13,Soda 2L,Beverages,150
1530,2025-05-19,G17,Baby Formula,Baby Care,1500
1531,2025-03-14,G05,Coffee,Beverages,450
1531,2025-03-14,G07,Sugar 1kg,Pantry,150
1532,2025-03-15,G15,Beer (6-Pack),Alcohol,800
1532,2025-03-15,G06,Tea Leaves,Beverages,200
1532,2025-03-15,G10,Parmesan Cheese,Dairy,400
1532,2025-03-15,G03,Milk 1L,Dairy,120
1533,2025-06-08,G14,Baby Diapers,Baby Care,1200
1533,2025-06-08,G15,Beer (6-Pack),Alcohol,800
1534,2025-06-21,G01,White Bread,Bakery,60
1535,2025-06-09,G10,Parmesan Cheese,Dairy,400
1536,2025-02-09,G19,Cooking Oil 1L,Pantry,300
1537,2025-02-09,G02,Butter,Dairy,180
1537,2025-02-09,G19,Cooking Oil 1L,Pantry,300
1537,2025-02-09,G15,Beer (6-Pack),Alcohol,800
1538,2025-06-19,G05,Coffee,Beverages,450
1538,2025-06-19,G11,Potato Chips,Snacks,150
1538,2025-06-19,G17,Baby Formula,Baby Care,1500
1539,2025-03-30,G17,Baby Formula,Baby Care,1500
1540,2025-01-16,G08,Pasta,Pantry,120
1540,2025-01-16,G09,Tomato Sauce,Pantry,90
1541,2025-04-29,G19,Cooking Oil 1L,Pantry,300
1541,2025-04-29,G16,Baby Wipes,Baby Care,350
1542,2025-03-19,G18,Rice 2kg,Pantry,250
1542,2025-03-19,G15,Beer (6-Pack),Alcohol,800
1542,2025-03-19,G13,Soda 2L,Beverages,150
1543,2025-01-07,G14,Baby Diapers,Baby Care,1200
1543,2025-01-07,G15,Beer (6-Pack),Alcohol,800
1544,2025-01-21,G05,Coffee,Beverages,450
1544,2025-01-21,G15,Beer (6-Pack),Alcohol,800
1544,2025-01-21,G04,Eggs (Tray),Dairy,350
1544,2025-01-21,G03,Milk 1L,Dairy,120
1545,2025-06-23,G02,Butter,Dairy,180
1545,2025-06-23,G19,Cooking Oil 1L,Pantry,300
1546,2025-04-06,G18,Rice 2kg,Pantry,250
1546,2025-04-06,G19,Cooking Oil 1L,Pantry,300
1546,2025-04-06,G20,Onions 1kg,Produce,80
1547,2025-04-06,G16,Baby Wipes,Baby Care,350
1547,2025-04-06,G14,Baby Diapers,Baby Care,1200
1548,2025-03-21,G05,Coffee,Beverages,450
1548,2025-03-21,G07,Sugar 1kg,Pantry,150
1549,2025-04-11,G06,Tea Leaves,Beverages,200
1550,2025-02-05,G01,White Bread,Bakery,60
1550,2025-02-05,G02,Butter,Dairy,180
1550,2025-02-05,G03,Milk 1L,Dairy,120
1550,2025-02-05,G04,Eggs (Tray),Dairy,350
1551,2025-03-15,G18,Rice 2kg,Pantry,250
1551,2025-03-15,G19,Cooking Oil 1L,Pantry,300
1551,2025-03-15,G20,Onions 1kg,Produce,80
1552,2025-02-17,G01,White Bread,Bakery,60
1552,2025-02-17,G02,Butter,Dairy,180
1552,2025-02-17,G03,Milk 1L,Dairy,120
1552,2025-02-17,G04,Eggs (Tray),Dairy,350
1553,2025-02-02,G14,Baby Diapers,Baby Care,1200
1553,2025-02-02,G15,Beer (6-Pack),Alcohol,800
1554,2025-04-15,G11,Potato Chips,Snacks,150
1554,2025-04-15,G12,Salsa Dip,Snacks,200
1555,2025-01-17,G11,Potato Chips,Snacks,150
1555,2025-01-17,G12,Salsa Dip,Snacks,200
1556,2025-06-13,G01,White Bread,Bakery,60
1556,2025-06-13,G02,Butter,Dairy,180
1556,2025-06-13,G03,Milk 1L,Dairy,120
1557,2025-03-06,G18,Rice 2kg,Pantry,250
1558,2025-01-17,G14,Baby Diapers,Baby Care,1200
1558,2025-01-17,G16,Baby Wipes,Baby Care,350
1558,2025-01-17,G10,Parmesan Cheese,Dairy,400
1558,2025-01-17,G17,Baby Formula,Baby Care,1500
1559,2025-05-07,G13,Soda 2L,Beverages,150
1560,2025-06-15,G08,Pasta,Pantry,120
1560,2025-06-15,G09,Tomato Sauce,Pantry,90
1561,2025-01-25,G08,Pasta,Pantry,120
1561,2025-01-25,G09,Tomato Sauce,Pantry,90
1561,2025-01-25,G10,Parmesan Cheese,Dairy,400
1562,2025-03-13,G14,Baby Diapers,Baby Care,1200
1562,2025-03-13,G15,Beer (6-Pack),Alcohol,800
1563,2025-02-05,G15,Beer (6-Pack),Alcohol,800
1563,2025-02-05,G16,Baby Wipes,Baby Care,350
1564,2025-02-18,G02,Butter,Dairy,180
1564,2025-02-18,G20,Onions 1kg,Produce,80
1565,2025-04-08,G16,Baby Wipes,Baby Care,350
1565,2025-04-08,G14,Baby Diapers,Baby Care,1200
1565,2025-04-08,G17,Baby Formula,Baby Care,1500
1566,2025-04-24,G11,Potato Chips,Snacks,150
1566,2025-04-24,G12,Salsa Dip,Snacks,200
1566,2025-04-24,G13,Soda 2L,Beverages,150
1566,2025-04-24,G07,Sugar 1kg,Pantry,150
1567,2025-04-17,G04,Eggs (Tray),Dairy,350
1567,2025-04-17,G16,Baby Wipes,Baby Care,350
1568,2025-03-02,G18,Rice 2kg,Pantry,250
1569,2025-05-09,G15,Beer (6-Pack),Alcohol,800
1570,2025-01-13,G08,Pasta,Pantry,120
1571,2025-01-14,G15,Beer (6-Pack),Alcohol,800
1572,2025-05-09,G08,Pasta,Pantry,120
1572,2025-05-09,G09,Tomato Sauce,Pantry,90
1572,2025-05-09,G10,Parmesan Cheese,Dairy,400
1573,2025-03-07,G11,Potato Chips,Snacks,150
1573,2025-03-07,G12,Salsa Dip,Snacks,200
1574,2025-04-16,G08,Pasta,Pantry,120
1574,2025-04-16,G09,Tomato Sauce,Pantry,90
1575,2025-02-21,G01,White Bread,Bakery,60
1575,2025-02-21,G02,Butter,Dairy,180
1575,2025-02-21,G03,Milk 1L,Dairy,120
1576,2025-05-25,G16,Baby Wipes,Baby Care,350
1576,2025-05-25,G14,Baby Diapers,Baby Care,1200
1576,2025-05-25,G17,Baby Formula,Baby Care,1500
1577,2025-02-18,G20,Onions 1kg,Produce,80
1577,2025-02-18,G12,Salsa Dip,Snacks,200
1577,2025-02-18,G15,Beer (6-Pack),Alcohol,800
1578,2025-03-14,G05,Coffee,Beverages,450
1578,2025-03-14,G07,Sugar 1kg,Pantry,150
1579,2025-02-22,G05,Coffee,Beverages,450
1579,2025-02-22,G07,Sugar 1kg,Pantry,150
1580,2025-02-15,G14,Baby Diapers,Baby Care,1200
1580,2025-02-15,G15,Beer (6-Pack),Alcohol,800
1581,2025-03-30,G02,Butter,Dairy,180
1582,2025-02-19,G04,Eggs (Tray),Dairy,350
1582,2025-02-19,G14,Baby Diapers,Baby Care,1200
1582,2025-02-19,G09,Tomato Sauce,Pantry,90
1583,2025-05-15,G19,Cooking Oil 1L,Pantry,300
1583,2025-05-15,G06,Tea Leaves,Beverages,200
1583,2025-05-15,G11,Potato Chips,Snacks,150
1583,2025-05-15,G15,Beer (6-Pack),Alcohol,800
1584,2025-05-03,G16,Baby Wipes,Baby Care,350
1584,2025-05-03,G14,Baby Diapers,Baby Care,1200
1585,2025-05-07,G08,Pasta,Pantry,120
1585,2025-05-07,G09,Tomato Sauce,Pantry,90
1585,2025-05-07,G10,Parmesan Cheese,Dairy,400
1586,2025-04-26,G11,Potato Chips,Snacks,150
1586,2025-04-26,G12,Salsa Dip,Snacks,200
1587,2025-03-03,G20,Onions 1kg,Produce,80
1587,2025-03-03,G04,Eggs (Tray),Dairy,350
1588,2025-02-13,G08,Pasta,Pantry,120
1588,2025-02-13,G09,Tomato Sauce,Pantry,90
1589,2025-03-07,G14,Baby Diapers,Baby Care,1200
1589,2025-03-07,G15,Beer (6-Pack),Alcohol,800
1590,2025-05-01,G18,Rice 2kg,Pantry,250
1590,2025-05-01,G11,Potato Chips,Snacks,150
1590,2025-05-01,G02,Butter,Dairy,180
1590,2025-05-01,G12,Salsa Dip,Snacks,200
1591,2025-02-11,G04,Eggs (Tray),Dairy,350
1591,2025-02-11,G06,Tea Leaves,Beverages,200
1592,2025-04-13,G02,Butter,Dairy,180
1592,2025-04-13,G17,Baby Formula,Baby Care,1500
1593,2025-05-31,G18,Rice 2kg,Pantry,250
1593,2025-05-31,G19,Cooking Oil 1L,Pantry,300
1593,2025-05-31,G20,Onions 1kg,Produce,80
1594,2025-01-09,G15,Beer (6-Pack),Alcohol,800
1594,2025-01-09,G01,White Bread,Bakery,60
1595,2025-01-08,G14,Baby Diapers,Baby Care,1200
1595,2025-01-08,G15,Beer (6-Pack),Alcohol,800
1596,2025-02-17,G18,Rice 2kg,Pantry,250
1596,2025-02-17,G19,Cooking Oil 1L,Pantry,300
1596,2025-02-17,G20,Onions 1kg,Produce,80
1597,2025-06-10,G14,Baby Diapers,Baby Care,1200
1597,2025-06-10,G10,Parmesan Cheese,Dairy,400
1597,2025-06-10,G12,Salsa Dip,Snacks,200
1598,2025-03-24,G08,Pasta,Pantry,120
1598,2025-03-24,G09,Tomato Sauce,Pantry,90
1598,2025-03-24,G10,Parmesan Cheese,Dairy,400
1599,2025-05-10,G17,Baby Formula,Baby Care,1500
1600,2025-04-30,G10,Parmesan Cheese,Dairy,400
1600,2025-04-30,G14,Baby Diapers,Baby Care,1200
1600,2025-04-30,G07,Sugar 1kg,Pantry,150
1600,2025-04-30,G06,Tea Leaves,Beverages,200
1601,2025-04-25,G05,Coffee,Beverages,450
1601,2025-04-25,G07,Sugar 1kg,Pantry,150
1602,2025-03-18,G05,Coffee,Beverages,450
1602,2025-03-18,G07,Sugar 1kg,Pantry,150
1603,2025-03-08,G14,Baby Diapers,Baby Care,1200
1603,2025-03-08,G06,Tea Leaves,Beverages,200
1603,2025-03-08,G12,Salsa Dip,Snacks,200
1603,2025-03-08,G13,Soda 2L,Beverages,150
1604,2025-06-24,G10,Parmesan Cheese,Dairy,400
1604,2025-06-24,G06,Tea Leaves,Beverages,200
1604,2025-06-24,G01,White Bread,Bakery,60
1605,2025-02-04,G18,Rice 2kg,Pantry,250
1605,2025-02-04,G19,Cooking Oil 1L,Pantry,300
1605,2025-02-04,G20,Onions 1kg,Produce,80
1606,2025-06-14,G18,Rice 2kg,Pantry,250
1606,2025-06-14,G19,Cooking Oil 1L,Pantry,300
1606,2025-06-14,G20,Onions 1kg,Produce,80
1607,2025-01-07,G06,Tea Leaves,Beverages,200
1608,2025-03-28,G08,Pasta,Pantry,120
1608,2025-03-28,G09,Tomato Sauce,Pantry,90
1609,2025-01-16,G08,Pasta,Pantry,120
1610,2025-03-18,G05,Coffee,Beverages,450
1610,2025-03-18,G07,Sugar 1kg,Pantry,150
1611,2025-06-26,G18,Rice 2kg,Pantry,250
1611,2025-06-26,G13,Soda 2L,Beverages,150
1611,2025-06-26,G08,Pasta,Pantry,120
1611,2025-06-26,G03,Milk 1L,Dairy,120
1612,2025-01-20,G01,White Bread,Bakery,60
1612,2025-01-20,G02,Butter,Dairy,180
1612,2025-01-20,G03,Milk 1L,Dairy,120
1612,2025-01-20,G04,Eggs (Tray),Dairy,350
1613,2025-06-02,G20,Onions 1kg,Produce,80
1613,2025-06-02,G09,Tomato Sauce,Pantry,90
1614,2025-03-24,G18,Rice 2kg,Pantry,250
1614,2025-03-24,G19,Cooking Oil 1L,Pantry,300
1614,2025-03-24,G20,Onions 1kg,Produce,80
1615,2025-04-30,G07,Sugar 1kg,Pantry,150
1616,2025-06-30,G11,Potato Chips,Snacks,150
1617,2025-01-20,G18,Rice 2kg,Pantry,250
1617,2025-01-20,G19,Cooking Oil 1L,Pantry,300
1617,2025-01-20,G20,Onions 1kg,Produce,80
1618,2025-02-15,G06,Tea Leaves,Beverages,200
1619,2025-03-18,G14,Baby Diapers,Baby Care,1200
1619,2025-03-18,G15,Beer (6-Pack),Alcohol,800
1620,2025-06-14,G03,Milk 1L,Dairy,120
1621,2025-05-25,G14,Baby Diapers,Baby Care,1200
1621,2025-05-25,G15,Beer (6-Pack),Alcohol,800
1622,2025-01-01,G05,Coffee,Beverages,450
1622,2025-01-01,G07,Sugar 1kg,Pantry,150
1622,2025-01-01,G13,Soda 2L,Beverages,150
1623,2025-06-06,G04,Eggs (Tray),Dairy,350
1623,2025-06-06,G09,Tomato Sauce,Pantry,90
1624,2025-05-20,G18,Rice 2kg,Pantry,250
1624,2025-05-20,G15,Beer (6-Pack),Alcohol,800
1624,2025-05-20,G12,Salsa Dip,Snacks,200
1625,2025-03-09,G08,Pasta,Pantry,120
1625,2025-03-09,G09,Tomato Sauce,Pantry,90
1625,2025-03-09,G06,Tea Leaves,Beverages,200
1626,2025-05-01,G18,Rice 2kg,Pantry,250
1626,2025-05-01,G13,Soda 2L,Beverages,150
1626,2025-05-01,G03,Milk 1L,Dairy,120
1626,2025-05-01,G04,Eggs (Tray),Dairy,350
1627,2025-06-05,G05,Coffee,Beverages,450
1627,2025-06-05,G07,Sugar 1kg,Pantry,150
1628,2025-06-24,G01,White Bread,Bakery,60
1628,2025-06-24,G02,Butter,Dairy,180
1628,2025-06-24,G03,Milk 1L,Dairy,120
1629,2025-05-26,G09,Tomato Sauce,Pantry,90
1629,2025-05-26,G08,Pasta,Pantry,120
1630,2025-04-21,G16,Baby Wipes,Baby Care,350
1630,2025-04-21,G14,Baby Diapers,Baby Care,1200
1631,2025-04-07,G06,Tea Leaves,Beverages,200
1631,2025-04-07,G05,Coffee,Beverages,450
1631,2025-04-07,G19,Cooking Oil 1L,Pantry,300
1632,2025-05-29,G16,Baby Wipes,Baby Care,350
1632,2025-05-29,G14,Baby Diapers,Baby Care,1200
1633,2025-03-13,G16,Baby Wipes,Baby Care,350
1633,2025-03-13,G14,Baby Diapers,Baby Care,1200
1633,2025-03-13,G17,Baby Formula,Baby Care,1500
1634,2025-03-29,G12,Salsa Dip,Snacks,200
1634,2025-03-29,G04,Eggs (Tray),Dairy,350
1634,2025-03-29,G18,Rice 2kg,Pantry,250
1634,2025-03-29,G11,Potato Chips,Snacks,150
1635,2025-01-07,G16,Baby Wipes,Baby Care,350
1635,2025-01-07,G14,Baby Diapers,Baby Care,1200
1635,2025-01-07,G17,Baby Formula,Baby Care,1500
1636,2025-06-20,G01,White Bread,Bakery,60
1636,2025-06-20,G02,Butter,Dairy,180
1636,2025-06-20,G03,Milk 1L,Dairy,120
1637,2025-03-06,G16,Baby Wipes,Baby Care,350
1637,2025-03-06,G14,Baby Diapers,Baby Care,1200
1637,2025-03-06,G17,Baby Formula,Baby Care,1500
1638,2025-02-17,G15,Beer (6-Pack),Alcohol,800
1638,2025-02-17,G11,Potato Chips,Snacks,150
1639,2025-03-26,G08,Pasta,Pantry,120
1639,2025-03-26,G09,Tomato Sauce,Pantry,90
1639,2025-03-26,G10,Parmesan Cheese,Dairy,400
1640,2025-01-13,G07,Sugar 1kg,Pantry,150
1640,2025-01-13,G02,Butter,Dairy,180
1640,2025-01-13,G06,Tea Leaves,Beverages,200
1641,2025-01-27,G05,Coffee,Beverages,450
1641,2025-01-27,G15,Beer (6-Pack),Alcohol,800
1641,2025-01-27,G02,Butter,Dairy,180
1642,2025-04-10,G05,Coffee,Beverages,450
1642,2025-04-10,G18,Rice 2kg,Pantry,250
1642,2025-04-10,G04,Eggs (Tray),Dairy,350
1642,2025-04-10,G14,Baby Diapers,Baby Care,1200
1643,2025-05-30,G07,Sugar 1kg,Pantry,150
1644,2025-01-05,G01,White Bread,Bakery,60
1645,2025-02-12,G02,Butter,Dairy,180
1645,2025-02-12,G08,Pasta,Pantry,120
1645,2025-02-12,G18,Rice 2kg,Pantry,250
1646,2025-01-09,G18,Rice 2kg,Pantry,250
1646,2025-01-09,G17,Baby Formula,Baby Care,1500
1646,2025-01-09,G11,Potato Chips,Snacks,150
1647,2025-06-10,G12,Salsa Dip,Snacks,200
1647,2025-06-10,G08,Pasta,Pantry,120
1647,2025-06-10,G11,Potato Chips,Snacks,150
1648,2025-04-02,G16,Baby Wipes,Baby Care,350
1649,2025-06-28,G01,White Bread,Bakery,60
1649,2025-06-28,G02,Butter,Dairy,180
1649,2025-06-28,G03,Milk 1L,Dairy,120
1649,2025-06-28,G04,Eggs (Tray),Dairy,350
1650,2025-01-14,G12,Salsa Dip,Snacks,200
1650,2025-01-14,G17,Baby Formula,Baby Care,1500
1650,2025-01-14,G16,Baby Wipes,Baby Care,350
1651,2025-02-21,G05,Coffee,Beverages,450
1651,2025-02-21,G07,Sugar 1kg,Pantry,150
1651,2025-02-21,G03,Milk 1L,Dairy,120
1652,2025-01-21,G18,Rice 2kg,Pantry,250
1652,2025-01-21,G12,Salsa Dip,Snacks,200
1652,2025-01-21,G01,White Bread,Bakery,60
1652,2025-01-21,G16,Baby Wipes,Baby Care,350
1653,2025-06-03,G08,Pasta,Pantry,120
1653,2025-06-03,G09,Tomato Sauce,Pantry,90
1653,2025-06-03,G10,Parmesan Cheese,Dairy,400
1654,2025-01-21,G11,Potato Chips,Snacks,150
1654,2025-01-21,G01,White Bread,Bakery,60
1655,2025-05-03,G10,Parmesan Cheese,Dairy,400
1655,2025-05-03,G20,Onions 1kg,Produce,80
1656,2025-05-05,G18,Rice 2kg,Pantry,250
1656,2025-05-05,G19,Cooking Oil 1L,Pantry,300
1656,2025-05-05,G20,Onions 1kg,Produce,80
1657,2025-05-29,G18,Rice 2kg,Pantry,250
1657,2025-05-29,G02,Butter,Dairy,180
1657,2025-05-29,G17,Baby Formula,Baby Care,1500
1657,2025-05-29,G10,Parmesan Cheese,Dairy,400
1658,2025-03-31,G07,Sugar 1kg,Pantry,150
1658,2025-03-31,G01,White Bread,Bakery,60
1658,2025-03-31,G09,Tomato Sauce,Pantry,90
1659,2025-03-12,G18,Rice 2kg,Pantry,250
1659,2025-03-12,G19,Cooking Oil 1L,Pantry,300
1659,2025-03-12,G20,Onions 1kg,Produce,80
1660,2025-02-07,G18,Rice 2kg,Pantry,250
1660,2025-02-07,G19,Cooking Oil 1L,Pantry,300
1660,2025-02-07,G20,Onions 1kg,Produce,80
1661,2025-05-27,G17,Baby Formula,Baby Care,1500
1662,2025-01-18,G07,Sugar 1kg,Pantry,150
1662,2025-01-18,G14,Baby Diapers,Baby Care,1200
1662,2025-01-18,G01,White Bread,Bakery,60
1662,2025-01-18,G17,Baby Formula,Baby Care,1500
1663,2025-01-12,G05,Coffee,Beverages,450
1663,2025-01-12,G07,Sugar 1kg,Pantry,150
1664,2025-02-16,G01,White Bread,Bakery,60
1664,2025-02-16,G02,Butter,Dairy,180
1664,2025-02-16,G03,Milk 1L,Dairy,120
1664,2025-02-16,G04,Eggs (Tray),Dairy,350
1665,2025-03-02,G08,Pasta,Pantry,120
1665,2025-03-02,G17,Baby Formula,Baby Care,1500
1665,2025-03-02,G06,Tea Leaves,Beverages,200
1666,2025-02-24,G10,Parmesan Cheese,Dairy,400
1666,2025-02-24,G03,Milk 1L,Dairy,120
1666,2025-02-24,G08,Pasta,Pantry,120
1667,2025-02-22,G11,Potato Chips,Snacks,150
1667,2025-02-22,G04,Eggs (Tray),Dairy,350
1668,2025-04-27,G16,Baby Wipes,Baby Care,350
1668,2025-04-27,G03,Milk 1L,Dairy,120
1668,2025-04-27,G08,Pasta,Pantry,120
1669,2025-04-30,G13,Soda 2L,Beverages,150
1670,2025-01-12,G10,Parmesan Cheese,Dairy,400
1671,2025-06-17,G18,Rice 2kg,Pantry,250
1671,2025-06-17,G19,Cooking Oil 1L,Pantry,300
1671,2025-06-17,G20,Onions 1kg,Produce,80
1672,2025-06-11,G11,Potato Chips,Snacks,150
1672,2025-06-11,G12,Salsa Dip,Snacks,200
1672,2025-06-11,G13,Soda 2L,Beverages,150
1673,2025-03-18,G18,Rice 2kg,Pantry,250
1673,2025-03-18,G19,Cooking Oil 1L,Pantry,300
1673,2025-03-18,G20,Onions 1kg,Produce,80
1674,2025-05-17,G17,Baby Formula,Baby Care,1500
1674,2025-05-17,G07,Sugar 1kg,Pantry,150
1675,2025-06-20,G09,Tomato Sauce,Pantry,90
1676,2025-02-18,G19,Cooking Oil 1L,Pantry,300
1676,2025-02-18,G11,Potato Chips,Snacks,150
1677,2025-01-28,G18,Rice 2kg,Pantry,250
1677,2025-01-28,G19,Cooking Oil 1L,Pantry,300
1677,2025-01-28,G20,Onions 1kg,Produce,80
1678,2025-04-08,G19,Cooking Oil 1L,Pantry,300
1678,2025-04-08,G01,White Bread,Bakery,60
1678,2025-04-08,G18,Rice 2kg,Pantry,250
1678,2025-04-08,G05,Coffee,Beverages,450
1679,2025-05-07,G16,Baby Wipes,Baby Care,350
1679,2025-05-07,G14,Baby Diapers,Baby Care,1200
1680,2025-01-10,G08,Pasta,Pantry,120
1680,2025-01-10,G15,Beer (6-Pack),Alcohol,800
1680,2025-01-10,G09,Tomato Sauce,Pantry,90
1680,2025-01-10,G07,Sugar 1kg,Pantry,150
1681,2025-01-24,G11,Potato Chips,Snacks,150
1681,2025-01-24,G12,Salsa Dip,Snacks,200
1682,2025-06-29,G16,Baby Wipes,Baby Care,350
1682,2025-06-29,G14,Baby Diapers,Baby Care,1200
1682,2025-06-29,G17,Baby Formula,Baby Care,1500
1683,2025-01-04,G01,White Bread,Bakery,60
1683,2025-01-04,G02,Butter,Dairy,180
1683,2025-01-04,G03,Milk 1L,Dairy,120
1684,2025-04-16,G18,Rice 2kg,Pantry,250
1684,2025-04-16,G19,Cooking Oil 1L,Pantry,300
1684,2025-04-16,G20,Onions 1kg,Produce,80
1685,2025-05-08,G18,Rice 2kg,Pantry,250
1685,2025-05-08,G19,Cooking Oil 1L,Pantry,300
1685,2025-05-08,G20,Onions 1kg,Produce,80
1686,2025-01-17,G05,Coffee,Beverages,450
1686,2025-01-17,G07,Sugar 1kg,Pantry,150
1687,2025-06-04,G04,Eggs (Tray),Dairy,350
1687,2025-06-04,G17,Baby Formula,Baby Care,1500
1687,2025-06-04,G01,White Bread,Bakery,60
1688,2025-03-30,G18,Rice 2kg,Pantry,250
1688,2025-03-30,G19,Cooking Oil 1L,Pantry,300
1688,2025-03-30,G20,Onions 1kg,Produce,80
1689,2025-04-19,G17,Baby Formula,Baby Care,1500
1689,2025-04-19,G02,Butter,Dairy,180
1690,2025-05-04,G14,Baby Diapers,Baby Care,1200
1690,2025-05-04,G15,Beer (6-Pack),Alcohol,800
1691,2025-02-09,G05,Coffee,Beverages,450
1691,2025-02-09,G07,Sugar 1kg,Pantry,150
1692,2025-01-31,G16,Baby Wipes,Baby Care,350
1692,2025-01-31,G14,Baby Diapers,Baby Care,1200
1693,2025-01-11,G06,Tea Leaves,Beverages,200
1693,2025-01-11,G12,Salsa Dip,Snacks,200
1693,2025-01-11,G03,Milk 1L,Dairy,120
1693,2025-01-11,G13,Soda 2L,Beverages,150
1694,2025-03-04,G08,Pasta,Pantry,120
1694,2025-03-04,G09,Tomato Sauce,Pantry,90
1694,2025-03-04,G10,Parmesan Cheese,Dairy,400
1695,2025-01-29,G14,Baby Diapers,Baby Care,1200
1695,2025-01-29,G15,Beer (6-Pack),Alcohol,800
1696,2025-03-04,G05,Coffee,Beverages,450
1696,2025-03-04,G07,Sugar 1kg,Pantry,150
1697,2025-02-26,G11,Potato Chips,Snacks,150
1697,2025-02-26,G16,Baby Wipes,Baby Care,350
1697,2025-02-26,G07,Sugar 1kg,Pantry,150
1698,2025-04-25,G08,Pasta,Pantry,120
1698,2025-04-25,G13,Soda 2L,Beverages,150
1698,2025-04-25,G19,Cooking Oil 1L,Pantry,300
1698,2025-04-25,G10,Parmesan Cheese,Dairy,400
1699,2025-03-20,G07,Sugar 1kg,Pantry,150
1700,2025-01-07,G03,Milk 1L,Dairy,120
1701,2025-04-09,G08,Pasta,Pantry,120
1701,2025-04-09,G09,Tomato Sauce,Pantry,90
1701,2025-04-09,G13,Soda 2L,Beverages,150
1702,2025-01-23,G16,Baby Wipes,Baby Care,350
1702,2025-01-23,G12,Salsa Dip,Snacks,200
1702,2025-01-23,G11,Potato Chips,Snacks,150
1703,2025-01-11,G13,Soda 2L,Beverages,150
1703,2025-01-11,G05,Coffee,Beverages,450
1703,2025-01-11,G20,Onions 1kg,Produce,80
1704,2025-01-09,G15,Beer (6-Pack),Alcohol,800
1705,2025-02-19,G01,White Bread,Bakery,60
1705,2025-02-19,G02,Butter,Dairy,180
1705,2025-02-19,G03,Milk 1L,Dairy,120
1706,2025-06-09,G13,Soda 2L,Beverages,150
1706,2025-06-09,G20,Onions 1kg,Produce,80
1706,2025-06-09,G12,Salsa Dip,Snacks,200
1706,2025-06-09,G16,Baby Wipes,Baby Care,350
1707,2025-03-08,G14,Baby Diapers,Baby Care,1200
1707,2025-03-08,G15,Beer (6-Pack),Alcohol,800
1708,2025-02-19,G12,Salsa Dip,Snacks,200
1709,2025-06-25,G06,Tea Leaves,Beverages,200
1709,2025-06-25,G16,Baby Wipes,Baby Care,350
1709,2025-06-25,G19,Cooking Oil 1L,Pantry,300
1709,2025-06-25,G11,Potato Chips,Snacks,150
1710,2025-01-01,G17,Baby Formula,Baby Care,1500
1711,2025-03-10,G11,Potato Chips,Snacks,150
1711,2025-03-10,G07,Sugar 1kg,Pantry,150
1712,2025-01-08,G05,Coffee,Beverages,450
1712,2025-01-08,G07,Sugar 1kg,Pantry,150
1713,2025-05-13,G16,Baby Wipes,Baby Care,350
1713,2025-05-13,G14,Baby Diapers,Baby Care,1200
1714,2025-02-07,G06,Tea Leaves,Beverages,200
1715,2025-02-11,G15,Beer (6-Pack),Alcohol,800
1716,2025-05-23,G09,Tomato Sauce,Pantry,90
1716,2025-05-23,G10,Parmesan Cheese,Dairy,400
1716,2025-05-23,G01,White Bread,Bakery,60
1717,2025-03-29,G14,Baby Diapers,Baby Care,1200
1717,2025-03-29,G15,Beer (6-Pack),Alcohol,800
1718,2025-06-15,G20,Onions 1kg,Produce,80
1718,2025-06-15,G14,Baby Diapers,Baby Care,1200
1718,2025-06-15,G01,White Bread,Bakery,60
1719,2025-03-15,G20,Onions 1kg,Produce,80
1719,2025-03-15,G01,White Bread,Bakery,60
1719,2025-03-15,G05,Coffee,Beverages,450
1720,2025-01-24,G15,Beer (6-Pack),Alcohol,800
1721,2025-06-13,G14,Baby Diapers,Baby Care,1200
1722,2025-01-24,G11,Potato Chips,Snacks,150
1722,2025-01-24,G12,Salsa Dip,Snacks,200
1723,2025-05-29,G11,Potato Chips,Snacks,150
1723,2025-05-29,G12,Salsa Dip,Snacks,200
1723,2025-05-29,G13,Soda 2L,Beverages,150
1724,2025-06-08,G08,Pasta,Pantry,120
1724,2025-06-08,G09,Tomato Sauce,Pantry,90
1725,2025-03-08,G01,White Bread,Bakery,60
1725,2025-03-08,G02,Butter,Dairy,180
1725,2025-03-08,G03,Milk 1L,Dairy,120
1725,2025-03-08,G04,Eggs (Tray),Dairy,350
1726,2025-06-19,G18,Rice 2kg,Pantry,250
1727,2025-02-28,G05,Coffee,Beverages,450
1727,2025-02-28,G07,Sugar 1kg,Pantry,150
1728,2025-06-23,G10,Parmesan Cheese,Dairy,400
1728,2025-06-23,G15,Beer (6-Pack),Alcohol,800
1729,2025-05-28,G01,White Bread,Bakery,60
1729,2025-05-28,G02,Butter,Dairy,180
1729,2025-05-28,G03,Milk 1L,Dairy,120
1729,2025-05-28,G18,Rice 2kg,Pantry,250
1730,2025-04-22,G12,Salsa Dip,Snacks,200
1731,2025-05-28,G11,Potato Chips,Snacks,150
1731,2025-05-28,G12,Salsa Dip,Snacks,200
1732,2025-06-12,G08,Pasta,Pantry,120
1732,2025-06-12,G09,Tomato Sauce,Pantry,90
1733,2025-02-07,G10,Parmesan Cheese,Dairy,400
1734,2025-02-12,G15,Beer (6-Pack),Alcohol,800
1735,2025-06-27,G02,Butter,Dairy,180
1735,2025-06-27,G12,Salsa Dip,Snacks,200
1735,2025-06-27,G19,Cooking Oil 1L,Pantry,300
1736,2025-05-06,G10,Parmesan Cheese,Dairy,400
1736,2025-05-06,G19,Cooking Oil 1L,Pantry,300
1736,2025-05-06,G01,White Bread,Bakery,60
1737,2025-02-04,G17,Baby Formula,Baby Care,1500
1737,2025-02-04,G08,Pasta,Pantry,120
1737,2025-02-04,G04,Eggs (Tray),Dairy,350
1738,2025-01-01,G14,Baby Diapers,Baby Care,1200
1738,2025-01-01,G03,Milk 1L,Dairy,120
1738,2025-01-01,G17,Baby Formula,Baby Care,1500
1739,2025-03-03,G17,Baby Formula,Baby Care,1500
1739,2025-03-03,G06,Tea Leaves,Beverages,200
1740,2025-01-24,G16,Baby Wipes,Baby Care,350
1740,2025-01-24,G14,Baby Diapers,Baby Care,1200
1741,2025-01-14,G11,Potato Chips,Snacks,150
1741,2025-01-14,G12,Salsa Dip,Snacks,200
1742,2025-01-07,G01,White Bread,Bakery,60
1742,2025-01-07,G02,Butter,Dairy,180
1742,2025-01-07,G03,Milk 1L,Dairy,120
1743,2025-01-11,G16,Baby Wipes,Baby Care,350
1743,2025-01-11,G14,Baby Diapers,Baby Care,1200
1743,2025-01-11,G17,Baby Formula,Baby Care,1500
1744,2025-01-28,G18,Rice 2kg,Pantry,250
1744,2025-01-28,G19,Cooking Oil 1L,Pantry,300
1744,2025-01-28,G20,Onions 1kg,Produce,80
1745,2025-05-09,G01,White Bread,Bakery,60
1745,2025-05-09,G02,Butter,Dairy,180
1745,2025-05-09,G03,Milk 1L,Dairy,120
1746,2025-04-18,G01,White Bread,Bakery,60
1746,2025-04-18,G10,Parmesan Cheese,Dairy,400
1746,2025-04-18,G03,Milk 1L,Dairy,120
1746,2025-04-18,G09,Tomato Sauce,Pantry,90
1747,2025-06-14,G04,Eggs (Tray),Dairy,350
1747,2025-06-14,G14,Baby Diapers,Baby Care,1200
1747,2025-06-14,G19,Cooking Oil 1L,Pantry,300
1748,2025-06-24,G11,Potato Chips,Snacks,150
1748,2025-06-24,G12,Salsa Dip,Snacks,200
1748,2025-06-24,G13,Soda 2L,Beverages,150
1749,2025-03-28,G14,Baby Diapers,Baby Care,1200
1749,2025-03-28,G19,Cooking Oil 1L,Pantry,300
1749,2025-03-28,G15,Beer (6-Pack),Alcohol,800
1749,2025-03-28,G05,Coffee,Beverages,450
1750,2025-01-05,G16,Baby Wipes,Baby Care,350
1750,2025-01-05,G14,Baby Diapers,Baby Care,1200
1751,2025-02-01,G02,Butter,Dairy,180
1751,2025-02-01,G16,Baby Wipes,Baby Care,350
1752,2025-03-15,G12,Salsa Dip,Snacks,200
1752,2025-03-15,G02,Butter,Dairy,180
1752,2025-03-15,G14,Baby Diapers,Baby Care,1200
1753,2025-01-09,G14,Baby Diapers,Baby Care,1200
1754,2025-04-08,G18,Rice 2kg,Pantry,250
1754,2025-04-08,G19,Cooking Oil 1L,Pantry,300
1754,2025-04-08,G20,Onions 1kg,Produce,80
1755,2025-03-01,G03,Milk 1L,Dairy,120
1756,2025-06-24,G08,Pasta,Pantry,120
1756,2025-06-24,G09,Tomato Sauce,Pantry,90
1756,2025-06-24,G10,Parmesan Cheese,Dairy,400
1756,2025-06-24,G18,Rice 2kg,Pantry,250
1757,2025-05-27,G14,Baby Diapers,Baby Care,1200
1758,2025-04-04,G16,Baby Wipes,Baby Care,350
1758,2025-04-04,G14,Baby Diapers,Baby Care,1200
1758,2025-04-04,G17,Baby Formula,Baby Care,1500
1759,2025-03-15,G12,Salsa Dip,Snacks,200
1759,2025-03-15,G13,Soda 2L,Beverages,150
1759,2025-03-15,G16,Baby Wipes,Baby Care,350
1760,2025-01-23,G05,Coffee,Beverages,450
1760,2025-01-23,G07,Sugar 1kg,Pantry,150
1760,2025-01-23,G03,Milk 1L,Dairy,120
1761,2025-06-10,G09,Tomato Sauce,Pantry,90
1761,2025-06-10,G16,Baby Wipes,Baby Care,350
1762,2025-04-01,G07,Sugar 1kg,Pantry,150
1763,2025-01-25,G10,Parmesan Cheese,Dairy,400
1763,2025-01-25,G16,Baby Wipes,Baby Care,350
1764,2025-05-22,G18,Rice 2kg,Pantry,250
1765,2025-06-19,G11,Potato Chips,Snacks,150
1766,2025-02-03,G15,Beer (6-Pack),Alcohol,800
1767,2025-01-22,G05,Coffee,Beverages,450
1767,2025-01-22,G07,Sugar 1kg,Pantry,150
1768,2025-04-23,G05,Coffee,Beverages,450
1769,2025-05-19,G16,Baby Wipes,Baby Care,350
1769,2025-05-19,G14,Baby Diapers,Baby Care,1200
1769,2025-05-19,G17,Baby Formula,Baby Care,1500
1770,2025-06-20,G11,Potato Chips,Snacks,150
1770,2025-06-20,G12,Salsa Dip,Snacks,200
1771,2025-03-05,G14,Baby Diapers,Baby Care,1200
1771,2025-03-05,G17,Baby Formula,Baby Care,1500
1771,2025-03-05,G04,Eggs (Tray),Dairy,350
1772,2025-03-13,G16,Baby Wipes,Baby Care,350
1772,2025-03-13,G20,Onions 1kg,Produce,80
1773,2025-02-10,G10,Parmesan Cheese,Dairy,400
1773,2025-02-10,G13,Soda 2L,Beverages,150
1773,2025-02-10,G19,Cooking Oil 1L,Pantry,300
1774,2025-05-28,G09,Tomato Sauce,Pantry,90
1775,2025-01-24,G14,Baby Diapers,Baby Care,1200
1775,2025-01-24,G15,Beer (6-Pack),Alcohol,800
1776,2025-04-02,G08,Pasta,Pantry,120
1776,2025-04-02,G09,Tomato Sauce,Pantry,90
1777,2025-06-14,G16,Baby Wipes,Baby Care,350
1777,2025-06-14,G17,Baby Formula,Baby Care,1500
1778,2025-06-03,G08,Pasta,Pantry,120
1778,2025-06-03,G09,Tomato Sauce,Pantry,90
1779,2025-04-20,G10,Parmesan Cheese,Dairy,400
1780,2025-04-26,G14,Baby Diapers,Baby Care,1200
1780,2025-04-26,G15,Beer (6-Pack),Alcohol,800
1781,2025-05-04,G07,Sugar 1kg,Pantry,150
1781,2025-05-04,G16,Baby Wipes,Baby Care,350
1781,2025-05-04,G02,Butter,Dairy,180
1781,2025-05-04,G06,Tea Leaves,Beverages,200
1782,2025-06-16,G12,Salsa Dip,Snacks,200
1783,2025-02-26,G18,Rice 2kg,Pantry,250
1783,2025-02-26,G19,Cooking Oil 1L,Pantry,300
1783,2025-02-26,G20,Onions 1kg,Produce,80
1784,2025-06-14,G15,Beer (6-Pack),Alcohol,800
1785,2025-01-06,G18,Rice 2kg,Pantry,250
1785,2025-01-06,G19,Cooking Oil 1L,Pantry,300
1785,2025-01-06,G20,Onions 1kg,Produce,80
1785,2025-01-06,G14,Baby Diapers,Baby Care,1200
1786,2025-02-05,G05,Coffee,Beverages,450
1786,2025-02-05,G07,Sugar 1kg,Pantry,150
1787,2025-03-04,G05,Coffee,Beverages,450
1787,2025-03-04,G07,Sugar 1kg,Pantry,150
1788,2025-02-02,G14,Baby Diapers,Baby Care,1200
1788,2025-02-02,G15,Beer (6-Pack),Alcohol,800
1789,2025-02-16,G11,Potato Chips,Snacks,150
1789,2025-02-16,G12,Salsa Dip,Snacks,200
1790,2025-02-03,G18,Rice 2kg,Pantry,250
1790,2025-02-03,G15,Beer (6-Pack),Alcohol,800
1790,2025-02-03,G11,Potato Chips,Snacks,150
1790,2025-02-03,G09,Tomato Sauce,Pantry,90
1791,2025-06-09,G05,Coffee,Beverages,450
1791,2025-06-09,G07,Sugar 1kg,Pantry,150
1792,2025-06-12,G09,Tomato Sauce,Pantry,90
1792,2025-06-12,G11,Potato Chips,Snacks,150
1792,2025-06-12,G03,Milk 1L,Dairy,120
1792,2025-06-12,G02,Butter,Dairy,180
1793,2025-03-08,G02,Butter,Dairy,180
1794,2025-04-29,G18,Rice 2kg,Pantry,250
1795,2025-02-07,G01,White Bread,Bakery,60
1795,2025-02-07,G02,Butter,Dairy,180
1795,2025-02-07,G03,Milk 1L,Dairy,120
1796,2025-03-21,G05,Coffee,Beverages,450
1796,2025-03-21,G07,Sugar 1kg,Pantry,150
1797,2025-05-17,G18,Rice 2kg,Pantry,250
1797,2025-05-17,G19,Cooking Oil 1L,Pantry,300
1797,2025-05-17,G20,Onions 1kg,Produce,80
1797,2025-05-17,G03,Milk 1L,Dairy,120
1798,2025-02-11,G07,Sugar 1kg,Pantry,150
1798,2025-02-11,G02,Butter,Dairy,180
1798,2025-02-11,G17,Baby Formula,Baby Care,1500
1798,2025-02-11,G12,Salsa Dip,Snacks,200
1799,2025-03-09,G05,Coffee,Beverages,450
1799,2025-03-09,G07,Sugar 1kg,Pantry,150
1800,2025-06-16,G02,Butter,Dairy,180
1801,2025-01-16,G11,Potato Chips,Snacks,150
1802,2025-02-08,G11,Potato Chips,Snacks,150
1803,2025-04-27,G17,Baby Formula,Baby Care,1500
1803,2025-04-27,G02,Butter,Dairy,180
1803,2025-04-27,G16,Baby Wipes,Baby Care,350
1803,2025-04-27,G18,Rice 2kg,Pantry,250
1804,2025-03-15,G16,Baby Wipes,Baby Care,350
1804,2025-03-15,G14,Baby Diapers,Baby Care,1200
1805,2025-05-08,G15,Beer (6-Pack),Alcohol,800
1805,2025-05-08,G17,Baby Formula,Baby Care,1500
1805,2025-05-08,G13,Soda 2L,Beverages,150
1805,2025-05-08,G02,Butter,Dairy,180
1806,2025-05-18,G11,Potato Chips,Snacks,150
1806,2025-05-18,G12,Salsa Dip,Snacks,200
1807,2025-04-02,G02,Butter,Dairy,180
1808,2025-04-23,G09,Tomato Sauce,Pantry,90
1808,2025-04-23,G07,Sugar 1kg,Pantry,150
1808,2025-04-23,G11,Potato Chips,Snacks,150
1808,2025-04-23,G20,Onions 1kg,Produce,80
1809,2025-03-21,G14,Baby Diapers,Baby Care,1200
1809,2025-03-21,G15,Beer (6-Pack),Alcohol,800
1810,2025-05-31,G11,Potato Chips,Snacks,150
1810,2025-05-31,G12,Salsa Dip,Snacks,200
1811,2025-06-28,G05,Coffee,Beverages,450
1811,2025-06-28,G07,Sugar 1kg,Pantry,150
1812,2025-03-15,G08,Pasta,Pantry,120
1812,2025-03-15,G09,Tomato Sauce,Pantry,90
1813,2025-03-02,G10,Parmesan Cheese,Dairy,400
1814,2025-05-01,G08,Pasta,Pantry,120
1814,2025-05-01,G09,Tomato Sauce,Pantry,90
1814,2025-05-01,G10,Parmesan Cheese,Dairy,400
1815,2025-04-28,G11,Potato Chips,Snacks,150
1815,2025-04-28,G12,Salsa Dip,Snacks,200
1816,2025-03-29,G16,Baby Wipes,Baby Care,350
1816,2025-03-29,G19,Cooking Oil 1L,Pantry,300
1816,2025-03-29,G11,Potato Chips,Snacks,150
1817,2025-04-30,G16,Baby Wipes,Baby Care,350
1817,2025-04-30,G14,Baby Diapers,Baby Care,1200
1817,2025-04-30,G06,Tea Leaves,Beverages,200
1818,2025-02-26,G07,Sugar 1kg,Pantry,150
1818,2025-02-26,G20,Onions 1kg,Produce,80
1818,2025-02-26,G10,Parmesan Cheese,Dairy,400
1818,2025-02-26,G08,Pasta,Pantry,120
1819,2025-06-03,G20,Onions 1kg,Produce,80
1819,2025-06-03,G15,Beer (6-Pack),Alcohol,800
1820,2025-02-18,G07,Sugar 1kg,Pantry,150
1821,2025-02-01,G16,Baby Wipes,Baby Care,350
1821,2025-02-01,G14,Baby Diapers,Baby Care,1200
1821,2025-02-01,G17,Baby Formula,Baby Care,1500
1821,2025-02-01,G19,Cooking Oil 1L,Pantry,300
1822,2025-06-13,G01,White Bread,Bakery,60
1822,2025-06-13,G02,Butter,Dairy,180
1822,2025-06-13,G03,Milk 1L,Dairy,120
1823,2025-01-11,G11,Potato Chips,Snacks,150
1823,2025-01-11,G12,Salsa Dip,Snacks,200
1824,2025-06-02,G11,Potato Chips,Snacks,150
1824,2025-06-02,G12,Salsa Dip,Snacks,200
1825,2025-03-30,G11,Potato Chips,Snacks,150
1825,2025-03-30,G12,Salsa Dip,Snacks,200
1826,2025-02-06,G07,Sugar 1kg,Pantry,150
1826,2025-02-06,G20,Onions 1kg,Produce,80
1826,2025-02-06,G08,Pasta,Pantry,120
1827,2025-04-27,G11,Potato Chips,Snacks,150
1827,2025-04-27,G12,Salsa Dip,Snacks,200
1828,2025-02-24,G01,White Bread,Bakery,60
1828,2025-02-24,G02,Butter,Dairy,180
1828,2025-02-24,G03,Milk 1L,Dairy,120
1828,2025-02-24,G04,Eggs (Tray),Dairy,350
1828,2025-02-24,G07,Sugar 1kg,Pantry,150
1829,2025-06-15,G16,Baby Wipes,Baby Care,350
1829,2025-06-15,G14,Baby Diapers,Baby Care,1200
1829,2025-06-15,G17,Baby Formula,Baby Care,1500
1830,2025-03-09,G10,Parmesan Cheese,Dairy,400
1831,2025-02-19,G01,White Bread,Bakery,60
1831,2025-02-19,G02,Butter,Dairy,180
1831,2025-02-19,G03,Milk 1L,Dairy,120
1831,2025-02-19,G04,Eggs (Tray),Dairy,350
1831,2025-02-19,G14,Baby Diapers,Baby Care,1200
1832,2025-02-02,G08,Pasta,Pantry,120
1832,2025-02-02,G19,Cooking Oil 1L,Pantry,300
1832,2025-02-02,G11,Potato Chips,Snacks,150
1833,2025-04-10,G19,Cooking Oil 1L,Pantry,300
1833,2025-04-10,G01,White Bread,Bakery,60
1833,2025-04-10,G10,Parmesan Cheese,Dairy,400
1833,2025-04-10,G05,Coffee,Beverages,450
1834,2025-01-10,G11,Potato Chips,Snacks,150
1834,2025-01-10,G12,Salsa Dip,Snacks,200
1835,2025-06-30,G08,Pasta,Pantry,120
1835,2025-06-30,G09,Tomato Sauce,Pantry,90
1835,2025-06-30,G10,Parmesan Cheese,Dairy,400
1836,2025-03-08,G01,White Bread,Bakery,60
1836,2025-03-08,G02,Butter,Dairy,180
1836,2025-03-08,G03,Milk 1L,Dairy,120
1837,2025-02-09,G11,Potato Chips,Snacks,150
1837,2025-02-09,G12,Salsa Dip,Snacks,200
1838,2025-05-18,G10,Parmesan Cheese,Dairy,400
1839,2025-01-21,G08,Pasta,Pantry,120
1839,2025-01-21,G09,Tomato Sauce,Pantry,90
1840,2025-02-24,G15,Beer (6-Pack),Alcohol,800
1840,2025-02-24,G06,Tea Leaves,Beverages,200
1840,2025-02-24,G12,Salsa Dip,Snacks,200
1841,2025-03-11,G06,Tea Leaves,Beverages,200
1842,2025-05-11,G01,White Bread,Bakery,60
1842,2025-05-11,G02,Butter,Dairy,180
1842,2025-05-11,G03,Milk 1L,Dairy,120
1843,2025-06-15,G01,White Bread,Bakery,60
1843,2025-06-15,G02,Butter,Dairy,180
1843,2025-06-15,G03,Milk 1L,Dairy,120
1844,2025-06-23,G05,Coffee,Beverages,450
1844,2025-06-23,G07,Sugar 1kg,Pantry,150
1845,2025-04-17,G05,Coffee,Beverages,450
1845,2025-04-17,G07,Sugar 1kg,Pantry,150
1846,2025-04-13,G11,Potato Chips,Snacks,150
1846,2025-04-13,G12,Salsa Dip,Snacks,200
1847,2025-04-11,G11,Potato Chips,Snacks,150
1847,2025-04-11,G12,Salsa Dip,Snacks,200
1847,2025-04-11,G13,Soda 2L,Beverages,150
1848,2025-03-06,G05,Coffee,Beverages,450
1848,2025-03-06,G07,Sugar 1kg,Pantry,150
1849,2025-05-21,G17,Baby Formula,Baby Care,1500
1850,2025-04-02,G17,Baby Formula,Baby Care,1500
1851,2025-01-08,G14,Baby Diapers,Baby Care,1200
1851,2025-01-08,G12,Salsa Dip,Snacks,200
1852,2025-03-10,G08,Pasta,Pantry,120
1852,2025-03-10,G09,Tomato Sauce,Pantry,90
1852,2025-03-10,G10,Parmesan Cheese,Dairy,400
1852,2025-03-10,G05,Coffee,Beverages,450
1853,2025-03-29,G17,Baby Formula,Baby Care,1500
1854,2025-03-02,G03,Milk 1L,Dairy,120
1855,2025-05-23,G16,Baby Wipes,Baby Care,350
1855,2025-05-23,G14,Baby Diapers,Baby Care,1200
1856,2025-01-02,G18,Rice 2kg,Pantry,250
1857,2025-01-11,G11,Potato Chips,Snacks,150
1857,2025-01-11,G19,Cooking Oil 1L,Pantry,300
1857,2025-01-11,G10,Parmesan Cheese,Dairy,400
1858,2025-04-09,G18,Rice 2kg,Pantry,250
1858,2025-04-09,G19,Cooking Oil 1L,Pantry,300
1858,2025-04-09,G20,Onions 1kg,Produce,80
1859,2025-01-24,G10,Parmesan Cheese,Dairy,400
1859,2025-01-24,G11,Potato Chips,Snacks,150
1859,2025-01-24,G17,Baby Formula,Baby Care,1500
1860,2025-04-18,G03,Milk 1L,Dairy,120
1860,2025-04-18,G11,Potato Chips,Snacks,150
1860,2025-04-18,G13,Soda 2L,Beverages,150
1860,2025-04-18,G05,Coffee,Beverages,450
1861,2025-06-08,G18,Rice 2kg,Pantry,250
1861,2025-06-08,G04,Eggs (Tray),Dairy,350
1861,2025-06-08,G01,White Bread,Bakery,60
1861,2025-06-08,G02,Butter,Dairy,180
1862,2025-05-08,G01,White Bread,Bakery,60
1862,2025-05-08,G19,Cooking Oil 1L,Pantry,300
1862,2025-05-08,G13,Soda 2L,Beverages,150
1863,2025-06-11,G08,Pasta,Pantry,120
1863,2025-06-11,G09,Tomato Sauce,Pantry,90
1864,2025-04-10,G09,Tomato Sauce,Pantry,90
1864,2025-04-10,G18,Rice 2kg,Pantry,250
1865,2025-05-05,G09,Tomato Sauce,Pantry,90
1866,2025-01-30,G11,Potato Chips,Snacks,150
1866,2025-01-30,G12,Salsa Dip,Snacks,200
1867,2025-03-28,G06,Tea Leaves,Beverages,200
1867,2025-03-28,G02,Butter,Dairy,180
1867,2025-03-28,G07,Sugar 1kg,Pantry,150
1867,2025-03-28,G13,Soda 2L,Beverages,150
1868,2025-03-02,G16,Baby Wipes,Baby Care,350
1868,2025-03-02,G01,White Bread,Bakery,60
1869,2025-05-10,G16,Baby Wipes,Baby Care,350
1870,2025-01-07,G12,Salsa Dip,Snacks,200
1870,2025-01-07,G15,Beer (6-Pack),Alcohol,800
1871,2025-01-27,G19,Cooking Oil 1L,Pantry,300
1871,2025-01-27,G17,Baby Formula,Baby Care,1500
1871,2025-01-27,G15,Beer (6-Pack),Alcohol,800
1872,2025-03-14,G19,Cooking Oil 1L,Pantry,300
1872,2025-03-14,G05,Coffee,Beverages,450
1872,2025-03-14,G16,Baby Wipes,Baby Care,350
1873,2025-01-12,G07,Sugar 1kg,Pantry,150
1873,2025-01-12,G02,Butter,Dairy,180
1874,2025-06-20,G15,Beer (6-Pack),Alcohol,800
1875,2025-01-22,G05,Coffee,Beverages,450
1875,2025-01-22,G07,Sugar 1kg,Pantry,150
1876,2025-01-30,G18,Rice 2kg,Pantry,250
1876,2025-01-30,G19,Cooking Oil 1L,Pantry,300
1876,2025-01-30,G20,Onions 1kg,Produce,80
1877,2025-05-23,G14,Baby Diapers,Baby Care,1200
1877,2025-05-23,G02,Butter,Dairy,180
1878,2025-01-15,G11,Potato Chips,Snacks,150
1878,2025-01-15,G02,Butter,Dairy,180
1879,2025-03-22,G08,Pasta,Pantry,120
1879,2025-03-22,G09,Tomato Sauce,Pantry,90
1880,2025-02-10,G09,Tomato Sauce,Pantry,90
1881,2025-06-09,G16,Baby Wipes,Baby Care,350
1881,2025-06-09,G14,Baby Diapers,Baby Care,1200
1882,2025-06-17,G14,Baby Diapers,Baby Care,1200
1882,2025-06-17,G15,Beer (6-Pack),Alcohol,800
1883,2025-03-09,G18,Rice 2kg,Pantry,250
1883,2025-03-09,G19,Cooking Oil 1L,Pantry,300
1883,2025-03-09,G20,Onions 1kg,Produce,80
1884,2025-01-17,G18,Rice 2kg,Pantry,250
1884,2025-01-17,G19,Cooking Oil 1L,Pantry,300
1884,2025-01-17,G20,Onions 1kg,Produce,80
1884,2025-01-17,G09,Tomato Sauce,Pantry,90
1885,2025-06-29,G14,Baby Diapers,Baby Care,1200
1885,2025-06-29,G19,Cooking Oil 1L,Pantry,300
1886,2025-01-04,G01,White Bread,Bakery,60
1886,2025-01-04,G02,Butter,Dairy,180
1886,2025-01-04,G03,Milk 1L,Dairy,120
1887,2025-05-27,G01,White Bread,Bakery,60
1887,2025-05-27,G02,Butter,Dairy,180
1887,2025-05-27,G03,Milk 1L,Dairy,120
1887,2025-05-27,G04,Eggs (Tray),Dairy,350
1888,2025-03-26,G10,Parmesan Cheese,Dairy,400
1888,2025-03-26,G20,Onions 1kg,Produce,80
1889,2025-04-29,G03,Milk 1L,Dairy,120
1889,2025-04-29,G16,Baby Wipes,Baby Care,350
1890,2025-01-13,G03,Milk 1L,Dairy,120
1890,2025-01-13,G16,Baby Wipes,Baby Care,350
1890,2025-01-13,G18,Rice 2kg,Pantry,250
1890,2025-01-13,G10,Parmesan Cheese,Dairy,400
1891,2025-06-26,G08,Pasta,Pantry,120
1891,2025-06-26,G13,Soda 2L,Beverages,150
1891,2025-06-26,G04,Eggs (Tray),Dairy,350
1892,2025-04-27,G01,White Bread,Bakery,60
1892,2025-04-27,G02,Butter,Dairy,180
1892,2025-04-27,G03,Milk 1L,Dairy,120
1892,2025-04-27,G11,Potato Chips,Snacks,150
1893,2025-01-15,G08,Pasta,Pantry,120
1893,2025-01-15,G09,Tomato Sauce,Pantry,90
1893,2025-01-15,G10,Parmesan Cheese,Dairy,400
1894,2025-06-03,G01,White Bread,Bakery,60
1894,2025-06-03,G13,Soda 2L,Beverages,150
1894,2025-06-03,G15,Beer (6-Pack),Alcohol,800
1895,2025-06-14,G14,Baby Diapers,Baby Care,1200
1896,2025-01-03,G14,Baby Diapers,Baby Care,1200
1896,2025-01-03,G15,Beer (6-Pack),Alcohol,800
1897,2025-02-18,G01,White Bread,Bakery,60
1897,2025-02-18,G02,Butter,Dairy,180
1897,2025-02-18,G03,Milk 1L,Dairy,120
1898,2025-04-14,G06,Tea Leaves,Beverages,200
1899,2025-01-28,G15,Beer (6-Pack),Alcohol,800
1900,2025-05-14,G14,Baby Diapers,Baby Care,1200
1900,2025-05-14,G15,Beer (6-Pack),Alcohol,800
1901,2025-01-17,G01,White Bread,Bakery,60
1902,2025-02-21,G01,White Bread,Bakery,60
1902,2025-02-21,G02,Butter,Dairy,180
1902,2025-02-21,G03,Milk 1L,Dairy,120
1903,2025-06-24,G17,Baby Formula,Baby Care,1500
1904,2025-03-08,G01,White Bread,Bakery,60
1904,2025-03-08,G02,Butter,Dairy,180
1904,2025-03-08,G03,Milk 1L,Dairy,120
1904,2025-03-08,G10,Parmesan Cheese,Dairy,400
1905,2025-05-19,G08,Pasta,Pantry,120
1905,2025-05-19,G15,Beer (6-Pack),Alcohol,800
1905,2025-05-19,G14,Baby Diapers,Baby Care,1200
1905,2025-05-19,G04,Eggs (Tray),Dairy,350
1906,2025-04-27,G05,Coffee,Beverages,450
1907,2025-01-02,G08,Pasta,Pantry,120
1907,2025-01-02,G09,Tomato Sauce,Pantry,90
1908,2025-03-11,G05,Coffee,Beverages,450
1908,2025-03-11,G07,Sugar 1kg,Pantry,150
1909,2025-01-05,G10,Parmesan Cheese,Dairy,400
1909,2025-01-05,G08,Pasta,Pantry,120
1909,2025-01-05,G02,Butter,Dairy,180
1909,2025-01-05,G01,White Bread,Bakery,60
1910,2025-03-09,G05,Coffee,Beverages,450
1910,2025-03-09,G07,Sugar 1kg,Pantry,150
1911,2025-01-16,G16,Baby Wipes,Baby Care,350
1912,2025-05-06,G05,Coffee,Beverages,450
1912,2025-05-06,G07,Sugar 1kg,Pantry,150
1913,2025-01-22,G19,Cooking Oil 1L,Pantry,300
1913,2025-01-22,G04,Eggs (Tray),Dairy,350
1914,2025-02-23,G16,Baby Wipes,Baby Care,350
1914,2025-02-23,G14,Baby Diapers,Baby Care,1200
1914,2025-02-23,G17,Baby Formula,Baby Care,1500
1915,2025-03-25,G17,Baby Formula,Baby Care,1500
1915,2025-03-25,G15,Beer (6-Pack),Alcohol,800
1915,2025-03-25,G14,Baby Diapers,Baby Care,1200
1915,2025-03-25,G12,Salsa Dip,Snacks,200
1916,2025-01-12,G06,Tea Leaves,Beverages,200
1917,2025-05-03,G18,Rice 2kg,Pantry,250
1917,2025-05-03,G19,Cooking Oil 1L,Pantry,300
1917,2025-05-03,G20,Onions 1kg,Produce,80
1918,2025-06-02,G13,Soda 2L,Beverages,150
1918,2025-06-02,G16,Baby Wipes,Baby Care,350
1918,2025-06-02,G05,Coffee,Beverages,450
1919,2025-05-03,G01,White Bread,Bakery,60
1919,2025-05-03,G19,Cooking Oil 1L,Pantry,300
1919,2025-05-03,G07,Sugar 1kg,Pantry,150
1919,2025-05-03,G15,Beer (6-Pack),Alcohol,800
1920,2025-04-26,G14,Baby Diapers,Baby Care,1200
1920,2025-04-26,G15,Beer (6-Pack),Alcohol,800
1921,2025-06-24,G14,Baby Diapers,Baby Care,1200
1922,2025-03-28,G18,Rice 2kg,Pantry,250
1922,2025-03-28,G19,Cooking Oil 1L,Pantry,300
1922,2025-03-28,G20,Onions 1kg,Produce,80
1923,2025-03-21,G10,Parmesan Cheese,Dairy,400
1924,2025-05-20,G13,Soda 2L,Beverages,150
1924,2025-05-20,G16,Baby Wipes,Baby Care,350
1925,2025-06-07,G13,Soda 2L,Beverages,150
1925,2025-06-07,G10,Parmesan Cheese,Dairy,400
1926,2025-01-30,G18,Rice 2kg,Pantry,250
1926,2025-01-30,G19,Cooking Oil 1L,Pantry,300
1926,2025-01-30,G20,Onions 1kg,Produce,80
1926,2025-01-30,G01,White Bread,Bakery,60
1927,2025-01-05,G17,Baby Formula,Baby Care,1500
1927,2025-01-05,G02,Butter,Dairy,180
1927,2025-01-05,G07,Sugar 1kg,Pantry,150
1927,2025-01-05,G14,Baby Diapers,Baby Care,1200
1928,2025-03-18,G05,Coffee,Beverages,450
1928,2025-03-18,G07,Sugar 1kg,Pantry,150
1929,2025-01-24,G16,Baby Wipes,Baby Care,350
1929,2025-01-24,G14,Baby Diapers,Baby Care,1200
1929,2025-01-24,G17,Baby Formula,Baby Care,1500
1930,2025-03-06,G16,Baby Wipes,Baby Care,350
1930,2025-03-06,G14,Baby Diapers,Baby Care,1200
1931,2025-02-07,G08,Pasta,Pantry,120
1931,2025-02-07,G09,Tomato Sauce,Pantry,90
1931,2025-02-07,G10,Parmesan Cheese,Dairy,400
1932,2025-05-25,G11,Potato Chips,Snacks,150
1932,2025-05-25,G12,Salsa Dip,Snacks,200
1932,2025-05-25,G13,Soda 2L,Beverages,150
1933,2025-01-09,G16,Baby Wipes,Baby Care,350
1933,2025-01-09,G14,Baby Diapers,Baby Care,1200
1933,2025-01-09,G17,Baby Formula,Baby Care,1500
1933,2025-01-09,G02,Butter,Dairy,180
1934,2025-06-30,G04,Eggs (Tray),Dairy,350
1934,2025-06-30,G17,Baby Formula,Baby Care,1500
1934,2025-06-30,G14,Baby Diapers,Baby Care,1200
1934,2025-06-30,G15,Beer (6-Pack),Alcohol,800
1935,2025-06-29,G19,Cooking Oil 1L,Pantry,300
1935,2025-06-29,G17,Baby Formula,Baby Care,1500
1935,2025-06-29,G14,Baby Diapers,Baby Care,1200
1936,2025-05-03,G16,Baby Wipes,Baby Care,350
1936,2025-05-03,G14,Baby Diapers,Baby Care,1200
1937,2025-01-21,G14,Baby Diapers,Baby Care,1200
1938,2025-06-27,G11,Potato Chips,Snacks,150
1938,2025-06-27,G12,Salsa Dip,Snacks,200
1938,2025-06-27,G13,Soda 2L,Beverages,150
1939,2025-06-02,G01,White Bread,Bakery,60
1939,2025-06-02,G02,Butter,Dairy,180
1939,2025-06-02,G03,Milk 1L,Dairy,120
1940,2025-01-02,G09,Tomato Sauce,Pantry,90
1940,2025-01-02,G03,Milk 1L,Dairy,120
1940,2025-01-02,G11,Potato Chips,Snacks,150
1940,2025-01-02,G04,Eggs (Tray),Dairy,350
1941,2025-04-06,G02,Butter,Dairy,180
1942,2025-06-10,G18,Rice 2kg,Pantry,250
1942,2025-06-10,G19,Cooking Oil 1L,Pantry,300
1942,2025-06-10,G20,Onions 1kg,Produce,80
1942,2025-06-10,G07,Sugar 1kg,Pantry,150
1943,2025-03-02,G05,Coffee,Beverages,450
1943,2025-03-02,G07,Sugar 1kg,Pantry,150
1944,2025-01-30,G10,Parmesan Cheese,Dairy,400
1944,2025-01-30,G04,Eggs (Tray),Dairy,350
1945,2025-05-03,G01,White Bread,Bakery,60
1945,2025-05-03,G09,Tomato Sauce,Pantry,90
1945,2025-05-03,G11,Potato Chips,Snacks,150
1945,2025-05-03,G07,Sugar 1kg,Pantry,150
1946,2025-05-14,G13,Soda 2L,Beverages,150
1946,2025-05-14,G17,Baby Formula,Baby Care,1500
1947,2025-02-10,G12,Salsa Dip,Snacks,200
1948,2025-05-01,G09,Tomato Sauce,Pantry,90
1949,2025-03-15,G02,Butter,Dairy,180
1950,2025-04-25,G05,Coffee,Beverages,450
1950,2025-04-25,G07,Sugar 1kg,Pantry,150
1951,2025-03-12,G14,Baby Diapers,Baby Care,1200
1951,2025-03-12,G15,Beer (6-Pack),Alcohol,800
1951,2025-03-12,G09,Tomato Sauce,Pantry,90
1952,2025-01-29,G06,Tea Leaves,Beverages,200
1952,2025-01-29,G02,Butter,Dairy,180
1953,2025-01-13,G10,Parmesan Cheese,Dairy,400
1953,2025-01-13,G09,Tomato Sauce,Pantry,90
1953,2025-01-13,G03,Milk 1L,Dairy,120
1954,2025-05-13,G16,Baby Wipes,Baby Care,350
1954,2025-05-13,G14,Baby Diapers,Baby Care,1200
1955,2025-04-12,G01,White Bread,Bakery,60
1955,2025-04-12,G02,Butter,Dairy,180
1955,2025-04-12,G03,Milk 1L,Dairy,120
1955,2025-04-12,G04,Eggs (Tray),Dairy,350
1956,2025-04-15,G14,Baby Diapers,Baby Care,1200
1956,2025-04-15,G12,Salsa Dip,Snacks,200
1956,2025-04-15,G08,Pasta,Pantry,120
1957,2025-03-30,G05,Coffee,Beverages,450
1957,2025-03-30,G07,Sugar 1kg,Pantry,150
1958,2025-01-26,G03,Milk 1L,Dairy,120
1959,2025-05-16,G12,Salsa Dip,Snacks,200
1959,2025-05-16,G05,Coffee,Beverages,450
1960,2025-06-20,G08,Pasta,Pantry,120
1960,2025-06-20,G09,Tomato Sauce,Pantry,90
1960,2025-06-20,G10,Parmesan Cheese,Dairy,400
1961,2025-01-29,G10,Parmesan Cheese,Dairy,400
1961,2025-01-29,G19,Cooking Oil 1L,Pantry,300
1961,2025-01-29,G08,Pasta,Pantry,120
1961,2025-01-29,G07,Sugar 1kg,Pantry,150
1962,2025-04-18,G14,Baby Diapers,Baby Care,1200
1962,2025-04-18,G11,Potato Chips,Snacks,150
1963,2025-02-11,G14,Baby Diapers,Baby Care,1200
1963,2025-02-11,G15,Beer (6-Pack),Alcohol,800
1964,2025-06-28,G07,Sugar 1kg,Pantry,150
1964,2025-06-28,G10,Parmesan Cheese,Dairy,400
1964,2025-06-28,G04,Eggs (Tray),Dairy,350
1965,2025-03-07,G05,Coffee,Beverages,450
1965,2025-03-07,G07,Sugar 1kg,Pantry,150
1966,2025-04-19,G12,Salsa Dip,Snacks,200
1967,2025-01-16,G17,Baby Formula,Baby Care,1500
1968,2025-03-29,G04,Eggs (Tray),Dairy,350
1968,2025-03-29,G10,Parmesan Cheese,Dairy,400
1968,2025-03-29,G13,Soda 2L,Beverages,150
1969,2025-06-27,G01,White Bread,Bakery,60
1969,2025-06-27,G05,Coffee,Beverages,450
1970,2025-06-29,G12,Salsa Dip,Snacks,200
1971,2025-05-30,G16,Baby Wipes,Baby Care,350
1971,2025-05-30,G14,Baby Diapers,Baby Care,1200
1971,2025-05-30,G17,Baby Formula,Baby Care,1500
1972,2025-05-28,G14,Baby Diapers,Baby Care,1200
1973,2025-05-19,G08,Pasta,Pantry,120
1973,2025-05-19,G09,Tomato Sauce,Pantry,90
1974,2025-04-06,G10,Parmesan Cheese,Dairy,400
1974,2025-04-06,G01,White Bread,Bakery,60
1975,2025-03-06,G14,Baby Diapers,Baby Care,1200
1975,2025-03-06,G20,Onions 1kg,Produce,80
1975,2025-03-06,G05,Coffee,Beverages,450
1976,2025-04-04,G09,Tomato Sauce,Pantry,90
1976,2025-04-04,G19,Cooking Oil 1L,Pantry,300
1977,2025-06-10,G05,Coffee,Beverages,450
1977,2025-06-10,G07,Sugar 1kg,Pantry,150
1978,2025-03-03,G08,Pasta,Pantry,120
1978,2025-03-03,G09,Tomato Sauce,Pantry,90
1978,2025-03-03,G10,Parmesan Cheese,Dairy,400
1979,2025-06-26,G04,Eggs (Tray),Dairy,350
1980,2025-06-08,G18,Rice 2kg,Pantry,250
1981,2025-05-18,G16,Baby Wipes,Baby Care,350
1981,2025-05-18,G14,Baby Diapers,Baby Care,1200
1982,2025-05-05,G02,Butter,Dairy,180
1983,2025-04-21,G13,Soda 2L,Beverages,150
1983,2025-04-21,G14,Baby Diapers,Baby Care,1200
1984,2025-04-11,G11,Potato Chips,Snacks,150
1984,2025-04-11,G12,Salsa Dip,Snacks,200
1984,2025-04-11,G13,Soda 2L,Beverages,150
1984,2025-04-11,G05,Coffee,Beverages,450
1985,2025-04-08,G13,Soda 2L,Beverages,150
1986,2025-05-30,G01,White Bread,Bakery,60
1986,2025-05-30,G02,Butter,Dairy,180
1986,2025-05-30,G03,Milk 1L,Dairy,120
1987,2025-03-31,G10,Parmesan Cheese,Dairy,400
1987,2025-03-31,G08,Pasta,Pantry,120
1987,2025-03-31,G15,Beer (6-Pack),Alcohol,800
1987,2025-03-31,G18,Rice 2kg,Pantry,250
1988,2025-01-22,G08,Pasta,Pantry,120
1988,2025-01-22,G09,Tomato Sauce,Pantry,90
1988,2025-01-22,G10,Parmesan Cheese,Dairy,400
1989,2025-02-06,G16,Baby Wipes,Baby Care,350
1990,2025-06-11,G05,Coffee,Beverages,450
1990,2025-06-11,G07,Sugar 1kg,Pantry,150
1991,2025-02-09,G12,Salsa Dip,Snacks,200
1991,2025-02-09,G02,Butter,Dairy,180
1991,2025-02-09,G17,Baby Formula,Baby Care,1500
1992,2025-05-15,G11,Potato Chips,Snacks,150
1992,2025-05-15,G03,Milk 1L,Dairy,120
1993,2025-06-26,G19,Cooking Oil 1L,Pantry,300
1993,2025-06-26,G10,Parmesan Cheese,Dairy,400
1993,2025-06-26,G01,White Bread,Bakery,60
1993,2025-06-26,G15,Beer (6-Pack),Alcohol,800
1994,2025-03-14,G09,Tomato Sauce,Pantry,90
1994,2025-03-14,G04,Eggs (Tray),Dairy,350
1995,2025-05-07,G13,Soda 2L,Beverages,150
1996,2025-02-17,G18,Rice 2kg,Pantry,250
1997,2025-01-11,G18,Rice 2kg,Pantry,250
1997,2025-01-11,G19,Cooking Oil 1L,Pantry,300
1997,2025-01-11,G07,Sugar 1kg,Pantry,150
1997,2025-01-11,G08,Pasta,Pantry,120
1998,2025-04-25,G16,Baby Wipes,Baby Care,350
1998,2025-04-25,G14,Baby Diapers,Baby Care,1200
1998,2025-04-25,G17,Baby Formula,Baby Care,1500
1999,2025-01-15,G20,Onions 1kg,Produce,80
1999,2025-01-15,G07,Sugar 1kg,Pantry,150
1999,2025-01-15,G18,Rice 2kg,Pantry,250
2000,2025-01-24,G09,Tomato Sauce,Pantry,90
2000,2025-01-24,G12,Salsa Dip,Snacks,200
2000,2025-01-24,G07,Sugar 1kg,Pantry,150
2000,2025-01-24,G14,Baby Diapers,Baby Care,1200
2001,2025-04-22,G11,Potato Chips,Snacks,150
2001,2025-04-22,G12,Salsa Dip,Snacks,200
2001,2025-04-22,G13,Soda 2L,Beverages,150
2002,2025-05-10,G08,Pasta,Pantry,120
2002,2025-05-10,G09,Tomato Sauce,Pantry,90
2003,2025-04-07,G11,Potato Chips,Snacks,150
2003,2025-04-07,G12,Salsa Dip,Snacks,200
2004,2025-02-09,G14,Baby Diapers,Baby Care,1200
2004,2025-02-09,G15,Beer (6-Pack),Alcohol,800
2005,2025-01-13,G05,Coffee,Beverages,450
2005,2025-01-13,G07,Sugar 1kg,Pantry,150
2006,2025-05-28,G08,Pasta,Pantry,120
2006,2025-05-28,G09,Tomato Sauce,Pantry,90
2007,2025-02-19,G05,Coffee,Beverages,450
2007,2025-02-19,G07,Sugar 1kg,Pantry,150
2008,2025-05-03,G18,Rice 2kg,Pantry,250
2008,2025-05-03,G19,Cooking Oil 1L,Pantry,300
2008,2025-05-03,G20,Onions 1kg,Produce,80
2009,2025-04-19,G16,Baby Wipes,Baby Care,350
2009,2025-04-19,G14,Baby Diapers,Baby Care,1200
2009,2025-04-19,G17,Baby Formula,Baby Care,1500
2010,2025-01-18,G18,Rice 2kg,Pantry,250
2010,2025-01-18,G19,Cooking Oil 1L,Pantry,300
2010,2025-01-18,G20,Onions 1kg,Produce,80
2011,2025-03-23,G11,Potato Chips,Snacks,150
2012,2025-02-23,G04,Eggs (Tray),Dairy,350
2013,2025-06-03,G05,Coffee,Beverages,450
2013,2025-06-03,G07,Sugar 1kg,Pantry,150
2014,2025-02-10,G01,White Bread,Bakery,60
2014,2025-02-10,G02,Butter,Dairy,180
2014,2025-02-10,G03,Milk 1L,Dairy,120
2014,2025-02-10,G04,Eggs (Tray),Dairy,350
2015,2025-03-17,G03,Milk 1L,Dairy,120
2016,2025-06-26,G07,Sugar 1kg,Pantry,150
2016,2025-06-26,G02,Butter,Dairy,180
2016,2025-06-26,G13,Soda 2L,Beverages,150
2016,2025-06-26,G19,Cooking Oil 1L,Pantry,300
2017,2025-03-21,G04,Eggs (Tray),Dairy,350
2017,2025-03-21,G12,Salsa Dip,Snacks,200
2018,2025-06-16,G11,Potato Chips,Snacks,150
2019,2025-06-07,G17,Baby Formula,Baby Care,1500
2019,2025-06-07,G02,Butter,Dairy,180
2019,2025-06-07,G15,Beer (6-Pack),Alcohol,800
2019,2025-06-07,G01,White Bread,Bakery,60
2020,2025-05-17,G08,Pasta,Pantry,120
2020,2025-05-17,G09,Tomato Sauce,Pantry,90
2021,2025-01-18,G01,White Bread,Bakery,60
2021,2025-01-18,G02,Butter,Dairy,180
2021,2025-01-18,G03,Milk 1L,Dairy,120
2021,2025-01-18,G04,Eggs (Tray),Dairy,350
2022,2025-05-10,G08,Pasta,Pantry,120
2022,2025-05-10,G09,Tomato Sauce,Pantry,90
2022,2025-05-10,G10,Parmesan Cheese,Dairy,400
2023,2025-01-17,G16,Baby Wipes,Baby Care,350
2024,2025-05-01,G02,Butter,Dairy,180
2025,2025-05-27,G18,Rice 2kg,Pantry,250
2025,2025-05-27,G19,Cooking Oil 1L,Pantry,300
2025,2025-05-27,G20,Onions 1kg,Produce,80
2026,2025-01-25,G08,Pasta,Pantry,120
2026,2025-01-25,G09,Tomato Sauce,Pantry,90
2026,2025-01-25,G15,Beer (6-Pack),Alcohol,800
2027,2025-04-19,G08,Pasta,Pantry,120
2027,2025-04-19,G09,Tomato Sauce,Pantry,90
2027,2025-04-19,G14,Baby Diapers,Baby Care,1200
2028,2025-06-27,G16,Baby Wipes,Baby Care,350
2028,2025-06-27,G07,Sugar 1kg,Pantry,150
2029,2025-04-20,G11,Potato Chips,Snacks,150
2029,2025-04-20,G06,Tea Leaves,Beverages,200
2030,2025-01-16,G11,Potato Chips,Snacks,150
2030,2025-01-16,G03,Milk 1L,Dairy,120
2031,2025-05-15,G18,Rice 2kg,Pantry,250
2031,2025-05-15,G19,Cooking Oil 1L,Pantry,300
2031,2025-05-15,G20,Onions 1kg,Produce,80
2032,2025-01-24,G11,Potato Chips,Snacks,150
2032,2025-01-24,G12,Salsa Dip,Snacks,200
2032,2025-01-24,G13,Soda 2L,Beverages,150
2032,2025-01-24,G05,Coffee,Beverages,450
2033,2025-01-05,G14,Baby Diapers,Baby Care,1200
2033,2025-01-05,G15,Beer (6-Pack),Alcohol,800
2034,2025-05-20,G11,Potato Chips,Snacks,150
2034,2025-05-20,G12,Salsa Dip,Snacks,200
2034,2025-05-20,G13,Soda 2L,Beverages,150
2035,2025-01-31,G02,Butter,Dairy,180
2035,2025-01-31,G11,Potato Chips,Snacks,150
2036,2025-03-20,G16,Baby Wipes,Baby Care,350
2036,2025-03-20,G14,Baby Diapers,Baby Care,1200
2036,2025-03-20,G17,Baby Formula,Baby Care,1500
2037,2025-02-02,G13,Soda 2L,Beverages,150
2037,2025-02-02,G19,Cooking Oil 1L,Pantry,300
2038,2025-03-23,G08,Pasta,Pantry,120
2038,2025-03-23,G09,Tomato Sauce,Pantry,90
2039,2025-02-20,G16,Baby Wipes,Baby Care,350
2039,2025-02-20,G14,Baby Diapers,Baby Care,1200
2039,2025-02-20,G02,Butter,Dairy,180
2040,2025-04-26,G07,Sugar 1kg,Pantry,150
2041,2025-04-24,G18,Rice 2kg,Pantry,250
2042,2025-02-15,G20,Onions 1kg,Produce,80
2042,2025-02-15,G19,Cooking Oil 1L,Pantry,300
2042,2025-02-15,G03,Milk 1L,Dairy,120
2043,2025-04-29,G08,Pasta,Pantry,120
2043,2025-04-29,G09,Tomato Sauce,Pantry,90
2043,2025-04-29,G10,Parmesan Cheese,Dairy,400
2044,2025-06-14,G14,Baby Diapers,Baby Care,1200
2044,2025-06-14,G15,Beer (6-Pack),Alcohol,800
2045,2025-05-06,G08,Pasta,Pantry,120
2046,2025-06-17,G08,Pasta,Pantry,120
2046,2025-06-17,G09,Tomato Sauce,Pantry,90
2046,2025-06-17,G10,Parmesan Cheese,Dairy,400
2047,2025-04-21,G12,Salsa Dip,Snacks,200
2047,2025-04-21,G06,Tea Leaves,Beverages,200
2047,2025-04-21,G15,Beer (6-Pack),Alcohol,800
2047,2025-04-21,G13,Soda 2L,Beverages,150
2048,2025-02-25,G14,Baby Diapers,Baby Care,1200
2048,2025-02-25,G19,Cooking Oil 1L,Pantry,300
2048,2025-02-25,G04,Eggs (Tray),Dairy,350
2048,2025-02-25,G20,Onions 1kg,Produce,80
2049,2025-03-25,G10,Parmesan Cheese,Dairy,400
2050,2025-05-23,G18,Rice 2kg,Pantry,250
2050,2025-05-23,G19,Cooking Oil 1L,Pantry,300
2050,2025-05-23,G20,Onions 1kg,Produce,80
2051,2025-06-20,G01,White Bread,Bakery,60
2051,2025-06-20,G02,Butter,Dairy,180
2051,2025-06-20,G03,Milk 1L,Dairy,120
2051,2025-06-20,G04,Eggs (Tray),Dairy,350
2052,2025-02-01,G11,Potato Chips,Snacks,150
2053,2025-04-11,G05,Coffee,Beverages,450
2053,2025-04-11,G07,Sugar 1kg,Pantry,150
2054,2025-03-23,G11,Potato Chips,Snacks,150
2054,2025-03-23,G13,Soda 2L,Beverages,150
2054,2025-03-23,G18,Rice 2kg,Pantry,250
2054,2025-03-23,G09,Tomato Sauce,Pantry,90
2055,2025-02-14,G05,Coffee,Beverages,450
2055,2025-02-14,G07,Sugar 1kg,Pantry,150
2056,2025-06-04,G08,Pasta,Pantry,120
2056,2025-06-04,G09,Tomato Sauce,Pantry,90
2057,2025-02-23,G11,Potato Chips,Snacks,150
2058,2025-05-30,G05,Coffee,Beverages,450
2058,2025-05-30,G07,Sugar 1kg,Pantry,150
2059,2025-06-26,G15,Beer (6-Pack),Alcohol,800
2060,2025-05-28,G11,Potato Chips,Snacks,150
2060,2025-05-28,G10,Parmesan Cheese,Dairy,400
2060,2025-05-28,G07,Sugar 1kg,Pantry,150
2061,2025-06-12,G01,White Bread,Bakery,60
2061,2025-06-12,G18,Rice 2kg,Pantry,250
2062,2025-01-13,G14,Baby Diapers,Baby Care,1200
2062,2025-01-13,G15,Beer (6-Pack),Alcohol,800
2063,2025-02-25,G11,Potato Chips,Snacks,150
2063,2025-02-25,G12,Salsa Dip,Snacks,200
2063,2025-02-25,G13,Soda 2L,Beverages,150
2064,2025-04-29,G19,Cooking Oil 1L,Pantry,300
2065,2025-01-27,G10,Parmesan Cheese,Dairy,400
2065,2025-01-27,G19,Cooking Oil 1L,Pantry,300
2065,2025-01-27,G15,Beer (6-Pack),Alcohol,800
2066,2025-02-23,G05,Coffee,Beverages,450
2066,2025-02-23,G07,Sugar 1kg,Pantry,150
2067,2025-05-12,G01,White Bread,Bakery,60
2067,2025-05-12,G02,Butter,Dairy,180
2067,2025-05-12,G03,Milk 1L,Dairy,120
2067,2025-05-12,G04,Eggs (Tray),Dairy,350
2068,2025-04-22,G10,Parmesan Cheese,Dairy,400
2068,2025-04-22,G01,White Bread,Bakery,60
2068,2025-04-22,G07,Sugar 1kg,Pantry,150
2068,2025-04-22,G02,Butter,Dairy,180
2069,2025-01-28,G06,Tea Leaves,Beverages,200
2069,2025-01-28,G05,Coffee,Beverages,450
2070,2025-04-19,G01,White Bread,Bakery,60
2070,2025-04-19,G02,Butter,Dairy,180
2070,2025-04-19,G03,Milk 1L,Dairy,120
2070,2025-04-19,G04,Eggs (Tray),Dairy,350
2071,2025-03-08,G12,Salsa Dip,Snacks,200
2071,2025-03-08,G13,Soda 2L,Beverages,150
2071,2025-03-08,G02,Butter,Dairy,180
2072,2025-05-11,G11,Potato Chips,Snacks,150
2072,2025-05-11,G12,Salsa Dip,Snacks,200
2073,2025-02-05,G01,White Bread,Bakery,60
2073,2025-02-05,G02,Butter,Dairy,180
2073,2025-02-05,G03,Milk 1L,Dairy,120
2074,2025-01-11,G01,White Bread,Bakery,60
2074,2025-01-11,G02,Butter,Dairy,180
2074,2025-01-11,G03,Milk 1L,Dairy,120
2075,2025-02-08,G07,Sugar 1kg,Pantry,150
2075,2025-02-08,G01,White Bread,Bakery,60
2075,2025-02-08,G11,Potato Chips,Snacks,150
2076,2025-06-02,G18,Rice 2kg,Pantry,250
2077,2025-02-15,G18,Rice 2kg,Pantry,250
2078,2025-06-11,G01,White Bread,Bakery,60
2078,2025-06-11,G02,Butter,Dairy,180
2078,2025-06-11,G03,Milk 1L,Dairy,120
2079,2025-02-26,G03,Milk 1L,Dairy,120
2079,2025-02-26,G16,Baby Wipes,Baby Care,350
2080,2025-03-30,G14,Baby Diapers,Baby Care,1200
2080,2025-03-30,G15,Beer (6-Pack),Alcohol,800
2081,2025-01-05,G09,Tomato Sauce,Pantry,90
2081,2025-01-05,G19,Cooking Oil 1L,Pantry,300
2081,2025-01-05,G08,Pasta,Pantry,120
2081,2025-01-05,G12,Salsa Dip,Snacks,200
2082,2025-05-12,G05,Coffee,Beverages,450
2082,2025-05-12,G07,Sugar 1kg,Pantry,150
2083,2025-01-30,G08,Pasta,Pantry,120
2083,2025-01-30,G09,Tomato Sauce,Pantry,90
2083,2025-01-30,G10,Parmesan Cheese,Dairy,400
2084,2025-02-16,G01,White Bread,Bakery,60
2084,2025-02-16,G16,Baby Wipes,Baby Care,350
2085,2025-06-04,G11,Potato Chips,Snacks,150
2085,2025-06-04,G12,Salsa Dip,Snacks,200
2086,2025-05-09,G13,Soda 2L,Beverages,150
2087,2025-05-28,G16,Baby Wipes,Baby Care,350
2087,2025-05-28,G14,Baby Diapers,Baby Care,1200
2088,2025-05-13,G11,Potato Chips,Snacks,150
2088,2025-05-13,G12,Salsa Dip,Snacks,200
2088,2025-05-13,G13,Soda 2L,Beverages,150
2089,2025-06-06,G05,Coffee,Beverages,450
2089,2025-06-06,G07,Sugar 1kg,Pantry,150
2089,2025-06-06,G15,Beer (6-Pack),Alcohol,800
2090,2025-01-22,G07,Sugar 1kg,Pantry,150
2090,2025-01-22,G10,Parmesan Cheese,Dairy,400
2090,2025-01-22,G04,Eggs (Tray),Dairy,350
2090,2025-01-22,G13,Soda 2L,Beverages,150
2091,2025-04-27,G18,Rice 2kg,Pantry,250
2091,2025-04-27,G19,Cooking Oil 1L,Pantry,300
2091,2025-04-27,G20,Onions 1kg,Produce,80
2092,2025-03-06,G01,White Bread,Bakery,60
2093,2025-02-18,G20,Onions 1kg,Produce,80
2093,2025-02-18,G16,Baby Wipes,Baby Care,350
2093,2025-02-18,G18,Rice 2kg,Pantry,250
2094,2025-04-07,G10,Parmesan Cheese,Dairy,400
2095,2025-02-10,G19,Cooking Oil 1L,Pantry,300
2096,2025-06-05,G16,Baby Wipes,Baby Care,350
2096,2025-06-05,G18,Rice 2kg,Pantry,250
2096,2025-06-05,G02,Butter,Dairy,180
2096,2025-06-05,G04,Eggs (Tray),Dairy,350
2097,2025-06-23,G16,Baby Wipes,Baby Care,350
2097,2025-06-23,G14,Baby Diapers,Baby Care,1200
2097,2025-06-23,G17,Baby Formula,Baby Care,1500
2098,2025-04-13,G16,Baby Wipes,Baby Care,350
2098,2025-04-13,G14,Baby Diapers,Baby Care,1200
2098,2025-04-13,G17,Baby Formula,Baby Care,1500
2099,2025-06-12,G14,Baby Diapers,Baby Care,1200
2099,2025-06-12,G15,Beer (6-Pack),Alcohol,800
2100,2025-03-01,G16,Baby Wipes,Baby Care,350
2101,2025-06-16,G11,Potato Chips,Snacks,150
2102,2025-05-08,G18,Rice 2kg,Pantry,250
2103,2025-01-13,G13,Soda 2L,Beverages,150
2103,2025-01-13,G08,Pasta,Pantry,120
2104,2025-04-13,G01,White Bread,Bakery,60
2104,2025-04-13,G02,Butter,Dairy,180
2104,2025-04-13,G03,Milk 1L,Dairy,120
2104,2025-04-13,G04,Eggs (Tray),Dairy,350
2105,2025-01-24,G11,Potato Chips,Snacks,150
2105,2025-01-24,G12,Salsa Dip,Snacks,200
2105,2025-01-24,G13,Soda 2L,Beverages,150
2106,2025-03-01,G08,Pasta,Pantry,120
2106,2025-03-01,G09,Tomato Sauce,Pantry,90
2107,2025-06-23,G08,Pasta,Pantry,120
2108,2025-04-15,G13,Soda 2L,Beverages,150
2108,2025-04-15,G17,Baby Formula,Baby Care,1500
2108,2025-04-15,G02,Butter,Dairy,180
2108,2025-04-15,G04,Eggs (Tray),Dairy,350
2109,2025-03-05,G16,Baby Wipes,Baby Care,350
2109,2025-03-05,G14,Baby Diapers,Baby Care,1200
2110,2025-01-15,G11,Potato Chips,Snacks,150
2110,2025-01-15,G12,Salsa Dip,Snacks,200
2111,2025-02-22,G18,Rice 2kg,Pantry,250
2111,2025-02-22,G19,Cooking Oil 1L,Pantry,300
2111,2025-02-22,G20,Onions 1kg,Produce,80
2112,2025-02-01,G07,Sugar 1kg,Pantry,150
2113,2025-06-03,G17,Baby Formula,Baby Care,1500
2114,2025-01-22,G20,Onions 1kg,Produce,80
2114,2025-01-22,G19,Cooking Oil 1L,Pantry,300
2114,2025-01-22,G14,Baby Diapers,Baby Care,1200
2115,2025-01-07,G18,Rice 2kg,Pantry,250
2115,2025-01-07,G19,Cooking Oil 1L,Pantry,300
2115,2025-01-07,G20,Onions 1kg,Produce,80
2116,2025-04-15,G15,Beer (6-Pack),Alcohol,800
2116,2025-04-15,G14,Baby Diapers,Baby Care,1200
2117,2025-01-06,G18,Rice 2kg,Pantry,250
2118,2025-05-03,G14,Baby Diapers,Baby Care,1200
2118,2025-05-03,G15,Beer (6-Pack),Alcohol,800
2119,2025-02-19,G02,Butter,Dairy,180
2120,2025-05-17,G16,Baby Wipes,Baby Care,350
2120,2025-05-17,G14,Baby Diapers,Baby Care,1200
2121,2025-06-27,G14,Baby Diapers,Baby Care,1200
2122,2025-02-07,G08,Pasta,Pantry,120
2122,2025-02-07,G03,Milk 1L,Dairy,120
2122,2025-02-07,G07,Sugar 1kg,Pantry,150
2122,2025-02-07,G13,Soda 2L,Beverages,150
2123,2025-01-05,G01,White Bread,Bakery,60
2123,2025-01-05,G02,Butter,Dairy,180
2123,2025-01-05,G03,Milk 1L,Dairy,120
2123,2025-01-05,G04,Eggs (Tray),Dairy,350
2124,2025-03-01,G16,Baby Wipes,Baby Care,350
2124,2025-03-01,G14,Baby Diapers,Baby Care,1200
2125,2025-03-24,G05,Coffee,Beverages,450
2125,2025-03-24,G20,Onions 1kg,Produce,80
2126,2025-03-14,G09,Tomato Sauce,Pantry,90
2127,2025-02-24,G03,Milk 1L,Dairy,120
2128,2025-04-19,G20,Onions 1kg,Produce,80
2128,2025-04-19,G13,Soda 2L,Beverages,150
2128,2025-04-19,G09,Tomato Sauce,Pantry,90
2128,2025-04-19,G04,Eggs (Tray),Dairy,350
2129,2025-06-21,G19,Cooking Oil 1L,Pantry,300
2129,2025-06-21,G16,Baby Wipes,Baby Care,350
2130,2025-04-05,G14,Baby Diapers,Baby Care,1200
2130,2025-04-05,G15,Beer (6-Pack),Alcohol,800
2131,2025-06-01,G11,Potato Chips,Snacks,150
2131,2025-06-01,G12,Salsa Dip,Snacks,200
2131,2025-06-01,G13,Soda 2L,Beverages,150
2132,2025-06-11,G18,Rice 2kg,Pantry,250
2132,2025-06-11,G19,Cooking Oil 1L,Pantry,300
2132,2025-06-11,G20,Onions 1kg,Produce,80
2133,2025-02-22,G18,Rice 2kg,Pantry,250
2133,2025-02-22,G19,Cooking Oil 1L,Pantry,300
2133,2025-02-22,G20,Onions 1kg,Produce,80
2133,2025-02-22,G04,Eggs (Tray),Dairy,350
2134,2025-06-28,G07,Sugar 1kg,Pantry,150
2135,2025-04-21,G02,Butter,Dairy,180
2135,2025-04-21,G04,Eggs (Tray),Dairy,350
2135,2025-04-21,G15,Beer (6-Pack),Alcohol,800
2135,2025-04-21,G17,Baby Formula,Baby Care,1500
2136,2025-04-09,G15,Beer (6-Pack),Alcohol,800
2137,2025-01-26,G11,Potato Chips,Snacks,150
2137,2025-01-26,G12,Salsa Dip,Snacks,200
2137,2025-01-26,G13,Soda 2L,Beverages,150
2138,2025-05-16,G16,Baby Wipes,Baby Care,350
2138,2025-05-16,G14,Baby Diapers,Baby Care,1200
2138,2025-05-16,G17,Baby Formula,Baby Care,1500
2138,2025-05-16,G08,Pasta,Pantry,120
2139,2025-05-11,G17,Baby Formula,Baby Care,1500
2139,2025-05-11,G10,Parmesan Cheese,Dairy,400
2140,2025-05-26,G18,Rice 2kg,Pantry,250
2140,2025-05-26,G19,Cooking Oil 1L,Pantry,300
2140,2025-05-26,G20,Onions 1kg,Produce,80
2141,2025-03-27,G14,Baby Diapers,Baby Care,1200
2141,2025-03-27,G15,Beer (6-Pack),Alcohol,800
2142,2025-03-17,G14,Baby Diapers,Baby Care,1200
2142,2025-03-17,G05,Coffee,Beverages,450
2142,2025-03-17,G10,Parmesan Cheese,Dairy,400
2142,2025-03-17,G02,Butter,Dairy,180
2143,2025-02-14,G08,Pasta,Pantry,120
2144,2025-01-30,G01,White Bread,Bakery,60
2144,2025-01-30,G17,Baby Formula,Baby Care,1500
2145,2025-01-02,G09,Tomato Sauce,Pantry,90
2145,2025-01-02,G14,Baby Diapers,Baby Care,1200
2146,2025-05-10,G11,Potato Chips,Snacks,150
2146,2025-05-10,G12,Salsa Dip,Snacks,200
2147,2025-03-13,G04,Eggs (Tray),Dairy,350
2147,2025-03-13,G11,Potato Chips,Snacks,150
2148,2025-01-27,G08,Pasta,Pantry,120
2148,2025-01-27,G05,Coffee,Beverages,450
2148,2025-01-27,G09,Tomato Sauce,Pantry,90
2149,2025-01-03,G17,Baby Formula,Baby Care,1500
2150,2025-01-04,G08,Pasta,Pantry,120
2150,2025-01-04,G09,Tomato Sauce,Pantry,90
2150,2025-01-04,G07,Sugar 1kg,Pantry,150
2151,2025-06-26,G11,Potato Chips,Snacks,150
2151,2025-06-26,G12,Salsa Dip,Snacks,200
2152,2025-06-17,G16,Baby Wipes,Baby Care,350
2152,2025-06-17,G14,Baby Diapers,Baby Care,1200
2153,2025-02-23,G16,Baby Wipes,Baby Care,350
2153,2025-02-23,G14,Baby Diapers,Baby Care,1200
2153,2025-02-23,G17,Baby Formula,Baby Care,1500
2154,2025-05-19,G01,White Bread,Bakery,60
2154,2025-05-19,G02,Butter,Dairy,180
2154,2025-05-19,G03,Milk 1L,Dairy,120
2154,2025-05-19,G04,Eggs (Tray),Dairy,350
2155,2025-05-22,G18,Rice 2kg,Pantry,250
2155,2025-05-22,G07,Sugar 1kg,Pantry,150
2156,2025-01-13,G11,Potato Chips,Snacks,150
2156,2025-01-13,G05,Coffee,Beverages,450
2156,2025-01-13,G13,Soda 2L,Beverages,150
2157,2025-02-26,G01,White Bread,Bakery,60
2157,2025-02-26,G02,Butter,Dairy,180
2157,2025-02-26,G03,Milk 1L,Dairy,120
2158,2025-03-25,G01,White Bread,Bakery,60
2158,2025-03-25,G02,Butter,Dairy,180
2158,2025-03-25,G03,Milk 1L,Dairy,120
2159,2025-02-25,G10,Parmesan Cheese,Dairy,400
2159,2025-02-25,G07,Sugar 1kg,Pantry,150
2159,2025-02-25,G08,Pasta,Pantry,120
2160,2025-03-22,G06,Tea Leaves,Beverages,200
2160,2025-03-22,G03,Milk 1L,Dairy,120
2160,2025-03-22,G16,Baby Wipes,Baby Care,350
2161,2025-02-12,G14,Baby Diapers,Baby Care,1200
2161,2025-02-12,G15,Beer (6-Pack),Alcohol,800
2162,2025-01-12,G08,Pasta,Pantry,120
2163,2025-06-24,G14,Baby Diapers,Baby Care,1200
2163,2025-06-24,G15,Beer (6-Pack),Alcohol,800
2164,2025-04-03,G11,Potato Chips,Snacks,150
2164,2025-04-03,G12,Salsa Dip,Snacks,200
2165,2025-03-05,G01,White Bread,Bakery,60
2165,2025-03-05,G02,Butter,Dairy,180
2165,2025-03-05,G03,Milk 1L,Dairy,120
2166,2025-01-25,G11,Potato Chips,Snacks,150
2166,2025-01-25,G15,Beer (6-Pack),Alcohol,800
2167,2025-01-23,G08,Pasta,Pantry,120
2167,2025-01-23,G09,Tomato Sauce,Pantry,90
2167,2025-01-23,G10,Parmesan Cheese,Dairy,400
2168,2025-05-12,G11,Potato Chips,Snacks,150
2168,2025-05-12,G12,Salsa Dip,Snacks,200
2168,2025-05-12,G13,Soda 2L,Beverages,150
2169,2025-03-14,G05,Coffee,Beverages,450
2169,2025-03-14,G07,Sugar 1kg,Pantry,150
2169,2025-03-14,G10,Parmesan Cheese,Dairy,400
2170,2025-05-24,G11,Potato Chips,Snacks,150
2170,2025-05-24,G12,Salsa Dip,Snacks,200
2170,2025-05-24,G13,Soda 2L,Beverages,150
2171,2025-03-12,G10,Parmesan Cheese,Dairy,400
2171,2025-03-12,G14,Baby Diapers,Baby Care,1200
2172,2025-06-25,G14,Baby Diapers,Baby Care,1200
2172,2025-06-25,G15,Beer (6-Pack),Alcohol,800
2173,2025-06-15,G14,Baby Diapers,Baby Care,1200
2173,2025-06-15,G15,Beer (6-Pack),Alcohol,800
2174,2025-06-22,G11,Potato Chips,Snacks,150
2174,2025-06-22,G12,Salsa Dip,Snacks,200
2175,2025-05-25,G01,White Bread,Bakery,60
2175,2025-05-25,G02,Butter,Dairy,180
2175,2025-05-25,G03,Milk 1L,Dairy,120
2175,2025-05-25,G04,Eggs (Tray),Dairy,350
2176,2025-01-24,G18,Rice 2kg,Pantry,250
2176,2025-01-24,G19,Cooking Oil 1L,Pantry,300
2176,2025-01-24,G20,Onions 1kg,Produce,80
2177,2025-04-17,G01,White Bread,Bakery,60
2177,2025-04-17,G02,Butter,Dairy,180
2177,2025-04-17,G03,Milk 1L,Dairy,120
2177,2025-04-17,G04,Eggs (Tray),Dairy,350
2178,2025-01-09,G14,Baby Diapers,Baby Care,1200
2179,2025-03-06,G05,Coffee,Beverages,450
2179,2025-03-06,G07,Sugar 1kg,Pantry,150
2180,2025-01-21,G16,Baby Wipes,Baby Care,350
2180,2025-01-21,G14,Baby Diapers,Baby Care,1200
2180,2025-01-21,G17,Baby Formula,Baby Care,1500
2180,2025-01-21,G01,White Bread,Bakery,60
2181,2025-04-24,G11,Potato Chips,Snacks,150
2181,2025-04-24,G12,Salsa Dip,Snacks,200
2182,2025-01-17,G16,Baby Wipes,Baby Care,350
2182,2025-01-17,G14,Baby Diapers,Baby Care,1200
2182,2025-01-17,G07,Sugar 1kg,Pantry,150
2183,2025-01-22,G18,Rice 2kg,Pantry,250
2183,2025-01-22,G19,Cooking Oil 1L,Pantry,300
2183,2025-01-22,G20,Onions 1kg,Produce,80
2184,2025-02-04,G03,Milk 1L,Dairy,120
2185,2025-01-15,G08,Pasta,Pantry,120
2185,2025-01-15,G02,Butter,Dairy,180
2185,2025-01-15,G04,Eggs (Tray),Dairy,350
2185,2025-01-15,G15,Beer (6-Pack),Alcohol,800
2186,2025-04-26,G07,Sugar 1kg,Pantry,150
2186,2025-04-26,G05,Coffee,Beverages,450
2187,2025-03-28,G10,Parmesan Cheese,Dairy,400
2187,2025-03-28,G20,Onions 1kg,Produce,80
2187,2025-03-28,G16,Baby Wipes,Baby Care,350
2188,2025-01-21,G03,Milk 1L,Dairy,120
2188,2025-01-21,G02,Butter,Dairy,180
2189,2025-05-03,G11,Potato Chips,Snacks,150
2189,2025-05-03,G12,Salsa Dip,Snacks,200
2189,2025-05-03,G13,Soda 2L,Beverages,150
2190,2025-01-06,G08,Pasta,Pantry,120
2190,2025-01-06,G09,Tomato Sauce,Pantry,90
2190,2025-01-06,G10,Parmesan Cheese,Dairy,400
2191,2025-03-15,G16,Baby Wipes,Baby Care,350
2191,2025-03-15,G14,Baby Diapers,Baby Care,1200
2192,2025-03-07,G08,Pasta,Pantry,120
2192,2025-03-07,G09,Tomato Sauce,Pantry,90
2192,2025-03-07,G10,Parmesan Cheese,Dairy,400
2193,2025-01-21,G01,White Bread,Bakery,60
2193,2025-01-21,G02,Butter,Dairy,180
2193,2025-01-21,G03,Milk 1L,Dairy,120
2194,2025-01-13,G08,Pasta,Pantry,120
2194,2025-01-13,G09,Tomato Sauce,Pantry,90
2195,2025-01-25,G03,Milk 1L,Dairy,120
2196,2025-03-08,G11,Potato Chips,Snacks,150
2196,2025-03-08,G12,Salsa Dip,Snacks,200
2197,2025-04-18,G03,Milk 1L,Dairy,120
2197,2025-04-18,G17,Baby Formula,Baby Care,1500
2197,2025-04-18,G10,Parmesan Cheese,Dairy,400
2198,2025-06-02,G13,Soda 2L,Beverages,150
2199,2025-05-06,G10,Parmesan Cheese,Dairy,400
2200,2025-03-19,G18,Rice 2kg,Pantry,250
2201,2025-05-06,G05,Coffee,Beverages,450
2201,2025-05-06,G07,Sugar 1kg,Pantry,150
2202,2025-03-03,G20,Onions 1kg,Produce,80
2202,2025-03-03,G03,Milk 1L,Dairy,120
2202,2025-03-03,G01,White Bread,Bakery,60
2203,2025-04-25,G02,Butter,Dairy,180
2204,2025-03-19,G11,Potato Chips,Snacks,150
2204,2025-03-19,G12,Salsa Dip,Snacks,200
2205,2025-03-09,G05,Coffee,Beverages,450
2205,2025-03-09,G07,Sugar 1kg,Pantry,150
2206,2025-02-19,G14,Baby Diapers,Baby Care,1200
2206,2025-02-19,G05,Coffee,Beverages,450
2207,2025-05-30,G07,Sugar 1kg,Pantry,150
2208,2025-03-01,G05,Coffee,Beverages,450
2208,2025-03-01,G07,Sugar 1kg,Pantry,150
2208,2025-03-01,G19,Cooking Oil 1L,Pantry,300
2209,2025-05-27,G18,Rice 2kg,Pantry,250
2209,2025-05-27,G19,Cooking Oil 1L,Pantry,300
2209,2025-05-27,G20,Onions 1kg,Produce,80
2210,2025-04-06,G16,Baby Wipes,Baby Care,350
2210,2025-04-06,G05,Coffee,Beverages,450
2211,2025-01-07,G18,Rice 2kg,Pantry,250
2211,2025-01-07,G19,Cooking Oil 1L,Pantry,300
2211,2025-01-07,G20,Onions 1kg,Produce,80
2212,2025-06-05,G01,White Bread,Bakery,60
2212,2025-06-05,G02,Butter,Dairy,180
2212,2025-06-05,G03,Milk 1L,Dairy,120
2212,2025-06-05,G04,Eggs (Tray),Dairy,350
2213,2025-06-12,G01,White Bread,Bakery,60
2213,2025-06-12,G02,Butter,Dairy,180
2213,2025-06-12,G03,Milk 1L,Dairy,120
2214,2025-05-25,G12,Salsa Dip,Snacks,200
2215,2025-03-08,G16,Baby Wipes,Baby Care,350
2215,2025-03-08,G14,Baby Diapers,Baby Care,1200
2216,2025-05-11,G14,Baby Diapers,Baby Care,1200
2216,2025-05-11,G15,Beer (6-Pack),Alcohol,800
2217,2025-02-16,G08,Pasta,Pantry,120
2217,2025-02-16,G09,Tomato Sauce,Pantry,90
2218,2025-05-08,G03,Milk 1L,Dairy,120
2219,2025-02-24,G05,Coffee,Beverages,450
2219,2025-02-24,G07,Sugar 1kg,Pantry,150
2220,2025-05-05,G07,Sugar 1kg,Pantry,150
2220,2025-05-05,G11,Potato Chips,Snacks,150
2220,2025-05-05,G08,Pasta,Pantry,120
2221,2025-05-07,G19,Cooking Oil 1L,Pantry,300
2222,2025-01-06,G07,Sugar 1kg,Pantry,150
2222,2025-01-06,G04,Eggs (Tray),Dairy,350
2223,2025-04-14,G01,White Bread,Bakery,60
2223,2025-04-14,G07,Sugar 1kg,Pantry,150
2224,2025-02-13,G11,Potato Chips,Snacks,150
2224,2025-02-13,G12,Salsa Dip,Snacks,200
2224,2025-02-13,G13,Soda 2L,Beverages,150
2225,2025-04-30,G12,Salsa Dip,Snacks,200
2225,2025-04-30,G17,Baby Formula,Baby Care,1500
2225,2025-04-30,G02,Butter,Dairy,180
2226,2025-06-05,G05,Coffee,Beverages,450
2226,2025-06-05,G07,Sugar 1kg,Pantry,150
2227,2025-05-03,G08,Pasta,Pantry,120
2227,2025-05-03,G09,Tomato Sauce,Pantry,90
2227,2025-05-03,G10,Parmesan Cheese,Dairy,400
2228,2025-06-08,G14,Baby Diapers,Baby Care,1200
2228,2025-06-08,G15,Beer (6-Pack),Alcohol,800
2229,2025-01-03,G11,Potato Chips,Snacks,150
2229,2025-01-03,G12,Salsa Dip,Snacks,200
2230,2025-05-02,G03,Milk 1L,Dairy,120
2230,2025-05-02,G08,Pasta,Pantry,120
2230,2025-05-02,G01,White Bread,Bakery,60
2230,2025-05-02,G20,Onions 1kg,Produce,80
2231,2025-03-04,G08,Pasta,Pantry,120
2231,2025-03-04,G09,Tomato Sauce,Pantry,90
2232,2025-01-27,G18,Rice 2kg,Pantry,250
2232,2025-01-27,G19,Cooking Oil 1L,Pantry,300
2232,2025-01-27,G20,Onions 1kg,Produce,80
2233,2025-01-04,G15,Beer (6-Pack),Alcohol,800
2233,2025-01-04,G03,Milk 1L,Dairy,120
2233,2025-01-04,G04,Eggs (Tray),Dairy,350
2234,2025-01-21,G14,Baby Diapers,Baby Care,1200
2234,2025-01-21,G11,Potato Chips,Snacks,150
2234,2025-01-21,G05,Coffee,Beverages,450
2235,2025-02-12,G04,Eggs (Tray),Dairy,350
2235,2025-02-12,G09,Tomato Sauce,Pantry,90
2236,2025-05-10,G14,Baby Diapers,Baby Care,1200
2236,2025-05-10,G15,Beer (6-Pack),Alcohol,800
2237,2025-06-13,G01,White Bread,Bakery,60
2237,2025-06-13,G02,Butter,Dairy,180
2237,2025-06-13,G03,Milk 1L,Dairy,120
2238,2025-06-15,G14,Baby Diapers,Baby Care,1200
2238,2025-06-15,G15,Beer (6-Pack),Alcohol,800
2239,2025-05-27,G03,Milk 1L,Dairy,120
2240,2025-06-05,G14,Baby Diapers,Baby Care,1200
2240,2025-06-05,G15,Beer (6-Pack),Alcohol,800
2241,2025-05-14,G11,Potato Chips,Snacks,150
2241,2025-05-14,G12,Salsa Dip,Snacks,200
2242,2025-04-17,G01,White Bread,Bakery,60
2242,2025-04-17,G02,Butter,Dairy,180
2242,2025-04-17,G03,Milk 1L,Dairy,120
2243,2025-02-14,G20,Onions 1kg,Produce,80
2244,2025-04-08,G10,Parmesan Cheese,Dairy,400
2244,2025-04-08,G15,Beer (6-Pack),Alcohol,800
2244,2025-04-08,G09,Tomato Sauce,Pantry,90
2245,2025-05-18,G16,Baby Wipes,Baby Care,350
2245,2025-05-18,G12,Salsa Dip,Snacks,200
2245,2025-05-18,G04,Eggs (Tray),Dairy,350
2245,2025-05-18,G14,Baby Diapers,Baby Care,1200
2246,2025-02-20,G01,White Bread,Bakery,60
2246,2025-02-20,G02,Butter,Dairy,180
2246,2025-02-20,G03,Milk 1L,Dairy,120
2246,2025-02-20,G04,Eggs (Tray),Dairy,350
2247,2025-05-27,G06,Tea Leaves,Beverages,200
2247,2025-05-27,G03,Milk 1L,Dairy,120
2248,2025-06-23,G16,Baby Wipes,Baby Care,350
2248,2025-06-23,G09,Tomato Sauce,Pantry,90
2249,2025-06-09,G01,White Bread,Bakery,60
2249,2025-06-09,G02,Butter,Dairy,180
2249,2025-06-09,G03,Milk 1L,Dairy,120
2250,2025-03-25,G17,Baby Formula,Baby Care,1500
2250,2025-03-25,G12,Salsa Dip,Snacks,200
2250,2025-03-25,G01,White Bread,Bakery,60
2251,2025-06-04,G16,Baby Wipes,Baby Care,350
2251,2025-06-04,G14,Baby Diapers,Baby Care,1200
2251,2025-06-04,G17,Baby Formula,Baby Care,1500
2252,2025-02-03,G14,Baby Diapers,Baby Care,1200
2252,2025-02-03,G15,Beer (6-Pack),Alcohol,800
2253,2025-05-10,G02,Butter,Dairy,180
2253,2025-05-10,G20,Onions 1kg,Produce,80
2253,2025-05-10,G04,Eggs (Tray),Dairy,350
2254,2025-03-01,G05,Coffee,Beverages,450
2254,2025-03-01,G07,Sugar 1kg,Pantry,150
2255,2025-05-22,G16,Baby Wipes,Baby Care,350
2255,2025-05-22,G14,Baby Diapers,Baby Care,1200
2255,2025-05-22,G17,Baby Formula,Baby Care,1500
2255,2025-05-22,G15,Beer (6-Pack),Alcohol,800
2256,2025-05-30,G14,Baby Diapers,Baby Care,1200
2256,2025-05-30,G15,Beer (6-Pack),Alcohol,800
2257,2025-01-03,G06,Tea Leaves,Beverages,200
2257,2025-01-03,G01,White Bread,Bakery,60
2258,2025-02-10,G14,Baby Diapers,Baby Care,1200
2258,2025-02-10,G15,Beer (6-Pack),Alcohol,800
2259,2025-06-15,G01,White Bread,Bakery,60
2259,2025-06-15,G02,Butter,Dairy,180
2259,2025-06-15,G03,Milk 1L,Dairy,120
2260,2025-05-15,G14,Baby Diapers,Baby Care,1200
2260,2025-05-15,G15,Beer (6-Pack),Alcohol,800
2261,2025-02-08,G05,Coffee,Beverages,450
2261,2025-02-08,G16,Baby Wipes,Baby Care,350
2261,2025-02-08,G11,Potato Chips,Snacks,150
2262,2025-03-28,G14,Baby Diapers,Baby Care,1200
2262,2025-03-28,G15,Beer (6-Pack),Alcohol,800
2263,2025-01-30,G05,Coffee,Beverages,450
2264,2025-06-18,G08,Pasta,Pantry,120
2264,2025-06-18,G09,Tomato Sauce,Pantry,90
2265,2025-05-15,G01,White Bread,Bakery,60
2265,2025-05-15,G02,Butter,Dairy,180
2265,2025-05-15,G03,Milk 1L,Dairy,120
2266,2025-04-05,G14,Baby Diapers,Baby Care,1200
2266,2025-04-05,G15,Beer (6-Pack),Alcohol,800
2267,2025-03-28,G18,Rice 2kg,Pantry,250
2267,2025-03-28,G19,Cooking Oil 1L,Pantry,300
2267,2025-03-28,G20,Onions 1kg,Produce,80
2267,2025-03-28,G17,Baby Formula,Baby Care,1500
2268,2025-02-02,G05,Coffee,Beverages,450
2268,2025-02-02,G07,Sugar 1kg,Pantry,150
2269,2025-03-09,G14,Baby Diapers,Baby Care,1200
2269,2025-03-09,G15,Beer (6-Pack),Alcohol,800
2270,2025-04-04,G18,Rice 2kg,Pantry,250
2270,2025-04-04,G03,Milk 1L,Dairy,120
2270,2025-04-04,G09,Tomato Sauce,Pantry,90
2270,2025-04-04,G02,Butter,Dairy,180
2271,2025-05-17,G05,Coffee,Beverages,450
2271,2025-05-17,G07,Sugar 1kg,Pantry,150
2272,2025-05-05,G05,Coffee,Beverages,450
2273,2025-05-15,G03,Milk 1L,Dairy,120
2273,2025-05-15,G01,White Bread,Bakery,60
2273,2025-05-15,G10,Parmesan Cheese,Dairy,400
2274,2025-04-20,G01,White Bread,Bakery,60
2274,2025-04-20,G02,Butter,Dairy,180
2274,2025-04-20,G03,Milk 1L,Dairy,120
2274,2025-04-20,G04,Eggs (Tray),Dairy,350
2275,2025-06-17,G08,Pasta,Pantry,120
2275,2025-06-17,G09,Tomato Sauce,Pantry,90
2276,2025-01-20,G19,Cooking Oil 1L,Pantry,300
2276,2025-01-20,G17,Baby Formula,Baby Care,1500
2277,2025-04-23,G11,Potato Chips,Snacks,150
2277,2025-04-23,G12,Salsa Dip,Snacks,200
2277,2025-04-23,G13,Soda 2L,Beverages,150
2278,2025-02-14,G08,Pasta,Pantry,120
2278,2025-02-14,G04,Eggs (Tray),Dairy,350
2279,2025-06-01,G05,Coffee,Beverages,450
2279,2025-06-01,G07,Sugar 1kg,Pantry,150
2280,2025-02-15,G04,Eggs (Tray),Dairy,350
2280,2025-02-15,G17,Baby Formula,Baby Care,1500
2280,2025-02-15,G20,Onions 1kg,Produce,80
2281,2025-05-12,G18,Rice 2kg,Pantry,250
2281,2025-05-12,G19,Cooking Oil 1L,Pantry,300
2281,2025-05-12,G20,Onions 1kg,Produce,80
2282,2025-04-05,G06,Tea Leaves,Beverages,200
2282,2025-04-05,G20,Onions 1kg,Produce,80
2282,2025-04-05,G12,Salsa Dip,Snacks,200
2283,2025-01-24,G11,Potato Chips,Snacks,150
2283,2025-01-24,G12,Salsa Dip,Snacks,200
2284,2025-06-13,G14,Baby Diapers,Baby Care,1200
2284,2025-06-13,G15,Beer (6-Pack),Alcohol,800
2285,2025-03-23,G05,Coffee,Beverages,450
2285,2025-03-23,G07,Sugar 1kg,Pantry,150
2286,2025-02-15,G05,Coffee,Beverages,450
2286,2025-02-15,G07,Sugar 1kg,Pantry,150
2287,2025-02-18,G09,Tomato Sauce,Pantry,90
2287,2025-02-18,G04,Eggs (Tray),Dairy,350
2287,2025-02-18,G20,Onions 1kg,Produce,80
2288,2025-05-26,G15,Beer (6-Pack),Alcohol,800
2289,2025-06-04,G12,Salsa Dip,Snacks,200
2290,2025-06-21,G03,Milk 1L,Dairy,120
2291,2025-02-20,G14,Baby Diapers,Baby Care,1200
2291,2025-02-20,G15,Beer (6-Pack),Alcohol,800
2292,2025-04-01,G08,Pasta,Pantry,120
2292,2025-04-01,G09,Tomato Sauce,Pantry,90
2293,2025-06-24,G20,Onions 1kg,Produce,80
2293,2025-06-24,G02,Butter,Dairy,180
2293,2025-06-24,G04,Eggs (Tray),Dairy,350
2294,2025-01-15,G09,Tomato Sauce,Pantry,90
2295,2025-06-22,G11,Potato Chips,Snacks,150
2295,2025-06-22,G12,Salsa Dip,Snacks,200
2296,2025-04-23,G16,Baby Wipes,Baby Care,350
2296,2025-04-23,G14,Baby Diapers,Baby Care,1200
2297,2025-04-22,G01,White Bread,Bakery,60
2297,2025-04-22,G02,Butter,Dairy,180
2297,2025-04-22,G03,Milk 1L,Dairy,120
2298,2025-04-16,G11,Potato Chips,Snacks,150
2298,2025-04-16,G12,Salsa Dip,Snacks,200
2299,2025-04-13,G05,Coffee,Beverages,450
2299,2025-04-13,G20,Onions 1kg,Produce,80
2299,2025-04-13,G06,Tea Leaves,Beverages,200
2299,2025-04-13,G19,Cooking Oil 1L,Pantry,300
2300,2025-03-07,G10,Parmesan Cheese,Dairy,400
2300,2025-03-07,G13,Soda 2L,Beverages,150
2300,2025-03-07,G07,Sugar 1kg,Pantry,150
2301,2025-01-02,G05,Coffee,Beverages,450
2301,2025-01-02,G04,Eggs (Tray),Dairy,350
2302,2025-03-03,G01,White Bread,Bakery,60
2302,2025-03-03,G12,Salsa Dip,Snacks,200
2303,2025-04-03,G11,Potato Chips,Snacks,150
2303,2025-04-03,G13,Soda 2L,Beverages,150
2304,2025-03-20,G14,Baby Diapers,Baby Care,1200
2304,2025-03-20,G15,Beer (6-Pack),Alcohol,800
2305,2025-04-09,G11,Potato Chips,Snacks,150
2305,2025-04-09,G12,Salsa Dip,Snacks,200
2305,2025-04-09,G13,Soda 2L,Beverages,150
2306,2025-03-03,G08,Pasta,Pantry,120
2306,2025-03-03,G09,Tomato Sauce,Pantry,90
2307,2025-03-12,G01,White Bread,Bakery,60
2307,2025-03-12,G14,Baby Diapers,Baby Care,1200
2307,2025-03-12,G07,Sugar 1kg,Pantry,150
2307,2025-03-12,G05,Coffee,Beverages,450
2308,2025-05-27,G11,Potato Chips,Snacks,150
2308,2025-05-27,G04,Eggs (Tray),Dairy,350
2309,2025-04-10,G08,Pasta,Pantry,120
2309,2025-04-10,G09,Tomato Sauce,Pantry,90
2309,2025-04-10,G10,Parmesan Cheese,Dairy,400
2310,2025-03-05,G05,Coffee,Beverages,450
2310,2025-03-05,G07,Sugar 1kg,Pantry,150
2311,2025-05-18,G16,Baby Wipes,Baby Care,350
2311,2025-05-18,G14,Baby Diapers,Baby Care,1200
2312,2025-03-19,G11,Potato Chips,Snacks,150
2312,2025-03-19,G12,Salsa Dip,Snacks,200
2313,2025-02-20,G16,Baby Wipes,Baby Care,350
2313,2025-02-20,G14,Baby Diapers,Baby Care,1200
2314,2025-04-02,G01,White Bread,Bakery,60
2314,2025-04-02,G02,Butter,Dairy,180
2314,2025-04-02,G03,Milk 1L,Dairy,120
2315,2025-01-08,G02,Butter,Dairy,180
2315,2025-01-08,G17,Baby Formula,Baby Care,1500
2315,2025-01-08,G16,Baby Wipes,Baby Care,350
2315,2025-01-08,G04,Eggs (Tray),Dairy,350
2316,2025-01-07,G17,Baby Formula,Baby Care,1500
2316,2025-01-07,G15,Beer (6-Pack),Alcohol,800
2317,2025-04-01,G01,White Bread,Bakery,60
2317,2025-04-01,G02,Butter,Dairy,180
2317,2025-04-01,G03,Milk 1L,Dairy,120
2317,2025-04-01,G04,Eggs (Tray),Dairy,350
2318,2025-06-07,G18,Rice 2kg,Pantry,250
2318,2025-06-07,G19,Cooking Oil 1L,Pantry,300
2318,2025-06-07,G20,Onions 1kg,Produce,80
2319,2025-02-04,G06,Tea Leaves,Beverages,200
2319,2025-02-04,G16,Baby Wipes,Baby Care,350
2319,2025-02-04,G15,Beer (6-Pack),Alcohol,800
2319,2025-02-04,G19,Cooking Oil 1L,Pantry,300
2320,2025-06-02,G11,Potato Chips,Snacks,150
2320,2025-06-02,G12,Salsa Dip,Snacks,200
2321,2025-02-23,G01,White Bread,Bakery,60
2321,2025-02-23,G02,Butter,Dairy,180
2321,2025-02-23,G03,Milk 1L,Dairy,120
2322,2025-06-14,G05,Coffee,Beverages,450
2322,2025-06-14,G20,Onions 1kg,Produce,80
2322,2025-06-14,G08,Pasta,Pantry,120
2323,2025-03-23,G01,White Bread,Bakery,60
2323,2025-03-23,G02,Butter,Dairy,180
2323,2025-03-23,G03,Milk 1L,Dairy,120
2323,2025-03-23,G04,Eggs (Tray),Dairy,350
2324,2025-05-27,G14,Baby Diapers,Baby Care,1200
2324,2025-05-27,G17,Baby Formula,Baby Care,1500
2325,2025-03-22,G06,Tea Leaves,Beverages,200
2325,2025-03-22,G03,Milk 1L,Dairy,120
2325,2025-03-22,G14,Baby Diapers,Baby Care,1200
2326,2025-02-08,G15,Beer (6-Pack),Alcohol,800
2326,2025-02-08,G02,Butter,Dairy,180
2326,2025-02-08,G01,White Bread,Bakery,60
2327,2025-05-08,G16,Baby Wipes,Baby Care,350
2327,2025-05-08,G15,Beer (6-Pack),Alcohol,800
2328,2025-01-19,G01,White Bread,Bakery,60
2328,2025-01-19,G02,Butter,Dairy,180
2328,2025-01-19,G03,Milk 1L,Dairy,120
2328,2025-01-19,G04,Eggs (Tray),Dairy,350
2328,2025-01-19,G14,Baby Diapers,Baby Care,1200
2329,2025-02-01,G14,Baby Diapers,Baby Care,1200
2329,2025-02-01,G15,Beer (6-Pack),Alcohol,800
2330,2025-01-19,G11,Potato Chips,Snacks,150
2330,2025-01-19,G12,Salsa Dip,Snacks,200
2331,2025-02-03,G18,Rice 2kg,Pantry,250
2332,2025-05-30,G03,Milk 1L,Dairy,120
2332,2025-05-30,G11,Potato Chips,Snacks,150
2333,2025-06-28,G12,Salsa Dip,Snacks,200
2333,2025-06-28,G04,Eggs (Tray),Dairy,350
2333,2025-06-28,G20,Onions 1kg,Produce,80
2333,2025-06-28,G01,White Bread,Bakery,60
2334,2025-01-10,G08,Pasta,Pantry,120
2334,2025-01-10,G15,Beer (6-Pack),Alcohol,800
2335,2025-04-20,G17,Baby Formula,Baby Care,1500
2336,2025-03-04,G04,Eggs (Tray),Dairy,350
2336,2025-03-04,G20,Onions 1kg,Produce,80
2337,2025-03-21,G19,Cooking Oil 1L,Pantry,300
2337,2025-03-21,G10,Parmesan Cheese,Dairy,400
2337,2025-03-21,G20,Onions 1kg,Produce,80
2337,2025-03-21,G05,Coffee,Beverages,450
2338,2025-03-24,G14,Baby Diapers,Baby Care,1200
2338,2025-03-24,G15,Beer (6-Pack),Alcohol,800
2338,2025-03-24,G08,Pasta,Pantry,120
2339,2025-03-02,G08,Pasta,Pantry,120
2339,2025-03-02,G09,Tomato Sauce,Pantry,90
2339,2025-03-02,G10,Parmesan Cheese,Dairy,400
2340,2025-03-07,G10,Parmesan Cheese,Dairy,400
2340,2025-03-07,G01,White Bread,Bakery,60
2340,2025-03-07,G03,Milk 1L,Dairy,120
2340,2025-03-07,G15,Beer (6-Pack),Alcohol,800
2341,2025-01-16,G08,Pasta,Pantry,120
2341,2025-01-16,G17,Baby Formula,Baby Care,1500
2341,2025-01-16,G14,Baby Diapers,Baby Care,1200
2341,2025-01-16,G09,Tomato Sauce,Pantry,90
2342,2025-04-01,G11,Potato Chips,Snacks,150
2342,2025-04-01,G12,Salsa Dip,Snacks,200
2342,2025-04-01,G13,Soda 2L,Beverages,150
2343,2025-01-24,G09,Tomato Sauce,Pantry,90
2343,2025-01-24,G18,Rice 2kg,Pantry,250
2343,2025-01-24,G02,Butter,Dairy,180
2344,2025-01-09,G03,Milk 1L,Dairy,120
2345,2025-01-02,G11,Potato Chips,Snacks,150
2345,2025-01-02,G10,Parmesan Cheese,Dairy,400
2345,2025-01-02,G13,Soda 2L,Beverages,150
2346,2025-06-06,G19,Cooking Oil 1L,Pantry,300
2347,2025-03-24,G16,Baby Wipes,Baby Care,350
2347,2025-03-24,G14,Baby Diapers,Baby Care,1200
2347,2025-03-24,G17,Baby Formula,Baby Care,1500
2347,2025-03-24,G11,Potato Chips,Snacks,150
2348,2025-03-26,G05,Coffee,Beverages,450
2348,2025-03-26,G07,Sugar 1kg,Pantry,150
2349,2025-05-31,G11,Potato Chips,Snacks,150
2349,2025-05-31,G01,White Bread,Bakery,60
2349,2025-05-31,G20,Onions 1kg,Produce,80
2349,2025-05-31,G15,Beer (6-Pack),Alcohol,800
2350,2025-06-10,G18,Rice 2kg,Pantry,250
2350,2025-06-10,G19,Cooking Oil 1L,Pantry,300
2350,2025-06-10,G20,Onions 1kg,Produce,80
2351,2025-01-01,G11,Potato Chips,Snacks,150
2351,2025-01-01,G12,Salsa Dip,Snacks,200
2351,2025-01-01,G13,Soda 2L,Beverages,150
2352,2025-04-05,G15,Beer (6-Pack),Alcohol,800
2353,2025-06-26,G08,Pasta,Pantry,120
2353,2025-06-26,G09,Tomato Sauce,Pantry,90
2353,2025-06-26,G10,Parmesan Cheese,Dairy,400
2354,2025-05-24,G01,White Bread,Bakery,60
2354,2025-05-24,G05,Coffee,Beverages,450
2354,2025-05-24,G06,Tea Leaves,Beverages,200
2354,2025-05-24,G13,Soda 2L,Beverages,150
2355,2025-05-22,G16,Baby Wipes,Baby Care,350
2355,2025-05-22,G14,Baby Diapers,Baby Care,1200
2356,2025-06-03,G15,Beer (6-Pack),Alcohol,800
2357,2025-03-03,G17,Baby Formula,Baby Care,1500
2358,2025-05-27,G01,White Bread,Bakery,60
2358,2025-05-27,G07,Sugar 1kg,Pantry,150
2358,2025-05-27,G11,Potato Chips,Snacks,150
2359,2025-03-30,G14,Baby Diapers,Baby Care,1200
2359,2025-03-30,G11,Potato Chips,Snacks,150
2359,2025-03-30,G07,Sugar 1kg,Pantry,150
2360,2025-05-22,G01,White Bread,Bakery,60
2360,2025-05-22,G02,Butter,Dairy,180
2360,2025-05-22,G04,Eggs (Tray),Dairy,350
2361,2025-01-16,G17,Baby Formula,Baby Care,1500
2362,2025-04-07,G12,Salsa Dip,Snacks,200
2363,2025-02-08,G08,Pasta,Pantry,120
2363,2025-02-08,G09,Tomato Sauce,Pantry,90
2364,2025-04-09,G01,White Bread,Bakery,60
2364,2025-04-09,G16,Baby Wipes,Baby Care,350
2364,2025-04-09,G04,Eggs (Tray),Dairy,350
2364,2025-04-09,G07,Sugar 1kg,Pantry,150
2365,2025-05-05,G03,Milk 1L,Dairy,120
2365,2025-05-05,G15,Beer (6-Pack),Alcohol,800
2365,2025-05-05,G04,Eggs (Tray),Dairy,350
2365,2025-05-05,G16,Baby Wipes,Baby Care,350
2366,2025-05-21,G11,Potato Chips,Snacks,150
2366,2025-05-21,G12,Salsa Dip,Snacks,200
2366,2025-05-21,G13,Soda 2L,Beverages,150
2367,2025-03-29,G01,White Bread,Bakery,60
2367,2025-03-29,G02,Butter,Dairy,180
2367,2025-03-29,G03,Milk 1L,Dairy,120
2368,2025-05-28,G16,Baby Wipes,Baby Care,350
2368,2025-05-28,G14,Baby Diapers,Baby Care,1200
2369,2025-02-23,G06,Tea Leaves,Beverages,200
2369,2025-02-23,G01,White Bread,Bakery,60
2369,2025-02-23,G02,Butter,Dairy,180
2370,2025-04-28,G14,Baby Diapers,Baby Care,1200
2370,2025-04-28,G15,Beer (6-Pack),Alcohol,800
2371,2025-05-15,G09,Tomato Sauce,Pantry,90
2371,2025-05-15,G10,Parmesan Cheese,Dairy,400
2372,2025-03-29,G11,Potato Chips,Snacks,150
2373,2025-04-25,G05,Coffee,Beverages,450
2373,2025-04-25,G07,Sugar 1kg,Pantry,150
2374,2025-01-18,G05,Coffee,Beverages,450
2374,2025-01-18,G07,Sugar 1kg,Pantry,150
2375,2025-01-24,G14,Baby Diapers,Baby Care,1200
2375,2025-01-24,G15,Beer (6-Pack),Alcohol,800
2376,2025-02-25,G13,Soda 2L,Beverages,150
2377,2025-06-23,G06,Tea Leaves,Beverages,200
2377,2025-06-23,G03,Milk 1L,Dairy,120
2378,2025-05-03,G05,Coffee,Beverages,450
2378,2025-05-03,G07,Sugar 1kg,Pantry,150
2379,2025-01-28,G16,Baby Wipes,Baby Care,350
2379,2025-01-28,G14,Baby Diapers,Baby Care,1200
2380,2025-03-15,G05,Coffee,Beverages,450
2380,2025-03-15,G07,Sugar 1kg,Pantry,150
2381,2025-03-02,G18,Rice 2kg,Pantry,250
2381,2025-03-02,G19,Cooking Oil 1L,Pantry,300
2381,2025-03-02,G20,Onions 1kg,Produce,80
2382,2025-06-26,G16,Baby Wipes,Baby Care,350
2382,2025-06-26,G14,Baby Diapers,Baby Care,1200
2382,2025-06-26,G17,Baby Formula,Baby Care,1500
2383,2025-03-07,G13,Soda 2L,Beverages,150
2383,2025-03-07,G08,Pasta,Pantry,120
2384,2025-03-20,G08,Pasta,Pantry,120
2384,2025-03-20,G09,Tomato Sauce,Pantry,90
2384,2025-03-20,G10,Parmesan Cheese,Dairy,400
2385,2025-03-23,G10,Parmesan Cheese,Dairy,400
2385,2025-03-23,G18,Rice 2kg,Pantry,250
2385,2025-03-23,G09,Tomato Sauce,Pantry,90
2385,2025-03-23,G14,Baby Diapers,Baby Care,1200
2386,2025-04-30,G05,Coffee,Beverages,450
2386,2025-04-30,G07,Sugar 1kg,Pantry,150
2387,2025-04-04,G14,Baby Diapers,Baby Care,1200
2387,2025-04-04,G15,Beer (6-Pack),Alcohol,800
2388,2025-01-15,G11,Potato Chips,Snacks,150
2388,2025-01-15,G02,Butter,Dairy,180
2388,2025-01-15,G09,Tomato Sauce,Pantry,90
2389,2025-06-02,G01,White Bread,Bakery,60
2389,2025-06-02,G02,Butter,Dairy,180
2389,2025-06-02,G03,Milk 1L,Dairy,120
2390,2025-05-01,G09,Tomato Sauce,Pantry,90
2391,2025-02-19,G12,Salsa Dip,Snacks,200
2391,2025-02-19,G15,Beer (6-Pack),Alcohol,800
2392,2025-06-04,G20,Onions 1kg,Produce,80
2392,2025-06-04,G04,Eggs (Tray),Dairy,350
2392,2025-06-04,G16,Baby Wipes,Baby Care,350
2392,2025-06-04,G13,Soda 2L,Beverages,150
2393,2025-02-05,G14,Baby Diapers,Baby Care,1200
2393,2025-02-05,G15,Beer (6-Pack),Alcohol,800
2394,2025-03-26,G10,Parmesan Cheese,Dairy,400
2394,2025-03-26,G06,Tea Leaves,Beverages,200
2394,2025-03-26,G19,Cooking Oil 1L,Pantry,300
2395,2025-05-04,G16,Baby Wipes,Baby Care,350
2395,2025-05-04,G14,Baby Diapers,Baby Care,1200
2395,2025-05-04,G17,Baby Formula,Baby Care,1500
2396,2025-06-07,G05,Coffee,Beverages,450
2396,2025-06-07,G07,Sugar 1kg,Pantry,150
2397,2025-06-13,G14,Baby Diapers,Baby Care,1200
2397,2025-06-13,G15,Beer (6-Pack),Alcohol,800
2398,2025-06-12,G16,Baby Wipes,Baby Care,350
2398,2025-06-12,G06,Tea Leaves,Beverages,200
2399,2025-06-15,G08,Pasta,Pantry,120
2399,2025-06-15,G10,Parmesan Cheese,Dairy,400
2400,2025-05-04,G05,Coffee,Beverages,450
2400,2025-05-04,G07,Sugar 1kg,Pantry,150
2401,2025-06-19,G19,Cooking Oil 1L,Pantry,300
2402,2025-03-01,G16,Baby Wipes,Baby Care,350
2402,2025-03-01,G14,Baby Diapers,Baby Care,1200
2403,2025-06-28,G18,Rice 2kg,Pantry,250
2404,2025-02-08,G08,Pasta,Pantry,120
2404,2025-02-08,G09,Tomato Sauce,Pantry,90
2404,2025-02-08,G10,Parmesan Cheese,Dairy,400
2405,2025-04-27,G18,Rice 2kg,Pantry,250
2406,2025-03-12,G06,Tea Leaves,Beverages,200
2407,2025-06-05,G12,Salsa Dip,Snacks,200
2407,2025-06-05,G04,Eggs (Tray),Dairy,350
2407,2025-06-05,G19,Cooking Oil 1L,Pantry,300
2407,2025-06-05,G09,Tomato Sauce,Pantry,90
2408,2025-01-12,G18,Rice 2kg,Pantry,250
2408,2025-01-12,G19,Cooking Oil 1L,Pantry,300
2408,2025-01-12,G20,Onions 1kg,Produce,80
2409,2025-01-09,G11,Potato Chips,Snacks,150
2409,2025-01-09,G05,Coffee,Beverages,450
2409,2025-01-09,G16,Baby Wipes,Baby Care,350
2410,2025-03-27,G03,Milk 1L,Dairy,120
2410,2025-03-27,G01,White Bread,Bakery,60
2410,2025-03-27,G15,Beer (6-Pack),Alcohol,800
2411,2025-05-06,G01,White Bread,Bakery,60
2411,2025-05-06,G10,Parmesan Cheese,Dairy,400
2411,2025-05-06,G18,Rice 2kg,Pantry,250
2411,2025-05-06,G07,Sugar 1kg,Pantry,150
2412,2025-03-14,G11,Potato Chips,Snacks,150
2412,2025-03-14,G12,Salsa Dip,Snacks,200
2412,2025-03-14,G19,Cooking Oil 1L,Pantry,300
2412,2025-03-14,G04,Eggs (Tray),Dairy,350
2413,2025-01-19,G08,Pasta,Pantry,120
2413,2025-01-19,G16,Baby Wipes,Baby Care,350
2414,2025-02-01,G05,Coffee,Beverages,450
2414,2025-02-01,G07,Sugar 1kg,Pantry,150
2414,2025-02-01,G14,Baby Diapers,Baby Care,1200
2415,2025-05-17,G07,Sugar 1kg,Pantry,150
2415,2025-05-17,G13,Soda 2L,Beverages,150
2415,2025-05-17,G11,Potato Chips,Snacks,150
2416,2025-02-21,G05,Coffee,Beverages,450
2416,2025-02-21,G07,Sugar 1kg,Pantry,150
2417,2025-03-25,G19,Cooking Oil 1L,Pantry,300
2417,2025-03-25,G15,Beer (6-Pack),Alcohol,800
2417,2025-03-25,G04,Eggs (Tray),Dairy,350
2417,2025-03-25,G20,Onions 1kg,Produce,80
2418,2025-06-30,G14,Baby Diapers,Baby Care,1200
2418,2025-06-30,G15,Beer (6-Pack),Alcohol,800
2419,2025-03-28,G19,Cooking Oil 1L,Pantry,300
2419,2025-03-28,G13,Soda 2L,Beverages,150
2419,2025-03-28,G20,Onions 1kg,Produce,80
2420,2025-01-12,G11,Potato Chips,Snacks,150
2420,2025-01-12,G12,Salsa Dip,Snacks,200
2420,2025-01-12,G01,White Bread,Bakery,60
2421,2025-01-27,G08,Pasta,Pantry,120
2421,2025-01-27,G09,Tomato Sauce,Pantry,90
2421,2025-01-27,G10,Parmesan Cheese,Dairy,400
2422,2025-06-25,G18,Rice 2kg,Pantry,250
2422,2025-06-25,G19,Cooking Oil 1L,Pantry,300
2422,2025-06-25,G20,Onions 1kg,Produce,80
2423,2025-03-09,G11,Potato Chips,Snacks,150
2424,2025-02-05,G01,White Bread,Bakery,60
2425,2025-02-15,G18,Rice 2kg,Pantry,250
2425,2025-02-15,G19,Cooking Oil 1L,Pantry,300
2425,2025-02-15,G20,Onions 1kg,Produce,80
2426,2025-01-23,G05,Coffee,Beverages,450
2426,2025-01-23,G07,Sugar 1kg,Pantry,150
2426,2025-01-23,G02,Butter,Dairy,180
2427,2025-04-07,G18,Rice 2kg,Pantry,250
2427,2025-04-07,G16,Baby Wipes,Baby Care,350
2427,2025-04-07,G10,Parmesan Cheese,Dairy,400
2427,2025-04-07,G15,Beer (6-Pack),Alcohol,800
2428,2025-05-11,G01,White Bread,Bakery,60
2428,2025-05-11,G16,Baby Wipes,Baby Care,350
2428,2025-05-11,G06,Tea Leaves,Beverages,200
2429,2025-05-01,G01,White Bread,Bakery,60
2430,2025-06-24,G19,Cooking Oil 1L,Pantry,300
2430,2025-06-24,G20,Onions 1kg,Produce,80
2430,2025-06-24,G06,Tea Leaves,Beverages,200
2431,2025-01-09,G18,Rice 2kg,Pantry,250
2431,2025-01-09,G19,Cooking Oil 1L,Pantry,300
2431,2025-01-09,G20,Onions 1kg,Produce,80
2432,2025-05-09,G07,Sugar 1kg,Pantry,150
2432,2025-05-09,G20,Onions 1kg,Produce,80
2432,2025-05-09,G10,Parmesan Cheese,Dairy,400
2432,2025-05-09,G02,Butter,Dairy,180
2433,2025-06-14,G05,Coffee,Beverages,450
2433,2025-06-14,G07,Sugar 1kg,Pantry,150
2434,2025-06-23,G10,Parmesan Cheese,Dairy,400
2435,2025-01-08,G11,Potato Chips,Snacks,150
2435,2025-01-08,G12,Salsa Dip,Snacks,200
2436,2025-02-05,G05,Coffee,Beverages,450
2436,2025-02-05,G07,Sugar 1kg,Pantry,150
2437,2025-04-07,G04,Eggs (Tray),Dairy,350
2438,2025-02-05,G01,White Bread,Bakery,60
2438,2025-02-05,G02,Butter,Dairy,180
2438,2025-02-05,G03,Milk 1L,Dairy,120
2438,2025-02-05,G04,Eggs (Tray),Dairy,350
2439,2025-04-04,G05,Coffee,Beverages,450
2439,2025-04-04,G07,Sugar 1kg,Pantry,150
2440,2025-03-07,G17,Baby Formula,Baby Care,1500
2440,2025-03-07,G14,Baby Diapers,Baby Care,1200
2440,2025-03-07,G18,Rice 2kg,Pantry,250
2441,2025-04-01,G05,Coffee,Beverages,450
2441,2025-04-01,G07,Sugar 1kg,Pantry,150
2442,2025-05-30,G16,Baby Wipes,Baby Care,350
2442,2025-05-30,G14,Baby Diapers,Baby Care,1200
2443,2025-03-21,G11,Potato Chips,Snacks,150
2443,2025-03-21,G09,Tomato Sauce,Pantry,90
2444,2025-01-19,G08,Pasta,Pantry,120
2444,2025-01-19,G09,Tomato Sauce,Pantry,90
2444,2025-01-19,G10,Parmesan Cheese,Dairy,400
2444,2025-01-19,G02,Butter,Dairy,180
2445,2025-05-28,G05,Coffee,Beverages,450
2445,2025-05-28,G07,Sugar 1kg,Pantry,150
2446,2025-03-18,G14,Baby Diapers,Baby Care,1200
2446,2025-03-18,G15,Beer (6-Pack),Alcohol,800
2447,2025-05-15,G17,Baby Formula,Baby Care,1500
2448,2025-04-03,G09,Tomato Sauce,Pantry,90
2448,2025-04-03,G12,Salsa Dip,Snacks,200
2448,2025-04-03,G02,Butter,Dairy,180
2449,2025-06-19,G08,Pasta,Pantry,120
2449,2025-06-19,G09,Tomato Sauce,Pantry,90
2450,2025-01-25,G07,Sugar 1kg,Pantry,150
2451,2025-06-28,G02,Butter,Dairy,180
2452,2025-04-18,G05,Coffee,Beverages,450
2452,2025-04-18,G07,Sugar 1kg,Pantry,150
2453,2025-01-18,G05,Coffee,Beverages,450
2453,2025-01-18,G07,Sugar 1kg,Pantry,150
2454,2025-01-28,G17,Baby Formula,Baby Care,1500
2454,2025-01-28,G20,Onions 1kg,Produce,80
2454,2025-01-28,G15,Beer (6-Pack),Alcohol,800
2455,2025-04-30,G18,Rice 2kg,Pantry,250
2455,2025-04-30,G19,Cooking Oil 1L,Pantry,300
2455,2025-04-30,G20,Onions 1kg,Produce,80
2456,2025-06-05,G04,Eggs (Tray),Dairy,350
2456,2025-06-05,G11,Potato Chips,Snacks,150
2457,2025-05-30,G07,Sugar 1kg,Pantry,150
2457,2025-05-30,G01,White Bread,Bakery,60
2457,2025-05-30,G08,Pasta,Pantry,120
2458,2025-01-19,G19,Cooking Oil 1L,Pantry,300
2458,2025-01-19,G06,Tea Leaves,Beverages,200
2458,2025-01-19,G03,Milk 1L,Dairy,120
2459,2025-02-11,G03,Milk 1L,Dairy,120
2459,2025-02-11,G11,Potato Chips,Snacks,150
2460,2025-06-17,G03,Milk 1L,Dairy,120
2460,2025-06-17,G13,Soda 2L,Beverages,150
2460,2025-06-17,G02,Butter,Dairy,180
2461,2025-01-09,G01,White Bread,Bakery,60
2461,2025-01-09,G02,Butter,Dairy,180
2461,2025-01-09,G03,Milk 1L,Dairy,120
2462,2025-03-23,G14,Baby Diapers,Baby Care,1200
2462,2025-03-23,G15,Beer (6-Pack),Alcohol,800
2463,2025-06-19,G05,Coffee,Beverages,450
2463,2025-06-19,G07,Sugar 1kg,Pantry,150
2464,2025-02-02,G05,Coffee,Beverages,450
2464,2025-02-02,G07,Sugar 1kg,Pantry,150
2465,2025-05-01,G12,Salsa Dip,Snacks,200
2465,2025-05-01,G04,Eggs (Tray),Dairy,350
2465,2025-05-01,G14,Baby Diapers,Baby Care,1200
2466,2025-02-07,G14,Baby Diapers,Baby Care,1200
2466,2025-02-07,G15,Beer (6-Pack),Alcohol,800
2467,2025-06-22,G15,Beer (6-Pack),Alcohol,800
2467,2025-06-22,G11,Potato Chips,Snacks,150
2468,2025-03-28,G05,Coffee,Beverages,450
2468,2025-03-28,G07,Sugar 1kg,Pantry,150
2469,2025-04-16,G19,Cooking Oil 1L,Pantry,300
2469,2025-04-16,G03,Milk 1L,Dairy,120
2469,2025-04-16,G18,Rice 2kg,Pantry,250
2469,2025-04-16,G05,Coffee,Beverages,450
2470,2025-03-27,G16,Baby Wipes,Baby Care,350
2470,2025-03-27,G14,Baby Diapers,Baby Care,1200
2471,2025-04-10,G16,Baby Wipes,Baby Care,350
2471,2025-04-10,G14,Baby Diapers,Baby Care,1200
2471,2025-04-10,G17,Baby Formula,Baby Care,1500
2472,2025-01-14,G08,Pasta,Pantry,120
2472,2025-01-14,G09,Tomato Sauce,Pantry,90
2472,2025-01-14,G10,Parmesan Cheese,Dairy,400
2473,2025-02-20,G14,Baby Diapers,Baby Care,1200
2473,2025-02-20,G11,Potato Chips,Snacks,150
2473,2025-02-20,G15,Beer (6-Pack),Alcohol,800
2474,2025-01-02,G05,Coffee,Beverages,450
2474,2025-01-02,G07,Sugar 1kg,Pantry,150
2475,2025-01-26,G03,Milk 1L,Dairy,120
2476,2025-02-11,G20,Onions 1kg,Produce,80
2476,2025-02-11,G06,Tea Leaves,Beverages,200
2476,2025-02-11,G04,Eggs (Tray),Dairy,350
2477,2025-05-13,G05,Coffee,Beverages,450
2477,2025-05-13,G07,Sugar 1kg,Pantry,150
2477,2025-05-13,G12,Salsa Dip,Snacks,200
2478,2025-05-10,G14,Baby Diapers,Baby Care,1200
2478,2025-05-10,G15,Beer (6-Pack),Alcohol,800
2479,2025-05-03,G18,Rice 2kg,Pantry,250
2479,2025-05-03,G19,Cooking Oil 1L,Pantry,300
2479,2025-05-03,G20,Onions 1kg,Produce,80
2480,2025-05-27,G07,Sugar 1kg,Pantry,150
2481,2025-02-23,G18,Rice 2kg,Pantry,250
2481,2025-02-23,G19,Cooking Oil 1L,Pantry,300
2481,2025-02-23,G20,Onions 1kg,Produce,80
2482,2025-05-02,G16,Baby Wipes,Baby Care,350
2482,2025-05-02,G14,Baby Diapers,Baby Care,1200
2483,2025-03-04,G11,Potato Chips,Snacks,150
2483,2025-03-04,G12,Salsa Dip,Snacks,200
2484,2025-06-04,G14,Baby Diapers,Baby Care,1200
2484,2025-06-04,G15,Beer (6-Pack),Alcohol,800
2485,2025-04-15,G16,Baby Wipes,Baby Care,350
2485,2025-04-15,G14,Baby Diapers,Baby Care,1200
2486,2025-01-20,G15,Beer (6-Pack),Alcohol,800
2487,2025-03-05,G08,Pasta,Pantry,120
2487,2025-03-05,G09,Tomato Sauce,Pantry,90
2487,2025-03-05,G10,Parmesan Cheese,Dairy,400
2488,2025-05-03,G04,Eggs (Tray),Dairy,350
2489,2025-04-16,G12,Salsa Dip,Snacks,200
2489,2025-04-16,G20,Onions 1kg,Produce,80
2489,2025-04-16,G09,Tomato Sauce,Pantry,90
2490,2025-06-28,G07,Sugar 1kg,Pantry,150
2491,2025-03-19,G04,Eggs (Tray),Dairy,350
2492,2025-04-18,G05,Coffee,Beverages,450
2492,2025-04-18,G07,Sugar 1kg,Pantry,150
2493,2025-03-23,G08,Pasta,Pantry,120
2493,2025-03-23,G09,Tomato Sauce,Pantry,90
2493,2025-03-23,G10,Parmesan Cheese,Dairy,400
2494,2025-05-30,G16,Baby Wipes,Baby Care,350
2495,2025-06-25,G12,Salsa Dip,Snacks,200
2496,2025-04-04,G05,Coffee,Beverages,450
2496,2025-04-04,G07,Sugar 1kg,Pantry,150
2497,2025-05-26,G01,White Bread,Bakery,60
2498,2025-01-19,G09,Tomato Sauce,Pantry,90
2498,2025-01-19,G08,Pasta,Pantry,120
2499,2025-05-22,G01,White Bread,Bakery,60
2499,2025-05-22,G02,Butter,Dairy,180
2499,2025-05-22,G03,Milk 1L,Dairy,120
2499,2025-05-22,G04,Eggs (Tray),Dairy,350
2500,2025-05-05,G01,White Bread,Bakery,60
2500,2025-05-05,G13,Soda 2L,Beverages,150
2500,2025-05-05,G16,Baby Wipes,Baby Care,350
2500,2025-05-05,G19,Cooking Oil 1L,Pantry,300
2501,2025-05-07,G05,Coffee,Beverages,450
2501,2025-05-07,G07,Sugar 1kg,Pantry,150
2502,2025-03-02,G02,Butter,Dairy,180
2502,2025-03-02,G16,Baby Wipes,Baby Care,350
2502,2025-03-02,G01,White Bread,Bakery,60
2503,2025-01-13,G12,Salsa Dip,Snacks,200
2504,2025-04-05,G03,Milk 1L,Dairy,120
2505,2025-05-31,G01,White Bread,Bakery,60
2506,2025-04-30,G16,Baby Wipes,Baby Care,350
2506,2025-04-30,G14,Baby Diapers,Baby Care,1200
2507,2025-06-26,G02,Butter,Dairy,180
2507,2025-06-26,G19,Cooking Oil 1L,Pantry,300
2507,2025-06-26,G11,Potato Chips,Snacks,150
2507,2025-06-26,G12,Salsa Dip,Snacks,200
2508,2025-02-01,G11,Potato Chips,Snacks,150
2508,2025-02-01,G12,Salsa Dip,Snacks,200
2508,2025-02-01,G13,Soda 2L,Beverages,150
2509,2025-05-25,G16,Baby Wipes,Baby Care,350
2509,2025-05-25,G14,Baby Diapers,Baby Care,1200
2509,2025-05-25,G17,Baby Formula,Baby Care,1500
2510,2025-05-14,G16,Baby Wipes,Baby Care,350
2510,2025-05-14,G14,Baby Diapers,Baby Care,1200
2510,2025-05-14,G17,Baby Formula,Baby Care,1500
2511,2025-04-11,G11,Potato Chips,Snacks,150
2511,2025-04-11,G12,Salsa Dip,Snacks,200
2511,2025-04-11,G13,Soda 2L,Beverages,150
2512,2025-01-11,G04,Eggs (Tray),Dairy,350
2512,2025-01-11,G07,Sugar 1kg,Pantry,150
2512,2025-01-11,G15,Beer (6-Pack),Alcohol,800
2513,2025-05-06,G11,Potato Chips,Snacks,150
2513,2025-05-06,G12,Salsa Dip,Snacks,200
2514,2025-02-26,G11,Potato Chips,Snacks,150
2514,2025-02-26,G12,Salsa Dip,Snacks,200
2515,2025-06-26,G05,Coffee,Beverages,450
2515,2025-06-26,G07,Sugar 1kg,Pantry,150
2516,2025-02-12,G16,Baby Wipes,Baby Care,350
2516,2025-02-12,G14,Baby Diapers,Baby Care,1200
2516,2025-02-12,G17,Baby Formula,Baby Care,1500
2516,2025-02-12,G18,Rice 2kg,Pantry,250
2517,2025-05-08,G01,White Bread,Bakery,60
2517,2025-05-08,G14,Baby Diapers,Baby Care,1200
2518,2025-01-06,G07,Sugar 1kg,Pantry,150
2518,2025-01-06,G11,Potato Chips,Snacks,150
2518,2025-01-06,G16,Baby Wipes,Baby Care,350
2518,2025-01-06,G01,White Bread,Bakery,60
2519,2025-01-23,G04,Eggs (Tray),Dairy,350
2519,2025-01-23,G13,Soda 2L,Beverages,150
2519,2025-01-23,G01,White Bread,Bakery,60
2520,2025-02-20,G19,Cooking Oil 1L,Pantry,300
2521,2025-04-28,G20,Onions 1kg,Produce,80
2521,2025-04-28,G13,Soda 2L,Beverages,150
2522,2025-03-21,G08,Pasta,Pantry,120
2522,2025-03-21,G09,Tomato Sauce,Pantry,90
2522,2025-03-21,G10,Parmesan Cheese,Dairy,400
2523,2025-04-05,G06,Tea Leaves,Beverages,200
2524,2025-02-28,G18,Rice 2kg,Pantry,250
2524,2025-02-28,G19,Cooking Oil 1L,Pantry,300
2524,2025-02-28,G20,Onions 1kg,Produce,80
2525,2025-01-14,G14,Baby Diapers,Baby Care,1200
2525,2025-01-14,G15,Beer (6-Pack),Alcohol,800
2526,2025-03-29,G04,Eggs (Tray),Dairy,350
2526,2025-03-29,G20,Onions 1kg,Produce,80
2526,2025-03-29,G08,Pasta,Pantry,120
2526,2025-03-29,G01,White Bread,Bakery,60
2527,2025-01-30,G04,Eggs (Tray),Dairy,350
2528,2025-04-18,G11,Potato Chips,Snacks,150
2528,2025-04-18,G12,Salsa Dip,Snacks,200
2529,2025-01-16,G05,Coffee,Beverages,450
2529,2025-01-16,G07,Sugar 1kg,Pantry,150
2530,2025-06-15,G05,Coffee,Beverages,450
2531,2025-04-14,G16,Baby Wipes,Baby Care,350
2531,2025-04-14,G14,Baby Diapers,Baby Care,1200
2531,2025-04-14,G11,Potato Chips,Snacks,150
2532,2025-03-30,G05,Coffee,Beverages,450
2532,2025-03-30,G07,Sugar 1kg,Pantry,150
2532,2025-03-30,G15,Beer (6-Pack),Alcohol,800
2533,2025-06-25,G08,Pasta,Pantry,120
2533,2025-06-25,G09,Tomato Sauce,Pantry,90
2534,2025-02-21,G01,White Bread,Bakery,60
2534,2025-02-21,G02,Butter,Dairy,180
2534,2025-02-21,G03,Milk 1L,Dairy,120
2534,2025-02-21,G04,Eggs (Tray),Dairy,350
2535,2025-05-13,G14,Baby Diapers,Baby Care,1200
2536,2025-04-18,G15,Beer (6-Pack),Alcohol,800
2537,2025-05-12,G20,Onions 1kg,Produce,80
2537,2025-05-12,G11,Potato Chips,Snacks,150
2538,2025-03-28,G08,Pasta,Pantry,120
2539,2025-03-11,G16,Baby Wipes,Baby Care,350
2539,2025-03-11,G14,Baby Diapers,Baby Care,1200
2540,2025-01-18,G18,Rice 2kg,Pantry,250
2540,2025-01-18,G01,White Bread,Bakery,60
2541,2025-05-18,G15,Beer (6-Pack),Alcohol,800
2541,2025-05-18,G12,Salsa Dip,Snacks,200
2541,2025-05-18,G14,Baby Diapers,Baby Care,1200
2542,2025-03-23,G11,Potato Chips,Snacks,150
2542,2025-03-23,G12,Salsa Dip,Snacks,200
2543,2025-05-06,G08,Pasta,Pantry,120
2543,2025-05-06,G09,Tomato Sauce,Pantry,90
2543,2025-05-06,G02,Butter,Dairy,180
2544,2025-02-14,G11,Potato Chips,Snacks,150
2544,2025-02-14,G12,Salsa Dip,Snacks,200
2544,2025-02-14,G08,Pasta,Pantry,120
2545,2025-03-14,G10,Parmesan Cheese,Dairy,400
2546,2025-06-23,G07,Sugar 1kg,Pantry,150
2546,2025-06-23,G08,Pasta,Pantry,120
2547,2025-02-10,G18,Rice 2kg,Pantry,250
2547,2025-02-10,G19,Cooking Oil 1L,Pantry,300
2547,2025-02-10,G20,Onions 1kg,Produce,80
2548,2025-03-28,G18,Rice 2kg,Pantry,250
2548,2025-03-28,G19,Cooking Oil 1L,Pantry,300
2548,2025-03-28,G20,Onions 1kg,Produce,80
2549,2025-01-15,G20,Onions 1kg,Produce,80
2550,2025-01-28,G14,Baby Diapers,Baby Care,1200
2550,2025-01-28,G15,Beer (6-Pack),Alcohol,800
2551,2025-03-11,G05,Coffee,Beverages,450
2551,2025-03-11,G07,Sugar 1kg,Pantry,150
2552,2025-04-08,G01,White Bread,Bakery,60
2552,2025-04-08,G02,Butter,Dairy,180
2552,2025-04-08,G03,Milk 1L,Dairy,120
2553,2025-03-21,G02,Butter,Dairy,180
2554,2025-02-11,G01,White Bread,Bakery,60
2554,2025-02-11,G02,Butter,Dairy,180
2554,2025-02-11,G03,Milk 1L,Dairy,120
2554,2025-02-11,G04,Eggs (Tray),Dairy,350
2555,2025-04-16,G11,Potato Chips,Snacks,150
2556,2025-02-18,G01,White Bread,Bakery,60
2556,2025-02-18,G02,Butter,Dairy,180
2556,2025-02-18,G03,Milk 1L,Dairy,120
2557,2025-05-07,G07,Sugar 1kg,Pantry,150
2558,2025-05-26,G12,Salsa Dip,Snacks,200
2558,2025-05-26,G05,Coffee,Beverages,450
2558,2025-05-26,G01,White Bread,Bakery,60
2558,2025-05-26,G02,Butter,Dairy,180
2559,2025-04-03,G11,Potato Chips,Snacks,150
2559,2025-04-03,G12,Salsa Dip,Snacks,200
2560,2025-05-27,G16,Baby Wipes,Baby Care,350
2560,2025-05-27,G14,Baby Diapers,Baby Care,1200
2561,2025-04-04,G18,Rice 2kg,Pantry,250
2561,2025-04-04,G19,Cooking Oil 1L,Pantry,300
2561,2025-04-04,G20,Onions 1kg,Produce,80
2562,2025-06-03,G16,Baby Wipes,Baby Care,350
2562,2025-06-03,G14,Baby Diapers,Baby Care,1200
2563,2025-02-19,G01,White Bread,Bakery,60
2563,2025-02-19,G02,Butter,Dairy,180
2563,2025-02-19,G03,Milk 1L,Dairy,120
2564,2025-01-29,G13,Soda 2L,Beverages,150
2565,2025-05-01,G11,Potato Chips,Snacks,150
2565,2025-05-01,G12,Salsa Dip,Snacks,200
2566,2025-02-18,G18,Rice 2kg,Pantry,250
2566,2025-02-18,G19,Cooking Oil 1L,Pantry,300
2566,2025-02-18,G20,Onions 1kg,Produce,80
2567,2025-01-18,G05,Coffee,Beverages,450
2567,2025-01-18,G07,Sugar 1kg,Pantry,150
2568,2025-01-20,G03,Milk 1L,Dairy,120
2568,2025-01-20,G01,White Bread,Bakery,60
2568,2025-01-20,G12,Salsa Dip,Snacks,200
2569,2025-02-08,G03,Milk 1L,Dairy,120
2569,2025-02-08,G17,Baby Formula,Baby Care,1500
2570,2025-01-26,G18,Rice 2kg,Pantry,250
2570,2025-01-26,G19,Cooking Oil 1L,Pantry,300
2570,2025-01-26,G20,Onions 1kg,Produce,80
2571,2025-02-26,G09,Tomato Sauce,Pantry,90
2571,2025-02-26,G20,Onions 1kg,Produce,80
2571,2025-02-26,G16,Baby Wipes,Baby Care,350
2572,2025-03-03,G11,Potato Chips,Snacks,150
2572,2025-03-03,G12,Salsa Dip,Snacks,200
2573,2025-06-01,G02,Butter,Dairy,180
2574,2025-03-08,G18,Rice 2kg,Pantry,250
2574,2025-03-08,G11,Potato Chips,Snacks,150
2574,2025-03-08,G07,Sugar 1kg,Pantry,150
2574,2025-03-08,G04,Eggs (Tray),Dairy,350
2575,2025-05-24,G02,Butter,Dairy,180
2576,2025-03-08,G11,Potato Chips,Snacks,150
2576,2025-03-08,G12,Salsa Dip,Snacks,200
2577,2025-01-26,G11,Potato Chips,Snacks,150
2577,2025-01-26,G04,Eggs (Tray),Dairy,350
2577,2025-01-26,G14,Baby Diapers,Baby Care,1200
2577,2025-01-26,G18,Rice 2kg,Pantry,250
2578,2025-03-01,G14,Baby Diapers,Baby Care,1200
2578,2025-03-01,G15,Beer (6-Pack),Alcohol,800
2579,2025-02-17,G18,Rice 2kg,Pantry,250
2579,2025-02-17,G06,Tea Leaves,Beverages,200
2579,2025-02-17,G15,Beer (6-Pack),Alcohol,800
2580,2025-06-14,G08,Pasta,Pantry,120
2580,2025-06-14,G09,Tomato Sauce,Pantry,90
2580,2025-06-14,G10,Parmesan Cheese,Dairy,400
2581,2025-02-09,G11,Potato Chips,Snacks,150
2581,2025-02-09,G12,Salsa Dip,Snacks,200
2581,2025-02-09,G13,Soda 2L,Beverages,150
2582,2025-02-12,G18,Rice 2kg,Pantry,250
2582,2025-02-12,G19,Cooking Oil 1L,Pantry,300
2582,2025-02-12,G20,Onions 1kg,Produce,80
2583,2025-05-28,G14,Baby Diapers,Baby Care,1200
2583,2025-05-28,G15,Beer (6-Pack),Alcohol,800
2584,2025-02-27,G05,Coffee,Beverages,450
2584,2025-02-27,G07,Sugar 1kg,Pantry,150
2584,2025-02-27,G09,Tomato Sauce,Pantry,90
2585,2025-01-20,G16,Baby Wipes,Baby Care,350
2585,2025-01-20,G14,Baby Diapers,Baby Care,1200
2586,2025-05-23,G03,Milk 1L,Dairy,120
2587,2025-04-16,G08,Pasta,Pantry,120
2587,2025-04-16,G16,Baby Wipes,Baby Care,350
2588,2025-03-31,G05,Coffee,Beverages,450
2588,2025-03-31,G11,Potato Chips,Snacks,150
2588,2025-03-31,G16,Baby Wipes,Baby Care,350
2588,2025-03-31,G03,Milk 1L,Dairy,120
2589,2025-01-10,G05,Coffee,Beverages,450
2589,2025-01-10,G07,Sugar 1kg,Pantry,150
2590,2025-03-31,G01,White Bread,Bakery,60
2590,2025-03-31,G02,Butter,Dairy,180
2590,2025-03-31,G03,Milk 1L,Dairy,120
2590,2025-03-31,G10,Parmesan Cheese,Dairy,400
2591,2025-05-11,G05,Coffee,Beverages,450
2591,2025-05-11,G07,Sugar 1kg,Pantry,150
2592,2025-03-22,G05,Coffee,Beverages,450
2593,2025-01-13,G05,Coffee,Beverages,450
2593,2025-01-13,G07,Sugar 1kg,Pantry,150
2593,2025-01-13,G01,White Bread,Bakery,60
2593,2025-01-13,G13,Soda 2L,Beverages,150
2594,2025-06-27,G11,Potato Chips,Snacks,150
2594,2025-06-27,G12,Salsa Dip,Snacks,200
2594,2025-06-27,G13,Soda 2L,Beverages,150
2595,2025-02-28,G14,Baby Diapers,Baby Care,1200
2595,2025-02-28,G15,Beer (6-Pack),Alcohol,800
2596,2025-02-23,G11,Potato Chips,Snacks,150
2597,2025-04-10,G05,Coffee,Beverages,450
2597,2025-04-10,G07,Sugar 1kg,Pantry,150
2597,2025-04-10,G02,Butter,Dairy,180
2598,2025-05-12,G10,Parmesan Cheese,Dairy,400
2598,2025-05-12,G19,Cooking Oil 1L,Pantry,300
2599,2025-01-19,G09,Tomato Sauce,Pantry,90
2600,2025-06-15,G08,Pasta,Pantry,120
2600,2025-06-15,G09,Tomato Sauce,Pantry,90
2601,2025-05-14,G04,Eggs (Tray),Dairy,350
2601,2025-05-14,G06,Tea Leaves,Beverages,200
2601,2025-05-14,G15,Beer (6-Pack),Alcohol,800
2601,2025-05-14,G10,Parmesan Cheese,Dairy,400
2602,2025-05-22,G19,Cooking Oil 1L,Pantry,300
2603,2025-01-07,G06,Tea Leaves,Beverages,200
2603,2025-01-07,G15,Beer (6-Pack),Alcohol,800
2603,2025-01-07,G14,Baby Diapers,Baby Care,1200
2604,2025-06-08,G14,Baby Diapers,Baby Care,1200
2605,2025-01-20,G10,Parmesan Cheese,Dairy,400
2606,2025-03-08,G14,Baby Diapers,Baby Care,1200
2606,2025-03-08,G15,Beer (6-Pack),Alcohol,800
2607,2025-02-22,G19,Cooking Oil 1L,Pantry,300
2607,2025-02-22,G15,Beer (6-Pack),Alcohol,800
2607,2025-02-22,G16,Baby Wipes,Baby Care,350
2607,2025-02-22,G06,Tea Leaves,Beverages,200
2608,2025-05-28,G16,Baby Wipes,Baby Care,350
2608,2025-05-28,G14,Baby Diapers,Baby Care,1200
2609,2025-06-11,G16,Baby Wipes,Baby Care,350
2610,2025-03-07,G18,Rice 2kg,Pantry,250
2610,2025-03-07,G19,Cooking Oil 1L,Pantry,300
2610,2025-03-07,G20,Onions 1kg,Produce,80
2611,2025-02-05,G11,Potato Chips,Snacks,150
2611,2025-02-05,G03,Milk 1L,Dairy,120
2611,2025-02-05,G19,Cooking Oil 1L,Pantry,300
2611,2025-02-05,G08,Pasta,Pantry,120
2612,2025-05-08,G01,White Bread,Bakery,60
2612,2025-05-08,G02,Butter,Dairy,180
2612,2025-05-08,G03,Milk 1L,Dairy,120
2613,2025-02-13,G17,Baby Formula,Baby Care,1500
2613,2025-02-13,G09,Tomato Sauce,Pantry,90
2613,2025-02-13,G11,Potato Chips,Snacks,150
2614,2025-06-23,G14,Baby Diapers,Baby Care,1200
2614,2025-06-23,G15,Beer (6-Pack),Alcohol,800
2614,2025-06-23,G01,White Bread,Bakery,60
2615,2025-05-24,G16,Baby Wipes,Baby Care,350
2615,2025-05-24,G14,Baby Diapers,Baby Care,1200
2615,2025-05-24,G06,Tea Leaves,Beverages,200
2616,2025-05-06,G15,Beer (6-Pack),Alcohol,800
2617,2025-01-18,G05,Coffee,Beverages,450
2617,2025-01-18,G07,Sugar 1kg,Pantry,150
2618,2025-06-01,G11,Potato Chips,Snacks,150
2618,2025-06-01,G12,Salsa Dip,Snacks,200
2619,2025-04-27,G14,Baby Diapers,Baby Care,1200
2619,2025-04-27,G15,Beer (6-Pack),Alcohol,800
2620,2025-01-23,G08,Pasta,Pantry,120
2620,2025-01-23,G11,Potato Chips,Snacks,150
2620,2025-01-23,G18,Rice 2kg,Pantry,250
2620,2025-01-23,G03,Milk 1L,Dairy,120
2621,2025-05-14,G14,Baby Diapers,Baby Care,1200
2621,2025-05-14,G15,Beer (6-Pack),Alcohol,800
2622,2025-05-30,G19,Cooking Oil 1L,Pantry,300
2623,2025-02-18,G01,White Bread,Bakery,60
2624,2025-02-14,G08,Pasta,Pantry,120
2624,2025-02-14,G09,Tomato Sauce,Pantry,90
2625,2025-04-29,G05,Coffee,Beverages,450
2625,2025-04-29,G07,Sugar 1kg,Pantry,150
2626,2025-06-09,G10,Parmesan Cheese,Dairy,400
2626,2025-06-09,G04,Eggs (Tray),Dairy,350
2626,2025-06-09,G17,Baby Formula,Baby Care,1500
2626,2025-06-09,G02,Butter,Dairy,180
2627,2025-04-19,G07,Sugar 1kg,Pantry,150
2628,2025-01-08,G10,Parmesan Cheese,Dairy,400
2628,2025-01-08,G13,Soda 2L,Beverages,150
2629,2025-03-05,G14,Baby Diapers,Baby Care,1200
2629,2025-03-05,G15,Beer (6-Pack),Alcohol,800
2630,2025-05-14,G15,Beer (6-Pack),Alcohol,800
2631,2025-01-19,G14,Baby Diapers,Baby Care,1200
2631,2025-01-19,G15,Beer (6-Pack),Alcohol,800
2631,2025-01-19,G02,Butter,Dairy,180
2632,2025-02-08,G08,Pasta,Pantry,120
2632,2025-02-08,G09,Tomato Sauce,Pantry,90
2632,2025-02-08,G10,Parmesan Cheese,Dairy,400
2633,2025-01-14,G12,Salsa Dip,Snacks,200
2634,2025-04-12,G18,Rice 2kg,Pantry,250
2634,2025-04-12,G19,Cooking Oil 1L,Pantry,300
2634,2025-04-12,G20,Onions 1kg,Produce,80
2635,2025-05-31,G18,Rice 2kg,Pantry,250
2635,2025-05-31,G19,Cooking Oil 1L,Pantry,300
2635,2025-05-31,G20,Onions 1kg,Produce,80
2636,2025-05-02,G07,Sugar 1kg,Pantry,150
2636,2025-05-02,G03,Milk 1L,Dairy,120
2636,2025-05-02,G19,Cooking Oil 1L,Pantry,300
2637,2025-03-25,G02,Butter,Dairy,180
2638,2025-05-04,G13,Soda 2L,Beverages,150
2638,2025-05-04,G16,Baby Wipes,Baby Care,350
2638,2025-05-04,G14,Baby Diapers,Baby Care,1200
2638,2025-05-04,G20,Onions 1kg,Produce,80
2639,2025-05-26,G01,White Bread,Bakery,60
2639,2025-05-26,G02,Butter,Dairy,180
2639,2025-05-26,G03,Milk 1L,Dairy,120
2640,2025-04-19,G16,Baby Wipes,Baby Care,350
2640,2025-04-19,G14,Baby Diapers,Baby Care,1200
2640,2025-04-19,G20,Onions 1kg,Produce,80
2641,2025-06-17,G08,Pasta,Pantry,120
2641,2025-06-17,G09,Tomato Sauce,Pantry,90
2641,2025-06-17,G10,Parmesan Cheese,Dairy,400
2642,2025-02-27,G02,Butter,Dairy,180
2643,2025-06-12,G04,Eggs (Tray),Dairy,350
2643,2025-06-12,G14,Baby Diapers,Baby Care,1200
2644,2025-01-09,G01,White Bread,Bakery,60
2644,2025-01-09,G02,Butter,Dairy,180
2644,2025-01-09,G03,Milk 1L,Dairy,120
2644,2025-01-09,G04,Eggs (Tray),Dairy,350
2645,2025-01-14,G10,Parmesan Cheese,Dairy,400
2645,2025-01-14,G14,Baby Diapers,Baby Care,1200
2645,2025-01-14,G15,Beer (6-Pack),Alcohol,800
2645,2025-01-14,G20,Onions 1kg,Produce,80
2646,2025-02-27,G04,Eggs (Tray),Dairy,350
2647,2025-01-24,G11,Potato Chips,Snacks,150
2648,2025-03-31,G03,Milk 1L,Dairy,120
2648,2025-03-31,G09,Tomato Sauce,Pantry,90
2648,2025-03-31,G20,Onions 1kg,Produce,80
2648,2025-03-31,G19,Cooking Oil 1L,Pantry,300
2649,2025-01-13,G10,Parmesan Cheese,Dairy,400
2650,2025-06-08,G11,Potato Chips,Snacks,150
2650,2025-06-08,G12,Salsa Dip,Snacks,200
2651,2025-04-25,G13,Soda 2L,Beverages,150
2651,2025-04-25,G07,Sugar 1kg,Pantry,150
2651,2025-04-25,G12,Salsa Dip,Snacks,200
2652,2025-02-28,G04,Eggs (Tray),Dairy,350
2653,2025-01-07,G01,White Bread,Bakery,60
2653,2025-01-07,G02,Butter,Dairy,180
2653,2025-01-07,G03,Milk 1L,Dairy,120
2653,2025-01-07,G04,Eggs (Tray),Dairy,350
2654,2025-04-20,G05,Coffee,Beverages,450
2655,2025-04-08,G12,Salsa Dip,Snacks,200
2656,2025-05-14,G14,Baby Diapers,Baby Care,1200
2656,2025-05-14,G15,Beer (6-Pack),Alcohol,800
2657,2025-06-02,G18,Rice 2kg,Pantry,250
2658,2025-02-23,G15,Beer (6-Pack),Alcohol,800
2658,2025-02-23,G19,Cooking Oil 1L,Pantry,300
2658,2025-02-23,G11,Potato Chips,Snacks,150
2659,2025-06-15,G16,Baby Wipes,Baby Care,350
2659,2025-06-15,G14,Baby Diapers,Baby Care,1200
2659,2025-06-15,G06,Tea Leaves,Beverages,200
2660,2025-06-19,G03,Milk 1L,Dairy,120
2660,2025-06-19,G20,Onions 1kg,Produce,80
2660,2025-06-19,G06,Tea Leaves,Beverages,200
2660,2025-06-19,G01,White Bread,Bakery,60
2661,2025-04-20,G13,Soda 2L,Beverages,150
2662,2025-03-16,G17,Baby Formula,Baby Care,1500
2662,2025-03-16,G05,Coffee,Beverages,450
2662,2025-03-16,G03,Milk 1L,Dairy,120
2663,2025-04-29,G16,Baby Wipes,Baby Care,350
2663,2025-04-29,G14,Baby Diapers,Baby Care,1200
2664,2025-01-25,G05,Coffee,Beverages,450
2664,2025-01-25,G07,Sugar 1kg,Pantry,150
2665,2025-04-14,G08,Pasta,Pantry,120
2665,2025-04-14,G14,Baby Diapers,Baby Care,1200
2665,2025-04-14,G06,Tea Leaves,Beverages,200
2665,2025-04-14,G12,Salsa Dip,Snacks,200
2666,2025-04-04,G18,Rice 2kg,Pantry,250
2666,2025-04-04,G19,Cooking Oil 1L,Pantry,300
2666,2025-04-04,G20,Onions 1kg,Produce,80
2667,2025-01-04,G05,Coffee,Beverages,450
2667,2025-01-04,G07,Sugar 1kg,Pantry,150
2668,2025-05-21,G16,Baby Wipes,Baby Care,350
2668,2025-05-21,G14,Baby Diapers,Baby Care,1200
2669,2025-06-02,G01,White Bread,Bakery,60
2669,2025-06-02,G04,Eggs (Tray),Dairy,350
2669,2025-06-02,G09,Tomato Sauce,Pantry,90
2670,2025-03-30,G12,Salsa Dip,Snacks,200
2670,2025-03-30,G20,Onions 1kg,Produce,80
2670,2025-03-30,G02,Butter,Dairy,180
2670,2025-03-30,G08,Pasta,Pantry,120
2671,2025-01-09,G09,Tomato Sauce,Pantry,90
2671,2025-01-09,G10,Parmesan Cheese,Dairy,400
2671,2025-01-09,G05,Coffee,Beverages,450
2672,2025-01-24,G09,Tomato Sauce,Pantry,90
2673,2025-05-31,G18,Rice 2kg,Pantry,250
2673,2025-05-31,G19,Cooking Oil 1L,Pantry,300
2673,2025-05-31,G20,Onions 1kg,Produce,80
2674,2025-06-23,G11,Potato Chips,Snacks,150
2674,2025-06-23,G12,Salsa Dip,Snacks,200
2675,2025-01-13,G11,Potato Chips,Snacks,150
2675,2025-01-13,G20,Onions 1kg,Produce,80
2676,2025-02-19,G10,Parmesan Cheese,Dairy,400
2676,2025-02-19,G06,Tea Leaves,Beverages,200
2676,2025-02-19,G01,White Bread,Bakery,60
2677,2025-06-11,G08,Pasta,Pantry,120
2677,2025-06-11,G09,Tomato Sauce,Pantry,90
2677,2025-06-11,G10,Parmesan Cheese,Dairy,400
2678,2025-06-12,G20,Onions 1kg,Produce,80
2679,2025-01-20,G08,Pasta,Pantry,120
2679,2025-01-20,G09,Tomato Sauce,Pantry,90
2680,2025-03-20,G04,Eggs (Tray),Dairy,350
2680,2025-03-20,G03,Milk 1L,Dairy,120
2681,2025-06-05,G01,White Bread,Bakery,60
2681,2025-06-05,G18,Rice 2kg,Pantry,250
2681,2025-06-05,G14,Baby Diapers,Baby Care,1200
2682,2025-05-17,G11,Potato Chips,Snacks,150
2682,2025-05-17,G12,Salsa Dip,Snacks,200
2683,2025-03-12,G08,Pasta,Pantry,120
2683,2025-03-12,G09,Tomato Sauce,Pantry,90
2684,2025-03-04,G06,Tea Leaves,Beverages,200
2685,2025-04-08,G08,Pasta,Pantry,120
2685,2025-04-08,G09,Tomato Sauce,Pantry,90
2686,2025-04-06,G17,Baby Formula,Baby Care,1500
2686,2025-04-06,G10,Parmesan Cheese,Dairy,400
2687,2025-03-06,G19,Cooking Oil 1L,Pantry,300
2687,2025-03-06,G04,Eggs (Tray),Dairy,350
2687,2025-03-06,G09,Tomato Sauce,Pantry,90
2688,2025-02-16,G01,White Bread,Bakery,60
2688,2025-02-16,G09,Tomato Sauce,Pantry,90
2688,2025-02-16,G17,Baby Formula,Baby Care,1500
2689,2025-04-11,G05,Coffee,Beverages,450
2689,2025-04-11,G07,Sugar 1kg,Pantry,150
2690,2025-06-28,G03,Milk 1L,Dairy,120
2690,2025-06-28,G14,Baby Diapers,Baby Care,1200
2691,2025-01-23,G19,Cooking Oil 1L,Pantry,300
2692,2025-06-18,G16,Baby Wipes,Baby Care,350
2692,2025-06-18,G14,Baby Diapers,Baby Care,1200
2692,2025-06-18,G17,Baby Formula,Baby Care,1500
2693,2025-03-26,G18,Rice 2kg,Pantry,250
2693,2025-03-26,G19,Cooking Oil 1L,Pantry,300
2693,2025-03-26,G20,Onions 1kg,Produce,80
2694,2025-06-26,G05,Coffee,Beverages,450
2694,2025-06-26,G07,Sugar 1kg,Pantry,150
2695,2025-06-10,G16,Baby Wipes,Baby Care,350
2695,2025-06-10,G14,Baby Diapers,Baby Care,1200
2695,2025-06-10,G17,Baby Formula,Baby Care,1500
2696,2025-04-24,G16,Baby Wipes,Baby Care,350
2696,2025-04-24,G14,Baby Diapers,Baby Care,1200
2696,2025-04-24,G17,Baby Formula,Baby Care,1500
2696,2025-04-24,G13,Soda 2L,Beverages,150
2697,2025-02-26,G10,Parmesan Cheese,Dairy,400
2697,2025-02-26,G12,Salsa Dip,Snacks,200
2697,2025-02-26,G15,Beer (6-Pack),Alcohol,800
2697,2025-02-26,G04,Eggs (Tray),Dairy,350
2698,2025-04-03,G05,Coffee,Beverages,450
2698,2025-04-03,G08,Pasta,Pantry,120
2699,2025-04-24,G08,Pasta,Pantry,120
2699,2025-04-24,G16,Baby Wipes,Baby Care,350
2700,2025-03-05,G16,Baby Wipes,Baby Care,350
2700,2025-03-05,G14,Baby Diapers,Baby Care,1200
2701,2025-01-26,G10,Parmesan Cheese,Dairy,400
2702,2025-05-06,G08,Pasta,Pantry,120
2702,2025-05-06,G09,Tomato Sauce,Pantry,90
2702,2025-05-06,G10,Parmesan Cheese,Dairy,400
2703,2025-05-09,G14,Baby Diapers,Baby Care,1200
2703,2025-05-09,G15,Beer (6-Pack),Alcohol,800
2704,2025-04-07,G11,Potato Chips,Snacks,150
2704,2025-04-07,G12,Salsa Dip,Snacks,200
2704,2025-04-07,G13,Soda 2L,Beverages,150
2704,2025-04-07,G03,Milk 1L,Dairy,120
2705,2025-04-16,G16,Baby Wipes,Baby Care,350
2705,2025-04-16,G14,Baby Diapers,Baby Care,1200
2706,2025-05-27,G11,Potato Chips,Snacks,150
2706,2025-05-27,G10,Parmesan Cheese,Dairy,400
2706,2025-05-27,G02,Butter,Dairy,180
2707,2025-04-27,G14,Baby Diapers,Baby Care,1200
2708,2025-06-14,G16,Baby Wipes,Baby Care,350
2708,2025-06-14,G14,Baby Diapers,Baby Care,1200
2708,2025-06-14,G17,Baby Formula,Baby Care,1500
2709,2025-04-03,G16,Baby Wipes,Baby Care,350
2710,2025-05-20,G08,Pasta,Pantry,120
2710,2025-05-20,G09,Tomato Sauce,Pantry,90
2711,2025-03-20,G08,Pasta,Pantry,120
2711,2025-03-20,G09,Tomato Sauce,Pantry,90
2711,2025-03-20,G10,Parmesan Cheese,Dairy,400
2712,2025-01-26,G08,Pasta,Pantry,120
2713,2025-03-30,G18,Rice 2kg,Pantry,250
2714,2025-02-27,G02,Butter,Dairy,180
2714,2025-02-27,G01,White Bread,Bakery,60
2714,2025-02-27,G19,Cooking Oil 1L,Pantry,300
2714,2025-02-27,G18,Rice 2kg,Pantry,250
2715,2025-06-23,G01,White Bread,Bakery,60
2715,2025-06-23,G06,Tea Leaves,Beverages,200
2715,2025-06-23,G04,Eggs (Tray),Dairy,350
2715,2025-06-23,G08,Pasta,Pantry,120
2716,2025-04-09,G03,Milk 1L,Dairy,120
2716,2025-04-09,G02,Butter,Dairy,180
2716,2025-04-09,G20,Onions 1kg,Produce,80
2716,2025-04-09,G09,Tomato Sauce,Pantry,90
2717,2025-06-06,G08,Pasta,Pantry,120
2717,2025-06-06,G09,Tomato Sauce,Pantry,90
2717,2025-06-06,G07,Sugar 1kg,Pantry,150
2718,2025-02-18,G15,Beer (6-Pack),Alcohol,800
2719,2025-04-01,G16,Baby Wipes,Baby Care,350
2719,2025-04-01,G18,Rice 2kg,Pantry,250
2720,2025-01-05,G05,Coffee,Beverages,450
2720,2025-01-05,G13,Soda 2L,Beverages,150
2720,2025-01-05,G14,Baby Diapers,Baby Care,1200
2721,2025-01-25,G17,Baby Formula,Baby Care,1500
2721,2025-01-25,G19,Cooking Oil 1L,Pantry,300
2722,2025-01-31,G13,Soda 2L,Beverages,150
2722,2025-01-31,G08,Pasta,Pantry,120
2723,2025-01-16,G01,White Bread,Bakery,60
2723,2025-01-16,G02,Butter,Dairy,180
2723,2025-01-16,G03,Milk 1L,Dairy,120
2723,2025-01-16,G04,Eggs (Tray),Dairy,350
2724,2025-06-20,G01,White Bread,Bakery,60
2724,2025-06-20,G02,Butter,Dairy,180
2724,2025-06-20,G03,Milk 1L,Dairy,120
2724,2025-06-20,G15,Beer (6-Pack),Alcohol,800
2725,2025-04-30,G20,Onions 1kg,Produce,80
2726,2025-06-16,G01,White Bread,Bakery,60
2726,2025-06-16,G05,Coffee,Beverages,450
2726,2025-06-16,G13,Soda 2L,Beverages,150
2727,2025-02-27,G11,Potato Chips,Snacks,150
2727,2025-02-27,G12,Salsa Dip,Snacks,200
2728,2025-05-30,G05,Coffee,Beverages,450
2728,2025-05-30,G08,Pasta,Pantry,120
2729,2025-03-26,G01,White Bread,Bakery,60
2729,2025-03-26,G02,Butter,Dairy,180
2729,2025-03-26,G03,Milk 1L,Dairy,120
2729,2025-03-26,G04,Eggs (Tray),Dairy,350
2729,2025-03-26,G19,Cooking Oil 1L,Pantry,300
2730,2025-05-25,G08,Pasta,Pantry,120
2730,2025-05-25,G09,Tomato Sauce,Pantry,90
2731,2025-04-07,G05,Coffee,Beverages,450
2732,2025-02-24,G14,Baby Diapers,Baby Care,1200
2733,2025-06-06,G14,Baby Diapers,Baby Care,1200
2733,2025-06-06,G15,Beer (6-Pack),Alcohol,800
2734,2025-01-08,G12,Salsa Dip,Snacks,200
2734,2025-01-08,G06,Tea Leaves,Beverages,200
2735,2025-03-01,G05,Coffee,Beverages,450
2735,2025-03-01,G07,Sugar 1kg,Pantry,150
2736,2025-01-28,G11,Potato Chips,Snacks,150
2736,2025-01-28,G12,Salsa Dip,Snacks,200
2736,2025-01-28,G13,Soda 2L,Beverages,150
2737,2025-06-17,G05,Coffee,Beverages,450
2737,2025-06-17,G07,Sugar 1kg,Pantry,150
2738,2025-04-10,G05,Coffee,Beverages,450
2738,2025-04-10,G07,Sugar 1kg,Pantry,150
2739,2025-05-17,G18,Rice 2kg,Pantry,250
2739,2025-05-17,G05,Coffee,Beverages,450
2739,2025-05-17,G11,Potato Chips,Snacks,150
2739,2025-05-17,G15,Beer (6-Pack),Alcohol,800
2740,2025-01-10,G07,Sugar 1kg,Pantry,150
2740,2025-01-10,G04,Eggs (Tray),Dairy,350
2740,2025-01-10,G09,Tomato Sauce,Pantry,90
2741,2025-02-21,G15,Beer (6-Pack),Alcohol,800
2742,2025-01-21,G05,Coffee,Beverages,450
2742,2025-01-21,G07,Sugar 1kg,Pantry,150
2743,2025-02-07,G08,Pasta,Pantry,120
2743,2025-02-07,G09,Tomato Sauce,Pantry,90
2743,2025-02-07,G10,Parmesan Cheese,Dairy,400
2744,2025-04-25,G11,Potato Chips,Snacks,150
2745,2025-02-28,G11,Potato Chips,Snacks,150
2745,2025-02-28,G12,Salsa Dip,Snacks,200
2746,2025-03-12,G08,Pasta,Pantry,120
2747,2025-06-13,G08,Pasta,Pantry,120
2747,2025-06-13,G09,Tomato Sauce,Pantry,90
2747,2025-06-13,G10,Parmesan Cheese,Dairy,400
2748,2025-05-18,G07,Sugar 1kg,Pantry,150
2748,2025-05-18,G01,White Bread,Bakery,60
2748,2025-05-18,G08,Pasta,Pantry,120
2748,2025-05-18,G18,Rice 2kg,Pantry,250
2749,2025-04-09,G15,Beer (6-Pack),Alcohol,800
2750,2025-06-03,G19,Cooking Oil 1L,Pantry,300
2751,2025-03-17,G13,Soda 2L,Beverages,150
2751,2025-03-17,G07,Sugar 1kg,Pantry,150
2751,2025-03-17,G09,Tomato Sauce,Pantry,90
2751,2025-03-17,G19,Cooking Oil 1L,Pantry,300
2752,2025-02-21,G14,Baby Diapers,Baby Care,1200
2752,2025-02-21,G15,Beer (6-Pack),Alcohol,800
2753,2025-02-02,G08,Pasta,Pantry,120
2753,2025-02-02,G09,Tomato Sauce,Pantry,90
2754,2025-02-15,G17,Baby Formula,Baby Care,1500
2754,2025-02-15,G08,Pasta,Pantry,120
2755,2025-05-10,G05,Coffee,Beverages,450
2755,2025-05-10,G07,Sugar 1kg,Pantry,150
2755,2025-05-10,G09,Tomato Sauce,Pantry,90
2756,2025-04-26,G18,Rice 2kg,Pantry,250
2756,2025-04-26,G03,Milk 1L,Dairy,120
2756,2025-04-26,G07,Sugar 1kg,Pantry,150
2757,2025-04-14,G03,Milk 1L,Dairy,120
2757,2025-04-14,G17,Baby Formula,Baby Care,1500
2757,2025-04-14,G06,Tea Leaves,Beverages,200
2758,2025-05-17,G19,Cooking Oil 1L,Pantry,300
2758,2025-05-17,G11,Potato Chips,Snacks,150
2759,2025-06-16,G01,White Bread,Bakery,60
2759,2025-06-16,G02,Butter,Dairy,180
2759,2025-06-16,G03,Milk 1L,Dairy,120
2759,2025-06-16,G04,Eggs (Tray),Dairy,350
2760,2025-04-18,G01,White Bread,Bakery,60
2760,2025-04-18,G02,Butter,Dairy,180
2760,2025-04-18,G03,Milk 1L,Dairy,120
2760,2025-04-18,G04,Eggs (Tray),Dairy,350
2761,2025-04-03,G11,Potato Chips,Snacks,150
2761,2025-04-03,G12,Salsa Dip,Snacks,200
2762,2025-01-14,G11,Potato Chips,Snacks,150
2762,2025-01-14,G12,Salsa Dip,Snacks,200
2762,2025-01-14,G13,Soda 2L,Beverages,150
2763,2025-01-17,G16,Baby Wipes,Baby Care,350
2763,2025-01-17,G02,Butter,Dairy,180
2763,2025-01-17,G09,Tomato Sauce,Pantry,90
2763,2025-01-17,G18,Rice 2kg,Pantry,250
2764,2025-02-15,G11,Potato Chips,Snacks,150
2764,2025-02-15,G12,Salsa Dip,Snacks,200
2765,2025-03-09,G11,Potato Chips,Snacks,150
2765,2025-03-09,G12,Salsa Dip,Snacks,200
2766,2025-02-24,G10,Parmesan Cheese,Dairy,400
2766,2025-02-24,G07,Sugar 1kg,Pantry,150
2767,2025-05-25,G16,Baby Wipes,Baby Care,350
2767,2025-05-25,G07,Sugar 1kg,Pantry,150
2767,2025-05-25,G18,Rice 2kg,Pantry,250
2767,2025-05-25,G02,Butter,Dairy,180
2768,2025-01-15,G12,Salsa Dip,Snacks,200
2768,2025-01-15,G16,Baby Wipes,Baby Care,350
2769,2025-01-03,G18,Rice 2kg,Pantry,250
2769,2025-01-03,G19,Cooking Oil 1L,Pantry,300
2769,2025-01-03,G20,Onions 1kg,Produce,80
2770,2025-01-07,G05,Coffee,Beverages,450
2770,2025-01-07,G07,Sugar 1kg,Pantry,150
2770,2025-01-07,G13,Soda 2L,Beverages,150
2771,2025-04-05,G16,Baby Wipes,Baby Care,350
2771,2025-04-05,G14,Baby Diapers,Baby Care,1200
2772,2025-05-24,G11,Potato Chips,Snacks,150
2772,2025-05-24,G12,Salsa Dip,Snacks,200
2773,2025-05-11,G14,Baby Diapers,Baby Care,1200
2773,2025-05-11,G15,Beer (6-Pack),Alcohol,800
2774,2025-06-29,G03,Milk 1L,Dairy,120
2775,2025-04-27,G14,Baby Diapers,Baby Care,1200
2775,2025-04-27,G01,White Bread,Bakery,60
2775,2025-04-27,G13,Soda 2L,Beverages,150
2775,2025-04-27,G17,Baby Formula,Baby Care,1500
2776,2025-03-18,G16,Baby Wipes,Baby Care,350
2776,2025-03-18,G08,Pasta,Pantry,120
2776,2025-03-18,G07,Sugar 1kg,Pantry,150
2777,2025-02-06,G18,Rice 2kg,Pantry,250
2777,2025-02-06,G19,Cooking Oil 1L,Pantry,300
2777,2025-02-06,G20,Onions 1kg,Produce,80
2778,2025-01-09,G04,Eggs (Tray),Dairy,350
2778,2025-01-09,G19,Cooking Oil 1L,Pantry,300
2778,2025-01-09,G03,Milk 1L,Dairy,120
2778,2025-01-09,G17,Baby Formula,Baby Care,1500
2779,2025-05-19,G09,Tomato Sauce,Pantry,90
2780,2025-06-18,G11,Potato Chips,Snacks,150
2780,2025-06-18,G12,Salsa Dip,Snacks,200
2780,2025-06-18,G13,Soda 2L,Beverages,150
2780,2025-06-18,G02,Butter,Dairy,180
2781,2025-05-08,G16,Baby Wipes,Baby Care,350
2781,2025-05-08,G14,Baby Diapers,Baby Care,1200
2782,2025-01-15,G09,Tomato Sauce,Pantry,90
2782,2025-01-15,G18,Rice 2kg,Pantry,250
2782,2025-01-15,G11,Potato Chips,Snacks,150
2782,2025-01-15,G15,Beer (6-Pack),Alcohol,800
2783,2025-06-29,G01,White Bread,Bakery,60
2783,2025-06-29,G02,Butter,Dairy,180
2783,2025-06-29,G03,Milk 1L,Dairy,120
2784,2025-03-19,G19,Cooking Oil 1L,Pantry,300
2785,2025-04-07,G05,Coffee,Beverages,450
2785,2025-04-07,G07,Sugar 1kg,Pantry,150
2786,2025-05-28,G01,White Bread,Bakery,60
2786,2025-05-28,G02,Butter,Dairy,180
2786,2025-05-28,G03,Milk 1L,Dairy,120
2787,2025-04-01,G18,Rice 2kg,Pantry,250
2787,2025-04-01,G19,Cooking Oil 1L,Pantry,300
2787,2025-04-01,G20,Onions 1kg,Produce,80
2788,2025-06-14,G18,Rice 2kg,Pantry,250
2788,2025-06-14,G19,Cooking Oil 1L,Pantry,300
2788,2025-06-14,G20,Onions 1kg,Produce,80
2789,2025-03-15,G18,Rice 2kg,Pantry,250
2790,2025-05-12,G01,White Bread,Bakery,60
2790,2025-05-12,G02,Butter,Dairy,180
2790,2025-05-12,G03,Milk 1L,Dairy,120
2791,2025-02-05,G14,Baby Diapers,Baby Care,1200
2791,2025-02-05,G15,Beer (6-Pack),Alcohol,800
2792,2025-04-30,G08,Pasta,Pantry,120
2792,2025-04-30,G09,Tomato Sauce,Pantry,90
2793,2025-05-25,G10,Parmesan Cheese,Dairy,400
2793,2025-05-25,G18,Rice 2kg,Pantry,250
2794,2025-06-14,G04,Eggs (Tray),Dairy,350
2794,2025-06-14,G06,Tea Leaves,Beverages,200
2795,2025-05-24,G14,Baby Diapers,Baby Care,1200
2795,2025-05-24,G15,Beer (6-Pack),Alcohol,800
2796,2025-04-03,G08,Pasta,Pantry,120
2796,2025-04-03,G09,Tomato Sauce,Pantry,90
2796,2025-04-03,G10,Parmesan Cheese,Dairy,400
2797,2025-03-10,G10,Parmesan Cheese,Dairy,400
2797,2025-03-10,G09,Tomato Sauce,Pantry,90
2797,2025-03-10,G15,Beer (6-Pack),Alcohol,800
2797,2025-03-10,G08,Pasta,Pantry,120
2798,2025-04-03,G19,Cooking Oil 1L,Pantry,300
2798,2025-04-03,G14,Baby Diapers,Baby Care,1200
2799,2025-02-23,G16,Baby Wipes,Baby Care,350
2799,2025-02-23,G14,Baby Diapers,Baby Care,1200
2800,2025-01-25,G05,Coffee,Beverages,450
2800,2025-01-25,G07,Sugar 1kg,Pantry,150
2801,2025-04-14,G16,Baby Wipes,Baby Care,350
2801,2025-04-14,G14,Baby Diapers,Baby Care,1200
2802,2025-06-18,G02,Butter,Dairy,180
2803,2025-02-15,G05,Coffee,Beverages,450
2803,2025-02-15,G07,Sugar 1kg,Pantry,150
2804,2025-04-10,G08,Pasta,Pantry,120
2804,2025-04-10,G19,Cooking Oil 1L,Pantry,300
2804,2025-04-10,G16,Baby Wipes,Baby Care,350
2805,2025-06-13,G11,Potato Chips,Snacks,150
2805,2025-06-13,G12,Salsa Dip,Snacks,200
2806,2025-01-06,G13,Soda 2L,Beverages,150
2806,2025-01-06,G08,Pasta,Pantry,120
2806,2025-01-06,G04,Eggs (Tray),Dairy,350
2806,2025-01-06,G15,Beer (6-Pack),Alcohol,800
2807,2025-03-18,G03,Milk 1L,Dairy,120
2808,2025-04-21,G16,Baby Wipes,Baby Care,350
2808,2025-04-21,G14,Baby Diapers,Baby Care,1200
2809,2025-03-16,G13,Soda 2L,Beverages,150
2809,2025-03-16,G08,Pasta,Pantry,120
2809,2025-03-16,G02,Butter,Dairy,180
2810,2025-01-21,G08,Pasta,Pantry,120
2810,2025-01-21,G09,Tomato Sauce,Pantry,90
2810,2025-01-21,G10,Parmesan Cheese,Dairy,400
2811,2025-02-06,G14,Baby Diapers,Baby Care,1200
2811,2025-02-06,G15,Beer (6-Pack),Alcohol,800
2812,2025-06-21,G11,Potato Chips,Snacks,150
2812,2025-06-21,G12,Salsa Dip,Snacks,200
2813,2025-03-21,G08,Pasta,Pantry,120
2813,2025-03-21,G06,Tea Leaves,Beverages,200
2814,2025-06-03,G04,Eggs (Tray),Dairy,350
2814,2025-06-03,G16,Baby Wipes,Baby Care,350
2815,2025-01-28,G01,White Bread,Bakery,60
2815,2025-01-28,G02,Butter,Dairy,180
2815,2025-01-28,G03,Milk 1L,Dairy,120
2816,2025-06-28,G05,Coffee,Beverages,450
2817,2025-06-15,G14,Baby Diapers,Baby Care,1200
2817,2025-06-15,G15,Beer (6-Pack),Alcohol,800
2818,2025-04-20,G03,Milk 1L,Dairy,120
2819,2025-02-16,G05,Coffee,Beverages,450
2819,2025-02-16,G07,Sugar 1kg,Pantry,150
2820,2025-03-04,G03,Milk 1L,Dairy,120
2820,2025-03-04,G02,Butter,Dairy,180
2820,2025-03-04,G17,Baby Formula,Baby Care,1500
2821,2025-05-09,G14,Baby Diapers,Baby Care,1200
2821,2025-05-09,G15,Beer (6-Pack),Alcohol,800
2822,2025-05-25,G16,Baby Wipes,Baby Care,350
2823,2025-04-07,G17,Baby Formula,Baby Care,1500
2824,2025-01-09,G01,White Bread,Bakery,60
2824,2025-01-09,G02,Butter,Dairy,180
2824,2025-01-09,G03,Milk 1L,Dairy,120
2825,2025-01-31,G13,Soda 2L,Beverages,150
2825,2025-01-31,G15,Beer (6-Pack),Alcohol,800
2825,2025-01-31,G14,Baby Diapers,Baby Care,1200
2826,2025-01-13,G02,Butter,Dairy,180
2827,2025-01-17,G01,White Bread,Bakery,60
2827,2025-01-17,G02,Butter,Dairy,180
2827,2025-01-17,G03,Milk 1L,Dairy,120
2827,2025-01-17,G14,Baby Diapers,Baby Care,1200
2828,2025-02-01,G08,Pasta,Pantry,120
2828,2025-02-01,G09,Tomato Sauce,Pantry,90
2828,2025-02-01,G10,Parmesan Cheese,Dairy,400
2829,2025-06-12,G02,Butter,Dairy,180
2830,2025-02-11,G04,Eggs (Tray),Dairy,350
2830,2025-02-11,G19,Cooking Oil 1L,Pantry,300
2831,2025-05-08,G20,Onions 1kg,Produce,80
2832,2025-05-28,G05,Coffee,Beverages,450
2832,2025-05-28,G07,Sugar 1kg,Pantry,150
2833,2025-01-01,G14,Baby Diapers,Baby Care,1200
2833,2025-01-01,G15,Beer (6-Pack),Alcohol,800
2834,2025-02-07,G11,Potato Chips,Snacks,150
2834,2025-02-07,G12,Salsa Dip,Snacks,200
2835,2025-06-18,G01,White Bread,Bakery,60
2835,2025-06-18,G02,Butter,Dairy,180
2835,2025-06-18,G03,Milk 1L,Dairy,120
2836,2025-06-02,G18,Rice 2kg,Pantry,250
2836,2025-06-02,G19,Cooking Oil 1L,Pantry,300
2836,2025-06-02,G20,Onions 1kg,Produce,80
2837,2025-01-31,G05,Coffee,Beverages,450
2837,2025-01-31,G07,Sugar 1kg,Pantry,150
2838,2025-02-10,G01,White Bread,Bakery,60
2838,2025-02-10,G02,Butter,Dairy,180
2838,2025-02-10,G03,Milk 1L,Dairy,120
2839,2025-06-06,G07,Sugar 1kg,Pantry,150
2839,2025-06-06,G02,Butter,Dairy,180
2839,2025-06-06,G06,Tea Leaves,Beverages,200
2840,2025-01-27,G16,Baby Wipes,Baby Care,350
2840,2025-01-27,G14,Baby Diapers,Baby Care,1200
2841,2025-04-15,G11,Potato Chips,Snacks,150
2841,2025-04-15,G12,Salsa Dip,Snacks,200
2842,2025-01-29,G13,Soda 2L,Beverages,150
2843,2025-05-28,G02,Butter,Dairy,180
2843,2025-05-28,G12,Salsa Dip,Snacks,200
2843,2025-05-28,G07,Sugar 1kg,Pantry,150
2844,2025-03-14,G11,Potato Chips,Snacks,150
2844,2025-03-14,G12,Salsa Dip,Snacks,200
2844,2025-03-14,G08,Pasta,Pantry,120
2845,2025-02-04,G11,Potato Chips,Snacks,150
2845,2025-02-04,G12,Salsa Dip,Snacks,200
2846,2025-01-16,G04,Eggs (Tray),Dairy,350
2847,2025-05-31,G14,Baby Diapers,Baby Care,1200
2847,2025-05-31,G15,Beer (6-Pack),Alcohol,800
2848,2025-03-27,G08,Pasta,Pantry,120
2848,2025-03-27,G09,Tomato Sauce,Pantry,90
2848,2025-03-27,G10,Parmesan Cheese,Dairy,400
2849,2025-03-08,G07,Sugar 1kg,Pantry,150
2850,2025-03-28,G12,Salsa Dip,Snacks,200
2850,2025-03-28,G06,Tea Leaves,Beverages,200
2851,2025-02-21,G18,Rice 2kg,Pantry,250
2851,2025-02-21,G01,White Bread,Bakery,60
2851,2025-02-21,G10,Parmesan Cheese,Dairy,400
2851,2025-02-21,G14,Baby Diapers,Baby Care,1200
2852,2025-02-27,G01,White Bread,Bakery,60
2852,2025-02-27,G03,Milk 1L,Dairy,120
2852,2025-02-27,G07,Sugar 1kg,Pantry,150
2853,2025-01-16,G11,Potato Chips,Snacks,150
2853,2025-01-16,G12,Salsa Dip,Snacks,200
2854,2025-04-01,G05,Coffee,Beverages,450
2854,2025-04-01,G07,Sugar 1kg,Pantry,150
2855,2025-02-10,G18,Rice 2kg,Pantry,250
2856,2025-04-18,G04,Eggs (Tray),Dairy,350
2857,2025-04-08,G07,Sugar 1kg,Pantry,150
2857,2025-04-08,G02,Butter,Dairy,180
2857,2025-04-08,G14,Baby Diapers,Baby Care,1200
2858,2025-05-23,G05,Coffee,Beverages,450
2858,2025-05-23,G07,Sugar 1kg,Pantry,150
2859,2025-03-17,G20,Onions 1kg,Produce,80
2859,2025-03-17,G11,Potato Chips,Snacks,150
2859,2025-03-17,G07,Sugar 1kg,Pantry,150
2860,2025-05-08,G16,Baby Wipes,Baby Care,350
2860,2025-05-08,G14,Baby Diapers,Baby Care,1200
2861,2025-02-12,G10,Parmesan Cheese,Dairy,400
2862,2025-01-13,G01,White Bread,Bakery,60
2862,2025-01-13,G02,Butter,Dairy,180
2862,2025-01-13,G03,Milk 1L,Dairy,120
2862,2025-01-13,G15,Beer (6-Pack),Alcohol,800
2863,2025-01-28,G09,Tomato Sauce,Pantry,90
2863,2025-01-28,G13,Soda 2L,Beverages,150
2863,2025-01-28,G18,Rice 2kg,Pantry,250
2863,2025-01-28,G14,Baby Diapers,Baby Care,1200
2864,2025-02-01,G01,White Bread,Bakery,60
2864,2025-02-01,G02,Butter,Dairy,180
2864,2025-02-01,G03,Milk 1L,Dairy,120
2865,2025-06-04,G18,Rice 2kg,Pantry,250
2865,2025-06-04,G02,Butter,Dairy,180
2865,2025-06-04,G19,Cooking Oil 1L,Pantry,300
2866,2025-05-12,G18,Rice 2kg,Pantry,250
2866,2025-05-12,G02,Butter,Dairy,180
2866,2025-05-12,G10,Parmesan Cheese,Dairy,400
2867,2025-03-12,G07,Sugar 1kg,Pantry,150
2868,2025-04-17,G11,Potato Chips,Snacks,150
2868,2025-04-17,G12,Salsa Dip,Snacks,200
2869,2025-05-15,G20,Onions 1kg,Produce,80
2870,2025-02-13,G02,Butter,Dairy,180
2870,2025-02-13,G16,Baby Wipes,Baby Care,350
2870,2025-02-13,G17,Baby Formula,Baby Care,1500
2871,2025-03-08,G05,Coffee,Beverages,450
2871,2025-03-08,G07,Sugar 1kg,Pantry,150
2872,2025-03-09,G01,White Bread,Bakery,60
2872,2025-03-09,G02,Butter,Dairy,180
2872,2025-03-09,G03,Milk 1L,Dairy,120
2873,2025-04-26,G07,Sugar 1kg,Pantry,150
2873,2025-04-26,G14,Baby Diapers,Baby Care,1200
2874,2025-06-22,G11,Potato Chips,Snacks,150
2874,2025-06-22,G12,Salsa Dip,Snacks,200
2875,2025-06-15,G01,White Bread,Bakery,60
2875,2025-06-15,G02,Butter,Dairy,180
2875,2025-06-15,G03,Milk 1L,Dairy,120
2876,2025-03-07,G08,Pasta,Pantry,120
2876,2025-03-07,G09,Tomato Sauce,Pantry,90
2877,2025-03-31,G01,White Bread,Bakery,60
2877,2025-03-31,G02,Butter,Dairy,180
2877,2025-03-31,G03,Milk 1L,Dairy,120
2877,2025-03-31,G04,Eggs (Tray),Dairy,350
2878,2025-06-06,G20,Onions 1kg,Produce,80
2878,2025-06-06,G05,Coffee,Beverages,450
2879,2025-05-14,G16,Baby Wipes,Baby Care,350
2879,2025-05-14,G14,Baby Diapers,Baby Care,1200
2880,2025-03-30,G01,White Bread,Bakery,60
2880,2025-03-30,G02,Butter,Dairy,180
2880,2025-03-30,G03,Milk 1L,Dairy,120
2881,2025-04-20,G20,Onions 1kg,Produce,80
2881,2025-04-20,G03,Milk 1L,Dairy,120
2881,2025-04-20,G04,Eggs (Tray),Dairy,350
2881,2025-04-20,G02,Butter,Dairy,180
2882,2025-04-17,G19,Cooking Oil 1L,Pantry,300
2883,2025-05-17,G11,Potato Chips,Snacks,150
2883,2025-05-17,G15,Beer (6-Pack),Alcohol,800
2883,2025-05-17,G04,Eggs (Tray),Dairy,350
2883,2025-05-17,G10,Parmesan Cheese,Dairy,400
2884,2025-04-26,G05,Coffee,Beverages,450
2884,2025-04-26,G07,Sugar 1kg,Pantry,150
2885,2025-05-18,G11,Potato Chips,Snacks,150
2885,2025-05-18,G12,Salsa Dip,Snacks,200
2885,2025-05-18,G13,Soda 2L,Beverages,150
2886,2025-02-05,G10,Parmesan Cheese,Dairy,400
2886,2025-02-05,G05,Coffee,Beverages,450
2886,2025-02-05,G13,Soda 2L,Beverages,150
2886,2025-02-05,G04,Eggs (Tray),Dairy,350
2887,2025-05-27,G14,Baby Diapers,Baby Care,1200
2887,2025-05-27,G15,Beer (6-Pack),Alcohol,800
2888,2025-05-23,G20,Onions 1kg,Produce,80
2889,2025-03-06,G05,Coffee,Beverages,450
2889,2025-03-06,G07,Sugar 1kg,Pantry,150
2890,2025-03-11,G08,Pasta,Pantry,120
2890,2025-03-11,G09,Tomato Sauce,Pantry,90
2891,2025-06-22,G19,Cooking Oil 1L,Pantry,300
2891,2025-06-22,G16,Baby Wipes,Baby Care,350
2892,2025-06-30,G08,Pasta,Pantry,120
2892,2025-06-30,G09,Tomato Sauce,Pantry,90
2892,2025-06-30,G10,Parmesan Cheese,Dairy,400
2893,2025-01-01,G05,Coffee,Beverages,450
2893,2025-01-01,G07,Sugar 1kg,Pantry,150
2894,2025-01-10,G11,Potato Chips,Snacks,150
2894,2025-01-10,G12,Salsa Dip,Snacks,200
2895,2025-01-21,G09,Tomato Sauce,Pantry,90
2895,2025-01-21,G13,Soda 2L,Beverages,150
2896,2025-06-15,G16,Baby Wipes,Baby Care,350
2896,2025-06-15,G13,Soda 2L,Beverages,150
2896,2025-06-15,G09,Tomato Sauce,Pantry,90
2896,2025-06-15,G15,Beer (6-Pack),Alcohol,800
2897,2025-05-18,G08,Pasta,Pantry,120
2897,2025-05-18,G09,Tomato Sauce,Pantry,90
2898,2025-05-05,G14,Baby Diapers,Baby Care,1200
2898,2025-05-05,G15,Beer (6-Pack),Alcohol,800
2899,2025-01-14,G14,Baby Diapers,Baby Care,1200
2899,2025-01-14,G15,Beer (6-Pack),Alcohol,800
2900,2025-05-26,G11,Potato Chips,Snacks,150
2900,2025-05-26,G08,Pasta,Pantry,120
2900,2025-05-26,G18,Rice 2kg,Pantry,250
2901,2025-02-24,G18,Rice 2kg,Pantry,250
2901,2025-02-24,G19,Cooking Oil 1L,Pantry,300
2901,2025-02-24,G20,Onions 1kg,Produce,80
2902,2025-04-15,G11,Potato Chips,Snacks,150
2902,2025-04-15,G12,Salsa Dip,Snacks,200
2903,2025-04-29,G04,Eggs (Tray),Dairy,350
2904,2025-06-29,G08,Pasta,Pantry,120
2904,2025-06-29,G09,Tomato Sauce,Pantry,90
2904,2025-06-29,G10,Parmesan Cheese,Dairy,400
2905,2025-05-23,G05,Coffee,Beverages,450
2905,2025-05-23,G07,Sugar 1kg,Pantry,150
2906,2025-02-17,G08,Pasta,Pantry,120
2907,2025-04-22,G05,Coffee,Beverages,450
2907,2025-04-22,G07,Sugar 1kg,Pantry,150
2908,2025-05-22,G01,White Bread,Bakery,60
2909,2025-01-14,G14,Baby Diapers,Baby Care,1200
2909,2025-01-14,G15,Beer (6-Pack),Alcohol,800
2909,2025-01-14,G12,Salsa Dip,Snacks,200
2910,2025-03-14,G18,Rice 2kg,Pantry,250
2910,2025-03-14,G19,Cooking Oil 1L,Pantry,300
2910,2025-03-14,G20,Onions 1kg,Produce,80
2911,2025-01-28,G18,Rice 2kg,Pantry,250
2911,2025-01-28,G19,Cooking Oil 1L,Pantry,300
2911,2025-01-28,G20,Onions 1kg,Produce,80
2912,2025-04-30,G14,Baby Diapers,Baby Care,1200
2912,2025-04-30,G03,Milk 1L,Dairy,120
2912,2025-04-30,G18,Rice 2kg,Pantry,250
2912,2025-04-30,G04,Eggs (Tray),Dairy,350
2913,2025-02-19,G11,Potato Chips,Snacks,150
2913,2025-02-19,G12,Salsa Dip,Snacks,200
2914,2025-01-05,G14,Baby Diapers,Baby Care,1200
2914,2025-01-05,G15,Beer (6-Pack),Alcohol,800
2915,2025-01-13,G08,Pasta,Pantry,120
2915,2025-01-13,G09,Tomato Sauce,Pantry,90
2915,2025-01-13,G10,Parmesan Cheese,Dairy,400
2916,2025-03-20,G08,Pasta,Pantry,120
2917,2025-03-12,G17,Baby Formula,Baby Care,1500
2917,2025-03-12,G18,Rice 2kg,Pantry,250
2918,2025-05-06,G18,Rice 2kg,Pantry,250
2918,2025-05-06,G19,Cooking Oil 1L,Pantry,300
2918,2025-05-06,G20,Onions 1kg,Produce,80
2919,2025-03-18,G06,Tea Leaves,Beverages,200
2920,2025-02-10,G17,Baby Formula,Baby Care,1500
2920,2025-02-10,G02,Butter,Dairy,180
2921,2025-01-29,G13,Soda 2L,Beverages,150
2921,2025-01-29,G12,Salsa Dip,Snacks,200
2921,2025-01-29,G18,Rice 2kg,Pantry,250
2922,2025-02-17,G16,Baby Wipes,Baby Care,350
2922,2025-02-17,G14,Baby Diapers,Baby Care,1200
2923,2025-03-06,G18,Rice 2kg,Pantry,250
2923,2025-03-06,G19,Cooking Oil 1L,Pantry,300
2923,2025-03-06,G20,Onions 1kg,Produce,80
2924,2025-06-02,G16,Baby Wipes,Baby Care,350
2925,2025-06-14,G08,Pasta,Pantry,120
2925,2025-06-14,G09,Tomato Sauce,Pantry,90
2926,2025-06-10,G03,Milk 1L,Dairy,120
2926,2025-06-10,G15,Beer (6-Pack),Alcohol,800
2926,2025-06-10,G02,Butter,Dairy,180
2927,2025-01-06,G02,Butter,Dairy,180
2928,2025-01-02,G18,Rice 2kg,Pantry,250
2928,2025-01-02,G19,Cooking Oil 1L,Pantry,300
2928,2025-01-02,G20,Onions 1kg,Produce,80
2929,2025-05-14,G08,Pasta,Pantry,120
2929,2025-05-14,G09,Tomato Sauce,Pantry,90
2929,2025-05-14,G10,Parmesan Cheese,Dairy,400
2930,2025-02-02,G08,Pasta,Pantry,120
2930,2025-02-02,G09,Tomato Sauce,Pantry,90
2930,2025-02-02,G10,Parmesan Cheese,Dairy,400
2930,2025-02-02,G18,Rice 2kg,Pantry,250
2931,2025-03-24,G08,Pasta,Pantry,120
2931,2025-03-24,G09,Tomato Sauce,Pantry,90
2932,2025-02-06,G18,Rice 2kg,Pantry,250
2932,2025-02-06,G19,Cooking Oil 1L,Pantry,300
2932,2025-02-06,G20,Onions 1kg,Produce,80
2932,2025-02-06,G17,Baby Formula,Baby Care,1500
2933,2025-02-02,G16,Baby Wipes,Baby Care,350
2934,2025-01-31,G17,Baby Formula,Baby Care,1500
2934,2025-01-31,G05,Coffee,Beverages,450
2934,2025-01-31,G11,Potato Chips,Snacks,150
2934,2025-01-31,G04,Eggs (Tray),Dairy,350
2935,2025-02-14,G01,White Bread,Bakery,60
2935,2025-02-14,G03,Milk 1L,Dairy,120
2935,2025-02-14,G10,Parmesan Cheese,Dairy,400
2936,2025-06-19,G10,Parmesan Cheese,Dairy,400
2936,2025-06-19,G09,Tomato Sauce,Pantry,90
2936,2025-06-19,G08,Pasta,Pantry,120
2937,2025-04-26,G18,Rice 2kg,Pantry,250
2937,2025-04-26,G19,Cooking Oil 1L,Pantry,300
2937,2025-04-26,G20,Onions 1kg,Produce,80
2938,2025-04-05,G16,Baby Wipes,Baby Care,350
2938,2025-04-05,G09,Tomato Sauce,Pantry,90
2938,2025-04-05,G08,Pasta,Pantry,120
2939,2025-02-07,G08,Pasta,Pantry,120
2939,2025-02-07,G13,Soda 2L,Beverages,150
2940,2025-03-09,G02,Butter,Dairy,180
2940,2025-03-09,G16,Baby Wipes,Baby Care,350
2941,2025-05-18,G01,White Bread,Bakery,60
2941,2025-05-18,G02,Butter,Dairy,180
2941,2025-05-18,G03,Milk 1L,Dairy,120
2942,2025-06-19,G03,Milk 1L,Dairy,120
2943,2025-01-10,G12,Salsa Dip,Snacks,200
2944,2025-05-22,G18,Rice 2kg,Pantry,250
2944,2025-05-22,G19,Cooking Oil 1L,Pantry,300
2944,2025-05-22,G20,Onions 1kg,Produce,80
2945,2025-01-19,G01,White Bread,Bakery,60
2945,2025-01-19,G15,Beer (6-Pack),Alcohol,800
2946,2025-05-27,G05,Coffee,Beverages,450
2947,2025-04-11,G07,Sugar 1kg,Pantry,150
2948,2025-06-21,G11,Potato Chips,Snacks,150
2948,2025-06-21,G12,Salsa Dip,Snacks,200
2948,2025-06-21,G13,Soda 2L,Beverages,150
2949,2025-03-05,G16,Baby Wipes,Baby Care,350
2949,2025-03-05,G14,Baby Diapers,Baby Care,1200
2950,2025-06-29,G14,Baby Diapers,Baby Care,1200
2950,2025-06-29,G15,Beer (6-Pack),Alcohol,800
2951,2025-01-02,G14,Baby Diapers,Baby Care,1200
2951,2025-01-02,G15,Beer (6-Pack),Alcohol,800
2951,2025-01-02,G11,Potato Chips,Snacks,150
2952,2025-03-22,G02,Butter,Dairy,180
2952,2025-03-22,G07,Sugar 1kg,Pantry,150
2952,2025-03-22,G20,Onions 1kg,Produce,80
2952,2025-03-22,G08,Pasta,Pantry,120
2953,2025-06-10,G05,Coffee,Beverages,450
2953,2025-06-10,G07,Sugar 1kg,Pantry,150
2954,2025-01-04,G16,Baby Wipes,Baby Care,350
2954,2025-01-04,G14,Baby Diapers,Baby Care,1200
2954,2025-01-04,G17,Baby Formula,Baby Care,1500
2955,2025-02-19,G08,Pasta,Pantry,120
2955,2025-02-19,G09,Tomato Sauce,Pantry,90
2955,2025-02-19,G10,Parmesan Cheese,Dairy,400
2956,2025-03-28,G01,White Bread,Bakery,60
2956,2025-03-28,G02,Butter,Dairy,180
2956,2025-03-28,G03,Milk 1L,Dairy,120
2957,2025-04-18,G14,Baby Diapers,Baby Care,1200
2957,2025-04-18,G15,Beer (6-Pack),Alcohol,800
2958,2025-01-16,G12,Salsa Dip,Snacks,200
2958,2025-01-16,G18,Rice 2kg,Pantry,250
2959,2025-02-04,G14,Baby Diapers,Baby Care,1200
2959,2025-02-04,G15,Beer (6-Pack),Alcohol,800
2960,2025-05-08,G01,White Bread,Bakery,60
2960,2025-05-08,G17,Baby Formula,Baby Care,1500
2961,2025-03-27,G13,Soda 2L,Beverages,150
2961,2025-03-27,G15,Beer (6-Pack),Alcohol,800
2961,2025-03-27,G09,Tomato Sauce,Pantry,90
2962,2025-04-17,G08,Pasta,Pantry,120
2962,2025-04-17,G09,Tomato Sauce,Pantry,90
2962,2025-04-17,G10,Parmesan Cheese,Dairy,400
2963,2025-06-20,G01,White Bread,Bakery,60
2963,2025-06-20,G02,Butter,Dairy,180
2963,2025-06-20,G03,Milk 1L,Dairy,120
2963,2025-06-20,G04,Eggs (Tray),Dairy,350
2964,2025-03-08,G13,Soda 2L,Beverages,150
2964,2025-03-08,G02,Butter,Dairy,180
2965,2025-04-08,G14,Baby Diapers,Baby Care,1200
2965,2025-04-08,G15,Beer (6-Pack),Alcohol,800
2966,2025-01-28,G01,White Bread,Bakery,60
2966,2025-01-28,G02,Butter,Dairy,180
2966,2025-01-28,G03,Milk 1L,Dairy,120
2966,2025-01-28,G04,Eggs (Tray),Dairy,350
2967,2025-05-15,G01,White Bread,Bakery,60
2967,2025-05-15,G02,Butter,Dairy,180
2967,2025-05-15,G03,Milk 1L,Dairy,120
2967,2025-05-15,G04,Eggs (Tray),Dairy,350
2968,2025-03-17,G01,White Bread,Bakery,60
2968,2025-03-17,G20,Onions 1kg,Produce,80
2969,2025-01-04,G17,Baby Formula,Baby Care,1500
2970,2025-02-09,G17,Baby Formula,Baby Care,1500
2970,2025-02-09,G12,Salsa Dip,Snacks,200
2970,2025-02-09,G09,Tomato Sauce,Pantry,90
2970,2025-02-09,G19,Cooking Oil 1L,Pantry,300
2971,2025-05-19,G16,Baby Wipes,Baby Care,350
2971,2025-05-19,G20,Onions 1kg,Produce,80
2971,2025-05-19,G07,Sugar 1kg,Pantry,150
2971,2025-05-19,G06,Tea Leaves,Beverages,200
2972,2025-05-03,G16,Baby Wipes,Baby Care,350
2972,2025-05-03,G14,Baby Diapers,Baby Care,1200
2973,2025-04-19,G05,Coffee,Beverages,450
2973,2025-04-19,G07,Sugar 1kg,Pantry,150
2974,2025-06-02,G20,Onions 1kg,Produce,80
2975,2025-04-22,G16,Baby Wipes,Baby Care,350
2975,2025-04-22,G14,Baby Diapers,Baby Care,1200
2975,2025-04-22,G17,Baby Formula,Baby Care,1500
2976,2025-01-02,G06,Tea Leaves,Beverages,200
2976,2025-01-02,G15,Beer (6-Pack),Alcohol,800
2976,2025-01-02,G03,Milk 1L,Dairy,120
2976,2025-01-02,G09,Tomato Sauce,Pantry,90
2977,2025-04-30,G16,Baby Wipes,Baby Care,350
2977,2025-04-30,G14,Baby Diapers,Baby Care,1200
2977,2025-04-30,G17,Baby Formula,Baby Care,1500
2977,2025-04-30,G08,Pasta,Pantry,120
2978,2025-03-12,G16,Baby Wipes,Baby Care,350
2978,2025-03-12,G14,Baby Diapers,Baby Care,1200
2979,2025-04-07,G10,Parmesan Cheese,Dairy,400
2979,2025-04-07,G07,Sugar 1kg,Pantry,150
2979,2025-04-07,G12,Salsa Dip,Snacks,200
2979,2025-04-07,G06,Tea Leaves,Beverages,200
2980,2025-06-27,G16,Baby Wipes,Baby Care,350
2980,2025-06-27,G14,Baby Diapers,Baby Care,1200
2980,2025-06-27,G17,Baby Formula,Baby Care,1500
2981,2025-03-10,G04,Eggs (Tray),Dairy,350
2981,2025-03-10,G08,Pasta,Pantry,120
2981,2025-03-10,G02,Butter,Dairy,180
2982,2025-03-09,G01,White Bread,Bakery,60
2982,2025-03-09,G02,Butter,Dairy,180
2982,2025-03-09,G03,Milk 1L,Dairy,120
2983,2025-06-13,G02,Butter,Dairy,180
2983,2025-06-13,G15,Beer (6-Pack),Alcohol,800
2983,2025-06-13,G12,Salsa Dip,Snacks,200
2983,2025-06-13,G13,Soda 2L,Beverages,150
2984,2025-05-19,G07,Sugar 1kg,Pantry,150
2985,2025-05-31,G11,Potato Chips,Snacks,150
2986,2025-03-24,G16,Baby Wipes,Baby Care,350
2986,2025-03-24,G14,Baby Diapers,Baby Care,1200
2987,2025-05-11,G08,Pasta,Pantry,120
2987,2025-05-11,G18,Rice 2kg,Pantry,250
2987,2025-05-11,G14,Baby Diapers,Baby Care,1200
2988,2025-05-01,G03,Milk 1L,Dairy,120
2988,2025-05-01,G12,Salsa Dip,Snacks,200
2988,2025-05-01,G02,Butter,Dairy,180
2988,2025-05-01,G13,Soda 2L,Beverages,150
2989,2025-04-20,G14,Baby Diapers,Baby Care,1200
2989,2025-04-20,G15,Beer (6-Pack),Alcohol,800
2989,2025-04-20,G03,Milk 1L,Dairy,120
2990,2025-06-20,G18,Rice 2kg,Pantry,250
2990,2025-06-20,G19,Cooking Oil 1L,Pantry,300
2990,2025-06-20,G20,Onions 1kg,Produce,80
2991,2025-01-19,G08,Pasta,Pantry,120
2991,2025-01-19,G09,Tomato Sauce,Pantry,90
2992,2025-04-17,G14,Baby Diapers,Baby Care,1200
2992,2025-04-17,G15,Beer (6-Pack),Alcohol,800
2993,2025-04-07,G13,Soda 2L,Beverages,150
2993,2025-04-07,G15,Beer (6-Pack),Alcohol,800
2993,2025-04-07,G06,Tea Leaves,Beverages,200
2993,2025-04-07,G19,Cooking Oil 1L,Pantry,300
2994,2025-02-19,G11,Potato Chips,Snacks,150
2995,2025-01-16,G08,Pasta,Pantry,120
2995,2025-01-16,G09,Tomato Sauce,Pantry,90
2995,2025-01-16,G10,Parmesan Cheese,Dairy,400
2996,2025-06-07,G03,Milk 1L,Dairy,120
2997,2025-06-30,G13,Soda 2L,Beverages,150
2997,2025-06-30,G02,Butter,Dairy,180
2998,2025-01-31,G08,Pasta,Pantry,120
2998,2025-01-31,G09,Tomato Sauce,Pantry,90
2998,2025-01-31,G10,Parmesan Cheese,Dairy,400
2999,2025-05-30,G02,Butter,Dairy,180
2999,2025-05-30,G17,Baby Formula,Baby Care,1500
3000,2025-06-08,G18,Rice 2kg,Pantry,250
3000,2025-06-08,G19,Cooking Oil 1L,Pantry,300
3000,2025-06-08,G20,Onions 1kg,Produce,80
3001,2025-06-12,G16,Baby Wipes,Baby Care,350
3001,2025-06-12,G14,Baby Diapers,Baby Care,1200
3002,2025-04-30,G11,Potato Chips,Snacks,150
3002,2025-04-30,G12,Salsa Dip,Snacks,200
3003,2025-03-25,G14,Baby Diapers,Baby Care,1200
3003,2025-03-25,G18,Rice 2kg,Pantry,250
3003,2025-03-25,G07,Sugar 1kg,Pantry,150
3003,2025-03-25,G16,Baby Wipes,Baby Care,350
3004,2025-06-17,G06,Tea Leaves,Beverages,200
3005,2025-02-23,G16,Baby Wipes,Baby Care,350
3005,2025-02-23,G14,Baby Diapers,Baby Care,1200
3006,2025-04-18,G06,Tea Leaves,Beverages,200
3007,2025-01-29,G19,Cooking Oil 1L,Pantry,300
3007,2025-01-29,G18,Rice 2kg,Pantry,250
3008,2025-01-10,G18,Rice 2kg,Pantry,250
3008,2025-01-10,G19,Cooking Oil 1L,Pantry,300
3008,2025-01-10,G20,Onions 1kg,Produce,80
3008,2025-01-10,G09,Tomato Sauce,Pantry,90
3009,2025-04-11,G01,White Bread,Bakery,60
3009,2025-04-11,G02,Butter,Dairy,180
3009,2025-04-11,G03,Milk 1L,Dairy,120
3009,2025-04-11,G15,Beer (6-Pack),Alcohol,800
3010,2025-05-01,G02,Butter,Dairy,180
3010,2025-05-01,G03,Milk 1L,Dairy,120
3010,2025-05-01,G11,Potato Chips,Snacks,150
3010,2025-05-01,G04,Eggs (Tray),Dairy,350
3011,2025-04-16,G19,Cooking Oil 1L,Pantry,300
3012,2025-01-06,G08,Pasta,Pantry,120
3012,2025-01-06,G09,Tomato Sauce,Pantry,90
3012,2025-01-06,G10,Parmesan Cheese,Dairy,400
3013,2025-05-10,G19,Cooking Oil 1L,Pantry,300
3013,2025-05-10,G07,Sugar 1kg,Pantry,150
3013,2025-05-10,G11,Potato Chips,Snacks,150
3013,2025-05-10,G05,Coffee,Beverages,450
3014,2025-05-17,G06,Tea Leaves,Beverages,200
3014,2025-05-17,G18,Rice 2kg,Pantry,250
3014,2025-05-17,G19,Cooking Oil 1L,Pantry,300
3015,2025-06-07,G20,Onions 1kg,Produce,80
3015,2025-06-07,G07,Sugar 1kg,Pantry,150
3015,2025-06-07,G01,White Bread,Bakery,60
3016,2025-06-01,G16,Baby Wipes,Baby Care,350
3016,2025-06-01,G14,Baby Diapers,Baby Care,1200
3017,2025-03-27,G04,Eggs (Tray),Dairy,350
3017,2025-03-27,G16,Baby Wipes,Baby Care,350
3018,2025-06-10,G19,Cooking Oil 1L,Pantry,300
3019,2025-06-27,G05,Coffee,Beverages,450
3019,2025-06-27,G07,Sugar 1kg,Pantry,150
3020,2025-06-02,G08,Pasta,Pantry,120
3020,2025-06-02,G09,Tomato Sauce,Pantry,90
3020,2025-06-02,G10,Parmesan Cheese,Dairy,400
3020,2025-06-02,G12,Salsa Dip,Snacks,200
3021,2025-01-09,G17,Baby Formula,Baby Care,1500
3021,2025-01-09,G09,Tomato Sauce,Pantry,90
3021,2025-01-09,G19,Cooking Oil 1L,Pantry,300
3021,2025-01-09,G12,Salsa Dip,Snacks,200
3022,2025-05-25,G16,Baby Wipes,Baby Care,350
3022,2025-05-25,G14,Baby Diapers,Baby Care,1200
3023,2025-04-29,G05,Coffee,Beverages,450
3024,2025-06-02,G07,Sugar 1kg,Pantry,150
3024,2025-06-02,G02,Butter,Dairy,180
3024,2025-06-02,G09,Tomato Sauce,Pantry,90
3024,2025-06-02,G06,Tea Leaves,Beverages,200
3025,2025-01-31,G16,Baby Wipes,Baby Care,350
3025,2025-01-31,G14,Baby Diapers,Baby Care,1200
3025,2025-01-31,G17,Baby Formula,Baby Care,1500
3026,2025-02-16,G11,Potato Chips,Snacks,150
3026,2025-02-16,G12,Salsa Dip,Snacks,200
3027,2025-01-02,G01,White Bread,Bakery,60
3027,2025-01-02,G02,Butter,Dairy,180
3027,2025-01-02,G03,Milk 1L,Dairy,120
3027,2025-01-02,G04,Eggs (Tray),Dairy,350
3028,2025-01-27,G05,Coffee,Beverages,450
3028,2025-01-27,G07,Sugar 1kg,Pantry,150
3029,2025-01-04,G20,Onions 1kg,Produce,80
3029,2025-01-04,G10,Parmesan Cheese,Dairy,400
3029,2025-01-04,G01,White Bread,Bakery,60
3030,2025-05-14,G06,Tea Leaves,Beverages,200
3030,2025-05-14,G08,Pasta,Pantry,120
3030,2025-05-14,G20,Onions 1kg,Produce,80
3031,2025-05-26,G14,Baby Diapers,Baby Care,1200
3031,2025-05-26,G11,Potato Chips,Snacks,150
3032,2025-02-27,G11,Potato Chips,Snacks,150
3032,2025-02-27,G12,Salsa Dip,Snacks,200
3033,2025-04-21,G08,Pasta,Pantry,120
3033,2025-04-21,G02,Butter,Dairy,180
3034,2025-01-27,G10,Parmesan Cheese,Dairy,400
3034,2025-01-27,G14,Baby Diapers,Baby Care,1200
3034,2025-01-27,G15,Beer (6-Pack),Alcohol,800
3035,2025-04-18,G18,Rice 2kg,Pantry,250
3035,2025-04-18,G19,Cooking Oil 1L,Pantry,300
3035,2025-04-18,G20,Onions 1kg,Produce,80
3036,2025-05-17,G03,Milk 1L,Dairy,120
3037,2025-02-06,G18,Rice 2kg,Pantry,250
3037,2025-02-06,G19,Cooking Oil 1L,Pantry,300
3037,2025-02-06,G20,Onions 1kg,Produce,80
3038,2025-04-17,G08,Pasta,Pantry,120
3038,2025-04-17,G09,Tomato Sauce,Pantry,90
3039,2025-06-24,G16,Baby Wipes,Baby Care,350
3039,2025-06-24,G14,Baby Diapers,Baby Care,1200
3039,2025-06-24,G17,Baby Formula,Baby Care,1500
3040,2025-02-10,G11,Potato Chips,Snacks,150
3040,2025-02-10,G12,Salsa Dip,Snacks,200
3040,2025-02-10,G13,Soda 2L,Beverages,150
3041,2025-02-18,G05,Coffee,Beverages,450
3041,2025-02-18,G07,Sugar 1kg,Pantry,150
3042,2025-05-31,G18,Rice 2kg,Pantry,250
3042,2025-05-31,G07,Sugar 1kg,Pantry,150
3042,2025-05-31,G05,Coffee,Beverages,450
3042,2025-05-31,G08,Pasta,Pantry,120
3043,2025-02-21,G18,Rice 2kg,Pantry,250
3043,2025-02-21,G19,Cooking Oil 1L,Pantry,300
3043,2025-02-21,G20,Onions 1kg,Produce,80
3044,2025-02-09,G14,Baby Diapers,Baby Care,1200
3045,2025-03-27,G18,Rice 2kg,Pantry,250
3045,2025-03-27,G19,Cooking Oil 1L,Pantry,300
3045,2025-03-27,G20,Onions 1kg,Produce,80
3046,2025-04-15,G13,Soda 2L,Beverages,150
3047,2025-06-16,G08,Pasta,Pantry,120
3047,2025-06-16,G09,Tomato Sauce,Pantry,90
3048,2025-05-14,G05,Coffee,Beverages,450
3048,2025-05-14,G07,Sugar 1kg,Pantry,150
3049,2025-06-21,G09,Tomato Sauce,Pantry,90
3049,2025-06-21,G16,Baby Wipes,Baby Care,350
3049,2025-06-21,G20,Onions 1kg,Produce,80
3050,2025-05-03,G19,Cooking Oil 1L,Pantry,300
3050,2025-05-03,G01,White Bread,Bakery,60
3050,2025-05-03,G15,Beer (6-Pack),Alcohol,800
3050,2025-05-03,G18,Rice 2kg,Pantry,250
3051,2025-01-19,G05,Coffee,Beverages,450
3051,2025-01-19,G07,Sugar 1kg,Pantry,150
3052,2025-06-04,G03,Milk 1L,Dairy,120
3052,2025-06-04,G06,Tea Leaves,Beverages,200
3052,2025-06-04,G13,Soda 2L,Beverages,150
3053,2025-04-18,G09,Tomato Sauce,Pantry,90
3053,2025-04-18,G10,Parmesan Cheese,Dairy,400
3054,2025-01-21,G15,Beer (6-Pack),Alcohol,800
3054,2025-01-21,G19,Cooking Oil 1L,Pantry,300
3054,2025-01-21,G13,Soda 2L,Beverages,150
3055,2025-06-09,G02,Butter,Dairy,180
3056,2025-01-11,G18,Rice 2kg,Pantry,250
3056,2025-01-11,G17,Baby Formula,Baby Care,1500
3057,2025-01-08,G18,Rice 2kg,Pantry,250
3057,2025-01-08,G19,Cooking Oil 1L,Pantry,300
3057,2025-01-08,G20,Onions 1kg,Produce,80
3058,2025-01-19,G17,Baby Formula,Baby Care,1500
3059,2025-06-23,G06,Tea Leaves,Beverages,200
3059,2025-06-23,G04,Eggs (Tray),Dairy,350
3060,2025-03-15,G14,Baby Diapers,Baby Care,1200
3060,2025-03-15,G15,Beer (6-Pack),Alcohol,800
3061,2025-03-29,G01,White Bread,Bakery,60
3061,2025-03-29,G02,Butter,Dairy,180
3061,2025-03-29,G03,Milk 1L,Dairy,120
3062,2025-06-30,G14,Baby Diapers,Baby Care,1200
3062,2025-06-30,G15,Beer (6-Pack),Alcohol,800
3063,2025-04-05,G11,Potato Chips,Snacks,150
3063,2025-04-05,G12,Salsa Dip,Snacks,200
3063,2025-04-05,G13,Soda 2L,Beverages,150
3064,2025-01-29,G05,Coffee,Beverages,450
3065,2025-03-11,G04,Eggs (Tray),Dairy,350
3066,2025-05-23,G16,Baby Wipes,Baby Care,350
3066,2025-05-23,G14,Baby Diapers,Baby Care,1200
3067,2025-01-22,G05,Coffee,Beverages,450
3067,2025-01-22,G07,Sugar 1kg,Pantry,150
3068,2025-05-23,G01,White Bread,Bakery,60
3068,2025-05-23,G02,Butter,Dairy,180
3068,2025-05-23,G03,Milk 1L,Dairy,120
3069,2025-03-28,G14,Baby Diapers,Baby Care,1200
3069,2025-03-28,G15,Beer (6-Pack),Alcohol,800
3070,2025-02-15,G05,Coffee,Beverages,450
3070,2025-02-15,G07,Sugar 1kg,Pantry,150
3071,2025-02-07,G14,Baby Diapers,Baby Care,1200
3071,2025-02-07,G15,Beer (6-Pack),Alcohol,800
3072,2025-05-14,G16,Baby Wipes,Baby Care,350
3072,2025-05-14,G14,Baby Diapers,Baby Care,1200
3073,2025-05-07,G18,Rice 2kg,Pantry,250
3073,2025-05-07,G14,Baby Diapers,Baby Care,1200
3073,2025-05-07,G16,Baby Wipes,Baby Care,350
3073,2025-05-07,G04,Eggs (Tray),Dairy,350
3074,2025-04-20,G12,Salsa Dip,Snacks,200
3074,2025-04-20,G13,Soda 2L,Beverages,150
3074,2025-04-20,G14,Baby Diapers,Baby Care,1200
3075,2025-05-12,G08,Pasta,Pantry,120
3076,2025-02-15,G08,Pasta,Pantry,120
3076,2025-02-15,G09,Tomato Sauce,Pantry,90
3076,2025-02-15,G17,Baby Formula,Baby Care,1500
3077,2025-03-14,G16,Baby Wipes,Baby Care,350
3077,2025-03-14,G14,Baby Diapers,Baby Care,1200
3078,2025-02-06,G02,Butter,Dairy,180
3079,2025-05-27,G04,Eggs (Tray),Dairy,350
3080,2025-03-21,G11,Potato Chips,Snacks,150
3080,2025-03-21,G12,Salsa Dip,Snacks,200
3080,2025-03-21,G13,Soda 2L,Beverages,150
3081,2025-02-12,G08,Pasta,Pantry,120
3081,2025-02-12,G09,Tomato Sauce,Pantry,90
3082,2025-05-18,G01,White Bread,Bakery,60
3083,2025-04-14,G19,Cooking Oil 1L,Pantry,300
3083,2025-04-14,G07,Sugar 1kg,Pantry,150
3084,2025-06-08,G08,Pasta,Pantry,120
3084,2025-06-08,G09,Tomato Sauce,Pantry,90
3084,2025-06-08,G10,Parmesan Cheese,Dairy,400
3085,2025-03-10,G17,Baby Formula,Baby Care,1500
3086,2025-04-26,G01,White Bread,Bakery,60
3086,2025-04-26,G02,Butter,Dairy,180
3086,2025-04-26,G03,Milk 1L,Dairy,120
3087,2025-01-23,G01,White Bread,Bakery,60
3087,2025-01-23,G02,Butter,Dairy,180
3087,2025-01-23,G03,Milk 1L,Dairy,120
3088,2025-06-24,G06,Tea Leaves,Beverages,200
3088,2025-06-24,G19,Cooking Oil 1L,Pantry,300
3088,2025-06-24,G01,White Bread,Bakery,60
3088,2025-06-24,G02,Butter,Dairy,180
3089,2025-04-29,G20,Onions 1kg,Produce,80
3090,2025-06-08,G07,Sugar 1kg,Pantry,150
3090,2025-06-08,G05,Coffee,Beverages,450
3091,2025-03-17,G16,Baby Wipes,Baby Care,350
3091,2025-03-17,G14,Baby Diapers,Baby Care,1200
3092,2025-05-07,G08,Pasta,Pantry,120
3093,2025-03-17,G05,Coffee,Beverages,450
3093,2025-03-17,G07,Sugar 1kg,Pantry,150
3094,2025-05-19,G05,Coffee,Beverages,450
3094,2025-05-19,G07,Sugar 1kg,Pantry,150
3095,2025-04-23,G18,Rice 2kg,Pantry,250
3095,2025-04-23,G19,Cooking Oil 1L,Pantry,300
3095,2025-04-23,G20,Onions 1kg,Produce,80
3096,2025-02-28,G14,Baby Diapers,Baby Care,1200
3096,2025-02-28,G15,Beer (6-Pack),Alcohol,800
3097,2025-05-12,G18,Rice 2kg,Pantry,250
3097,2025-05-12,G19,Cooking Oil 1L,Pantry,300
3097,2025-05-12,G20,Onions 1kg,Produce,80
3098,2025-06-12,G14,Baby Diapers,Baby Care,1200
3098,2025-06-12,G15,Beer (6-Pack),Alcohol,800
3099,2025-01-05,G04,Eggs (Tray),Dairy,350
3100,2025-04-29,G18,Rice 2kg,Pantry,250
3100,2025-04-29,G19,Cooking Oil 1L,Pantry,300
3100,2025-04-29,G20,Onions 1kg,Produce,80
3101,2025-05-21,G01,White Bread,Bakery,60
3101,2025-05-21,G02,Butter,Dairy,180
3101,2025-05-21,G03,Milk 1L,Dairy,120
3101,2025-05-21,G04,Eggs (Tray),Dairy,350
3102,2025-02-16,G08,Pasta,Pantry,120
3102,2025-02-16,G09,Tomato Sauce,Pantry,90
3102,2025-02-16,G01,White Bread,Bakery,60
3103,2025-02-01,G05,Coffee,Beverages,450
3103,2025-02-01,G07,Sugar 1kg,Pantry,150
3104,2025-05-05,G18,Rice 2kg,Pantry,250
3105,2025-05-15,G16,Baby Wipes,Baby Care,350
3106,2025-06-02,G08,Pasta,Pantry,120
3106,2025-06-02,G09,Tomato Sauce,Pantry,90
3106,2025-06-02,G10,Parmesan Cheese,Dairy,400
3107,2025-02-07,G18,Rice 2kg,Pantry,250
3107,2025-02-07,G19,Cooking Oil 1L,Pantry,300
3107,2025-02-07,G20,Onions 1kg,Produce,80
3108,2025-05-10,G02,Butter,Dairy,180
3108,2025-05-10,G05,Coffee,Beverages,450
3108,2025-05-10,G08,Pasta,Pantry,120
3109,2025-01-18,G16,Baby Wipes,Baby Care,350
3109,2025-01-18,G14,Baby Diapers,Baby Care,1200
3110,2025-06-24,G16,Baby Wipes,Baby Care,350
3111,2025-06-20,G14,Baby Diapers,Baby Care,1200
3111,2025-06-20,G15,Beer (6-Pack),Alcohol,800
3112,2025-04-18,G11,Potato Chips,Snacks,150
3112,2025-04-18,G18,Rice 2kg,Pantry,250
3113,2025-02-16,G16,Baby Wipes,Baby Care,350
3113,2025-02-16,G14,Baby Diapers,Baby Care,1200
3113,2025-02-16,G17,Baby Formula,Baby Care,1500
3114,2025-05-04,G08,Pasta,Pantry,120
3114,2025-05-04,G09,Tomato Sauce,Pantry,90
3115,2025-05-21,G18,Rice 2kg,Pantry,250
3116,2025-01-17,G08,Pasta,Pantry,120
3116,2025-01-17,G15,Beer (6-Pack),Alcohol,800
3117,2025-06-01,G18,Rice 2kg,Pantry,250
3117,2025-06-01,G19,Cooking Oil 1L,Pantry,300
3117,2025-06-01,G20,Onions 1kg,Produce,80
3118,2025-05-30,G11,Potato Chips,Snacks,150
3118,2025-05-30,G05,Coffee,Beverages,450
3119,2025-05-02,G20,Onions 1kg,Produce,80
3119,2025-05-02,G05,Coffee,Beverages,450
3119,2025-05-02,G10,Parmesan Cheese,Dairy,400
3120,2025-02-21,G05,Coffee,Beverages,450
3120,2025-02-21,G07,Sugar 1kg,Pantry,150
3121,2025-05-13,G08,Pasta,Pantry,120
3121,2025-05-13,G09,Tomato Sauce,Pantry,90
3122,2025-02-12,G01,White Bread,Bakery,60
3122,2025-02-12,G02,Butter,Dairy,180
3122,2025-02-12,G03,Milk 1L,Dairy,120
3122,2025-02-12,G04,Eggs (Tray),Dairy,350
3123,2025-06-03,G08,Pasta,Pantry,120
3123,2025-06-03,G09,Tomato Sauce,Pantry,90
3123,2025-06-03,G16,Baby Wipes,Baby Care,350
3124,2025-03-12,G15,Beer (6-Pack),Alcohol,800
3124,2025-03-12,G04,Eggs (Tray),Dairy,350
3124,2025-03-12,G10,Parmesan Cheese,Dairy,400
3124,2025-03-12,G19,Cooking Oil 1L,Pantry,300
3125,2025-01-10,G16,Baby Wipes,Baby Care,350
3125,2025-01-10,G12,Salsa Dip,Snacks,200
3125,2025-01-10,G04,Eggs (Tray),Dairy,350
3126,2025-06-15,G06,Tea Leaves,Beverages,200
3126,2025-06-15,G10,Parmesan Cheese,Dairy,400
3126,2025-06-15,G09,Tomato Sauce,Pantry,90
3126,2025-06-15,G15,Beer (6-Pack),Alcohol,800
3127,2025-05-12,G16,Baby Wipes,Baby Care,350
3127,2025-05-12,G14,Baby Diapers,Baby Care,1200
3127,2025-05-12,G17,Baby Formula,Baby Care,1500
3128,2025-03-20,G09,Tomato Sauce,Pantry,90
3128,2025-03-20,G05,Coffee,Beverages,450
3128,2025-03-20,G02,Butter,Dairy,180
3128,2025-03-20,G10,Parmesan Cheese,Dairy,400
3129,2025-02-24,G16,Baby Wipes,Baby Care,350
3129,2025-02-24,G14,Baby Diapers,Baby Care,1200
3129,2025-02-24,G17,Baby Formula,Baby Care,1500
3130,2025-02-02,G07,Sugar 1kg,Pantry,150
3130,2025-02-02,G14,Baby Diapers,Baby Care,1200
3131,2025-01-13,G18,Rice 2kg,Pantry,250
3131,2025-01-13,G19,Cooking Oil 1L,Pantry,300
3131,2025-01-13,G20,Onions 1kg,Produce,80
3132,2025-04-16,G08,Pasta,Pantry,120
3132,2025-04-16,G09,Tomato Sauce,Pantry,90
3132,2025-04-16,G10,Parmesan Cheese,Dairy,400
3133,2025-05-17,G18,Rice 2kg,Pantry,250
3133,2025-05-17,G19,Cooking Oil 1L,Pantry,300
3133,2025-05-17,G20,Onions 1kg,Produce,80
3134,2025-06-08,G11,Potato Chips,Snacks,150
3134,2025-06-08,G01,White Bread,Bakery,60
3135,2025-05-03,G11,Potato Chips,Snacks,150
3135,2025-05-03,G12,Salsa Dip,Snacks,200
3136,2025-03-01,G03,Milk 1L,Dairy,120
3137,2025-04-10,G08,Pasta,Pantry,120
3137,2025-04-10,G09,Tomato Sauce,Pantry,90
3138,2025-02-08,G14,Baby Diapers,Baby Care,1200
3138,2025-02-08,G15,Beer (6-Pack),Alcohol,800
3139,2025-05-14,G17,Baby Formula,Baby Care,1500
3139,2025-05-14,G18,Rice 2kg,Pantry,250
3140,2025-03-27,G06,Tea Leaves,Beverages,200
3140,2025-03-27,G07,Sugar 1kg,Pantry,150
3140,2025-03-27,G11,Potato Chips,Snacks,150
3140,2025-03-27,G03,Milk 1L,Dairy,120
3141,2025-05-10,G05,Coffee,Beverages,450
3141,2025-05-10,G07,Sugar 1kg,Pantry,150
3142,2025-04-27,G01,White Bread,Bakery,60
3142,2025-04-27,G06,Tea Leaves,Beverages,200
3142,2025-04-27,G09,Tomato Sauce,Pantry,90
3143,2025-05-02,G05,Coffee,Beverages,450
3143,2025-05-02,G07,Sugar 1kg,Pantry,150
3144,2025-05-22,G16,Baby Wipes,Baby Care,350
3144,2025-05-22,G14,Baby Diapers,Baby Care,1200
3145,2025-04-24,G01,White Bread,Bakery,60
3146,2025-05-22,G08,Pasta,Pantry,120
3146,2025-05-22,G09,Tomato Sauce,Pantry,90
3147,2025-06-29,G08,Pasta,Pantry,120
3147,2025-06-29,G09,Tomato Sauce,Pantry,90
3148,2025-03-31,G20,Onions 1kg,Produce,80
3148,2025-03-31,G16,Baby Wipes,Baby Care,350
3148,2025-03-31,G07,Sugar 1kg,Pantry,150
3149,2025-04-22,G11,Potato Chips,Snacks,150
3149,2025-04-22,G12,Salsa Dip,Snacks,200
3150,2025-04-02,G08,Pasta,Pantry,120
3150,2025-04-02,G09,Tomato Sauce,Pantry,90
3150,2025-04-02,G10,Parmesan Cheese,Dairy,400
3151,2025-05-10,G11,Potato Chips,Snacks,150
3151,2025-05-10,G05,Coffee,Beverages,450
3151,2025-05-10,G03,Milk 1L,Dairy,120
3152,2025-01-30,G08,Pasta,Pantry,120
3152,2025-01-30,G09,Tomato Sauce,Pantry,90
3152,2025-01-30,G10,Parmesan Cheese,Dairy,400
3153,2025-05-07,G03,Milk 1L,Dairy,120
3153,2025-05-07,G12,Salsa Dip,Snacks,200
3153,2025-05-07,G02,Butter,Dairy,180
3154,2025-02-11,G11,Potato Chips,Snacks,150
3154,2025-02-11,G12,Salsa Dip,Snacks,200
3155,2025-01-26,G12,Salsa Dip,Snacks,200
3155,2025-01-26,G01,White Bread,Bakery,60
3155,2025-01-26,G15,Beer (6-Pack),Alcohol,800
3155,2025-01-26,G07,Sugar 1kg,Pantry,150
3156,2025-05-12,G11,Potato Chips,Snacks,150
3156,2025-05-12,G15,Beer (6-Pack),Alcohol,800
3156,2025-05-12,G19,Cooking Oil 1L,Pantry,300
3157,2025-01-10,G05,Coffee,Beverages,450
3157,2025-01-10,G14,Baby Diapers,Baby Care,1200
3157,2025-01-10,G02,Butter,Dairy,180
3158,2025-03-08,G08,Pasta,Pantry,120
3158,2025-03-08,G09,Tomato Sauce,Pantry,90
3158,2025-03-08,G10,Parmesan Cheese,Dairy,400
3159,2025-03-21,G16,Baby Wipes,Baby Care,350
3159,2025-03-21,G14,Baby Diapers,Baby Care,1200
3160,2025-02-09,G15,Beer (6-Pack),Alcohol,800
3160,2025-02-09,G13,Soda 2L,Beverages,150
3161,2025-06-13,G05,Coffee,Beverages,450
3161,2025-06-13,G07,Sugar 1kg,Pantry,150
3162,2025-04-20,G01,White Bread,Bakery,60
3163,2025-05-02,G11,Potato Chips,Snacks,150
3164,2025-02-24,G18,Rice 2kg,Pantry,250
3164,2025-02-24,G19,Cooking Oil 1L,Pantry,300
3164,2025-02-24,G20,Onions 1kg,Produce,80
3165,2025-02-28,G18,Rice 2kg,Pantry,250
3165,2025-02-28,G19,Cooking Oil 1L,Pantry,300
3165,2025-02-28,G20,Onions 1kg,Produce,80
3166,2025-02-14,G18,Rice 2kg,Pantry,250
3166,2025-02-14,G07,Sugar 1kg,Pantry,150
3166,2025-02-14,G12,Salsa Dip,Snacks,200
3167,2025-04-20,G16,Baby Wipes,Baby Care,350
3167,2025-04-20,G14,Baby Diapers,Baby Care,1200
3168,2025-04-21,G16,Baby Wipes,Baby Care,350
3168,2025-04-21,G15,Beer (6-Pack),Alcohol,800
3168,2025-04-21,G11,Potato Chips,Snacks,150
3169,2025-02-23,G01,White Bread,Bakery,60
3169,2025-02-23,G02,Butter,Dairy,180
3169,2025-02-23,G03,Milk 1L,Dairy,120
3170,2025-05-29,G14,Baby Diapers,Baby Care,1200
3170,2025-05-29,G15,Beer (6-Pack),Alcohol,800
3171,2025-04-20,G05,Coffee,Beverages,450
3171,2025-04-20,G07,Sugar 1kg,Pantry,150
3172,2025-01-19,G07,Sugar 1kg,Pantry,150
3172,2025-01-19,G01,White Bread,Bakery,60
3172,2025-01-19,G17,Baby Formula,Baby Care,1500
3173,2025-03-01,G20,Onions 1kg,Produce,80
3173,2025-03-01,G16,Baby Wipes,Baby Care,350
3173,2025-03-01,G18,Rice 2kg,Pantry,250
3173,2025-03-01,G08,Pasta,Pantry,120
3174,2025-05-26,G16,Baby Wipes,Baby Care,350
3174,2025-05-26,G14,Baby Diapers,Baby Care,1200
3174,2025-05-26,G17,Baby Formula,Baby Care,1500
3175,2025-03-07,G19,Cooking Oil 1L,Pantry,300
3175,2025-03-07,G01,White Bread,Bakery,60
3176,2025-04-03,G07,Sugar 1kg,Pantry,150
3176,2025-04-03,G08,Pasta,Pantry,120
3177,2025-06-21,G05,Coffee,Beverages,450
3177,2025-06-21,G07,Sugar 1kg,Pantry,150
3178,2025-02-24,G04,Eggs (Tray),Dairy,350
3178,2025-02-24,G10,Parmesan Cheese,Dairy,400
3178,2025-02-24,G14,Baby Diapers,Baby Care,1200
3178,2025-02-24,G16,Baby Wipes,Baby Care,350
3179,2025-02-11,G07,Sugar 1kg,Pantry,150
3179,2025-02-11,G05,Coffee,Beverages,450
3179,2025-02-11,G02,Butter,Dairy,180
3179,2025-02-11,G03,Milk 1L,Dairy,120
3180,2025-06-19,G19,Cooking Oil 1L,Pantry,300
3180,2025-06-19,G11,Potato Chips,Snacks,150
3180,2025-06-19,G01,White Bread,Bakery,60
3181,2025-04-19,G15,Beer (6-Pack),Alcohol,800
3181,2025-04-19,G11,Potato Chips,Snacks,150
3181,2025-04-19,G06,Tea Leaves,Beverages,200
3181,2025-04-19,G09,Tomato Sauce,Pantry,90
3182,2025-04-19,G01,White Bread,Bakery,60
3182,2025-04-19,G04,Eggs (Tray),Dairy,350
3182,2025-04-19,G09,Tomato Sauce,Pantry,90
3183,2025-06-10,G20,Onions 1kg,Produce,80
3183,2025-06-10,G14,Baby Diapers,Baby Care,1200
3183,2025-06-10,G04,Eggs (Tray),Dairy,350
3183,2025-06-10,G09,Tomato Sauce,Pantry,90
3184,2025-03-22,G16,Baby Wipes,Baby Care,350
3184,2025-03-22,G14,Baby Diapers,Baby Care,1200
3185,2025-02-15,G07,Sugar 1kg,Pantry,150
3185,2025-02-15,G12,Salsa Dip,Snacks,200
3186,2025-05-08,G01,White Bread,Bakery,60
3186,2025-05-08,G02,Butter,Dairy,180
3186,2025-05-08,G03,Milk 1L,Dairy,120
3186,2025-05-08,G10,Parmesan Cheese,Dairy,400
3187,2025-05-31,G15,Beer (6-Pack),Alcohol,800
3187,2025-05-31,G01,White Bread,Bakery,60
3187,2025-05-31,G06,Tea Leaves,Beverages,200
3188,2025-05-07,G06,Tea Leaves,Beverages,200
3189,2025-02-25,G11,Potato Chips,Snacks,150
3189,2025-02-25,G02,Butter,Dairy,180
3189,2025-02-25,G13,Soda 2L,Beverages,150
3189,2025-02-25,G10,Parmesan Cheese,Dairy,400
3190,2025-02-18,G08,Pasta,Pantry,120
3190,2025-02-18,G09,Tomato Sauce,Pantry,90
3190,2025-02-18,G10,Parmesan Cheese,Dairy,400
3191,2025-05-01,G02,Butter,Dairy,180
3191,2025-05-01,G13,Soda 2L,Beverages,150
3191,2025-05-01,G03,Milk 1L,Dairy,120
3192,2025-03-29,G17,Baby Formula,Baby Care,1500
3192,2025-03-29,G06,Tea Leaves,Beverages,200
3192,2025-03-29,G02,Butter,Dairy,180
3193,2025-05-04,G04,Eggs (Tray),Dairy,350
3193,2025-05-04,G08,Pasta,Pantry,120
3194,2025-04-27,G20,Onions 1kg,Produce,80
3194,2025-04-27,G08,Pasta,Pantry,120
3195,2025-05-27,G08,Pasta,Pantry,120
3195,2025-05-27,G09,Tomato Sauce,Pantry,90
3195,2025-05-27,G10,Parmesan Cheese,Dairy,400
3196,2025-04-03,G13,Soda 2L,Beverages,150
3197,2025-03-18,G02,Butter,Dairy,180
3198,2025-04-03,G05,Coffee,Beverages,450
3198,2025-04-03,G07,Sugar 1kg,Pantry,150
3199,2025-05-11,G19,Cooking Oil 1L,Pantry,300
3199,2025-05-11,G03,Milk 1L,Dairy,120
3199,2025-05-11,G18,Rice 2kg,Pantry,250
3200,2025-04-19,G18,Rice 2kg,Pantry,250
3201,2025-02-17,G02,Butter,Dairy,180
3201,2025-02-17,G10,Parmesan Cheese,Dairy,400
3201,2025-02-17,G03,Milk 1L,Dairy,120
3202,2025-02-27,G16,Baby Wipes,Baby Care,350
3202,2025-02-27,G13,Soda 2L,Beverages,150
3202,2025-02-27,G17,Baby Formula,Baby Care,1500
3203,2025-03-05,G16,Baby Wipes,Baby Care,350
3203,2025-03-05,G14,Baby Diapers,Baby Care,1200
3204,2025-03-20,G16,Baby Wipes,Baby Care,350
3204,2025-03-20,G17,Baby Formula,Baby Care,1500
3204,2025-03-20,G07,Sugar 1kg,Pantry,150
3205,2025-01-18,G14,Baby Diapers,Baby Care,1200
3205,2025-01-18,G15,Beer (6-Pack),Alcohol,800
3206,2025-06-07,G08,Pasta,Pantry,120
3206,2025-06-07,G09,Tomato Sauce,Pantry,90
3207,2025-04-21,G16,Baby Wipes,Baby Care,350
3207,2025-04-21,G14,Baby Diapers,Baby Care,1200
3208,2025-02-08,G05,Coffee,Beverages,450
3208,2025-02-08,G07,Sugar 1kg,Pantry,150
3209,2025-05-04,G01,White Bread,Bakery,60
3209,2025-05-04,G02,Butter,Dairy,180
3209,2025-05-04,G03,Milk 1L,Dairy,120
3209,2025-05-04,G04,Eggs (Tray),Dairy,350
3210,2025-01-11,G08,Pasta,Pantry,120
3211,2025-06-28,G11,Potato Chips,Snacks,150
3211,2025-06-28,G12,Salsa Dip,Snacks,200
3211,2025-06-28,G13,Soda 2L,Beverages,150
3212,2025-02-26,G14,Baby Diapers,Baby Care,1200
3212,2025-02-26,G13,Soda 2L,Beverages,150
3212,2025-02-26,G19,Cooking Oil 1L,Pantry,300
3212,2025-02-26,G17,Baby Formula,Baby Care,1500
3213,2025-02-11,G18,Rice 2kg,Pantry,250
3214,2025-05-16,G01,White Bread,Bakery,60
3214,2025-05-16,G02,Butter,Dairy,180
3214,2025-05-16,G03,Milk 1L,Dairy,120
3214,2025-05-16,G04,Eggs (Tray),Dairy,350
3215,2025-03-15,G14,Baby Diapers,Baby Care,1200
3215,2025-03-15,G15,Beer (6-Pack),Alcohol,800
3216,2025-05-28,G02,Butter,Dairy,180
3217,2025-02-14,G14,Baby Diapers,Baby Care,1200
3217,2025-02-14,G15,Beer (6-Pack),Alcohol,800
3218,2025-06-18,G01,White Bread,Bakery,60
3219,2025-03-12,G07,Sugar 1kg,Pantry,150
3220,2025-04-12,G09,Tomato Sauce,Pantry,90
3221,2025-01-13,G08,Pasta,Pantry,120
3221,2025-01-13,G09,Tomato Sauce,Pantry,90
3222,2025-01-21,G08,Pasta,Pantry,120
3222,2025-01-21,G09,Tomato Sauce,Pantry,90
3222,2025-01-21,G14,Baby Diapers,Baby Care,1200
3223,2025-05-12,G17,Baby Formula,Baby Care,1500
3224,2025-03-21,G11,Potato Chips,Snacks,150
3224,2025-03-21,G05,Coffee,Beverages,450
3224,2025-03-21,G16,Baby Wipes,Baby Care,350
3224,2025-03-21,G13,Soda 2L,Beverages,150
3225,2025-06-18,G05,Coffee,Beverages,450
3225,2025-06-18,G07,Sugar 1kg,Pantry,150
3225,2025-06-18,G01,White Bread,Bakery,60
3226,2025-01-11,G18,Rice 2kg,Pantry,250
3226,2025-01-11,G19,Cooking Oil 1L,Pantry,300
3226,2025-01-11,G20,Onions 1kg,Produce,80
3227,2025-06-21,G16,Baby Wipes,Baby Care,350
3227,2025-06-21,G14,Baby Diapers,Baby Care,1200
3227,2025-06-21,G17,Baby Formula,Baby Care,1500
3227,2025-06-21,G09,Tomato Sauce,Pantry,90
3228,2025-06-07,G20,Onions 1kg,Produce,80
3228,2025-06-07,G18,Rice 2kg,Pantry,250
3229,2025-06-08,G16,Baby Wipes,Baby Care,350
3229,2025-06-08,G14,Baby Diapers,Baby Care,1200
3229,2025-06-08,G17,Baby Formula,Baby Care,1500
3230,2025-05-03,G08,Pasta,Pantry,120
3230,2025-05-03,G09,Tomato Sauce,Pantry,90
3230,2025-05-03,G10,Parmesan Cheese,Dairy,400
3231,2025-04-02,G01,White Bread,Bakery,60
3231,2025-04-02,G04,Eggs (Tray),Dairy,350
3231,2025-04-02,G19,Cooking Oil 1L,Pantry,300
3231,2025-04-02,G03,Milk 1L,Dairy,120
3232,2025-01-08,G13,Soda 2L,Beverages,150
3233,2025-05-10,G02,Butter,Dairy,180
3234,2025-04-22,G14,Baby Diapers,Baby Care,1200
3234,2025-04-22,G15,Beer (6-Pack),Alcohol,800
3235,2025-01-14,G11,Potato Chips,Snacks,150
3236,2025-02-02,G10,Parmesan Cheese,Dairy,400
3236,2025-02-02,G16,Baby Wipes,Baby Care,350
3236,2025-02-02,G19,Cooking Oil 1L,Pantry,300
3237,2025-02-07,G16,Baby Wipes,Baby Care,350
3237,2025-02-07,G14,Baby Diapers,Baby Care,1200
3237,2025-02-07,G17,Baby Formula,Baby Care,1500
3238,2025-03-11,G08,Pasta,Pantry,120
3238,2025-03-11,G09,Tomato Sauce,Pantry,90
3238,2025-03-11,G10,Parmesan Cheese,Dairy,400
3238,2025-03-11,G02,Butter,Dairy,180
3239,2025-02-06,G04,Eggs (Tray),Dairy,350
3239,2025-02-06,G05,Coffee,Beverages,450
3239,2025-02-06,G08,Pasta,Pantry,120
3239,2025-02-06,G18,Rice 2kg,Pantry,250
3240,2025-01-18,G05,Coffee,Beverages,450
3240,2025-01-18,G07,Sugar 1kg,Pantry,150
3241,2025-02-21,G18,Rice 2kg,Pantry,250
3241,2025-02-21,G19,Cooking Oil 1L,Pantry,300
3241,2025-02-21,G20,Onions 1kg,Produce,80
3242,2025-05-11,G15,Beer (6-Pack),Alcohol,800
3243,2025-04-10,G08,Pasta,Pantry,120
3243,2025-04-10,G14,Baby Diapers,Baby Care,1200
3244,2025-03-14,G09,Tomato Sauce,Pantry,90
3245,2025-06-04,G05,Coffee,Beverages,450
3245,2025-06-04,G07,Sugar 1kg,Pantry,150
3246,2025-06-20,G02,Butter,Dairy,180
3247,2025-01-26,G05,Coffee,Beverages,450
3247,2025-01-26,G07,Sugar 1kg,Pantry,150
3247,2025-01-26,G17,Baby Formula,Baby Care,1500
3248,2025-01-09,G15,Beer (6-Pack),Alcohol,800
3249,2025-05-15,G05,Coffee,Beverages,450
3249,2025-05-15,G07,Sugar 1kg,Pantry,150
3250,2025-04-05,G11,Potato Chips,Snacks,150
3250,2025-04-05,G12,Salsa Dip,Snacks,200
3251,2025-02-17,G14,Baby Diapers,Baby Care,1200
3251,2025-02-17,G15,Beer (6-Pack),Alcohol,800
3252,2025-03-21,G12,Salsa Dip,Snacks,200
3253,2025-06-06,G14,Baby Diapers,Baby Care,1200
3253,2025-06-06,G15,Beer (6-Pack),Alcohol,800
3254,2025-03-16,G05,Coffee,Beverages,450
3254,2025-03-16,G07,Sugar 1kg,Pantry,150
3255,2025-02-07,G13,Soda 2L,Beverages,150
3255,2025-02-07,G19,Cooking Oil 1L,Pantry,300
3255,2025-02-07,G20,Onions 1kg,Produce,80
3255,2025-02-07,G07,Sugar 1kg,Pantry,150
3256,2025-02-24,G18,Rice 2kg,Pantry,250
3256,2025-02-24,G07,Sugar 1kg,Pantry,150
3256,2025-02-24,G09,Tomato Sauce,Pantry,90
3257,2025-04-23,G01,White Bread,Bakery,60
3258,2025-02-04,G17,Baby Formula,Baby Care,1500
3258,2025-02-04,G08,Pasta,Pantry,120
3258,2025-02-04,G12,Salsa Dip,Snacks,200
3258,2025-02-04,G19,Cooking Oil 1L,Pantry,300
3259,2025-03-20,G08,Pasta,Pantry,120
3259,2025-03-20,G09,Tomato Sauce,Pantry,90
3259,2025-03-20,G10,Parmesan Cheese,Dairy,400
3259,2025-03-20,G20,Onions 1kg,Produce,80
3260,2025-04-07,G05,Coffee,Beverages,450
3260,2025-04-07,G07,Sugar 1kg,Pantry,150
3261,2025-01-27,G10,Parmesan Cheese,Dairy,400
3262,2025-03-17,G18,Rice 2kg,Pantry,250
3263,2025-03-30,G18,Rice 2kg,Pantry,250
3263,2025-03-30,G19,Cooking Oil 1L,Pantry,300
3263,2025-03-30,G20,Onions 1kg,Produce,80
3264,2025-02-25,G08,Pasta,Pantry,120
3264,2025-02-25,G09,Tomato Sauce,Pantry,90
3264,2025-02-25,G10,Parmesan Cheese,Dairy,400
3264,2025-02-25,G16,Baby Wipes,Baby Care,350
3265,2025-06-03,G01,White Bread,Bakery,60
3265,2025-06-03,G02,Butter,Dairy,180
3265,2025-06-03,G03,Milk 1L,Dairy,120
3266,2025-06-29,G09,Tomato Sauce,Pantry,90
3267,2025-06-29,G17,Baby Formula,Baby Care,1500
3268,2025-04-30,G20,Onions 1kg,Produce,80
3268,2025-04-30,G05,Coffee,Beverages,450
3268,2025-04-30,G13,Soda 2L,Beverages,150
3268,2025-04-30,G06,Tea Leaves,Beverages,200
3269,2025-06-29,G14,Baby Diapers,Baby Care,1200
3269,2025-06-29,G15,Beer (6-Pack),Alcohol,800
3270,2025-05-26,G12,Salsa Dip,Snacks,200
3270,2025-05-26,G13,Soda 2L,Beverages,150
3270,2025-05-26,G16,Baby Wipes,Baby Care,350
3271,2025-04-07,G05,Coffee,Beverages,450
3271,2025-04-07,G07,Sugar 1kg,Pantry,150
3272,2025-06-01,G01,White Bread,Bakery,60
3272,2025-06-01,G02,Butter,Dairy,180
3272,2025-06-01,G03,Milk 1L,Dairy,120
3273,2025-06-08,G05,Coffee,Beverages,450
3273,2025-06-08,G13,Soda 2L,Beverages,150
3274,2025-02-12,G18,Rice 2kg,Pantry,250
3274,2025-02-12,G19,Cooking Oil 1L,Pantry,300
3274,2025-02-12,G20,Onions 1kg,Produce,80
3275,2025-06-28,G16,Baby Wipes,Baby Care,350
3275,2025-06-28,G14,Baby Diapers,Baby Care,1200
3275,2025-06-28,G07,Sugar 1kg,Pantry,150
3276,2025-01-09,G02,Butter,Dairy,180
3277,2025-04-01,G14,Baby Diapers,Baby Care,1200
3277,2025-04-01,G15,Beer (6-Pack),Alcohol,800
3278,2025-06-17,G05,Coffee,Beverages,450
3278,2025-06-17,G07,Sugar 1kg,Pantry,150
3279,2025-04-11,G01,White Bread,Bakery,60
3279,2025-04-11,G02,Butter,Dairy,180
3279,2025-04-11,G03,Milk 1L,Dairy,120
3279,2025-04-11,G04,Eggs (Tray),Dairy,350
3280,2025-04-09,G08,Pasta,Pantry,120
3280,2025-04-09,G09,Tomato Sauce,Pantry,90
3280,2025-04-09,G10,Parmesan Cheese,Dairy,400
3281,2025-02-18,G18,Rice 2kg,Pantry,250
3282,2025-03-13,G11,Potato Chips,Snacks,150
3282,2025-03-13,G12,Salsa Dip,Snacks,200
3282,2025-03-13,G13,Soda 2L,Beverages,150
3283,2025-05-29,G20,Onions 1kg,Produce,80
3283,2025-05-29,G02,Butter,Dairy,180
3283,2025-05-29,G01,White Bread,Bakery,60
3284,2025-06-27,G14,Baby Diapers,Baby Care,1200
3284,2025-06-27,G15,Beer (6-Pack),Alcohol,800
3285,2025-02-11,G11,Potato Chips,Snacks,150
3286,2025-01-07,G20,Onions 1kg,Produce,80
3286,2025-01-07,G18,Rice 2kg,Pantry,250
3287,2025-02-24,G12,Salsa Dip,Snacks,200
3288,2025-02-10,G01,White Bread,Bakery,60
3288,2025-02-10,G02,Butter,Dairy,180
3288,2025-02-10,G03,Milk 1L,Dairy,120
3289,2025-04-26,G18,Rice 2kg,Pantry,250
3289,2025-04-26,G19,Cooking Oil 1L,Pantry,300
3289,2025-04-26,G20,Onions 1kg,Produce,80
3290,2025-05-29,G19,Cooking Oil 1L,Pantry,300
3290,2025-05-29,G15,Beer (6-Pack),Alcohol,800
3290,2025-05-29,G06,Tea Leaves,Beverages,200
3290,2025-05-29,G16,Baby Wipes,Baby Care,350
3291,2025-01-22,G05,Coffee,Beverages,450
3291,2025-01-22,G07,Sugar 1kg,Pantry,150
3292,2025-01-15,G05,Coffee,Beverages,450
3292,2025-01-15,G07,Sugar 1kg,Pantry,150
3293,2025-01-21,G19,Cooking Oil 1L,Pantry,300
3293,2025-01-21,G03,Milk 1L,Dairy,120
3293,2025-01-21,G08,Pasta,Pantry,120
3294,2025-04-29,G18,Rice 2kg,Pantry,250
3294,2025-04-29,G19,Cooking Oil 1L,Pantry,300
3294,2025-04-29,G20,Onions 1kg,Produce,80
3295,2025-01-12,G17,Baby Formula,Baby Care,1500
3295,2025-01-12,G06,Tea Leaves,Beverages,200
3295,2025-01-12,G07,Sugar 1kg,Pantry,150
3295,2025-01-12,G16,Baby Wipes,Baby Care,350
3296,2025-04-11,G04,Eggs (Tray),Dairy,350
3296,2025-04-11,G01,White Bread,Bakery,60
3296,2025-04-11,G12,Salsa Dip,Snacks,200
3297,2025-06-12,G18,Rice 2kg,Pantry,250
3297,2025-06-12,G19,Cooking Oil 1L,Pantry,300
3297,2025-06-12,G20,Onions 1kg,Produce,80
3298,2025-04-21,G13,Soda 2L,Beverages,150
3298,2025-04-21,G16,Baby Wipes,Baby Care,350
3299,2025-01-09,G20,Onions 1kg,Produce,80
3300,2025-04-23,G12,Salsa Dip,Snacks,200
3300,2025-04-23,G14,Baby Diapers,Baby Care,1200
3301,2025-06-30,G18,Rice 2kg,Pantry,250
3302,2025-04-05,G13,Soda 2L,Beverages,150
3302,2025-04-05,G11,Potato Chips,Snacks,150
3303,2025-02-02,G18,Rice 2kg,Pantry,250
3303,2025-02-02,G19,Cooking Oil 1L,Pantry,300
3303,2025-02-02,G20,Onions 1kg,Produce,80
3304,2025-02-06,G01,White Bread,Bakery,60
3304,2025-02-06,G02,Butter,Dairy,180
3304,2025-02-06,G03,Milk 1L,Dairy,120
3304,2025-02-06,G15,Beer (6-Pack),Alcohol,800
3305,2025-05-28,G03,Milk 1L,Dairy,120
3305,2025-05-28,G04,Eggs (Tray),Dairy,350
3305,2025-05-28,G06,Tea Leaves,Beverages,200
3305,2025-05-28,G08,Pasta,Pantry,120
3306,2025-01-26,G11,Potato Chips,Snacks,150
3307,2025-01-17,G05,Coffee,Beverages,450
3308,2025-04-28,G18,Rice 2kg,Pantry,250
3309,2025-06-12,G08,Pasta,Pantry,120
3309,2025-06-12,G09,Tomato Sauce,Pantry,90
3310,2025-05-17,G01,White Bread,Bakery,60
3310,2025-05-17,G02,Butter,Dairy,180
3310,2025-05-17,G03,Milk 1L,Dairy,120
3311,2025-01-22,G05,Coffee,Beverages,450
3311,2025-01-22,G13,Soda 2L,Beverages,150
3311,2025-01-22,G19,Cooking Oil 1L,Pantry,300
3311,2025-01-22,G16,Baby Wipes,Baby Care,350
3312,2025-06-02,G17,Baby Formula,Baby Care,1500
3312,2025-06-02,G03,Milk 1L,Dairy,120
3312,2025-06-02,G08,Pasta,Pantry,120
3312,2025-06-02,G09,Tomato Sauce,Pantry,90
3313,2025-05-19,G18,Rice 2kg,Pantry,250
3313,2025-05-19,G19,Cooking Oil 1L,Pantry,300
3313,2025-05-19,G20,Onions 1kg,Produce,80
3313,2025-05-19,G17,Baby Formula,Baby Care,1500
3314,2025-04-01,G01,White Bread,Bakery,60
3314,2025-04-01,G02,Butter,Dairy,180
3314,2025-04-01,G03,Milk 1L,Dairy,120
3314,2025-04-01,G04,Eggs (Tray),Dairy,350
3315,2025-04-05,G01,White Bread,Bakery,60
3315,2025-04-05,G02,Butter,Dairy,180
3315,2025-04-05,G03,Milk 1L,Dairy,120
3315,2025-04-05,G04,Eggs (Tray),Dairy,350
3315,2025-04-05,G05,Coffee,Beverages,450
3316,2025-06-27,G17,Baby Formula,Baby Care,1500
3317,2025-03-10,G03,Milk 1L,Dairy,120
3318,2025-05-21,G14,Baby Diapers,Baby Care,1200
3318,2025-05-21,G15,Beer (6-Pack),Alcohol,800
3319,2025-02-25,G11,Potato Chips,Snacks,150
3320,2025-05-13,G01,White Bread,Bakery,60
3320,2025-05-13,G03,Milk 1L,Dairy,120
3320,2025-05-13,G05,Coffee,Beverages,450
3320,2025-05-13,G08,Pasta,Pantry,120
3321,2025-04-28,G19,Cooking Oil 1L,Pantry,300
3322,2025-05-22,G16,Baby Wipes,Baby Care,350
3322,2025-05-22,G14,Baby Diapers,Baby Care,1200
3323,2025-01-13,G14,Baby Diapers,Baby Care,1200
3323,2025-01-13,G08,Pasta,Pantry,120
3324,2025-04-07,G03,Milk 1L,Dairy,120
3325,2025-04-25,G11,Potato Chips,Snacks,150
3325,2025-04-25,G12,Salsa Dip,Snacks,200
3326,2025-02-24,G16,Baby Wipes,Baby Care,350
3326,2025-02-24,G14,Baby Diapers,Baby Care,1200
3327,2025-01-20,G16,Baby Wipes,Baby Care,350
3327,2025-01-20,G14,Baby Diapers,Baby Care,1200
3328,2025-03-06,G10,Parmesan Cheese,Dairy,400
3329,2025-06-20,G03,Milk 1L,Dairy,120
3329,2025-06-20,G15,Beer (6-Pack),Alcohol,800
3329,2025-06-20,G19,Cooking Oil 1L,Pantry,300
3329,2025-06-20,G12,Salsa Dip,Snacks,200
3330,2025-02-28,G09,Tomato Sauce,Pantry,90
3331,2025-05-08,G11,Potato Chips,Snacks,150
3331,2025-05-08,G12,Salsa Dip,Snacks,200
3332,2025-03-28,G05,Coffee,Beverages,450
3332,2025-03-28,G07,Sugar 1kg,Pantry,150
3333,2025-03-19,G08,Pasta,Pantry,120
3333,2025-03-19,G09,Tomato Sauce,Pantry,90
3333,2025-03-19,G10,Parmesan Cheese,Dairy,400
3334,2025-05-02,G08,Pasta,Pantry,120
3334,2025-05-02,G09,Tomato Sauce,Pantry,90
3335,2025-04-13,G14,Baby Diapers,Baby Care,1200
3336,2025-03-11,G18,Rice 2kg,Pantry,250
3336,2025-03-11,G19,Cooking Oil 1L,Pantry,300
3336,2025-03-11,G20,Onions 1kg,Produce,80
3337,2025-05-11,G15,Beer (6-Pack),Alcohol,800
3337,2025-05-11,G09,Tomato Sauce,Pantry,90
3337,2025-05-11,G04,Eggs (Tray),Dairy,350
3337,2025-05-11,G20,Onions 1kg,Produce,80
3338,2025-04-15,G20,Onions 1kg,Produce,80
3338,2025-04-15,G03,Milk 1L,Dairy,120
3338,2025-04-15,G11,Potato Chips,Snacks,150
3339,2025-06-10,G16,Baby Wipes,Baby Care,350
3340,2025-05-15,G01,White Bread,Bakery,60
3340,2025-05-15,G02,Butter,Dairy,180
3340,2025-05-15,G03,Milk 1L,Dairy,120
3340,2025-05-15,G04,Eggs (Tray),Dairy,350
3341,2025-02-24,G11,Potato Chips,Snacks,150
3341,2025-02-24,G12,Salsa Dip,Snacks,200
3341,2025-02-24,G13,Soda 2L,Beverages,150
3341,2025-02-24,G19,Cooking Oil 1L,Pantry,300
3342,2025-02-03,G06,Tea Leaves,Beverages,200
3343,2025-05-15,G14,Baby Diapers,Baby Care,1200
3344,2025-02-20,G11,Potato Chips,Snacks,150
3344,2025-02-20,G12,Salsa Dip,Snacks,200
3345,2025-04-22,G10,Parmesan Cheese,Dairy,400
3345,2025-04-22,G13,Soda 2L,Beverages,150
3345,2025-04-22,G05,Coffee,Beverages,450
3346,2025-05-16,G16,Baby Wipes,Baby Care,350
3346,2025-05-16,G14,Baby Diapers,Baby Care,1200
3346,2025-05-16,G04,Eggs (Tray),Dairy,350
3347,2025-06-05,G16,Baby Wipes,Baby Care,350
3347,2025-06-05,G14,Baby Diapers,Baby Care,1200
3348,2025-04-24,G15,Beer (6-Pack),Alcohol,800
3348,2025-04-24,G19,Cooking Oil 1L,Pantry,300
3348,2025-04-24,G09,Tomato Sauce,Pantry,90
3349,2025-04-07,G19,Cooking Oil 1L,Pantry,300
3349,2025-04-07,G01,White Bread,Bakery,60
3350,2025-03-12,G04,Eggs (Tray),Dairy,350
3350,2025-03-12,G16,Baby Wipes,Baby Care,350
3350,2025-03-12,G05,Coffee,Beverages,450
3351,2025-04-25,G13,Soda 2L,Beverages,150
3351,2025-04-25,G11,Potato Chips,Snacks,150
3351,2025-04-25,G03,Milk 1L,Dairy,120
3352,2025-03-06,G17,Baby Formula,Baby Care,1500
3352,2025-03-06,G18,Rice 2kg,Pantry,250
3353,2025-03-14,G14,Baby Diapers,Baby Care,1200
3353,2025-03-14,G03,Milk 1L,Dairy,120
3353,2025-03-14,G20,Onions 1kg,Produce,80
3354,2025-03-04,G11,Potato Chips,Snacks,150
3354,2025-03-04,G12,Salsa Dip,Snacks,200
3354,2025-03-04,G13,Soda 2L,Beverages,150
3355,2025-06-30,G05,Coffee,Beverages,450
3355,2025-06-30,G07,Sugar 1kg,Pantry,150
3356,2025-02-13,G16,Baby Wipes,Baby Care,350
3356,2025-02-13,G14,Baby Diapers,Baby Care,1200
3357,2025-02-21,G02,Butter,Dairy,180
3357,2025-02-21,G15,Beer (6-Pack),Alcohol,800
3357,2025-02-21,G03,Milk 1L,Dairy,120
3357,2025-02-21,G17,Baby Formula,Baby Care,1500
3358,2025-01-18,G14,Baby Diapers,Baby Care,1200
3358,2025-01-18,G15,Beer (6-Pack),Alcohol,800
3359,2025-03-14,G06,Tea Leaves,Beverages,200
3360,2025-04-21,G20,Onions 1kg,Produce,80
3360,2025-04-21,G16,Baby Wipes,Baby Care,350
3360,2025-04-21,G15,Beer (6-Pack),Alcohol,800
3360,2025-04-21,G12,Salsa Dip,Snacks,200
3361,2025-03-29,G18,Rice 2kg,Pantry,250
3362,2025-04-08,G05,Coffee,Beverages,450
3362,2025-04-08,G02,Butter,Dairy,180
3362,2025-04-08,G20,Onions 1kg,Produce,80
3363,2025-02-26,G08,Pasta,Pantry,120
3363,2025-02-26,G17,Baby Formula,Baby Care,1500
3363,2025-02-26,G12,Salsa Dip,Snacks,200
3364,2025-06-09,G18,Rice 2kg,Pantry,250
3364,2025-06-09,G12,Salsa Dip,Snacks,200
3364,2025-06-09,G16,Baby Wipes,Baby Care,350
3365,2025-06-28,G09,Tomato Sauce,Pantry,90
3365,2025-06-28,G07,Sugar 1kg,Pantry,150
3366,2025-05-27,G05,Coffee,Beverages,450
3366,2025-05-27,G07,Sugar 1kg,Pantry,150
3367,2025-04-03,G12,Salsa Dip,Snacks,200
3367,2025-04-03,G02,Butter,Dairy,180
3367,2025-04-03,G17,Baby Formula,Baby Care,1500
3367,2025-04-03,G18,Rice 2kg,Pantry,250
3368,2025-06-04,G16,Baby Wipes,Baby Care,350
3368,2025-06-04,G14,Baby Diapers,Baby Care,1200
3369,2025-04-12,G18,Rice 2kg,Pantry,250
3369,2025-04-12,G19,Cooking Oil 1L,Pantry,300
3369,2025-04-12,G20,Onions 1kg,Produce,80
3370,2025-01-16,G08,Pasta,Pantry,120
3371,2025-01-08,G14,Baby Diapers,Baby Care,1200
3371,2025-01-08,G15,Beer (6-Pack),Alcohol,800
3372,2025-04-26,G14,Baby Diapers,Baby Care,1200
3372,2025-04-26,G15,Beer (6-Pack),Alcohol,800
3372,2025-04-26,G17,Baby Formula,Baby Care,1500
3373,2025-03-05,G19,Cooking Oil 1L,Pantry,300
3373,2025-03-05,G13,Soda 2L,Beverages,150
3374,2025-03-13,G11,Potato Chips,Snacks,150
3374,2025-03-13,G12,Salsa Dip,Snacks,200
3375,2025-01-10,G01,White Bread,Bakery,60
3375,2025-01-10,G02,Butter,Dairy,180
3375,2025-01-10,G03,Milk 1L,Dairy,120
3376,2025-04-11,G08,Pasta,Pantry,120
3376,2025-04-11,G09,Tomato Sauce,Pantry,90
3377,2025-05-31,G11,Potato Chips,Snacks,150
3377,2025-05-31,G12,Salsa Dip,Snacks,200
3377,2025-05-31,G13,Soda 2L,Beverages,150
3377,2025-05-31,G15,Beer (6-Pack),Alcohol,800
3378,2025-05-24,G15,Beer (6-Pack),Alcohol,800
3378,2025-05-24,G06,Tea Leaves,Beverages,200
3379,2025-02-27,G05,Coffee,Beverages,450
3379,2025-02-27,G07,Sugar 1kg,Pantry,150
3380,2025-06-18,G09,Tomato Sauce,Pantry,90
3380,2025-06-18,G20,Onions 1kg,Produce,80
3380,2025-06-18,G13,Soda 2L,Beverages,150
3381,2025-06-01,G16,Baby Wipes,Baby Care,350
3381,2025-06-01,G14,Baby Diapers,Baby Care,1200
3382,2025-06-26,G01,White Bread,Bakery,60
3382,2025-06-26,G02,Butter,Dairy,180
3382,2025-06-26,G03,Milk 1L,Dairy,120
3383,2025-03-18,G06,Tea Leaves,Beverages,200
3383,2025-03-18,G12,Salsa Dip,Snacks,200
3383,2025-03-18,G16,Baby Wipes,Baby Care,350
3384,2025-03-08,G18,Rice 2kg,Pantry,250
3384,2025-03-08,G19,Cooking Oil 1L,Pantry,300
3384,2025-03-08,G20,Onions 1kg,Produce,80
3384,2025-03-08,G17,Baby Formula,Baby Care,1500
3385,2025-04-13,G09,Tomato Sauce,Pantry,90
3385,2025-04-13,G05,Coffee,Beverages,450
3385,2025-04-13,G15,Beer (6-Pack),Alcohol,800
3385,2025-04-13,G16,Baby Wipes,Baby Care,350
3386,2025-04-18,G16,Baby Wipes,Baby Care,350
3386,2025-04-18,G14,Baby Diapers,Baby Care,1200
3387,2025-05-04,G08,Pasta,Pantry,120
3387,2025-05-04,G09,Tomato Sauce,Pantry,90
3387,2025-05-04,G10,Parmesan Cheese,Dairy,400
3388,2025-05-20,G05,Coffee,Beverages,450
3388,2025-05-20,G07,Sugar 1kg,Pantry,150
3389,2025-01-06,G11,Potato Chips,Snacks,150
3389,2025-01-06,G12,Salsa Dip,Snacks,200
3390,2025-06-04,G11,Potato Chips,Snacks,150
3390,2025-06-04,G12,Salsa Dip,Snacks,200
3390,2025-06-04,G13,Soda 2L,Beverages,150
3391,2025-04-17,G07,Sugar 1kg,Pantry,150
3391,2025-04-17,G10,Parmesan Cheese,Dairy,400
3391,2025-04-17,G06,Tea Leaves,Beverages,200
3392,2025-06-12,G11,Potato Chips,Snacks,150
3392,2025-06-12,G12,Salsa Dip,Snacks,200
3393,2025-06-23,G11,Potato Chips,Snacks,150
3393,2025-06-23,G12,Salsa Dip,Snacks,200
3393,2025-06-23,G13,Soda 2L,Beverages,150
3394,2025-06-24,G11,Potato Chips,Snacks,150
3394,2025-06-24,G12,Salsa Dip,Snacks,200
3394,2025-06-24,G13,Soda 2L,Beverages,150
3395,2025-04-12,G14,Baby Diapers,Baby Care,1200
3395,2025-04-12,G15,Beer (6-Pack),Alcohol,800
3396,2025-02-14,G13,Soda 2L,Beverages,150
3397,2025-03-12,G05,Coffee,Beverages,450
3397,2025-03-12,G07,Sugar 1kg,Pantry,150
3398,2025-03-12,G18,Rice 2kg,Pantry,250
3398,2025-03-12,G19,Cooking Oil 1L,Pantry,300
3398,2025-03-12,G20,Onions 1kg,Produce,80
3399,2025-04-08,G01,White Bread,Bakery,60
3399,2025-04-08,G02,Butter,Dairy,180
3399,2025-04-08,G03,Milk 1L,Dairy,120
3399,2025-04-08,G04,Eggs (Tray),Dairy,350
3400,2025-05-08,G04,Eggs (Tray),Dairy,350
3401,2025-02-04,G05,Coffee,Beverages,450
3401,2025-02-04,G07,Sugar 1kg,Pantry,150
3402,2025-03-24,G08,Pasta,Pantry,120
3402,2025-03-24,G09,Tomato Sauce,Pantry,90
3403,2025-06-08,G08,Pasta,Pantry,120
3403,2025-06-08,G09,Tomato Sauce,Pantry,90
3403,2025-06-08,G10,Parmesan Cheese,Dairy,400
3404,2025-02-03,G16,Baby Wipes,Baby Care,350
3404,2025-02-03,G13,Soda 2L,Beverages,150
3405,2025-02-23,G03,Milk 1L,Dairy,120
3405,2025-02-23,G12,Salsa Dip,Snacks,200
3406,2025-06-25,G08,Pasta,Pantry,120
3406,2025-06-25,G09,Tomato Sauce,Pantry,90
3406,2025-06-25,G10,Parmesan Cheese,Dairy,400
3406,2025-06-25,G03,Milk 1L,Dairy,120
3407,2025-04-19,G11,Potato Chips,Snacks,150
3407,2025-04-19,G12,Salsa Dip,Snacks,200
3407,2025-04-19,G13,Soda 2L,Beverages,150
3408,2025-04-16,G18,Rice 2kg,Pantry,250
3408,2025-04-16,G19,Cooking Oil 1L,Pantry,300
3408,2025-04-16,G20,Onions 1kg,Produce,80
3408,2025-04-16,G11,Potato Chips,Snacks,150
3409,2025-03-14,G17,Baby Formula,Baby Care,1500
3410,2025-03-05,G18,Rice 2kg,Pantry,250
3410,2025-03-05,G19,Cooking Oil 1L,Pantry,300
3410,2025-03-05,G20,Onions 1kg,Produce,80
3411,2025-05-22,G11,Potato Chips,Snacks,150
3411,2025-05-22,G12,Salsa Dip,Snacks,200
3411,2025-05-22,G13,Soda 2L,Beverages,150
3412,2025-04-29,G05,Coffee,Beverages,450
3412,2025-04-29,G07,Sugar 1kg,Pantry,150
3413,2025-02-10,G10,Parmesan Cheese,Dairy,400
3413,2025-02-10,G14,Baby Diapers,Baby Care,1200
3414,2025-06-16,G16,Baby Wipes,Baby Care,350
3414,2025-06-16,G14,Baby Diapers,Baby Care,1200
3414,2025-06-16,G09,Tomato Sauce,Pantry,90
3415,2025-02-09,G11,Potato Chips,Snacks,150
3415,2025-02-09,G12,Salsa Dip,Snacks,200
3416,2025-04-03,G15,Beer (6-Pack),Alcohol,800
3416,2025-04-03,G06,Tea Leaves,Beverages,200
3417,2025-06-04,G07,Sugar 1kg,Pantry,150
3417,2025-06-04,G19,Cooking Oil 1L,Pantry,300
3418,2025-02-24,G14,Baby Diapers,Baby Care,1200
3418,2025-02-24,G15,Beer (6-Pack),Alcohol,800
3419,2025-03-06,G14,Baby Diapers,Baby Care,1200
3419,2025-03-06,G15,Beer (6-Pack),Alcohol,800
3420,2025-02-11,G11,Potato Chips,Snacks,150
3420,2025-02-11,G12,Salsa Dip,Snacks,200
3421,2025-05-20,G18,Rice 2kg,Pantry,250
3421,2025-05-20,G19,Cooking Oil 1L,Pantry,300
3421,2025-05-20,G20,Onions 1kg,Produce,80
3422,2025-04-16,G01,White Bread,Bakery,60
3422,2025-04-16,G02,Butter,Dairy,180
3422,2025-04-16,G03,Milk 1L,Dairy,120
3423,2025-02-04,G07,Sugar 1kg,Pantry,150
3424,2025-01-04,G01,White Bread,Bakery,60
3424,2025-01-04,G02,Butter,Dairy,180
3424,2025-01-04,G03,Milk 1L,Dairy,120
3425,2025-05-25,G06,Tea Leaves,Beverages,200
3426,2025-03-12,G18,Rice 2kg,Pantry,250
3426,2025-03-12,G19,Cooking Oil 1L,Pantry,300
3426,2025-03-12,G20,Onions 1kg,Produce,80
3427,2025-01-17,G03,Milk 1L,Dairy,120
3427,2025-01-17,G20,Onions 1kg,Produce,80
3427,2025-01-17,G12,Salsa Dip,Snacks,200
3428,2025-05-08,G11,Potato Chips,Snacks,150
3428,2025-05-08,G12,Salsa Dip,Snacks,200
3428,2025-05-08,G13,Soda 2L,Beverages,150
3429,2025-05-06,G14,Baby Diapers,Baby Care,1200
3429,2025-05-06,G15,Beer (6-Pack),Alcohol,800
3430,2025-03-12,G01,White Bread,Bakery,60
3430,2025-03-12,G02,Butter,Dairy,180
3430,2025-03-12,G03,Milk 1L,Dairy,120
3431,2025-02-09,G15,Beer (6-Pack),Alcohol,800
3432,2025-04-30,G19,Cooking Oil 1L,Pantry,300
3433,2025-03-09,G08,Pasta,Pantry,120
3434,2025-01-29,G15,Beer (6-Pack),Alcohol,800
3434,2025-01-29,G09,Tomato Sauce,Pantry,90
3434,2025-01-29,G12,Salsa Dip,Snacks,200
3435,2025-04-12,G04,Eggs (Tray),Dairy,350
3435,2025-04-12,G02,Butter,Dairy,180
3435,2025-04-12,G09,Tomato Sauce,Pantry,90
3436,2025-04-22,G04,Eggs (Tray),Dairy,350
3437,2025-02-18,G02,Butter,Dairy,180
3438,2025-06-29,G05,Coffee,Beverages,450
3438,2025-06-29,G07,Sugar 1kg,Pantry,150
3439,2025-04-20,G02,Butter,Dairy,180
3439,2025-04-20,G05,Coffee,Beverages,450
3439,2025-04-20,G10,Parmesan Cheese,Dairy,400
3440,2025-05-04,G09,Tomato Sauce,Pantry,90
3441,2025-04-17,G13,Soda 2L,Beverages,150
3441,2025-04-17,G17,Baby Formula,Baby Care,1500
3441,2025-04-17,G12,Salsa Dip,Snacks,200
3442,2025-05-11,G14,Baby Diapers,Baby Care,1200
3442,2025-05-11,G15,Beer (6-Pack),Alcohol,800
3443,2025-06-01,G18,Rice 2kg,Pantry,250
3443,2025-06-01,G19,Cooking Oil 1L,Pantry,300
3443,2025-06-01,G20,Onions 1kg,Produce,80
3444,2025-01-28,G09,Tomato Sauce,Pantry,90
3445,2025-05-29,G01,White Bread,Bakery,60
3445,2025-05-29,G02,Butter,Dairy,180
3445,2025-05-29,G03,Milk 1L,Dairy,120
3446,2025-04-10,G14,Baby Diapers,Baby Care,1200
3446,2025-04-10,G15,Beer (6-Pack),Alcohol,800
3447,2025-06-13,G05,Coffee,Beverages,450
3447,2025-06-13,G07,Sugar 1kg,Pantry,150
3448,2025-04-02,G10,Parmesan Cheese,Dairy,400
3448,2025-04-02,G03,Milk 1L,Dairy,120
3449,2025-05-26,G14,Baby Diapers,Baby Care,1200
3450,2025-06-03,G04,Eggs (Tray),Dairy,350
3450,2025-06-03,G08,Pasta,Pantry,120
3450,2025-06-03,G12,Salsa Dip,Snacks,200
3451,2025-04-05,G18,Rice 2kg,Pantry,250
3452,2025-06-30,G16,Baby Wipes,Baby Care,350
3452,2025-06-30,G10,Parmesan Cheese,Dairy,400
3453,2025-02-28,G14,Baby Diapers,Baby Care,1200
3453,2025-02-28,G15,Beer (6-Pack),Alcohol,800
3454,2025-05-28,G14,Baby Diapers,Baby Care,1200
3454,2025-05-28,G15,Beer (6-Pack),Alcohol,800
3455,2025-05-07,G07,Sugar 1kg,Pantry,150
3455,2025-05-07,G20,Onions 1kg,Produce,80
3456,2025-02-06,G20,Onions 1kg,Produce,80
3457,2025-01-24,G16,Baby Wipes,Baby Care,350
3458,2025-04-03,G16,Baby Wipes,Baby Care,350
3458,2025-04-03,G14,Baby Diapers,Baby Care,1200
3458,2025-04-03,G17,Baby Formula,Baby Care,1500
3459,2025-02-23,G01,White Bread,Bakery,60
3459,2025-02-23,G16,Baby Wipes,Baby Care,350
3460,2025-02-28,G17,Baby Formula,Baby Care,1500
3460,2025-02-28,G19,Cooking Oil 1L,Pantry,300
3460,2025-02-28,G13,Soda 2L,Beverages,150
3461,2025-03-11,G01,White Bread,Bakery,60
3461,2025-03-11,G06,Tea Leaves,Beverages,200
3461,2025-03-11,G16,Baby Wipes,Baby Care,350
3461,2025-03-11,G20,Onions 1kg,Produce,80
3462,2025-05-03,G08,Pasta,Pantry,120
3462,2025-05-03,G09,Tomato Sauce,Pantry,90
3463,2025-01-31,G09,Tomato Sauce,Pantry,90
3463,2025-01-31,G07,Sugar 1kg,Pantry,150
3463,2025-01-31,G13,Soda 2L,Beverages,150
3464,2025-04-28,G07,Sugar 1kg,Pantry,150
3464,2025-04-28,G20,Onions 1kg,Produce,80
3465,2025-01-23,G06,Tea Leaves,Beverages,200
3465,2025-01-23,G07,Sugar 1kg,Pantry,150
3465,2025-01-23,G05,Coffee,Beverages,450
3465,2025-01-23,G03,Milk 1L,Dairy,120
3466,2025-05-21,G03,Milk 1L,Dairy,120
3466,2025-05-21,G15,Beer (6-Pack),Alcohol,800
3466,2025-05-21,G07,Sugar 1kg,Pantry,150
3467,2025-03-06,G01,White Bread,Bakery,60
3467,2025-03-06,G02,Butter,Dairy,180
3467,2025-03-06,G03,Milk 1L,Dairy,120
3467,2025-03-06,G04,Eggs (Tray),Dairy,350
3468,2025-06-24,G16,Baby Wipes,Baby Care,350
3468,2025-06-24,G11,Potato Chips,Snacks,150
3468,2025-06-24,G13,Soda 2L,Beverages,150
3468,2025-06-24,G12,Salsa Dip,Snacks,200
3469,2025-04-11,G18,Rice 2kg,Pantry,250
3470,2025-03-28,G05,Coffee,Beverages,450
3470,2025-03-28,G07,Sugar 1kg,Pantry,150
3471,2025-05-22,G05,Coffee,Beverages,450
3471,2025-05-22,G07,Sugar 1kg,Pantry,150
3472,2025-05-30,G18,Rice 2kg,Pantry,250
3472,2025-05-30,G19,Cooking Oil 1L,Pantry,300
3472,2025-05-30,G20,Onions 1kg,Produce,80
3473,2025-03-02,G19,Cooking Oil 1L,Pantry,300
3474,2025-03-28,G18,Rice 2kg,Pantry,250
3474,2025-03-28,G19,Cooking Oil 1L,Pantry,300
3474,2025-03-28,G20,Onions 1kg,Produce,80
3475,2025-02-18,G14,Baby Diapers,Baby Care,1200
3475,2025-02-18,G15,Beer (6-Pack),Alcohol,800
3476,2025-02-07,G16,Baby Wipes,Baby Care,350
3476,2025-02-07,G14,Baby Diapers,Baby Care,1200
3477,2025-02-16,G06,Tea Leaves,Beverages,200
3477,2025-02-16,G17,Baby Formula,Baby Care,1500
3477,2025-02-16,G04,Eggs (Tray),Dairy,350
3477,2025-02-16,G02,Butter,Dairy,180
3478,2025-01-01,G13,Soda 2L,Beverages,150
3478,2025-01-01,G14,Baby Diapers,Baby Care,1200
3478,2025-01-01,G10,Parmesan Cheese,Dairy,400
3479,2025-02-18,G03,Milk 1L,Dairy,120
3479,2025-02-18,G10,Parmesan Cheese,Dairy,400
3480,2025-06-06,G08,Pasta,Pantry,120
3480,2025-06-06,G09,Tomato Sauce,Pantry,90
3481,2025-06-03,G19,Cooking Oil 1L,Pantry,300
3481,2025-06-03,G05,Coffee,Beverages,450
3481,2025-06-03,G16,Baby Wipes,Baby Care,350
3481,2025-06-03,G03,Milk 1L,Dairy,120
3482,2025-04-19,G11,Potato Chips,Snacks,150
3482,2025-04-19,G06,Tea Leaves,Beverages,200
3482,2025-04-19,G20,Onions 1kg,Produce,80
3483,2025-04-20,G14,Baby Diapers,Baby Care,1200
3483,2025-04-20,G15,Beer (6-Pack),Alcohol,800
3484,2025-01-16,G16,Baby Wipes,Baby Care,350
3484,2025-01-16,G14,Baby Diapers,Baby Care,1200
3484,2025-01-16,G17,Baby Formula,Baby Care,1500
3485,2025-04-28,G05,Coffee,Beverages,450
3485,2025-04-28,G07,Sugar 1kg,Pantry,150
3486,2025-03-07,G01,White Bread,Bakery,60
3487,2025-06-08,G16,Baby Wipes,Baby Care,350
3487,2025-06-08,G14,Baby Diapers,Baby Care,1200
3488,2025-06-05,G01,White Bread,Bakery,60
3488,2025-06-05,G02,Butter,Dairy,180
3488,2025-06-05,G03,Milk 1L,Dairy,120
3489,2025-02-25,G08,Pasta,Pantry,120
3489,2025-02-25,G15,Beer (6-Pack),Alcohol,800
3489,2025-02-25,G12,Salsa Dip,Snacks,200
3490,2025-05-07,G11,Potato Chips,Snacks,150
3490,2025-05-07,G12,Salsa Dip,Snacks,200
3490,2025-05-07,G13,Soda 2L,Beverages,150
3490,2025-05-07,G14,Baby Diapers,Baby Care,1200
3491,2025-06-29,G01,White Bread,Bakery,60
3492,2025-02-09,G05,Coffee,Beverages,450
3492,2025-02-09,G16,Baby Wipes,Baby Care,350
3492,2025-02-09,G10,Parmesan Cheese,Dairy,400
3493,2025-06-01,G06,Tea Leaves,Beverages,200
3494,2025-06-17,G08,Pasta,Pantry,120
3494,2025-06-17,G09,Tomato Sauce,Pantry,90
3494,2025-06-17,G10,Parmesan Cheese,Dairy,400
3495,2025-01-01,G08,Pasta,Pantry,120
3495,2025-01-01,G09,Tomato Sauce,Pantry,90
3495,2025-01-01,G10,Parmesan Cheese,Dairy,400
3496,2025-06-12,G17,Baby Formula,Baby Care,1500
3497,2025-02-19,G14,Baby Diapers,Baby Care,1200
3497,2025-02-19,G15,Beer (6-Pack),Alcohol,800
3498,2025-05-20,G01,White Bread,Bakery,60
3498,2025-05-20,G02,Butter,Dairy,180
3498,2025-05-20,G03,Milk 1L,Dairy,120
3499,2025-04-05,G07,Sugar 1kg,Pantry,150
3499,2025-04-05,G08,Pasta,Pantry,120
3499,2025-04-05,G02,Butter,Dairy,180
3500,2025-03-24,G01,White Bread,Bakery,60
3500,2025-03-24,G02,Butter,Dairy,180
3500,2025-03-24,G03,Milk 1L,Dairy,120
3500,2025-03-24,G04,Eggs (Tray),Dairy,350
3501,2025-01-10,G08,Pasta,Pantry,120
3501,2025-01-10,G09,Tomato Sauce,Pantry,90
3501,2025-01-10,G10,Parmesan Cheese,Dairy,400
3502,2025-05-05,G06,Tea Leaves,Beverages,200
3502,2025-05-05,G05,Coffee,Beverages,450
3502,2025-05-05,G02,Butter,Dairy,180
3502,2025-05-05,G19,Cooking Oil 1L,Pantry,300
3503,2025-04-01,G08,Pasta,Pantry,120
3503,2025-04-01,G09,Tomato Sauce,Pantry,90
3503,2025-04-01,G10,Parmesan Cheese,Dairy,400
3504,2025-01-17,G01,White Bread,Bakery,60
3504,2025-01-17,G02,Butter,Dairy,180
3504,2025-01-17,G03,Milk 1L,Dairy,120
3504,2025-01-17,G04,Eggs (Tray),Dairy,350
3505,2025-05-18,G14,Baby Diapers,Baby Care,1200
3505,2025-05-18,G15,Beer (6-Pack),Alcohol,800
3506,2025-06-30,G05,Coffee,Beverages,450
3506,2025-06-30,G16,Baby Wipes,Baby Care,350
3506,2025-06-30,G03,Milk 1L,Dairy,120
3506,2025-06-30,G10,Parmesan Cheese,Dairy,400
3507,2025-01-19,G17,Baby Formula,Baby Care,1500
3507,2025-01-19,G19,Cooking Oil 1L,Pantry,300
3508,2025-01-11,G05,Coffee,Beverages,450
3508,2025-01-11,G07,Sugar 1kg,Pantry,150
3509,2025-04-12,G13,Soda 2L,Beverages,150
3509,2025-04-12,G12,Salsa Dip,Snacks,200
3509,2025-04-12,G10,Parmesan Cheese,Dairy,400
3510,2025-01-01,G20,Onions 1kg,Produce,80
3511,2025-02-21,G16,Baby Wipes,Baby Care,350
3511,2025-02-21,G14,Baby Diapers,Baby Care,1200
3512,2025-02-09,G04,Eggs (Tray),Dairy,350
3512,2025-02-09,G08,Pasta,Pantry,120
3512,2025-02-09,G16,Baby Wipes,Baby Care,350
3513,2025-05-14,G08,Pasta,Pantry,120
3513,2025-05-14,G17,Baby Formula,Baby Care,1500
3513,2025-05-14,G18,Rice 2kg,Pantry,250
3513,2025-05-14,G12,Salsa Dip,Snacks,200
3514,2025-05-07,G08,Pasta,Pantry,120
3514,2025-05-07,G13,Soda 2L,Beverages,150
3514,2025-05-07,G04,Eggs (Tray),Dairy,350
3515,2025-02-20,G16,Baby Wipes,Baby Care,350
3515,2025-02-20,G14,Baby Diapers,Baby Care,1200
3515,2025-02-20,G17,Baby Formula,Baby Care,1500
3516,2025-01-07,G13,Soda 2L,Beverages,150
3516,2025-01-07,G08,Pasta,Pantry,120
3516,2025-01-07,G06,Tea Leaves,Beverages,200
3517,2025-01-02,G01,White Bread,Bakery,60
3517,2025-01-02,G02,Butter,Dairy,180
3517,2025-01-02,G03,Milk 1L,Dairy,120
3518,2025-02-26,G01,White Bread,Bakery,60
3518,2025-02-26,G02,Butter,Dairy,180
3518,2025-02-26,G03,Milk 1L,Dairy,120
3518,2025-02-26,G04,Eggs (Tray),Dairy,350
3519,2025-02-11,G11,Potato Chips,Snacks,150
3519,2025-02-11,G08,Pasta,Pantry,120
3520,2025-03-11,G09,Tomato Sauce,Pantry,90
3521,2025-03-18,G07,Sugar 1kg,Pantry,150
3522,2025-03-04,G16,Baby Wipes,Baby Care,350
3522,2025-03-04,G14,Baby Diapers,Baby Care,1200
3523,2025-03-22,G09,Tomato Sauce,Pantry,90
3524,2025-02-12,G11,Potato Chips,Snacks,150
3524,2025-02-12,G12,Salsa Dip,Snacks,200
3524,2025-02-12,G13,Soda 2L,Beverages,150
3525,2025-06-03,G05,Coffee,Beverages,450
3525,2025-06-03,G07,Sugar 1kg,Pantry,150
3526,2025-03-11,G08,Pasta,Pantry,120
3526,2025-03-11,G09,Tomato Sauce,Pantry,90
3526,2025-03-11,G10,Parmesan Cheese,Dairy,400
3527,2025-04-15,G03,Milk 1L,Dairy,120
3527,2025-04-15,G15,Beer (6-Pack),Alcohol,800
3527,2025-04-15,G14,Baby Diapers,Baby Care,1200
3527,2025-04-15,G02,Butter,Dairy,180
3528,2025-02-26,G16,Baby Wipes,Baby Care,350
3529,2025-02-25,G06,Tea Leaves,Beverages,200
3529,2025-02-25,G16,Baby Wipes,Baby Care,350
3529,2025-02-25,G10,Parmesan Cheese,Dairy,400
3529,2025-02-25,G08,Pasta,Pantry,120
3530,2025-03-07,G03,Milk 1L,Dairy,120
3531,2025-06-04,G15,Beer (6-Pack),Alcohol,800
3532,2025-06-19,G08,Pasta,Pantry,120
3532,2025-06-19,G09,Tomato Sauce,Pantry,90
3533,2025-04-25,G14,Baby Diapers,Baby Care,1200
3533,2025-04-25,G15,Beer (6-Pack),Alcohol,800
3534,2025-01-02,G08,Pasta,Pantry,120
3534,2025-01-02,G09,Tomato Sauce,Pantry,90
3534,2025-01-02,G10,Parmesan Cheese,Dairy,400
3535,2025-02-05,G02,Butter,Dairy,180
3535,2025-02-05,G11,Potato Chips,Snacks,150
3535,2025-02-05,G07,Sugar 1kg,Pantry,150
3535,2025-02-05,G04,Eggs (Tray),Dairy,350
3536,2025-04-16,G05,Coffee,Beverages,450
3536,2025-04-16,G07,Sugar 1kg,Pantry,150
3537,2025-05-06,G05,Coffee,Beverages,450
3537,2025-05-06,G07,Sugar 1kg,Pantry,150
3538,2025-03-29,G11,Potato Chips,Snacks,150
3538,2025-03-29,G12,Salsa Dip,Snacks,200
3538,2025-03-29,G13,Soda 2L,Beverages,150
3539,2025-05-20,G11,Potato Chips,Snacks,150
3539,2025-05-20,G12,Salsa Dip,Snacks,200
3539,2025-05-20,G13,Soda 2L,Beverages,150
3540,2025-06-24,G16,Baby Wipes,Baby Care,350
3540,2025-06-24,G14,Baby Diapers,Baby Care,1200
3541,2025-04-12,G01,White Bread,Bakery,60
3541,2025-04-12,G11,Potato Chips,Snacks,150
3541,2025-04-12,G15,Beer (6-Pack),Alcohol,800
3541,2025-04-12,G20,Onions 1kg,Produce,80
3542,2025-02-18,G08,Pasta,Pantry,120
3542,2025-02-18,G09,Tomato Sauce,Pantry,90
3542,2025-02-18,G10,Parmesan Cheese,Dairy,400
3543,2025-01-04,G08,Pasta,Pantry,120
3543,2025-01-04,G09,Tomato Sauce,Pantry,90
3544,2025-02-13,G11,Potato Chips,Snacks,150
3544,2025-02-13,G12,Salsa Dip,Snacks,200
3544,2025-02-13,G13,Soda 2L,Beverages,150
3544,2025-02-13,G14,Baby Diapers,Baby Care,1200
3545,2025-01-07,G08,Pasta,Pantry,120
3545,2025-01-07,G09,Tomato Sauce,Pantry,90
3545,2025-01-07,G10,Parmesan Cheese,Dairy,400
3546,2025-05-24,G08,Pasta,Pantry,120
3546,2025-05-24,G14,Baby Diapers,Baby Care,1200
3547,2025-01-11,G11,Potato Chips,Snacks,150
3547,2025-01-11,G12,Salsa Dip,Snacks,200
3548,2025-02-02,G19,Cooking Oil 1L,Pantry,300
3548,2025-02-02,G17,Baby Formula,Baby Care,1500
3549,2025-06-19,G14,Baby Diapers,Baby Care,1200
3549,2025-06-19,G15,Beer (6-Pack),Alcohol,800
3550,2025-05-12,G15,Beer (6-Pack),Alcohol,800
3551,2025-01-26,G06,Tea Leaves,Beverages,200
3552,2025-05-05,G14,Baby Diapers,Baby Care,1200
3553,2025-02-26,G05,Coffee,Beverages,450
3554,2025-03-22,G10,Parmesan Cheese,Dairy,400
3554,2025-03-22,G04,Eggs (Tray),Dairy,350
3554,2025-03-22,G16,Baby Wipes,Baby Care,350
3555,2025-02-09,G17,Baby Formula,Baby Care,1500
3555,2025-02-09,G10,Parmesan Cheese,Dairy,400
3555,2025-02-09,G05,Coffee,Beverages,450
3556,2025-01-01,G05,Coffee,Beverages,450
3556,2025-01-01,G07,Sugar 1kg,Pantry,150
3556,2025-01-01,G19,Cooking Oil 1L,Pantry,300
3557,2025-04-24,G14,Baby Diapers,Baby Care,1200
3557,2025-04-24,G15,Beer (6-Pack),Alcohol,800
3558,2025-04-01,G09,Tomato Sauce,Pantry,90
3559,2025-01-26,G08,Pasta,Pantry,120
3559,2025-01-26,G09,Tomato Sauce,Pantry,90
3560,2025-03-21,G14,Baby Diapers,Baby Care,1200
3560,2025-03-21,G15,Beer (6-Pack),Alcohol,800
3561,2025-06-17,G08,Pasta,Pantry,120
3561,2025-06-17,G09,Tomato Sauce,Pantry,90
3561,2025-06-17,G10,Parmesan Cheese,Dairy,400
3562,2025-06-29,G12,Salsa Dip,Snacks,200
3563,2025-05-20,G11,Potato Chips,Snacks,150
3564,2025-04-07,G11,Potato Chips,Snacks,150
3564,2025-04-07,G12,Salsa Dip,Snacks,200
3564,2025-04-07,G13,Soda 2L,Beverages,150
3565,2025-06-14,G02,Butter,Dairy,180
3565,2025-06-14,G04,Eggs (Tray),Dairy,350
3565,2025-06-14,G01,White Bread,Bakery,60
3565,2025-06-14,G20,Onions 1kg,Produce,80
3566,2025-05-23,G16,Baby Wipes,Baby Care,350
3566,2025-05-23,G14,Baby Diapers,Baby Care,1200
3567,2025-06-21,G16,Baby Wipes,Baby Care,350
3567,2025-06-21,G14,Baby Diapers,Baby Care,1200
3568,2025-05-27,G03,Milk 1L,Dairy,120
3569,2025-02-04,G11,Potato Chips,Snacks,150
3569,2025-02-04,G12,Salsa Dip,Snacks,200
3570,2025-04-13,G18,Rice 2kg,Pantry,250
3570,2025-04-13,G19,Cooking Oil 1L,Pantry,300
3570,2025-04-13,G20,Onions 1kg,Produce,80
3571,2025-05-25,G14,Baby Diapers,Baby Care,1200
3571,2025-05-25,G15,Beer (6-Pack),Alcohol,800
3572,2025-03-19,G05,Coffee,Beverages,450
3572,2025-03-19,G07,Sugar 1kg,Pantry,150
3573,2025-03-17,G11,Potato Chips,Snacks,150
3573,2025-03-17,G10,Parmesan Cheese,Dairy,400
3574,2025-02-21,G05,Coffee,Beverages,450
3574,2025-02-21,G07,Sugar 1kg,Pantry,150
3575,2025-05-16,G17,Baby Formula,Baby Care,1500
3576,2025-01-04,G08,Pasta,Pantry,120
3576,2025-01-04,G09,Tomato Sauce,Pantry,90
3577,2025-01-12,G02,Butter,Dairy,180
3577,2025-01-12,G05,Coffee,Beverages,450
3577,2025-01-12,G20,Onions 1kg,Produce,80
3578,2025-01-25,G11,Potato Chips,Snacks,150
3579,2025-01-08,G20,Onions 1kg,Produce,80
3580,2025-06-05,G01,White Bread,Bakery,60
3580,2025-06-05,G02,Butter,Dairy,180
3580,2025-06-05,G03,Milk 1L,Dairy,120
3580,2025-06-05,G04,Eggs (Tray),Dairy,350
3581,2025-04-19,G10,Parmesan Cheese,Dairy,400
3582,2025-02-21,G08,Pasta,Pantry,120
3582,2025-02-21,G09,Tomato Sauce,Pantry,90
3582,2025-02-21,G10,Parmesan Cheese,Dairy,400
3583,2025-01-16,G08,Pasta,Pantry,120
3584,2025-05-26,G01,White Bread,Bakery,60
3584,2025-05-26,G02,Butter,Dairy,180
3584,2025-05-26,G03,Milk 1L,Dairy,120
3584,2025-05-26,G04,Eggs (Tray),Dairy,350
3585,2025-05-17,G08,Pasta,Pantry,120
3585,2025-05-17,G09,Tomato Sauce,Pantry,90
3585,2025-05-17,G10,Parmesan Cheese,Dairy,400
3586,2025-02-19,G15,Beer (6-Pack),Alcohol,800
3586,2025-02-19,G17,Baby Formula,Baby Care,1500
3586,2025-02-19,G10,Parmesan Cheese,Dairy,400
3587,2025-01-02,G05,Coffee,Beverages,450
3587,2025-01-02,G06,Tea Leaves,Beverages,200
3587,2025-01-02,G07,Sugar 1kg,Pantry,150
3587,2025-01-02,G11,Potato Chips,Snacks,150
3588,2025-03-29,G11,Potato Chips,Snacks,150
3588,2025-03-29,G12,Salsa Dip,Snacks,200
3589,2025-01-21,G08,Pasta,Pantry,120
3589,2025-01-21,G09,Tomato Sauce,Pantry,90
3589,2025-01-21,G06,Tea Leaves,Beverages,200
3590,2025-04-23,G14,Baby Diapers,Baby Care,1200
3590,2025-04-23,G15,Beer (6-Pack),Alcohol,800
3591,2025-05-08,G11,Potato Chips,Snacks,150
3591,2025-05-08,G12,Salsa Dip,Snacks,200
3591,2025-05-08,G13,Soda 2L,Beverages,150
3592,2025-01-07,G16,Baby Wipes,Baby Care,350
3592,2025-01-07,G13,Soda 2L,Beverages,150
3593,2025-01-10,G16,Baby Wipes,Baby Care,350
3593,2025-01-10,G14,Baby Diapers,Baby Care,1200
3593,2025-01-10,G17,Baby Formula,Baby Care,1500
3594,2025-05-13,G19,Cooking Oil 1L,Pantry,300
3595,2025-06-11,G08,Pasta,Pantry,120
3595,2025-06-11,G09,Tomato Sauce,Pantry,90
3596,2025-04-23,G15,Beer (6-Pack),Alcohol,800
3596,2025-04-23,G02,Butter,Dairy,180
3596,2025-04-23,G14,Baby Diapers,Baby Care,1200
3597,2025-04-28,G05,Coffee,Beverages,450
3597,2025-04-28,G06,Tea Leaves,Beverages,200
3597,2025-04-28,G16,Baby Wipes,Baby Care,350
3597,2025-04-28,G07,Sugar 1kg,Pantry,150
3598,2025-02-24,G13,Soda 2L,Beverages,150
3599,2025-03-18,G01,White Bread,Bakery,60
3599,2025-03-18,G15,Beer (6-Pack),Alcohol,800
3599,2025-03-18,G14,Baby Diapers,Baby Care,1200
3599,2025-03-18,G02,Butter,Dairy,180
3600,2025-04-25,G11,Potato Chips,Snacks,150
3600,2025-04-25,G12,Salsa Dip,Snacks,200
3601,2025-04-03,G05,Coffee,Beverages,450
3601,2025-04-03,G07,Sugar 1kg,Pantry,150
3602,2025-04-06,G14,Baby Diapers,Baby Care,1200
3602,2025-04-06,G15,Beer (6-Pack),Alcohol,800
3603,2025-06-07,G10,Parmesan Cheese,Dairy,400
3603,2025-06-07,G09,Tomato Sauce,Pantry,90
3603,2025-06-07,G19,Cooking Oil 1L,Pantry,300
3604,2025-04-08,G16,Baby Wipes,Baby Care,350
3604,2025-04-08,G14,Baby Diapers,Baby Care,1200
3605,2025-03-17,G11,Potato Chips,Snacks,150
3605,2025-03-17,G12,Salsa Dip,Snacks,200
3606,2025-04-28,G07,Sugar 1kg,Pantry,150
3607,2025-01-21,G13,Soda 2L,Beverages,150
3608,2025-03-15,G08,Pasta,Pantry,120
3608,2025-03-15,G09,Tomato Sauce,Pantry,90
3608,2025-03-15,G10,Parmesan Cheese,Dairy,400
3609,2025-06-20,G05,Coffee,Beverages,450
3609,2025-06-20,G07,Sugar 1kg,Pantry,150
3610,2025-06-30,G02,Butter,Dairy,180
3610,2025-06-30,G03,Milk 1L,Dairy,120
3611,2025-06-16,G19,Cooking Oil 1L,Pantry,300
3611,2025-06-16,G09,Tomato Sauce,Pantry,90
3612,2025-02-22,G14,Baby Diapers,Baby Care,1200
3612,2025-02-22,G15,Beer (6-Pack),Alcohol,800
3613,2025-03-08,G08,Pasta,Pantry,120
3613,2025-03-08,G09,Tomato Sauce,Pantry,90
3613,2025-03-08,G10,Parmesan Cheese,Dairy,400
3614,2025-01-15,G11,Potato Chips,Snacks,150
3614,2025-01-15,G08,Pasta,Pantry,120
3614,2025-01-15,G06,Tea Leaves,Beverages,200
3615,2025-03-18,G08,Pasta,Pantry,120
3615,2025-03-18,G09,Tomato Sauce,Pantry,90
3615,2025-03-18,G12,Salsa Dip,Snacks,200
3616,2025-05-25,G14,Baby Diapers,Baby Care,1200
3616,2025-05-25,G15,Beer (6-Pack),Alcohol,800
3617,2025-04-04,G14,Baby Diapers,Baby Care,1200
3617,2025-04-04,G07,Sugar 1kg,Pantry,150
3617,2025-04-04,G09,Tomato Sauce,Pantry,90
3618,2025-06-20,G08,Pasta,Pantry,120
3618,2025-06-20,G09,Tomato Sauce,Pantry,90
3619,2025-02-20,G05,Coffee,Beverages,450
3619,2025-02-20,G01,White Bread,Bakery,60
3620,2025-04-05,G01,White Bread,Bakery,60
3620,2025-04-05,G02,Butter,Dairy,180
3620,2025-04-05,G03,Milk 1L,Dairy,120
3621,2025-02-12,G19,Cooking Oil 1L,Pantry,300
3621,2025-02-12,G11,Potato Chips,Snacks,150
3621,2025-02-12,G18,Rice 2kg,Pantry,250
3621,2025-02-12,G16,Baby Wipes,Baby Care,350
3622,2025-06-02,G14,Baby Diapers,Baby Care,1200
3622,2025-06-02,G17,Baby Formula,Baby Care,1500
3622,2025-06-02,G19,Cooking Oil 1L,Pantry,300
3622,2025-06-02,G18,Rice 2kg,Pantry,250
3623,2025-05-30,G16,Baby Wipes,Baby Care,350
3623,2025-05-30,G14,Baby Diapers,Baby Care,1200
3623,2025-05-30,G17,Baby Formula,Baby Care,1500
3624,2025-04-24,G18,Rice 2kg,Pantry,250
3624,2025-04-24,G19,Cooking Oil 1L,Pantry,300
3624,2025-04-24,G20,Onions 1kg,Produce,80
3625,2025-06-15,G08,Pasta,Pantry,120
3625,2025-06-15,G09,Tomato Sauce,Pantry,90
3626,2025-05-28,G11,Potato Chips,Snacks,150
3626,2025-05-28,G12,Salsa Dip,Snacks,200
3626,2025-05-28,G13,Soda 2L,Beverages,150
3627,2025-06-19,G08,Pasta,Pantry,120
3627,2025-06-19,G09,Tomato Sauce,Pantry,90
3627,2025-06-19,G10,Parmesan Cheese,Dairy,400
3628,2025-05-27,G11,Potato Chips,Snacks,150
3628,2025-05-27,G12,Salsa Dip,Snacks,200
3629,2025-04-28,G16,Baby Wipes,Baby Care,350
3630,2025-04-05,G12,Salsa Dip,Snacks,200
3630,2025-04-05,G11,Potato Chips,Snacks,150
3630,2025-04-05,G03,Milk 1L,Dairy,120
3630,2025-04-05,G16,Baby Wipes,Baby Care,350
3631,2025-06-26,G08,Pasta,Pantry,120
3631,2025-06-26,G09,Tomato Sauce,Pantry,90
3632,2025-02-02,G11,Potato Chips,Snacks,150
3632,2025-02-02,G13,Soda 2L,Beverages,150
3633,2025-06-23,G01,White Bread,Bakery,60
3633,2025-06-23,G02,Butter,Dairy,180
3633,2025-06-23,G03,Milk 1L,Dairy,120
3634,2025-04-22,G08,Pasta,Pantry,120
3634,2025-04-22,G09,Tomato Sauce,Pantry,90
3635,2025-03-06,G14,Baby Diapers,Baby Care,1200
3636,2025-05-03,G11,Potato Chips,Snacks,150
3636,2025-05-03,G02,Butter,Dairy,180
3636,2025-05-03,G03,Milk 1L,Dairy,120
3637,2025-04-25,G09,Tomato Sauce,Pantry,90
3637,2025-04-25,G02,Butter,Dairy,180
3637,2025-04-25,G17,Baby Formula,Baby Care,1500
3638,2025-01-23,G16,Baby Wipes,Baby Care,350
3638,2025-01-23,G14,Baby Diapers,Baby Care,1200
3639,2025-02-24,G16,Baby Wipes,Baby Care,350
3639,2025-02-24,G14,Baby Diapers,Baby Care,1200
3640,2025-02-19,G16,Baby Wipes,Baby Care,350
3640,2025-02-19,G14,Baby Diapers,Baby Care,1200
3641,2025-01-11,G11,Potato Chips,Snacks,150
3641,2025-01-11,G12,Salsa Dip,Snacks,200
3642,2025-01-13,G08,Pasta,Pantry,120
3643,2025-02-28,G12,Salsa Dip,Snacks,200
3643,2025-02-28,G02,Butter,Dairy,180
3644,2025-03-14,G01,White Bread,Bakery,60
3644,2025-03-14,G02,Butter,Dairy,180
3644,2025-03-14,G03,Milk 1L,Dairy,120
3644,2025-03-14,G04,Eggs (Tray),Dairy,350
3645,2025-03-06,G05,Coffee,Beverages,450
3645,2025-03-06,G07,Sugar 1kg,Pantry,150
3646,2025-03-26,G01,White Bread,Bakery,60
3646,2025-03-26,G02,Butter,Dairy,180
3646,2025-03-26,G03,Milk 1L,Dairy,120
3646,2025-03-26,G04,Eggs (Tray),Dairy,350
3647,2025-06-06,G04,Eggs (Tray),Dairy,350
3647,2025-06-06,G17,Baby Formula,Baby Care,1500
3648,2025-03-11,G19,Cooking Oil 1L,Pantry,300
3648,2025-03-11,G14,Baby Diapers,Baby Care,1200
3648,2025-03-11,G18,Rice 2kg,Pantry,250
3649,2025-04-28,G05,Coffee,Beverages,450
3649,2025-04-28,G04,Eggs (Tray),Dairy,350
3650,2025-02-06,G03,Milk 1L,Dairy,120
3650,2025-02-06,G15,Beer (6-Pack),Alcohol,800
3651,2025-06-01,G07,Sugar 1kg,Pantry,150
3652,2025-01-17,G12,Salsa Dip,Snacks,200
3653,2025-06-09,G17,Baby Formula,Baby Care,1500
3653,2025-06-09,G16,Baby Wipes,Baby Care,350
3654,2025-04-28,G18,Rice 2kg,Pantry,250
3654,2025-04-28,G19,Cooking Oil 1L,Pantry,300
3654,2025-04-28,G20,Onions 1kg,Produce,80
3655,2025-02-18,G08,Pasta,Pantry,120
3655,2025-02-18,G09,Tomato Sauce,Pantry,90
3655,2025-02-18,G10,Parmesan Cheese,Dairy,400
3656,2025-03-08,G04,Eggs (Tray),Dairy,350
3657,2025-05-24,G14,Baby Diapers,Baby Care,1200
3657,2025-05-24,G15,Beer (6-Pack),Alcohol,800
3658,2025-05-18,G11,Potato Chips,Snacks,150
3658,2025-05-18,G12,Salsa Dip,Snacks,200
3658,2025-05-18,G13,Soda 2L,Beverages,150
3659,2025-04-20,G12,Salsa Dip,Snacks,200
3659,2025-04-20,G09,Tomato Sauce,Pantry,90
3660,2025-06-12,G19,Cooking Oil 1L,Pantry,300
3661,2025-04-13,G03,Milk 1L,Dairy,120
3661,2025-04-13,G14,Baby Diapers,Baby Care,1200
3661,2025-04-13,G09,Tomato Sauce,Pantry,90
3662,2025-04-26,G07,Sugar 1kg,Pantry,150
3662,2025-04-26,G19,Cooking Oil 1L,Pantry,300
3662,2025-04-26,G12,Salsa Dip,Snacks,200
3662,2025-04-26,G04,Eggs (Tray),Dairy,350
3663,2025-03-09,G01,White Bread,Bakery,60
3664,2025-02-15,G06,Tea Leaves,Beverages,200
3664,2025-02-15,G11,Potato Chips,Snacks,150
3665,2025-06-03,G16,Baby Wipes,Baby Care,350
3666,2025-02-27,G06,Tea Leaves,Beverages,200
3667,2025-05-04,G08,Pasta,Pantry,120
3667,2025-05-04,G09,Tomato Sauce,Pantry,90
3667,2025-05-04,G10,Parmesan Cheese,Dairy,400
3668,2025-06-15,G11,Potato Chips,Snacks,150
3668,2025-06-15,G14,Baby Diapers,Baby Care,1200
3668,2025-06-15,G18,Rice 2kg,Pantry,250
3669,2025-03-13,G16,Baby Wipes,Baby Care,350
3669,2025-03-13,G14,Baby Diapers,Baby Care,1200
3669,2025-03-13,G17,Baby Formula,Baby Care,1500
3670,2025-05-03,G12,Salsa Dip,Snacks,200
3670,2025-05-03,G05,Coffee,Beverages,450
3670,2025-05-03,G11,Potato Chips,Snacks,150
3670,2025-05-03,G07,Sugar 1kg,Pantry,150
3671,2025-02-18,G05,Coffee,Beverages,450
3671,2025-02-18,G07,Sugar 1kg,Pantry,150
3672,2025-03-17,G13,Soda 2L,Beverages,150
3673,2025-02-01,G18,Rice 2kg,Pantry,250
3673,2025-02-01,G19,Cooking Oil 1L,Pantry,300
3673,2025-02-01,G20,Onions 1kg,Produce,80
3673,2025-02-01,G08,Pasta,Pantry,120
3674,2025-01-30,G05,Coffee,Beverages,450
3675,2025-03-30,G11,Potato Chips,Snacks,150
3675,2025-03-30,G06,Tea Leaves,Beverages,200
3675,2025-03-30,G14,Baby Diapers,Baby Care,1200
3676,2025-02-27,G19,Cooking Oil 1L,Pantry,300
3676,2025-02-27,G12,Salsa Dip,Snacks,200
3676,2025-02-27,G13,Soda 2L,Beverages,150
3677,2025-05-10,G17,Baby Formula,Baby Care,1500
3677,2025-05-10,G06,Tea Leaves,Beverages,200
3677,2025-05-10,G10,Parmesan Cheese,Dairy,400
3678,2025-01-27,G07,Sugar 1kg,Pantry,150
3678,2025-01-27,G09,Tomato Sauce,Pantry,90
3678,2025-01-27,G03,Milk 1L,Dairy,120
3679,2025-04-01,G11,Potato Chips,Snacks,150
3679,2025-04-01,G12,Salsa Dip,Snacks,200
3679,2025-04-01,G13,Soda 2L,Beverages,150
3680,2025-05-12,G18,Rice 2kg,Pantry,250
3680,2025-05-12,G01,White Bread,Bakery,60
3680,2025-05-12,G08,Pasta,Pantry,120
3681,2025-02-16,G08,Pasta,Pantry,120
3681,2025-02-16,G09,Tomato Sauce,Pantry,90
3681,2025-02-16,G06,Tea Leaves,Beverages,200
3682,2025-05-27,G03,Milk 1L,Dairy,120
3682,2025-05-27,G05,Coffee,Beverages,450
3682,2025-05-27,G19,Cooking Oil 1L,Pantry,300
3682,2025-05-27,G15,Beer (6-Pack),Alcohol,800
3683,2025-01-04,G05,Coffee,Beverages,450
3683,2025-01-04,G11,Potato Chips,Snacks,150
3683,2025-01-04,G17,Baby Formula,Baby Care,1500
3683,2025-01-04,G15,Beer (6-Pack),Alcohol,800
3684,2025-04-20,G18,Rice 2kg,Pantry,250
3684,2025-04-20,G19,Cooking Oil 1L,Pantry,300
3684,2025-04-20,G20,Onions 1kg,Produce,80
3685,2025-04-07,G11,Potato Chips,Snacks,150
3685,2025-04-07,G16,Baby Wipes,Baby Care,350
3685,2025-04-07,G01,White Bread,Bakery,60
3685,2025-04-07,G02,Butter,Dairy,180
3686,2025-03-10,G05,Coffee,Beverages,450
3686,2025-03-10,G07,Sugar 1kg,Pantry,150
3687,2025-02-17,G16,Baby Wipes,Baby Care,350
3687,2025-02-17,G14,Baby Diapers,Baby Care,1200
3688,2025-02-11,G20,Onions 1kg,Produce,80
3689,2025-01-24,G04,Eggs (Tray),Dairy,350
3689,2025-01-24,G07,Sugar 1kg,Pantry,150
3689,2025-01-24,G13,Soda 2L,Beverages,150
3689,2025-01-24,G10,Parmesan Cheese,Dairy,400
3690,2025-01-02,G05,Coffee,Beverages,450
3690,2025-01-02,G02,Butter,Dairy,180
3690,2025-01-02,G12,Salsa Dip,Snacks,200
3691,2025-01-11,G05,Coffee,Beverages,450
3691,2025-01-11,G07,Sugar 1kg,Pantry,150
3692,2025-04-16,G08,Pasta,Pantry,120
3693,2025-05-07,G05,Coffee,Beverages,450
3693,2025-05-07,G07,Sugar 1kg,Pantry,150
3694,2025-04-23,G14,Baby Diapers,Baby Care,1200
3695,2025-02-16,G04,Eggs (Tray),Dairy,350
3695,2025-02-16,G13,Soda 2L,Beverages,150
3696,2025-03-01,G14,Baby Diapers,Baby Care,1200
3696,2025-03-01,G15,Beer (6-Pack),Alcohol,800
3697,2025-04-01,G11,Potato Chips,Snacks,150
3697,2025-04-01,G12,Salsa Dip,Snacks,200
3698,2025-06-25,G01,White Bread,Bakery,60
3698,2025-06-25,G02,Butter,Dairy,180
3698,2025-06-25,G03,Milk 1L,Dairy,120
3698,2025-06-25,G08,Pasta,Pantry,120
3699,2025-05-18,G01,White Bread,Bakery,60
3699,2025-05-18,G02,Butter,Dairy,180
3699,2025-05-18,G03,Milk 1L,Dairy,120
3700,2025-05-16,G05,Coffee,Beverages,450
3700,2025-05-16,G07,Sugar 1kg,Pantry,150
3701,2025-04-26,G18,Rice 2kg,Pantry,250
3701,2025-04-26,G19,Cooking Oil 1L,Pantry,300
3701,2025-04-26,G20,Onions 1kg,Produce,80
3702,2025-03-21,G18,Rice 2kg,Pantry,250
3702,2025-03-21,G02,Butter,Dairy,180
3702,2025-03-21,G16,Baby Wipes,Baby Care,350
3703,2025-05-01,G16,Baby Wipes,Baby Care,350
3703,2025-05-01,G14,Baby Diapers,Baby Care,1200
3703,2025-05-01,G01,White Bread,Bakery,60
3704,2025-04-08,G20,Onions 1kg,Produce,80
3705,2025-04-22,G18,Rice 2kg,Pantry,250
3705,2025-04-22,G12,Salsa Dip,Snacks,200
3705,2025-04-22,G19,Cooking Oil 1L,Pantry,300
3706,2025-05-12,G08,Pasta,Pantry,120
3706,2025-05-12,G09,Tomato Sauce,Pantry,90
3706,2025-05-12,G10,Parmesan Cheese,Dairy,400
3707,2025-04-15,G18,Rice 2kg,Pantry,250
3707,2025-04-15,G19,Cooking Oil 1L,Pantry,300
3707,2025-04-15,G20,Onions 1kg,Produce,80
3708,2025-04-08,G16,Baby Wipes,Baby Care,350
3708,2025-04-08,G14,Baby Diapers,Baby Care,1200
3708,2025-04-08,G17,Baby Formula,Baby Care,1500
3709,2025-01-03,G18,Rice 2kg,Pantry,250
3709,2025-01-03,G19,Cooking Oil 1L,Pantry,300
3709,2025-01-03,G20,Onions 1kg,Produce,80
3710,2025-05-09,G04,Eggs (Tray),Dairy,350
3711,2025-01-01,G14,Baby Diapers,Baby Care,1200
3711,2025-01-01,G15,Beer (6-Pack),Alcohol,800
3712,2025-03-13,G18,Rice 2kg,Pantry,250
3712,2025-03-13,G19,Cooking Oil 1L,Pantry,300
3712,2025-03-13,G20,Onions 1kg,Produce,80
3713,2025-01-21,G13,Soda 2L,Beverages,150
3714,2025-01-23,G10,Parmesan Cheese,Dairy,400
3714,2025-01-23,G16,Baby Wipes,Baby Care,350
3714,2025-01-23,G17,Baby Formula,Baby Care,1500
3714,2025-01-23,G05,Coffee,Beverages,450
3715,2025-01-04,G01,White Bread,Bakery,60
3715,2025-01-04,G02,Butter,Dairy,180
3715,2025-01-04,G03,Milk 1L,Dairy,120
3715,2025-01-04,G04,Eggs (Tray),Dairy,350
3716,2025-02-10,G05,Coffee,Beverages,450
3716,2025-02-10,G07,Sugar 1kg,Pantry,150
3717,2025-04-12,G02,Butter,Dairy,180
3717,2025-04-12,G10,Parmesan Cheese,Dairy,400
3718,2025-03-02,G16,Baby Wipes,Baby Care,350
3718,2025-03-02,G14,Baby Diapers,Baby Care,1200
3719,2025-04-06,G04,Eggs (Tray),Dairy,350
3720,2025-01-14,G02,Butter,Dairy,180
3720,2025-01-14,G07,Sugar 1kg,Pantry,150
3720,2025-01-14,G14,Baby Diapers,Baby Care,1200
3720,2025-01-14,G18,Rice 2kg,Pantry,250
3721,2025-02-24,G08,Pasta,Pantry,120
3721,2025-02-24,G09,Tomato Sauce,Pantry,90
3722,2025-01-08,G16,Baby Wipes,Baby Care,350
3722,2025-01-08,G14,Baby Diapers,Baby Care,1200
3723,2025-03-29,G11,Potato Chips,Snacks,150
3723,2025-03-29,G12,Salsa Dip,Snacks,200
3723,2025-03-29,G10,Parmesan Cheese,Dairy,400
3724,2025-01-15,G05,Coffee,Beverages,450
3724,2025-01-15,G07,Sugar 1kg,Pantry,150
3725,2025-03-08,G05,Coffee,Beverages,450
3725,2025-03-08,G07,Sugar 1kg,Pantry,150
3725,2025-03-08,G03,Milk 1L,Dairy,120
3726,2025-03-19,G16,Baby Wipes,Baby Care,350
3727,2025-01-13,G16,Baby Wipes,Baby Care,350
3727,2025-01-13,G14,Baby Diapers,Baby Care,1200
3728,2025-03-08,G08,Pasta,Pantry,120
3728,2025-03-08,G09,Tomato Sauce,Pantry,90
3729,2025-01-16,G11,Potato Chips,Snacks,150
3729,2025-01-16,G12,Salsa Dip,Snacks,200
3730,2025-05-17,G08,Pasta,Pantry,120
3730,2025-05-17,G09,Tomato Sauce,Pantry,90
3731,2025-03-08,G09,Tomato Sauce,Pantry,90
3731,2025-03-08,G12,Salsa Dip,Snacks,200
3731,2025-03-08,G10,Parmesan Cheese,Dairy,400
3731,2025-03-08,G18,Rice 2kg,Pantry,250
3732,2025-02-28,G16,Baby Wipes,Baby Care,350
3732,2025-02-28,G14,Baby Diapers,Baby Care,1200
3732,2025-02-28,G07,Sugar 1kg,Pantry,150
3733,2025-01-01,G05,Coffee,Beverages,450
3733,2025-01-01,G07,Sugar 1kg,Pantry,150
3734,2025-02-18,G08,Pasta,Pantry,120
3734,2025-02-18,G09,Tomato Sauce,Pantry,90
3734,2025-02-18,G10,Parmesan Cheese,Dairy,400
3734,2025-02-18,G13,Soda 2L,Beverages,150
3735,2025-01-16,G18,Rice 2kg,Pantry,250
3735,2025-01-16,G19,Cooking Oil 1L,Pantry,300
3735,2025-01-16,G20,Onions 1kg,Produce,80
3736,2025-05-24,G01,White Bread,Bakery,60
3736,2025-05-24,G02,Butter,Dairy,180
3736,2025-05-24,G03,Milk 1L,Dairy,120
3736,2025-05-24,G04,Eggs (Tray),Dairy,350
3737,2025-03-07,G07,Sugar 1kg,Pantry,150
3737,2025-03-07,G12,Salsa Dip,Snacks,200
3737,2025-03-07,G03,Milk 1L,Dairy,120
3738,2025-03-17,G05,Coffee,Beverages,450
3739,2025-05-14,G11,Potato Chips,Snacks,150
3739,2025-05-14,G12,Salsa Dip,Snacks,200
3740,2025-06-16,G01,White Bread,Bakery,60
3740,2025-06-16,G02,Butter,Dairy,180
3740,2025-06-16,G03,Milk 1L,Dairy,120
3740,2025-06-16,G04,Eggs (Tray),Dairy,350
3741,2025-06-01,G08,Pasta,Pantry,120
3741,2025-06-01,G09,Tomato Sauce,Pantry,90
3741,2025-06-01,G10,Parmesan Cheese,Dairy,400
3742,2025-02-11,G02,Butter,Dairy,180
3742,2025-02-11,G01,White Bread,Bakery,60
3742,2025-02-11,G10,Parmesan Cheese,Dairy,400
3743,2025-01-19,G16,Baby Wipes,Baby Care,350
3743,2025-01-19,G14,Baby Diapers,Baby Care,1200
3744,2025-05-02,G08,Pasta,Pantry,120
3745,2025-05-18,G01,White Bread,Bakery,60
3745,2025-05-18,G02,Butter,Dairy,180
3745,2025-05-18,G03,Milk 1L,Dairy,120
3745,2025-05-18,G04,Eggs (Tray),Dairy,350
3746,2025-03-10,G05,Coffee,Beverages,450
3746,2025-03-10,G07,Sugar 1kg,Pantry,150
3747,2025-02-02,G08,Pasta,Pantry,120
3748,2025-03-04,G18,Rice 2kg,Pantry,250
3748,2025-03-04,G19,Cooking Oil 1L,Pantry,300
3748,2025-03-04,G20,Onions 1kg,Produce,80
3749,2025-04-18,G14,Baby Diapers,Baby Care,1200
3749,2025-04-18,G19,Cooking Oil 1L,Pantry,300
3750,2025-02-12,G14,Baby Diapers,Baby Care,1200
3750,2025-02-12,G15,Beer (6-Pack),Alcohol,800
3750,2025-02-12,G13,Soda 2L,Beverages,150
3751,2025-02-16,G20,Onions 1kg,Produce,80
3752,2025-04-18,G05,Coffee,Beverages,450
3752,2025-04-18,G07,Sugar 1kg,Pantry,150
3753,2025-01-21,G11,Potato Chips,Snacks,150
3753,2025-01-21,G12,Salsa Dip,Snacks,200
3753,2025-01-21,G13,Soda 2L,Beverages,150
3754,2025-01-20,G04,Eggs (Tray),Dairy,350
3754,2025-01-20,G06,Tea Leaves,Beverages,200
3754,2025-01-20,G07,Sugar 1kg,Pantry,150
3754,2025-01-20,G11,Potato Chips,Snacks,150
3755,2025-04-13,G11,Potato Chips,Snacks,150
3755,2025-04-13,G12,Salsa Dip,Snacks,200
3756,2025-02-09,G08,Pasta,Pantry,120
3756,2025-02-09,G09,Tomato Sauce,Pantry,90
3757,2025-03-21,G18,Rice 2kg,Pantry,250
3757,2025-03-21,G05,Coffee,Beverages,450
3758,2025-04-17,G08,Pasta,Pantry,120
3758,2025-04-17,G09,Tomato Sauce,Pantry,90
3759,2025-01-13,G06,Tea Leaves,Beverages,200
3759,2025-01-13,G07,Sugar 1kg,Pantry,150
3760,2025-02-03,G08,Pasta,Pantry,120
3761,2025-03-01,G11,Potato Chips,Snacks,150
3762,2025-01-16,G20,Onions 1kg,Produce,80
3763,2025-02-09,G18,Rice 2kg,Pantry,250
3764,2025-01-22,G01,White Bread,Bakery,60
3765,2025-05-12,G08,Pasta,Pantry,120
3765,2025-05-12,G09,Tomato Sauce,Pantry,90
3765,2025-05-12,G10,Parmesan Cheese,Dairy,400
3766,2025-04-11,G18,Rice 2kg,Pantry,250
3766,2025-04-11,G19,Cooking Oil 1L,Pantry,300
3766,2025-04-11,G20,Onions 1kg,Produce,80
3767,2025-04-17,G16,Baby Wipes,Baby Care,350
3767,2025-04-17,G14,Baby Diapers,Baby Care,1200
3768,2025-06-29,G07,Sugar 1kg,Pantry,150
3768,2025-06-29,G08,Pasta,Pantry,120
3768,2025-06-29,G02,Butter,Dairy,180
3768,2025-06-29,G06,Tea Leaves,Beverages,200
3769,2025-05-25,G14,Baby Diapers,Baby Care,1200
3769,2025-05-25,G15,Beer (6-Pack),Alcohol,800
3769,2025-05-25,G09,Tomato Sauce,Pantry,90
3770,2025-01-10,G16,Baby Wipes,Baby Care,350
3770,2025-01-10,G14,Baby Diapers,Baby Care,1200
3771,2025-02-06,G20,Onions 1kg,Produce,80
3771,2025-02-06,G07,Sugar 1kg,Pantry,150
3771,2025-02-06,G13,Soda 2L,Beverages,150
3771,2025-02-06,G09,Tomato Sauce,Pantry,90
3772,2025-01-26,G16,Baby Wipes,Baby Care,350
3772,2025-01-26,G14,Baby Diapers,Baby Care,1200
3773,2025-06-18,G09,Tomato Sauce,Pantry,90
3773,2025-06-18,G01,White Bread,Bakery,60
3774,2025-03-06,G18,Rice 2kg,Pantry,250
3774,2025-03-06,G19,Cooking Oil 1L,Pantry,300
3774,2025-03-06,G20,Onions 1kg,Produce,80
3775,2025-06-19,G18,Rice 2kg,Pantry,250
3775,2025-06-19,G19,Cooking Oil 1L,Pantry,300
3775,2025-06-19,G20,Onions 1kg,Produce,80
3776,2025-06-26,G11,Potato Chips,Snacks,150
3776,2025-06-26,G19,Cooking Oil 1L,Pantry,300
3777,2025-02-01,G01,White Bread,Bakery,60
3777,2025-02-01,G02,Butter,Dairy,180
3777,2025-02-01,G03,Milk 1L,Dairy,120
3777,2025-02-01,G04,Eggs (Tray),Dairy,350
3778,2025-03-14,G16,Baby Wipes,Baby Care,350
3778,2025-03-14,G14,Baby Diapers,Baby Care,1200
3778,2025-03-14,G17,Baby Formula,Baby Care,1500
3779,2025-04-19,G05,Coffee,Beverages,450
3779,2025-04-19,G20,Onions 1kg,Produce,80
3780,2025-03-16,G14,Baby Diapers,Baby Care,1200
3780,2025-03-16,G15,Beer (6-Pack),Alcohol,800
3781,2025-02-13,G16,Baby Wipes,Baby Care,350
3781,2025-02-13,G14,Baby Diapers,Baby Care,1200
3781,2025-02-13,G08,Pasta,Pantry,120
3782,2025-06-19,G08,Pasta,Pantry,120
3782,2025-06-19,G09,Tomato Sauce,Pantry,90
3782,2025-06-19,G10,Parmesan Cheese,Dairy,400
3783,2025-01-21,G14,Baby Diapers,Baby Care,1200
3783,2025-01-21,G15,Beer (6-Pack),Alcohol,800
3784,2025-05-03,G11,Potato Chips,Snacks,150
3784,2025-05-03,G12,Salsa Dip,Snacks,200
3784,2025-05-03,G13,Soda 2L,Beverages,150
3784,2025-05-03,G14,Baby Diapers,Baby Care,1200
3785,2025-05-23,G17,Baby Formula,Baby Care,1500
3786,2025-04-24,G08,Pasta,Pantry,120
3786,2025-04-24,G09,Tomato Sauce,Pantry,90
3787,2025-04-19,G14,Baby Diapers,Baby Care,1200
3787,2025-04-19,G15,Beer (6-Pack),Alcohol,800
3787,2025-04-19,G05,Coffee,Beverages,450
3788,2025-06-15,G05,Coffee,Beverages,450
3788,2025-06-15,G07,Sugar 1kg,Pantry,150
3789,2025-01-13,G11,Potato Chips,Snacks,150
3789,2025-01-13,G02,Butter,Dairy,180
3790,2025-05-13,G16,Baby Wipes,Baby Care,350
3791,2025-01-19,G09,Tomato Sauce,Pantry,90
3792,2025-01-30,G14,Baby Diapers,Baby Care,1200
3792,2025-01-30,G15,Beer (6-Pack),Alcohol,800
3793,2025-05-15,G08,Pasta,Pantry,120
3793,2025-05-15,G02,Butter,Dairy,180
3793,2025-05-15,G18,Rice 2kg,Pantry,250
3794,2025-03-24,G03,Milk 1L,Dairy,120
3794,2025-03-24,G18,Rice 2kg,Pantry,250
3795,2025-06-03,G16,Baby Wipes,Baby Care,350
3795,2025-06-03,G14,Baby Diapers,Baby Care,1200
3796,2025-04-07,G16,Baby Wipes,Baby Care,350
3796,2025-04-07,G14,Baby Diapers,Baby Care,1200
3797,2025-01-26,G08,Pasta,Pantry,120
3797,2025-01-26,G09,Tomato Sauce,Pantry,90
3797,2025-01-26,G10,Parmesan Cheese,Dairy,400
3798,2025-01-13,G11,Potato Chips,Snacks,150
3798,2025-01-13,G10,Parmesan Cheese,Dairy,400
3798,2025-01-13,G14,Baby Diapers,Baby Care,1200
3799,2025-03-19,G06,Tea Leaves,Beverages,200
3799,2025-03-19,G15,Beer (6-Pack),Alcohol,800
3799,2025-03-19,G19,Cooking Oil 1L,Pantry,300
3799,2025-03-19,G14,Baby Diapers,Baby Care,1200
3800,2025-04-11,G02,Butter,Dairy,180
3800,2025-04-11,G11,Potato Chips,Snacks,150
3800,2025-04-11,G15,Beer (6-Pack),Alcohol,800
3800,2025-04-11,G09,Tomato Sauce,Pantry,90
3801,2025-03-07,G14,Baby Diapers,Baby Care,1200
3801,2025-03-07,G15,Beer (6-Pack),Alcohol,800
3802,2025-06-09,G18,Rice 2kg,Pantry,250
3803,2025-05-28,G04,Eggs (Tray),Dairy,350
3803,2025-05-28,G07,Sugar 1kg,Pantry,150
3803,2025-05-28,G05,Coffee,Beverages,450
3803,2025-05-28,G11,Potato Chips,Snacks,150
3804,2025-01-01,G11,Potato Chips,Snacks,150
3804,2025-01-01,G12,Salsa Dip,Snacks,200
3804,2025-01-01,G13,Soda 2L,Beverages,150
3805,2025-06-08,G13,Soda 2L,Beverages,150
3805,2025-06-08,G17,Baby Formula,Baby Care,1500
3806,2025-05-09,G10,Parmesan Cheese,Dairy,400
3807,2025-04-12,G08,Pasta,Pantry,120
3807,2025-04-12,G09,Tomato Sauce,Pantry,90
3808,2025-02-14,G09,Tomato Sauce,Pantry,90
3808,2025-02-14,G08,Pasta,Pantry,120
3809,2025-03-22,G09,Tomato Sauce,Pantry,90
3810,2025-04-24,G08,Pasta,Pantry,120
3810,2025-04-24,G09,Tomato Sauce,Pantry,90
3811,2025-05-17,G12,Salsa Dip,Snacks,200
3812,2025-04-29,G02,Butter,Dairy,180
3812,2025-04-29,G05,Coffee,Beverages,450
3812,2025-04-29,G08,Pasta,Pantry,120
3812,2025-04-29,G18,Rice 2kg,Pantry,250
3813,2025-01-12,G17,Baby Formula,Baby Care,1500
3814,2025-04-29,G14,Baby Diapers,Baby Care,1200
3814,2025-04-29,G15,Beer (6-Pack),Alcohol,800
3815,2025-01-30,G14,Baby Diapers,Baby Care,1200
3815,2025-01-30,G15,Beer (6-Pack),Alcohol,800
3816,2025-01-23,G15,Beer (6-Pack),Alcohol,800
3816,2025-01-23,G20,Onions 1kg,Produce,80
3816,2025-01-23,G10,Parmesan Cheese,Dairy,400
3817,2025-01-01,G08,Pasta,Pantry,120
3817,2025-01-01,G09,Tomato Sauce,Pantry,90
3818,2025-03-07,G14,Baby Diapers,Baby Care,1200
3819,2025-06-02,G14,Baby Diapers,Baby Care,1200
3819,2025-06-02,G15,Beer (6-Pack),Alcohol,800
3820,2025-02-12,G14,Baby Diapers,Baby Care,1200
3820,2025-02-12,G15,Beer (6-Pack),Alcohol,800
3821,2025-02-25,G04,Eggs (Tray),Dairy,350
3821,2025-02-25,G02,Butter,Dairy,180
3821,2025-02-25,G10,Parmesan Cheese,Dairy,400
3822,2025-02-11,G08,Pasta,Pantry,120
3822,2025-02-11,G09,Tomato Sauce,Pantry,90
3823,2025-05-29,G05,Coffee,Beverages,450
3823,2025-05-29,G07,Sugar 1kg,Pantry,150
3824,2025-04-22,G12,Salsa Dip,Snacks,200
3824,2025-04-22,G11,Potato Chips,Snacks,150
3824,2025-04-22,G05,Coffee,Beverages,450
3825,2025-05-21,G01,White Bread,Bakery,60
3825,2025-05-21,G02,Butter,Dairy,180
3825,2025-05-21,G03,Milk 1L,Dairy,120
3825,2025-05-21,G04,Eggs (Tray),Dairy,350
3826,2025-01-11,G01,White Bread,Bakery,60
3826,2025-01-11,G15,Beer (6-Pack),Alcohol,800
3826,2025-01-11,G09,Tomato Sauce,Pantry,90
3826,2025-01-11,G10,Parmesan Cheese,Dairy,400
3827,2025-06-07,G08,Pasta,Pantry,120
3828,2025-02-06,G14,Baby Diapers,Baby Care,1200
3828,2025-02-06,G15,Beer (6-Pack),Alcohol,800
3829,2025-03-11,G16,Baby Wipes,Baby Care,350
3829,2025-03-11,G14,Baby Diapers,Baby Care,1200
3830,2025-05-14,G17,Baby Formula,Baby Care,1500
3830,2025-05-14,G20,Onions 1kg,Produce,80
3831,2025-01-25,G11,Potato Chips,Snacks,150
3831,2025-01-25,G12,Salsa Dip,Snacks,200
3831,2025-01-25,G18,Rice 2kg,Pantry,250
3832,2025-01-06,G04,Eggs (Tray),Dairy,350
3833,2025-05-17,G18,Rice 2kg,Pantry,250
3834,2025-04-25,G09,Tomato Sauce,Pantry,90
3834,2025-04-25,G11,Potato Chips,Snacks,150
3834,2025-04-25,G03,Milk 1L,Dairy,120
3835,2025-01-13,G17,Baby Formula,Baby Care,1500
3835,2025-01-13,G15,Beer (6-Pack),Alcohol,800
3835,2025-01-13,G06,Tea Leaves,Beverages,200
3835,2025-01-13,G16,Baby Wipes,Baby Care,350
3836,2025-03-09,G18,Rice 2kg,Pantry,250
3836,2025-03-09,G19,Cooking Oil 1L,Pantry,300
3836,2025-03-09,G20,Onions 1kg,Produce,80
3837,2025-01-31,G08,Pasta,Pantry,120
3837,2025-01-31,G09,Tomato Sauce,Pantry,90
3838,2025-01-23,G16,Baby Wipes,Baby Care,350
3838,2025-01-23,G14,Baby Diapers,Baby Care,1200
3839,2025-03-10,G07,Sugar 1kg,Pantry,150
3839,2025-03-10,G06,Tea Leaves,Beverages,200
3840,2025-04-19,G01,White Bread,Bakery,60
3840,2025-04-19,G02,Butter,Dairy,180
3840,2025-04-19,G03,Milk 1L,Dairy,120
3840,2025-04-19,G04,Eggs (Tray),Dairy,350
3840,2025-04-19,G11,Potato Chips,Snacks,150
3841,2025-01-12,G11,Potato Chips,Snacks,150
3841,2025-01-12,G12,Salsa Dip,Snacks,200
3841,2025-01-12,G13,Soda 2L,Beverages,150
3842,2025-06-29,G15,Beer (6-Pack),Alcohol,800
3843,2025-02-22,G05,Coffee,Beverages,450
3843,2025-02-22,G07,Sugar 1kg,Pantry,150
3844,2025-01-06,G14,Baby Diapers,Baby Care,1200
3844,2025-01-06,G15,Beer (6-Pack),Alcohol,800
3845,2025-02-23,G13,Soda 2L,Beverages,150
3846,2025-06-21,G14,Baby Diapers,Baby Care,1200
3846,2025-06-21,G15,Beer (6-Pack),Alcohol,800
3847,2025-04-05,G19,Cooking Oil 1L,Pantry,300
3847,2025-04-05,G14,Baby Diapers,Baby Care,1200
3847,2025-04-05,G02,Butter,Dairy,180
3847,2025-04-05,G16,Baby Wipes,Baby Care,350
3848,2025-05-25,G09,Tomato Sauce,Pantry,90
3848,2025-05-25,G04,Eggs (Tray),Dairy,350
3848,2025-05-25,G07,Sugar 1kg,Pantry,150
3849,2025-05-30,G11,Potato Chips,Snacks,150
3849,2025-05-30,G12,Salsa Dip,Snacks,200
3850,2025-01-01,G08,Pasta,Pantry,120
3850,2025-01-01,G09,Tomato Sauce,Pantry,90
3851,2025-03-14,G18,Rice 2kg,Pantry,250
3851,2025-03-14,G19,Cooking Oil 1L,Pantry,300
3851,2025-03-14,G20,Onions 1kg,Produce,80
3852,2025-02-21,G14,Baby Diapers,Baby Care,1200
3852,2025-02-21,G15,Beer (6-Pack),Alcohol,800
3853,2025-06-06,G02,Butter,Dairy,180
3853,2025-06-06,G16,Baby Wipes,Baby Care,350
3853,2025-06-06,G19,Cooking Oil 1L,Pantry,300
3854,2025-05-06,G05,Coffee,Beverages,450
3854,2025-05-06,G06,Tea Leaves,Beverages,200
3854,2025-05-06,G14,Baby Diapers,Baby Care,1200
3855,2025-01-07,G20,Onions 1kg,Produce,80
3855,2025-01-07,G12,Salsa Dip,Snacks,200
3855,2025-01-07,G06,Tea Leaves,Beverages,200
3856,2025-05-03,G14,Baby Diapers,Baby Care,1200
3856,2025-05-03,G15,Beer (6-Pack),Alcohol,800
3857,2025-03-31,G09,Tomato Sauce,Pantry,90
3857,2025-03-31,G18,Rice 2kg,Pantry,250
3857,2025-03-31,G05,Coffee,Beverages,450
3857,2025-03-31,G11,Potato Chips,Snacks,150
3858,2025-02-11,G05,Coffee,Beverages,450
3859,2025-05-14,G08,Pasta,Pantry,120
3859,2025-05-14,G09,Tomato Sauce,Pantry,90
3860,2025-03-17,G02,Butter,Dairy,180
3861,2025-01-15,G05,Coffee,Beverages,450
3861,2025-01-15,G07,Sugar 1kg,Pantry,150
3862,2025-02-21,G08,Pasta,Pantry,120
3862,2025-02-21,G09,Tomato Sauce,Pantry,90
3862,2025-02-21,G10,Parmesan Cheese,Dairy,400
3863,2025-02-18,G19,Cooking Oil 1L,Pantry,300
3864,2025-02-18,G16,Baby Wipes,Baby Care,350
3864,2025-02-18,G14,Baby Diapers,Baby Care,1200
3865,2025-06-26,G16,Baby Wipes,Baby Care,350
3865,2025-06-26,G14,Baby Diapers,Baby Care,1200
3865,2025-06-26,G17,Baby Formula,Baby Care,1500
3865,2025-06-26,G01,White Bread,Bakery,60
3866,2025-03-02,G11,Potato Chips,Snacks,150
3866,2025-03-02,G12,Salsa Dip,Snacks,200
3867,2025-06-11,G14,Baby Diapers,Baby Care,1200
3867,2025-06-11,G15,Beer (6-Pack),Alcohol,800
3868,2025-01-10,G08,Pasta,Pantry,120
3868,2025-01-10,G09,Tomato Sauce,Pantry,90
3869,2025-04-20,G18,Rice 2kg,Pantry,250
3869,2025-04-20,G19,Cooking Oil 1L,Pantry,300
3869,2025-04-20,G20,Onions 1kg,Produce,80
3870,2025-01-17,G01,White Bread,Bakery,60
3870,2025-01-17,G02,Butter,Dairy,180
3870,2025-01-17,G03,Milk 1L,Dairy,120
3871,2025-06-11,G20,Onions 1kg,Produce,80
3872,2025-04-29,G03,Milk 1L,Dairy,120
3873,2025-03-14,G08,Pasta,Pantry,120
3873,2025-03-14,G10,Parmesan Cheese,Dairy,400
3873,2025-03-14,G13,Soda 2L,Beverages,150
3874,2025-01-19,G11,Potato Chips,Snacks,150
3874,2025-01-19,G20,Onions 1kg,Produce,80
3875,2025-06-13,G14,Baby Diapers,Baby Care,1200
3875,2025-06-13,G15,Beer (6-Pack),Alcohol,800
3876,2025-03-02,G17,Baby Formula,Baby Care,1500
3876,2025-03-02,G05,Coffee,Beverages,450
3876,2025-03-02,G18,Rice 2kg,Pantry,250
3877,2025-04-20,G01,White Bread,Bakery,60
3877,2025-04-20,G02,Butter,Dairy,180
3877,2025-04-20,G03,Milk 1L,Dairy,120
3877,2025-04-20,G04,Eggs (Tray),Dairy,350
3878,2025-04-19,G19,Cooking Oil 1L,Pantry,300
3879,2025-03-01,G11,Potato Chips,Snacks,150
3879,2025-03-01,G12,Salsa Dip,Snacks,200
3879,2025-03-01,G13,Soda 2L,Beverages,150
3880,2025-01-04,G19,Cooking Oil 1L,Pantry,300
3881,2025-05-09,G03,Milk 1L,Dairy,120
3882,2025-04-08,G04,Eggs (Tray),Dairy,350
3882,2025-04-08,G03,Milk 1L,Dairy,120
3882,2025-04-08,G17,Baby Formula,Baby Care,1500
3882,2025-04-08,G05,Coffee,Beverages,450
3883,2025-06-16,G12,Salsa Dip,Snacks,200
3883,2025-06-16,G01,White Bread,Bakery,60
3884,2025-02-18,G08,Pasta,Pantry,120
3884,2025-02-18,G09,Tomato Sauce,Pantry,90
3884,2025-02-18,G10,Parmesan Cheese,Dairy,400
3885,2025-02-04,G01,White Bread,Bakery,60
3885,2025-02-04,G02,Butter,Dairy,180
3885,2025-02-04,G03,Milk 1L,Dairy,120
3885,2025-02-04,G04,Eggs (Tray),Dairy,350
3886,2025-04-07,G19,Cooking Oil 1L,Pantry,300
3887,2025-03-04,G01,White Bread,Bakery,60
3887,2025-03-04,G02,Butter,Dairy,180
3887,2025-03-04,G03,Milk 1L,Dairy,120
3888,2025-02-11,G17,Baby Formula,Baby Care,1500
3889,2025-04-19,G01,White Bread,Bakery,60
3889,2025-04-19,G02,Butter,Dairy,180
3889,2025-04-19,G03,Milk 1L,Dairy,120
3890,2025-02-01,G04,Eggs (Tray),Dairy,350
3890,2025-02-01,G20,Onions 1kg,Produce,80
3890,2025-02-01,G02,Butter,Dairy,180
3890,2025-02-01,G11,Potato Chips,Snacks,150
3891,2025-03-25,G09,Tomato Sauce,Pantry,90
3892,2025-03-27,G08,Pasta,Pantry,120
3892,2025-03-27,G09,Tomato Sauce,Pantry,90
3892,2025-03-27,G10,Parmesan Cheese,Dairy,400
3893,2025-01-07,G08,Pasta,Pantry,120
3894,2025-04-15,G11,Potato Chips,Snacks,150
3894,2025-04-15,G12,Salsa Dip,Snacks,200
3895,2025-06-05,G14,Baby Diapers,Baby Care,1200
3895,2025-06-05,G15,Beer (6-Pack),Alcohol,800
3896,2025-06-01,G01,White Bread,Bakery,60
3896,2025-06-01,G17,Baby Formula,Baby Care,1500
3896,2025-06-01,G10,Parmesan Cheese,Dairy,400
3897,2025-01-27,G08,Pasta,Pantry,120
3897,2025-01-27,G12,Salsa Dip,Snacks,200
3898,2025-06-08,G12,Salsa Dip,Snacks,200
3898,2025-06-08,G15,Beer (6-Pack),Alcohol,800
3898,2025-06-08,G02,Butter,Dairy,180
3899,2025-06-21,G18,Rice 2kg,Pantry,250
3899,2025-06-21,G19,Cooking Oil 1L,Pantry,300
3899,2025-06-21,G20,Onions 1kg,Produce,80
3900,2025-02-23,G05,Coffee,Beverages,450
3900,2025-02-23,G07,Sugar 1kg,Pantry,150
3901,2025-06-14,G08,Pasta,Pantry,120
3901,2025-06-14,G09,Tomato Sauce,Pantry,90
3902,2025-06-22,G05,Coffee,Beverages,450
3903,2025-02-28,G06,Tea Leaves,Beverages,200
3903,2025-02-28,G17,Baby Formula,Baby Care,1500
3903,2025-02-28,G20,Onions 1kg,Produce,80
3903,2025-02-28,G02,Butter,Dairy,180
3904,2025-01-19,G08,Pasta,Pantry,120
3904,2025-01-19,G19,Cooking Oil 1L,Pantry,300
3904,2025-01-19,G10,Parmesan Cheese,Dairy,400
3905,2025-05-04,G08,Pasta,Pantry,120
3905,2025-05-04,G09,Tomato Sauce,Pantry,90
3905,2025-05-04,G10,Parmesan Cheese,Dairy,400
3906,2025-05-05,G01,White Bread,Bakery,60
3906,2025-05-05,G02,Butter,Dairy,180
3906,2025-05-05,G03,Milk 1L,Dairy,120
3906,2025-05-05,G04,Eggs (Tray),Dairy,350
3907,2025-03-15,G01,White Bread,Bakery,60
3907,2025-03-15,G08,Pasta,Pantry,120
3907,2025-03-15,G04,Eggs (Tray),Dairy,350
3907,2025-03-15,G11,Potato Chips,Snacks,150
3908,2025-01-20,G11,Potato Chips,Snacks,150
3908,2025-01-20,G12,Salsa Dip,Snacks,200
3909,2025-01-16,G05,Coffee,Beverages,450
3909,2025-01-16,G07,Sugar 1kg,Pantry,150
3910,2025-01-03,G08,Pasta,Pantry,120
3910,2025-01-03,G09,Tomato Sauce,Pantry,90
3911,2025-01-17,G19,Cooking Oil 1L,Pantry,300
3912,2025-02-28,G15,Beer (6-Pack),Alcohol,800
3913,2025-05-19,G11,Potato Chips,Snacks,150
3913,2025-05-19,G12,Salsa Dip,Snacks,200
3913,2025-05-19,G13,Soda 2L,Beverages,150
3913,2025-05-19,G04,Eggs (Tray),Dairy,350
3914,2025-05-23,G01,White Bread,Bakery,60
3914,2025-05-23,G02,Butter,Dairy,180
3914,2025-05-23,G03,Milk 1L,Dairy,120
3914,2025-05-23,G04,Eggs (Tray),Dairy,350
3915,2025-01-30,G05,Coffee,Beverages,450
3915,2025-01-30,G07,Sugar 1kg,Pantry,150
3915,2025-01-30,G06,Tea Leaves,Beverages,200
3916,2025-04-15,G05,Coffee,Beverages,450
3917,2025-02-25,G05,Coffee,Beverages,450
3918,2025-01-21,G03,Milk 1L,Dairy,120
3919,2025-02-01,G04,Eggs (Tray),Dairy,350
3920,2025-03-27,G16,Baby Wipes,Baby Care,350
3920,2025-03-27,G14,Baby Diapers,Baby Care,1200
3921,2025-06-01,G11,Potato Chips,Snacks,150
3922,2025-04-01,G01,White Bread,Bakery,60
3922,2025-04-01,G02,Butter,Dairy,180
3922,2025-04-01,G03,Milk 1L,Dairy,120
3923,2025-04-24,G01,White Bread,Bakery,60
3923,2025-04-24,G05,Coffee,Beverages,450
3924,2025-04-15,G16,Baby Wipes,Baby Care,350
3924,2025-04-15,G14,Baby Diapers,Baby Care,1200
3924,2025-04-15,G17,Baby Formula,Baby Care,1500
3925,2025-06-06,G16,Baby Wipes,Baby Care,350
3925,2025-06-06,G07,Sugar 1kg,Pantry,150
3925,2025-06-06,G09,Tomato Sauce,Pantry,90
3925,2025-06-06,G05,Coffee,Beverages,450
3926,2025-01-12,G11,Potato Chips,Snacks,150
3926,2025-01-12,G12,Salsa Dip,Snacks,200
3926,2025-01-12,G13,Soda 2L,Beverages,150
3927,2025-01-06,G06,Tea Leaves,Beverages,200
3927,2025-01-06,G09,Tomato Sauce,Pantry,90
3927,2025-01-06,G14,Baby Diapers,Baby Care,1200
3928,2025-06-27,G04,Eggs (Tray),Dairy,350
3929,2025-01-15,G16,Baby Wipes,Baby Care,350
3929,2025-01-15,G14,Baby Diapers,Baby Care,1200
3929,2025-01-15,G17,Baby Formula,Baby Care,1500
3930,2025-01-25,G06,Tea Leaves,Beverages,200
3930,2025-01-25,G16,Baby Wipes,Baby Care,350
3931,2025-01-01,G01,White Bread,Bakery,60
3932,2025-06-26,G14,Baby Diapers,Baby Care,1200
3932,2025-06-26,G15,Beer (6-Pack),Alcohol,800
3932,2025-06-26,G19,Cooking Oil 1L,Pantry,300
3932,2025-06-26,G18,Rice 2kg,Pantry,250
3933,2025-06-04,G14,Baby Diapers,Baby Care,1200
3933,2025-06-04,G15,Beer (6-Pack),Alcohol,800
3934,2025-03-14,G03,Milk 1L,Dairy,120
3934,2025-03-14,G04,Eggs (Tray),Dairy,350
3935,2025-02-16,G16,Baby Wipes,Baby Care,350
3935,2025-02-16,G14,Baby Diapers,Baby Care,1200
3936,2025-04-27,G01,White Bread,Bakery,60
3936,2025-04-27,G02,Butter,Dairy,180
3936,2025-04-27,G03,Milk 1L,Dairy,120
3936,2025-04-27,G10,Parmesan Cheese,Dairy,400
3937,2025-03-19,G11,Potato Chips,Snacks,150
3937,2025-03-19,G08,Pasta,Pantry,120
3937,2025-03-19,G12,Salsa Dip,Snacks,200
3937,2025-03-19,G04,Eggs (Tray),Dairy,350
3938,2025-03-04,G05,Coffee,Beverages,450
3938,2025-03-04,G07,Sugar 1kg,Pantry,150
3938,2025-03-04,G16,Baby Wipes,Baby Care,350
3939,2025-06-30,G03,Milk 1L,Dairy,120
3940,2025-04-17,G05,Coffee,Beverages,450
3940,2025-04-17,G19,Cooking Oil 1L,Pantry,300
3941,2025-04-27,G14,Baby Diapers,Baby Care,1200
3941,2025-04-27,G15,Beer (6-Pack),Alcohol,800
3942,2025-06-04,G05,Coffee,Beverages,450
3942,2025-06-04,G07,Sugar 1kg,Pantry,150
3943,2025-01-29,G12,Salsa Dip,Snacks,200
3943,2025-01-29,G07,Sugar 1kg,Pantry,150
3944,2025-05-25,G05,Coffee,Beverages,450
3944,2025-05-25,G07,Sugar 1kg,Pantry,150
3945,2025-01-23,G09,Tomato Sauce,Pantry,90
3945,2025-01-23,G10,Parmesan Cheese,Dairy,400
3945,2025-01-23,G03,Milk 1L,Dairy,120
3946,2025-05-13,G08,Pasta,Pantry,120
3947,2025-05-11,G20,Onions 1kg,Produce,80
3947,2025-05-11,G04,Eggs (Tray),Dairy,350
3948,2025-01-17,G12,Salsa Dip,Snacks,200
3948,2025-01-17,G04,Eggs (Tray),Dairy,350
3948,2025-01-17,G06,Tea Leaves,Beverages,200
3949,2025-06-07,G01,White Bread,Bakery,60
3949,2025-06-07,G02,Butter,Dairy,180
3949,2025-06-07,G03,Milk 1L,Dairy,120
3949,2025-06-07,G04,Eggs (Tray),Dairy,350
3950,2025-01-18,G01,White Bread,Bakery,60
3950,2025-01-18,G02,Butter,Dairy,180
3950,2025-01-18,G03,Milk 1L,Dairy,120
3950,2025-01-18,G09,Tomato Sauce,Pantry,90
3951,2025-02-05,G12,Salsa Dip,Snacks,200
3951,2025-02-05,G20,Onions 1kg,Produce,80
3951,2025-02-05,G08,Pasta,Pantry,120
3951,2025-02-05,G16,Baby Wipes,Baby Care,350
3952,2025-06-08,G05,Coffee,Beverages,450
3952,2025-06-08,G07,Sugar 1kg,Pantry,150
3953,2025-05-23,G11,Potato Chips,Snacks,150
3954,2025-06-07,G01,White Bread,Bakery,60
3954,2025-06-07,G02,Butter,Dairy,180
3954,2025-06-07,G03,Milk 1L,Dairy,120
3955,2025-02-17,G11,Potato Chips,Snacks,150
3955,2025-02-17,G10,Parmesan Cheese,Dairy,400
3956,2025-04-18,G17,Baby Formula,Baby Care,1500
3956,2025-04-18,G03,Milk 1L,Dairy,120
3956,2025-04-18,G05,Coffee,Beverages,450
3957,2025-02-20,G08,Pasta,Pantry,120
3957,2025-02-20,G09,Tomato Sauce,Pantry,90
3957,2025-02-20,G03,Milk 1L,Dairy,120
3958,2025-02-12,G16,Baby Wipes,Baby Care,350
3958,2025-02-12,G14,Baby Diapers,Baby Care,1200
3958,2025-02-12,G17,Baby Formula,Baby Care,1500
3959,2025-01-29,G17,Baby Formula,Baby Care,1500
3959,2025-01-29,G15,Beer (6-Pack),Alcohol,800
3959,2025-01-29,G16,Baby Wipes,Baby Care,350
3960,2025-04-04,G16,Baby Wipes,Baby Care,350
3961,2025-03-27,G14,Baby Diapers,Baby Care,1200
3961,2025-03-27,G15,Beer (6-Pack),Alcohol,800
3962,2025-04-23,G14,Baby Diapers,Baby Care,1200
3962,2025-04-23,G08,Pasta,Pantry,120
3963,2025-03-22,G15,Beer (6-Pack),Alcohol,800
3964,2025-05-15,G11,Potato Chips,Snacks,150
3964,2025-05-15,G12,Salsa Dip,Snacks,200
3965,2025-02-07,G05,Coffee,Beverages,450
3965,2025-02-07,G07,Sugar 1kg,Pantry,150
3966,2025-05-01,G06,Tea Leaves,Beverages,200
3966,2025-05-01,G03,Milk 1L,Dairy,120
3966,2025-05-01,G01,White Bread,Bakery,60
3966,2025-05-01,G10,Parmesan Cheese,Dairy,400
3967,2025-02-24,G11,Potato Chips,Snacks,150
3967,2025-02-24,G12,Salsa Dip,Snacks,200
3967,2025-02-24,G06,Tea Leaves,Beverages,200
3968,2025-03-18,G04,Eggs (Tray),Dairy,350
3968,2025-03-18,G12,Salsa Dip,Snacks,200
3968,2025-03-18,G14,Baby Diapers,Baby Care,1200
3969,2025-01-29,G05,Coffee,Beverages,450
3969,2025-01-29,G07,Sugar 1kg,Pantry,150
3970,2025-05-01,G09,Tomato Sauce,Pantry,90
3971,2025-03-30,G09,Tomato Sauce,Pantry,90
3971,2025-03-30,G12,Salsa Dip,Snacks,200
3971,2025-03-30,G02,Butter,Dairy,180
3971,2025-03-30,G07,Sugar 1kg,Pantry,150
3972,2025-01-26,G10,Parmesan Cheese,Dairy,400
3972,2025-01-26,G01,White Bread,Bakery,60
3973,2025-06-14,G18,Rice 2kg,Pantry,250
3973,2025-06-14,G19,Cooking Oil 1L,Pantry,300
3973,2025-06-14,G20,Onions 1kg,Produce,80
3974,2025-03-26,G14,Baby Diapers,Baby Care,1200
3974,2025-03-26,G15,Beer (6-Pack),Alcohol,800
3975,2025-03-24,G09,Tomato Sauce,Pantry,90
3975,2025-03-24,G12,Salsa Dip,Snacks,200
3975,2025-03-24,G07,Sugar 1kg,Pantry,150
3975,2025-03-24,G19,Cooking Oil 1L,Pantry,300
3976,2025-05-23,G17,Baby Formula,Baby Care,1500
3977,2025-05-29,G16,Baby Wipes,Baby Care,350
3977,2025-05-29,G14,Baby Diapers,Baby Care,1200
3978,2025-01-23,G14,Baby Diapers,Baby Care,1200
3979,2025-01-18,G01,White Bread,Bakery,60
3979,2025-01-18,G02,Butter,Dairy,180
3979,2025-01-18,G03,Milk 1L,Dairy,120
3980,2025-01-01,G16,Baby Wipes,Baby Care,350
3980,2025-01-01,G14,Baby Diapers,Baby Care,1200
3980,2025-01-01,G17,Baby Formula,Baby Care,1500
3981,2025-01-07,G08,Pasta,Pantry,120
3981,2025-01-07,G09,Tomato Sauce,Pantry,90
3981,2025-01-07,G10,Parmesan Cheese,Dairy,400
3982,2025-03-08,G13,Soda 2L,Beverages,150
3982,2025-03-08,G08,Pasta,Pantry,120
3982,2025-03-08,G17,Baby Formula,Baby Care,1500
3983,2025-03-05,G17,Baby Formula,Baby Care,1500
3983,2025-03-05,G13,Soda 2L,Beverages,150
3984,2025-03-16,G16,Baby Wipes,Baby Care,350
3984,2025-03-16,G14,Baby Diapers,Baby Care,1200
3984,2025-03-16,G17,Baby Formula,Baby Care,1500
3984,2025-03-16,G11,Potato Chips,Snacks,150
3985,2025-01-01,G01,White Bread,Bakery,60
3985,2025-01-01,G02,Butter,Dairy,180
3985,2025-01-01,G03,Milk 1L,Dairy,120
3986,2025-01-01,G11,Potato Chips,Snacks,150
3986,2025-01-01,G06,Tea Leaves,Beverages,200
3986,2025-01-01,G19,Cooking Oil 1L,Pantry,300
3987,2025-06-23,G14,Baby Diapers,Baby Care,1200
3987,2025-06-23,G08,Pasta,Pantry,120
3987,2025-06-23,G13,Soda 2L,Beverages,150
3987,2025-06-23,G06,Tea Leaves,Beverages,200
3988,2025-01-25,G11,Potato Chips,Snacks,150
3988,2025-01-25,G12,Salsa Dip,Snacks,200
3989,2025-04-22,G01,White Bread,Bakery,60
3989,2025-04-22,G02,Butter,Dairy,180
3989,2025-04-22,G03,Milk 1L,Dairy,120
3990,2025-02-18,G05,Coffee,Beverages,450
3990,2025-02-18,G07,Sugar 1kg,Pantry,150
3991,2025-06-26,G15,Beer (6-Pack),Alcohol,800
3992,2025-05-22,G14,Baby Diapers,Baby Care,1200
3992,2025-05-22,G15,Beer (6-Pack),Alcohol,800
3993,2025-03-16,G16,Baby Wipes,Baby Care,350
3993,2025-03-16,G14,Baby Diapers,Baby Care,1200
3994,2025-01-23,G14,Baby Diapers,Baby Care,1200
3994,2025-01-23,G15,Beer (6-Pack),Alcohol,800
3995,2025-06-22,G01,White Bread,Bakery,60
3995,2025-06-22,G02,Butter,Dairy,180
3995,2025-06-22,G03,Milk 1L,Dairy,120
3995,2025-06-22,G04,Eggs (Tray),Dairy,350
3996,2025-03-30,G08,Pasta,Pantry,120
3996,2025-03-30,G09,Tomato Sauce,Pantry,90
3997,2025-03-10,G02,Butter,Dairy,180
3997,2025-03-10,G06,Tea Leaves,Beverages,200
3997,2025-03-10,G08,Pasta,Pantry,120
3998,2025-01-23,G09,Tomato Sauce,Pantry,90
3999,2025-05-07,G14,Baby Diapers,Baby Care,1200
3999,2025-05-07,G15,Beer (6-Pack),Alcohol,800
3999,2025-05-07,G01,White Bread,Bakery,60
4000,2025-06-12,G14,Baby Diapers,Baby Care,1200
