listening_session_id,transaction_date,track_id,item_name,category,duration_minutes
1,2025-01-18,M14,Street Beats,Hip-Hop,3
1,2025-01-18,M12,Love Story,R&B,4
2,2025-02-04,M10,Praise Medley,Gospel,7
3,2025-06-11,M09,Sunday Worship 2,Gospel,5
3,2025-06-11,M03,Cardio Beats,Fitness/EDM,4
3,2025-06-11,M01,Workout Anthem,Fitness/EDM,3
4,2025-02-28,M06,Rain Sounds,Ambient/Sleep,10
4,2025-02-28,M07,Deep Sleep,Ambient/Sleep,12
5,2025-03-25,M01,Workout Anthem,Fitness/EDM,3
5,2025-03-25,M02,Pump It Up,Fitness/EDM,3
5,2025-03-25,M03,Cardio Beats,Fitness/EDM,4
6,2025-04-21,M06,Rain Sounds,Ambient/Sleep,10
6,2025-04-21,M07,Deep Sleep,Ambient/Sleep,12
7,2025-06-03,M08,Sunday Worship 1,Gospel,5
7,2025-06-03,M09,Sunday Worship 2,Gospel,5
8,2025-03-30,M16,Gengetone Hit,Amapiano/Afrobeat,4
8,2025-03-30,M13,Hip Hop Anthem,Hip-Hop,3
8,2025-03-30,M03,Cardio Beats,Fitness/EDM,4
8,2025-03-30,M15,Amapiano Vibes,Amapiano/Afrobeat,5
9,2025-06-16,M01,Workout Anthem,Fitness/EDM,3
9,2025-06-16,M02,Pump It Up,Fitness/EDM,3
9,2025-06-16,M03,Cardio Beats,Fitness/EDM,4
10,2025-01-02,M15,Amapiano Vibes,Amapiano/Afrobeat,5
10,2025-01-02,M16,Gengetone Hit,Amapiano/Afrobeat,4
11,2025-03-04,M09,Sunday Worship 2,Gospel,5
11,2025-03-04,M01,Workout Anthem,Fitness/EDM,3
11,2025-03-04,M14,Street Beats,Hip-Hop,3
12,2025-01-26,M01,Workout Anthem,Fitness/EDM,3
12,2025-01-26,M02,Pump It Up,Fitness/EDM,3
12,2025-01-26,M03,Cardio Beats,Fitness/EDM,4
13,2025-04-08,M04,Study Focus 1,Instrumental,6
13,2025-04-08,M05,Study Focus 2,Instrumental,5
14,2025-06-06,M04,Study Focus 1,Instrumental,6
14,2025-06-06,M05,Study Focus 2,Instrumental,5
15,2025-02-04,M01,Workout Anthem,Fitness/EDM,3
15,2025-02-04,M02,Pump It Up,Fitness/EDM,3
15,2025-02-04,M03,Cardio Beats,Fitness/EDM,4
16,2025-06-23,M06,Rain Sounds,Ambient/Sleep,10
16,2025-06-23,M07,Deep Sleep,Ambient/Sleep,12
17,2025-01-24,M06,Rain Sounds,Ambient/Sleep,10
17,2025-01-24,M07,Deep Sleep,Ambient/Sleep,12
18,2025-05-20,M14,Street Beats,Hip-Hop,3
18,2025-05-20,M11,Heartbreak Ballad,R&B,4
19,2025-03-22,M11,Heartbreak Ballad,R&B,4
19,2025-03-22,M12,Love Story,R&B,4
20,2025-02-06,M04,Study Focus 1,Instrumental,6
20,2025-02-06,M09,Sunday Worship 2,Gospel,5
20,2025-02-06,M11,Heartbreak Ballad,R&B,4
21,2025-06-25,M14,Street Beats,Hip-Hop,3
21,2025-06-25,M02,Pump It Up,Fitness/EDM,3
22,2025-05-26,M02,Pump It Up,Fitness/EDM,3
22,2025-05-26,M16,Gengetone Hit,Amapiano/Afrobeat,4
23,2025-05-11,M06,Rain Sounds,Ambient/Sleep,10
23,2025-05-11,M02,Pump It Up,Fitness/EDM,3
23,2025-05-11,M12,Love Story,R&B,4
23,2025-05-11,M10,Praise Medley,Gospel,7
24,2025-06-05,M01,Workout Anthem,Fitness/EDM,3
24,2025-06-05,M02,Pump It Up,Fitness/EDM,3
24,2025-06-05,M03,Cardio Beats,Fitness/EDM,4
25,2025-06-13,M03,Cardio Beats,Fitness/EDM,4
25,2025-06-13,M16,Gengetone Hit,Amapiano/Afrobeat,4
25,2025-06-13,M13,Hip Hop Anthem,Hip-Hop,3
25,2025-06-13,M01,Workout Anthem,Fitness/EDM,3
26,2025-04-13,M08,Sunday Worship 1,Gospel,5
26,2025-04-13,M14,Street Beats,Hip-Hop,3
26,2025-04-13,M16,Gengetone Hit,Amapiano/Afrobeat,4
26,2025-04-13,M04,Study Focus 1,Instrumental,6
27,2025-01-07,M15,Amapiano Vibes,Amapiano/Afrobeat,5
27,2025-01-07,M16,Gengetone Hit,Amapiano/Afrobeat,4
28,2025-03-03,M04,Study Focus 1,Instrumental,6
28,2025-03-03,M05,Study Focus 2,Instrumental,5
29,2025-01-03,M08,Sunday Worship 1,Gospel,5
29,2025-01-03,M09,Sunday Worship 2,Gospel,5
30,2025-05-01,M05,Study Focus 2,Instrumental,5
30,2025-05-01,M01,Workout Anthem,Fitness/EDM,3
31,2025-04-22,M11,Heartbreak Ballad,R&B,4
31,2025-04-22,M12,Love Story,R&B,4
32,2025-03-23,M06,Rain Sounds,Ambient/Sleep,10
32,2025-03-23,M05,Study Focus 2,Instrumental,5
32,2025-03-23,M16,Gengetone Hit,Amapiano/Afrobeat,4
32,2025-03-23,M01,Workout Anthem,Fitness/EDM,3
33,2025-03-20,M01,Workout Anthem,Fitness/EDM,3
33,2025-03-20,M02,Pump It Up,Fitness/EDM,3
33,2025-03-20,M03,Cardio Beats,Fitness/EDM,4
33,2025-03-20,M08,Sunday Worship 1,Gospel,5
34,2025-01-24,M11,Heartbreak Ballad,R&B,4
34,2025-01-24,M05,Study Focus 2,Instrumental,5
34,2025-01-24,M14,Street Beats,Hip-Hop,3
34,2025-01-24,M03,Cardio Beats,Fitness/EDM,4
35,2025-01-15,M04,Study Focus 1,Instrumental,6
35,2025-01-15,M05,Study Focus 2,Instrumental,5
36,2025-04-24,M06,Rain Sounds,Ambient/Sleep,10
36,2025-04-24,M07,Deep Sleep,Ambient/Sleep,12
37,2025-02-16,M08,Sunday Worship 1,Gospel,5
37,2025-02-16,M04,Study Focus 1,Instrumental,6
38,2025-02-11,M13,Hip Hop Anthem,Hip-Hop,3
38,2025-02-11,M14,Street Beats,Hip-Hop,3
38,2025-02-11,M15,Amapiano Vibes,Amapiano/Afrobeat,5
39,2025-03-02,M06,Rain Sounds,Ambient/Sleep,10
39,2025-03-02,M07,Deep Sleep,Ambient/Sleep,12
40,2025-06-24,M08,Sunday Worship 1,Gospel,5
40,2025-06-24,M09,Sunday Worship 2,Gospel,5
40,2025-06-24,M11,Heartbreak Ballad,R&B,4
41,2025-05-18,M04,Study Focus 1,Instrumental,6
41,2025-05-18,M06,Rain Sounds,Ambient/Sleep,10
41,2025-05-18,M03,Cardio Beats,Fitness/EDM,4
42,2025-02-12,M15,Amapiano Vibes,Amapiano/Afrobeat,5
42,2025-02-12,M14,Street Beats,Hip-Hop,3
43,2025-03-24,M04,Study Focus 1,Instrumental,6
43,2025-03-24,M05,Study Focus 2,Instrumental,5
44,2025-04-21,M02,Pump It Up,Fitness/EDM,3
44,2025-04-21,M03,Cardio Beats,Fitness/EDM,4
44,2025-04-21,M06,Rain Sounds,Ambient/Sleep,10
45,2025-05-30,M10,Praise Medley,Gospel,7
45,2025-05-30,M07,Deep Sleep,Ambient/Sleep,12
45,2025-05-30,M16,Gengetone Hit,Amapiano/Afrobeat,4
45,2025-05-30,M06,Rain Sounds,Ambient/Sleep,10
46,2025-01-03,M13,Hip Hop Anthem,Hip-Hop,3
46,2025-01-03,M14,Street Beats,Hip-Hop,3
47,2025-04-13,M04,Study Focus 1,Instrumental,6
47,2025-04-13,M05,Study Focus 2,Instrumental,5
48,2025-06-08,M01,Workout Anthem,Fitness/EDM,3
48,2025-06-08,M02,Pump It Up,Fitness/EDM,3
49,2025-01-30,M15,Amapiano Vibes,Amapiano/Afrobeat,5
49,2025-01-30,M16,Gengetone Hit,Amapiano/Afrobeat,4
50,2025-04-22,M03,Cardio Beats,Fitness/EDM,4
51,2025-01-22,M08,Sunday Worship 1,Gospel,5
51,2025-01-22,M09,Sunday Worship 2,Gospel,5
52,2025-05-02,M08,Sunday Worship 1,Gospel,5
53,2025-02-05,M11,Heartbreak Ballad,R&B,4
54,2025-02-17,M15,Amapiano Vibes,Amapiano/Afrobeat,5
54,2025-02-17,M02,Pump It Up,Fitness/EDM,3
54,2025-02-17,M13,Hip Hop Anthem,Hip-Hop,3
55,2025-05-12,M01,Workout Anthem,Fitness/EDM,3
55,2025-05-12,M02,Pump It Up,Fitness/EDM,3
56,2025-02-10,M06,Rain Sounds,Ambient/Sleep,10
56,2025-02-10,M07,Deep Sleep,Ambient/Sleep,12
57,2025-03-08,M12,Love Story,R&B,4
57,2025-03-08,M09,Sunday Worship 2,Gospel,5
58,2025-01-14,M13,Hip Hop Anthem,Hip-Hop,3
58,2025-01-14,M14,Street Beats,Hip-Hop,3
59,2025-03-23,M13,Hip Hop Anthem,Hip-Hop,3
59,2025-03-23,M14,Street Beats,Hip-Hop,3
60,2025-06-24,M07,Deep Sleep,Ambient/Sleep,12
60,2025-06-24,M12,Love Story,R&B,4
61,2025-03-11,M08,Sunday Worship 1,Gospel,5
61,2025-03-11,M15,Amapiano Vibes,Amapiano/Afrobeat,5
61,2025-03-11,M02,Pump It Up,Fitness/EDM,3
61,2025-03-11,M06,Rain Sounds,Ambient/Sleep,10
62,2025-03-14,M04,Study Focus 1,Instrumental,6
62,2025-03-14,M05,Study Focus 2,Instrumental,5
62,2025-03-14,M06,Rain Sounds,Ambient/Sleep,10
63,2025-03-17,M13,Hip Hop Anthem,Hip-Hop,3
63,2025-03-17,M07,Deep Sleep,Ambient/Sleep,12
64,2025-05-04,M01,Workout Anthem,Fitness/EDM,3
64,2025-05-04,M02,Pump It Up,Fitness/EDM,3
64,2025-05-04,M03,Cardio Beats,Fitness/EDM,4
65,2025-06-16,M02,Pump It Up,Fitness/EDM,3
66,2025-04-14,M06,Rain Sounds,Ambient/Sleep,10
66,2025-04-14,M07,Deep Sleep,Ambient/Sleep,12
67,2025-01-17,M11,Heartbreak Ballad,R&B,4
67,2025-01-17,M12,Love Story,R&B,4
68,2025-02-20,M04,Study Focus 1,Instrumental,6
68,2025-02-20,M05,Study Focus 2,Instrumental,5
69,2025-05-25,M08,Sunday Worship 1,Gospel,5
69,2025-05-25,M07,Deep Sleep,Ambient/Sleep,12
69,2025-05-25,M15,Amapiano Vibes,Amapiano/Afrobeat,5
69,2025-05-25,M12,Love Story,R&B,4
70,2025-01-14,M04,Study Focus 1,Instrumental,6
70,2025-01-14,M05,Study Focus 2,Instrumental,5
71,2025-06-21,M04,Study Focus 1,Instrumental,6
71,2025-06-21,M05,Study Focus 2,Instrumental,5
72,2025-03-31,M13,Hip Hop Anthem,Hip-Hop,3
72,2025-03-31,M14,Street Beats,Hip-Hop,3
73,2025-06-08,M04,Study Focus 1,Instrumental,6
73,2025-06-08,M05,Study Focus 2,Instrumental,5
74,2025-04-29,M15,Amapiano Vibes,Amapiano/Afrobeat,5
74,2025-04-29,M16,Gengetone Hit,Amapiano/Afrobeat,4
75,2025-04-30,M06,Rain Sounds,Ambient/Sleep,10
75,2025-04-30,M07,Deep Sleep,Ambient/Sleep,12
76,2025-03-14,M04,Study Focus 1,Instrumental,6
76,2025-03-14,M14,Street Beats,Hip-Hop,3
77,2025-06-09,M15,Amapiano Vibes,Amapiano/Afrobeat,5
77,2025-06-09,M08,Sunday Worship 1,Gospel,5
77,2025-06-09,M04,Study Focus 1,Instrumental,6
77,2025-06-09,M11,Heartbreak Ballad,R&B,4
78,2025-06-01,M13,Hip Hop Anthem,Hip-Hop,3
78,2025-06-01,M11,Heartbreak Ballad,R&B,4
78,2025-06-01,M15,Amapiano Vibes,Amapiano/Afrobeat,5
78,2025-06-01,M04,Study Focus 1,Instrumental,6
79,2025-06-02,M04,Study Focus 1,Instrumental,6
79,2025-06-02,M05,Study Focus 2,Instrumental,5
80,2025-03-06,M06,Rain Sounds,Ambient/Sleep,10
80,2025-03-06,M07,Deep Sleep,Ambient/Sleep,12
80,2025-03-06,M05,Study Focus 2,Instrumental,5
81,2025-03-31,M04,Study Focus 1,Instrumental,6
81,2025-03-31,M05,Study Focus 2,Instrumental,5
82,2025-04-22,M06,Rain Sounds,Ambient/Sleep,10
82,2025-04-22,M15,Amapiano Vibes,Amapiano/Afrobeat,5
83,2025-03-19,M04,Study Focus 1,Instrumental,6
83,2025-03-19,M05,Study Focus 2,Instrumental,5
84,2025-06-16,M06,Rain Sounds,Ambient/Sleep,10
84,2025-06-16,M07,Deep Sleep,Ambient/Sleep,12
85,2025-06-29,M04,Study Focus 1,Instrumental,6
85,2025-06-29,M05,Study Focus 2,Instrumental,5
86,2025-02-26,M11,Heartbreak Ballad,R&B,4
87,2025-06-21,M04,Study Focus 1,Instrumental,6
87,2025-06-21,M05,Study Focus 2,Instrumental,5
88,2025-01-02,M06,Rain Sounds,Ambient/Sleep,10
88,2025-01-02,M07,Deep Sleep,Ambient/Sleep,12
88,2025-01-02,M16,Gengetone Hit,Amapiano/Afrobeat,4
89,2025-06-19,M16,Gengetone Hit,Amapiano/Afrobeat,4
90,2025-02-21,M04,Study Focus 1,Instrumental,6
90,2025-02-21,M05,Study Focus 2,Instrumental,5
90,2025-02-21,M13,Hip Hop Anthem,Hip-Hop,3
91,2025-03-03,M07,Deep Sleep,Ambient/Sleep,12
91,2025-03-03,M03,Cardio Beats,Fitness/EDM,4
92,2025-04-05,M15,Amapiano Vibes,Amapiano/Afrobeat,5
92,2025-04-05,M16,Gengetone Hit,Amapiano/Afrobeat,4
93,2025-05-29,M07,Deep Sleep,Ambient/Sleep,12
93,2025-05-29,M04,Study Focus 1,Instrumental,6
93,2025-05-29,M06,Rain Sounds,Ambient/Sleep,10
93,2025-05-29,M01,Workout Anthem,Fitness/EDM,3
94,2025-01-31,M15,Amapiano Vibes,Amapiano/Afrobeat,5
94,2025-01-31,M16,Gengetone Hit,Amapiano/Afrobeat,4
95,2025-06-16,M04,Study Focus 1,Instrumental,6
95,2025-06-16,M05,Study Focus 2,Instrumental,5
96,2025-04-11,M13,Hip Hop Anthem,Hip-Hop,3
96,2025-04-11,M14,Street Beats,Hip-Hop,3
96,2025-04-11,M09,Sunday Worship 2,Gospel,5
97,2025-02-21,M08,Sunday Worship 1,Gospel,5
97,2025-02-21,M09,Sunday Worship 2,Gospel,5
98,2025-05-29,M01,Workout Anthem,Fitness/EDM,3
98,2025-05-29,M02,Pump It Up,Fitness/EDM,3
98,2025-05-29,M03,Cardio Beats,Fitness/EDM,4
99,2025-06-01,M13,Hip Hop Anthem,Hip-Hop,3
99,2025-06-01,M16,Gengetone Hit,Amapiano/Afrobeat,4
99,2025-06-01,M06,Rain Sounds,Ambient/Sleep,10
99,2025-06-01,M07,Deep Sleep,Ambient/Sleep,12
100,2025-03-17,M13,Hip Hop Anthem,Hip-Hop,3
100,2025-03-17,M14,Street Beats,Hip-Hop,3
101,2025-04-20,M11,Heartbreak Ballad,R&B,4
101,2025-04-20,M12,Love Story,R&B,4
102,2025-02-15,M13,Hip Hop Anthem,Hip-Hop,3
102,2025-02-15,M14,Street Beats,Hip-Hop,3
103,2025-04-30,M01,Workout Anthem,Fitness/EDM,3
103,2025-04-30,M02,Pump It Up,Fitness/EDM,3
104,2025-05-08,M05,Study Focus 2,Instrumental,5
105,2025-04-06,M09,Sunday Worship 2,Gospel,5
105,2025-04-06,M06,Rain Sounds,Ambient/Sleep,10
105,2025-04-06,M03,Cardio Beats,Fitness/EDM,4
105,2025-04-06,M07,Deep Sleep,Ambient/Sleep,12
106,2025-05-14,M13,Hip Hop Anthem,Hip-Hop,3
106,2025-05-14,M14,Street Beats,Hip-Hop,3
107,2025-06-02,M06,Rain Sounds,Ambient/Sleep,10
107,2025-06-02,M07,Deep Sleep,Ambient/Sleep,12
107,2025-06-02,M15,Amapiano Vibes,Amapiano/Afrobeat,5
108,2025-04-28,M11,Heartbreak Ballad,R&B,4
109,2025-02-03,M08,Sunday Worship 1,Gospel,5
109,2025-02-03,M16,Gengetone Hit,Amapiano/Afrobeat,4
109,2025-02-03,M01,Workout Anthem,Fitness/EDM,3
109,2025-02-03,M07,Deep Sleep,Ambient/Sleep,12
110,2025-04-25,M13,Hip Hop Anthem,Hip-Hop,3
110,2025-04-25,M14,Street Beats,Hip-Hop,3
111,2025-06-27,M06,Rain Sounds,Ambient/Sleep,10
111,2025-06-27,M07,Deep Sleep,Ambient/Sleep,12
112,2025-02-16,M14,Street Beats,Hip-Hop,3
113,2025-02-24,M04,Study Focus 1,Instrumental,6
113,2025-02-24,M05,Study Focus 2,Instrumental,5
113,2025-02-24,M06,Rain Sounds,Ambient/Sleep,10
114,2025-04-06,M08,Sunday Worship 1,Gospel,5
114,2025-04-06,M09,Sunday Worship 2,Gospel,5
115,2025-05-01,M13,Hip Hop Anthem,Hip-Hop,3
115,2025-05-01,M12,Love Story,R&B,4
116,2025-01-01,M04,Study Focus 1,Instrumental,6
116,2025-01-01,M05,Study Focus 2,Instrumental,5
117,2025-01-05,M11,Heartbreak Ballad,R&B,4
117,2025-01-05,M12,Love Story,R&B,4
118,2025-02-13,M09,Sunday Worship 2,Gospel,5
119,2025-04-28,M11,Heartbreak Ballad,R&B,4
119,2025-04-28,M12,Love Story,R&B,4
120,2025-02-27,M13,Hip Hop Anthem,Hip-Hop,3
120,2025-02-27,M14,Street Beats,Hip-Hop,3
120,2025-02-27,M09,Sunday Worship 2,Gospel,5
121,2025-01-18,M04,Study Focus 1,Instrumental,6
121,2025-01-18,M05,Study Focus 2,Instrumental,5
122,2025-06-28,M13,Hip Hop Anthem,Hip-Hop,3
122,2025-06-28,M14,Street Beats,Hip-Hop,3
122,2025-06-28,M05,Study Focus 2,Instrumental,5
123,2025-05-16,M01,Workout Anthem,Fitness/EDM,3
124,2025-05-26,M04,Study Focus 1,Instrumental,6
124,2025-05-26,M05,Study Focus 2,Instrumental,5
125,2025-01-02,M08,Sunday Worship 1,Gospel,5
125,2025-01-02,M09,Sunday Worship 2,Gospel,5
126,2025-01-17,M11,Heartbreak Ballad,R&B,4
126,2025-01-17,M12,Love Story,R&B,4
127,2025-02-17,M01,Workout Anthem,Fitness/EDM,3
127,2025-02-17,M08,Sunday Worship 1,Gospel,5
127,2025-02-17,M05,Study Focus 2,Instrumental,5
128,2025-03-22,M13,Hip Hop Anthem,Hip-Hop,3
128,2025-03-22,M14,Street Beats,Hip-Hop,3
129,2025-02-14,M06,Rain Sounds,Ambient/Sleep,10
130,2025-01-31,M11,Heartbreak Ballad,R&B,4
130,2025-01-31,M13,Hip Hop Anthem,Hip-Hop,3
130,2025-01-31,M08,Sunday Worship 1,Gospel,5
131,2025-01-14,M07,Deep Sleep,Ambient/Sleep,12
131,2025-01-14,M05,Study Focus 2,Instrumental,5
131,2025-01-14,M03,Cardio Beats,Fitness/EDM,4
132,2025-01-11,M04,Study Focus 1,Instrumental,6
132,2025-01-11,M14,Street Beats,Hip-Hop,3
132,2025-01-11,M08,Sunday Worship 1,Gospel,5
132,2025-01-11,M03,Cardio Beats,Fitness/EDM,4
133,2025-04-03,M13,Hip Hop Anthem,Hip-Hop,3
133,2025-04-03,M14,Street Beats,Hip-Hop,3
133,2025-04-03,M04,Study Focus 1,Instrumental,6
134,2025-06-13,M01,Workout Anthem,Fitness/EDM,3
134,2025-06-13,M02,Pump It Up,Fitness/EDM,3
135,2025-04-28,M08,Sunday Worship 1,Gospel,5
135,2025-04-28,M09,Sunday Worship 2,Gospel,5
136,2025-06-06,M09,Sunday Worship 2,Gospel,5
136,2025-06-06,M13,Hip Hop Anthem,Hip-Hop,3
137,2025-01-18,M02,Pump It Up,Fitness/EDM,3
137,2025-01-18,M01,Workout Anthem,Fitness/EDM,3
138,2025-02-18,M11,Heartbreak Ballad,R&B,4
138,2025-02-18,M12,Love Story,R&B,4
139,2025-06-08,M14,Street Beats,Hip-Hop,3
139,2025-06-08,M07,Deep Sleep,Ambient/Sleep,12
139,2025-06-08,M06,Rain Sounds,Ambient/Sleep,10
140,2025-03-26,M04,Study Focus 1,Instrumental,6
140,2025-03-26,M05,Study Focus 2,Instrumental,5
141,2025-02-20,M12,Love Story,R&B,4
141,2025-02-20,M09,Sunday Worship 2,Gospel,5
141,2025-02-20,M01,Workout Anthem,Fitness/EDM,3
142,2025-04-17,M15,Amapiano Vibes,Amapiano/Afrobeat,5
142,2025-04-17,M07,Deep Sleep,Ambient/Sleep,12
143,2025-01-06,M11,Heartbreak Ballad,R&B,4
143,2025-01-06,M12,Love Story,R&B,4
144,2025-05-25,M16,Gengetone Hit,Amapiano/Afrobeat,4
145,2025-02-14,M01,Workout Anthem,Fitness/EDM,3
145,2025-02-14,M02,Pump It Up,Fitness/EDM,3
145,2025-02-14,M03,Cardio Beats,Fitness/EDM,4
146,2025-01-04,M12,Love Story,R&B,4
146,2025-01-04,M09,Sunday Worship 2,Gospel,5
147,2025-01-17,M09,Sunday Worship 2,Gospel,5
147,2025-01-17,M15,Amapiano Vibes,Amapiano/Afrobeat,5
148,2025-06-08,M08,Sunday Worship 1,Gospel,5
148,2025-06-08,M09,Sunday Worship 2,Gospel,5
148,2025-06-08,M02,Pump It Up,Fitness/EDM,3
149,2025-01-12,M13,Hip Hop Anthem,Hip-Hop,3
149,2025-01-12,M14,Street Beats,Hip-Hop,3
150,2025-04-29,M08,Sunday Worship 1,Gospel,5
150,2025-04-29,M09,Sunday Worship 2,Gospel,5
151,2025-01-10,M06,Rain Sounds,Ambient/Sleep,10
151,2025-01-10,M07,Deep Sleep,Ambient/Sleep,12
152,2025-01-23,M01,Workout Anthem,Fitness/EDM,3
152,2025-01-23,M02,Pump It Up,Fitness/EDM,3
153,2025-01-29,M02,Pump It Up,Fitness/EDM,3
153,2025-01-29,M04,Study Focus 1,Instrumental,6
154,2025-04-01,M01,Workout Anthem,Fitness/EDM,3
155,2025-02-09,M06,Rain Sounds,Ambient/Sleep,10
155,2025-02-09,M04,Study Focus 1,Instrumental,6
155,2025-02-09,M05,Study Focus 2,Instrumental,5
156,2025-03-23,M04,Study Focus 1,Instrumental,6
156,2025-03-23,M05,Study Focus 2,Instrumental,5
157,2025-03-23,M10,Praise Medley,Gospel,7
157,2025-03-23,M12,Love Story,R&B,4
157,2025-03-23,M13,Hip Hop Anthem,Hip-Hop,3
157,2025-03-23,M03,Cardio Beats,Fitness/EDM,4
158,2025-02-27,M11,Heartbreak Ballad,R&B,4
158,2025-02-27,M04,Study Focus 1,Instrumental,6
159,2025-04-13,M01,Workout Anthem,Fitness/EDM,3
159,2025-04-13,M02,Pump It Up,Fitness/EDM,3
159,2025-04-13,M03,Cardio Beats,Fitness/EDM,4
160,2025-01-11,M15,Amapiano Vibes,Amapiano/Afrobeat,5
160,2025-01-11,M01,Workout Anthem,Fitness/EDM,3
161,2025-01-21,M01,Workout Anthem,Fitness/EDM,3
161,2025-01-21,M02,Pump It Up,Fitness/EDM,3
161,2025-01-21,M03,Cardio Beats,Fitness/EDM,4
162,2025-02-07,M08,Sunday Worship 1,Gospel,5
162,2025-02-07,M09,Sunday Worship 2,Gospel,5
163,2025-06-18,M07,Deep Sleep,Ambient/Sleep,12
163,2025-06-18,M09,Sunday Worship 2,Gospel,5
163,2025-06-18,M14,Street Beats,Hip-Hop,3
163,2025-06-18,M04,Study Focus 1,Instrumental,6
164,2025-01-24,M11,Heartbreak Ballad,R&B,4
164,2025-01-24,M12,Love Story,R&B,4
165,2025-03-09,M15,Amapiano Vibes,Amapiano/Afrobeat,5
165,2025-03-09,M04,Study Focus 1,Instrumental,6
166,2025-02-21,M04,Study Focus 1,Instrumental,6
166,2025-02-21,M05,Study Focus 2,Instrumental,5
167,2025-04-10,M11,Heartbreak Ballad,R&B,4
167,2025-04-10,M12,Love Story,R&B,4
168,2025-04-24,M13,Hip Hop Anthem,Hip-Hop,3
168,2025-04-24,M14,Street Beats,Hip-Hop,3
168,2025-04-24,M15,Amapiano Vibes,Amapiano/Afrobeat,5
169,2025-05-29,M09,Sunday Worship 2,Gospel,5
169,2025-05-29,M01,Workout Anthem,Fitness/EDM,3
169,2025-05-29,M06,Rain Sounds,Ambient/Sleep,10
169,2025-05-29,M12,Love Story,R&B,4
170,2025-01-15,M01,Workout Anthem,Fitness/EDM,3
170,2025-01-15,M02,Pump It Up,Fitness/EDM,3
171,2025-01-08,M06,Rain Sounds,Ambient/Sleep,10
171,2025-01-08,M10,Praise Medley,Gospel,7
172,2025-03-27,M14,Street Beats,Hip-Hop,3
172,2025-03-27,M03,Cardio Beats,Fitness/EDM,4
172,2025-03-27,M09,Sunday Worship 2,Gospel,5
172,2025-03-27,M02,Pump It Up,Fitness/EDM,3
173,2025-03-30,M06,Rain Sounds,Ambient/Sleep,10
173,2025-03-30,M04,Study Focus 1,Instrumental,6
173,2025-03-30,M13,Hip Hop Anthem,Hip-Hop,3
174,2025-06-13,M15,Amapiano Vibes,Amapiano/Afrobeat,5
174,2025-06-13,M13,Hip Hop Anthem,Hip-Hop,3
175,2025-01-05,M02,Pump It Up,Fitness/EDM,3
175,2025-01-05,M16,Gengetone Hit,Amapiano/Afrobeat,4
175,2025-01-05,M01,Workout Anthem,Fitness/EDM,3
176,2025-05-07,M06,Rain Sounds,Ambient/Sleep,10
176,2025-05-07,M05,Study Focus 2,Instrumental,5
177,2025-06-22,M02,Pump It Up,Fitness/EDM,3
177,2025-06-22,M04,Study Focus 1,Instrumental,6
177,2025-06-22,M16,Gengetone Hit,Amapiano/Afrobeat,4
177,2025-06-22,M06,Rain Sounds,Ambient/Sleep,10
178,2025-06-25,M13,Hip Hop Anthem,Hip-Hop,3
178,2025-06-25,M14,Street Beats,Hip-Hop,3
178,2025-06-25,M15,Amapiano Vibes,Amapiano/Afrobeat,5
179,2025-03-16,M04,Study Focus 1,Instrumental,6
179,2025-03-16,M11,Heartbreak Ballad,R&B,4
179,2025-03-16,M16,Gengetone Hit,Amapiano/Afrobeat,4
180,2025-01-29,M06,Rain Sounds,Ambient/Sleep,10
180,2025-01-29,M16,Gengetone Hit,Amapiano/Afrobeat,4
181,2025-05-05,M05,Study Focus 2,Instrumental,5
181,2025-05-05,M01,Workout Anthem,Fitness/EDM,3
181,2025-05-05,M16,Gengetone Hit,Amapiano/Afrobeat,4
182,2025-02-06,M08,Sunday Worship 1,Gospel,5
182,2025-02-06,M09,Sunday Worship 2,Gospel,5
182,2025-02-06,M10,Praise Medley,Gospel,7
183,2025-03-31,M06,Rain Sounds,Ambient/Sleep,10
183,2025-03-31,M07,Deep Sleep,Ambient/Sleep,12
184,2025-04-18,M04,Study Focus 1,Instrumental,6
184,2025-04-18,M05,Study Focus 2,Instrumental,5
184,2025-04-18,M06,Rain Sounds,Ambient/Sleep,10
185,2025-03-31,M15,Amapiano Vibes,Amapiano/Afrobeat,5
185,2025-03-31,M09,Sunday Worship 2,Gospel,5
186,2025-03-05,M06,Rain Sounds,Ambient/Sleep,10
186,2025-03-05,M07,Deep Sleep,Ambient/Sleep,12
187,2025-01-18,M04,Study Focus 1,Instrumental,6
187,2025-01-18,M05,Study Focus 2,Instrumental,5
188,2025-01-22,M04,Study Focus 1,Instrumental,6
188,2025-01-22,M05,Study Focus 2,Instrumental,5
189,2025-01-25,M04,Study Focus 1,Instrumental,6
189,2025-01-25,M05,Study Focus 2,Instrumental,5
189,2025-01-25,M06,Rain Sounds,Ambient/Sleep,10
190,2025-03-01,M08,Sunday Worship 1,Gospel,5
190,2025-03-01,M09,Sunday Worship 2,Gospel,5
190,2025-03-01,M10,Praise Medley,Gospel,7
191,2025-02-12,M15,Amapiano Vibes,Amapiano/Afrobeat,5
191,2025-02-12,M16,Gengetone Hit,Amapiano/Afrobeat,4
192,2025-04-04,M10,Praise Medley,Gospel,7
192,2025-04-04,M01,Workout Anthem,Fitness/EDM,3
193,2025-05-10,M08,Sunday Worship 1,Gospel,5
193,2025-05-10,M09,Sunday Worship 2,Gospel,5
193,2025-05-10,M10,Praise Medley,Gospel,7
194,2025-06-19,M15,Amapiano Vibes,Amapiano/Afrobeat,5
194,2025-06-19,M04,Study Focus 1,Instrumental,6
195,2025-03-06,M01,Workout Anthem,Fitness/EDM,3
195,2025-03-06,M02,Pump It Up,Fitness/EDM,3
195,2025-03-06,M03,Cardio Beats,Fitness/EDM,4
196,2025-05-22,M14,Street Beats,Hip-Hop,3
196,2025-05-22,M01,Workout Anthem,Fitness/EDM,3
196,2025-05-22,M03,Cardio Beats,Fitness/EDM,4
196,2025-05-22,M02,Pump It Up,Fitness/EDM,3
197,2025-01-23,M06,Rain Sounds,Ambient/Sleep,10
197,2025-01-23,M07,Deep Sleep,Ambient/Sleep,12
198,2025-06-22,M13,Hip Hop Anthem,Hip-Hop,3
198,2025-06-22,M14,Street Beats,Hip-Hop,3
199,2025-04-27,M15,Amapiano Vibes,Amapiano/Afrobeat,5
199,2025-04-27,M16,Gengetone Hit,Amapiano/Afrobeat,4
200,2025-03-05,M06,Rain Sounds,Ambient/Sleep,10
200,2025-03-05,M07,Deep Sleep,Ambient/Sleep,12
201,2025-02-23,M06,Rain Sounds,Ambient/Sleep,10
201,2025-02-23,M07,Deep Sleep,Ambient/Sleep,12
202,2025-03-12,M15,Amapiano Vibes,Amapiano/Afrobeat,5
202,2025-03-12,M06,Rain Sounds,Ambient/Sleep,10
202,2025-03-12,M09,Sunday Worship 2,Gospel,5
203,2025-05-27,M15,Amapiano Vibes,Amapiano/Afrobeat,5
203,2025-05-27,M16,Gengetone Hit,Amapiano/Afrobeat,4
204,2025-04-22,M11,Heartbreak Ballad,R&B,4
204,2025-04-22,M12,Love Story,R&B,4
205,2025-01-23,M09,Sunday Worship 2,Gospel,5
205,2025-01-23,M16,Gengetone Hit,Amapiano/Afrobeat,4
205,2025-01-23,M10,Praise Medley,Gospel,7
205,2025-01-23,M05,Study Focus 2,Instrumental,5
206,2025-03-16,M08,Sunday Worship 1,Gospel,5
206,2025-03-16,M14,Street Beats,Hip-Hop,3
206,2025-03-16,M03,Cardio Beats,Fitness/EDM,4
206,2025-03-16,M07,Deep Sleep,Ambient/Sleep,12
207,2025-03-04,M02,Pump It Up,Fitness/EDM,3
208,2025-05-04,M04,Study Focus 1,Instrumental,6
208,2025-05-04,M05,Study Focus 2,Instrumental,5
209,2025-03-21,M04,Study Focus 1,Instrumental,6
209,2025-03-21,M05,Study Focus 2,Instrumental,5
209,2025-03-21,M07,Deep Sleep,Ambient/Sleep,12
210,2025-01-10,M15,Amapiano Vibes,Amapiano/Afrobeat,5
210,2025-01-10,M16,Gengetone Hit,Amapiano/Afrobeat,4
210,2025-01-10,M03,Cardio Beats,Fitness/EDM,4
211,2025-02-24,M13,Hip Hop Anthem,Hip-Hop,3
211,2025-02-24,M14,Street Beats,Hip-Hop,3
212,2025-03-04,M06,Rain Sounds,Ambient/Sleep,10
212,2025-03-04,M07,Deep Sleep,Ambient/Sleep,12
213,2025-01-08,M01,Workout Anthem,Fitness/EDM,3
213,2025-01-08,M15,Amapiano Vibes,Amapiano/Afrobeat,5
214,2025-04-25,M13,Hip Hop Anthem,Hip-Hop,3
214,2025-04-25,M14,Street Beats,Hip-Hop,3
214,2025-04-25,M15,Amapiano Vibes,Amapiano/Afrobeat,5
215,2025-02-16,M06,Rain Sounds,Ambient/Sleep,10
215,2025-02-16,M16,Gengetone Hit,Amapiano/Afrobeat,4
215,2025-02-16,M02,Pump It Up,Fitness/EDM,3
216,2025-02-15,M04,Study Focus 1,Instrumental,6
216,2025-02-15,M02,Pump It Up,Fitness/EDM,3
217,2025-06-22,M01,Workout Anthem,Fitness/EDM,3
217,2025-06-22,M02,Pump It Up,Fitness/EDM,3
218,2025-02-20,M01,Workout Anthem,Fitness/EDM,3
218,2025-02-20,M02,Pump It Up,Fitness/EDM,3
219,2025-03-01,M01,Workout Anthem,Fitness/EDM,3
219,2025-03-01,M03,Cardio Beats,Fitness/EDM,4
219,2025-03-01,M13,Hip Hop Anthem,Hip-Hop,3
220,2025-02-07,M15,Amapiano Vibes,Amapiano/Afrobeat,5
220,2025-02-07,M11,Heartbreak Ballad,R&B,4
221,2025-01-27,M08,Sunday Worship 1,Gospel,5
221,2025-01-27,M09,Sunday Worship 2,Gospel,5
222,2025-06-10,M03,Cardio Beats,Fitness/EDM,4
222,2025-06-10,M11,Heartbreak Ballad,R&B,4
223,2025-06-30,M01,Workout Anthem,Fitness/EDM,3
223,2025-06-30,M02,Pump It Up,Fitness/EDM,3
223,2025-06-30,M06,Rain Sounds,Ambient/Sleep,10
224,2025-06-22,M06,Rain Sounds,Ambient/Sleep,10
224,2025-06-22,M07,Deep Sleep,Ambient/Sleep,12
225,2025-01-15,M14,Street Beats,Hip-Hop,3
226,2025-05-03,M02,Pump It Up,Fitness/EDM,3
226,2025-05-03,M01,Workout Anthem,Fitness/EDM,3
226,2025-05-03,M07,Deep Sleep,Ambient/Sleep,12
227,2025-05-04,M11,Heartbreak Ballad,R&B,4
227,2025-05-04,M12,Love Story,R&B,4
228,2025-04-07,M11,Heartbreak Ballad,R&B,4
228,2025-04-07,M12,Love Story,R&B,4
229,2025-04-28,M11,Heartbreak Ballad,R&B,4
229,2025-04-28,M09,Sunday Worship 2,Gospel,5
229,2025-04-28,M16,Gengetone Hit,Amapiano/Afrobeat,4
230,2025-05-24,M06,Rain Sounds,Ambient/Sleep,10
231,2025-01-05,M06,Rain Sounds,Ambient/Sleep,10
231,2025-01-05,M07,Deep Sleep,Ambient/Sleep,12
232,2025-02-27,M07,Deep Sleep,Ambient/Sleep,12
232,2025-02-27,M03,Cardio Beats,Fitness/EDM,4
233,2025-05-19,M06,Rain Sounds,Ambient/Sleep,10
234,2025-02-14,M04,Study Focus 1,Instrumental,6
234,2025-02-14,M08,Sunday Worship 1,Gospel,5
235,2025-06-04,M08,Sunday Worship 1,Gospel,5
235,2025-06-04,M09,Sunday Worship 2,Gospel,5
236,2025-02-12,M08,Sunday Worship 1,Gospel,5
236,2025-02-12,M09,Sunday Worship 2,Gospel,5
237,2025-03-11,M02,Pump It Up,Fitness/EDM,3
237,2025-03-11,M13,Hip Hop Anthem,Hip-Hop,3
237,2025-03-11,M05,Study Focus 2,Instrumental,5
238,2025-04-29,M09,Sunday Worship 2,Gospel,5
239,2025-01-18,M14,Street Beats,Hip-Hop,3
239,2025-01-18,M03,Cardio Beats,Fitness/EDM,4
239,2025-01-18,M05,Study Focus 2,Instrumental,5
240,2025-05-03,M01,Workout Anthem,Fitness/EDM,3
240,2025-05-03,M02,Pump It Up,Fitness/EDM,3
240,2025-05-03,M05,Study Focus 2,Instrumental,5
241,2025-03-08,M04,Study Focus 1,Instrumental,6
241,2025-03-08,M14,Street Beats,Hip-Hop,3
242,2025-06-30,M11,Heartbreak Ballad,R&B,4
242,2025-06-30,M12,Love Story,R&B,4
243,2025-06-27,M08,Sunday Worship 1,Gospel,5
243,2025-06-27,M03,Cardio Beats,Fitness/EDM,4
244,2025-06-04,M01,Workout Anthem,Fitness/EDM,3
244,2025-06-04,M02,Pump It Up,Fitness/EDM,3
244,2025-06-04,M03,Cardio Beats,Fitness/EDM,4
245,2025-02-13,M08,Sunday Worship 1,Gospel,5
245,2025-02-13,M12,Love Story,R&B,4
245,2025-02-13,M14,Street Beats,Hip-Hop,3
245,2025-02-13,M07,Deep Sleep,Ambient/Sleep,12
246,2025-04-20,M08,Sunday Worship 1,Gospel,5
246,2025-04-20,M09,Sunday Worship 2,Gospel,5
247,2025-03-06,M16,Gengetone Hit,Amapiano/Afrobeat,4
247,2025-03-06,M13,Hip Hop Anthem,Hip-Hop,3
248,2025-01-10,M16,Gengetone Hit,Amapiano/Afrobeat,4
248,2025-01-10,M05,Study Focus 2,Instrumental,5
248,2025-01-10,M11,Heartbreak Ballad,R&B,4
248,2025-01-10,M15,Amapiano Vibes,Amapiano/Afrobeat,5
249,2025-06-12,M01,Workout Anthem,Fitness/EDM,3
249,2025-06-12,M06,Rain Sounds,Ambient/Sleep,10
249,2025-06-12,M13,Hip Hop Anthem,Hip-Hop,3
249,2025-06-12,M10,Praise Medley,Gospel,7
250,2025-05-23,M15,Amapiano Vibes,Amapiano/Afrobeat,5
250,2025-05-23,M16,Gengetone Hit,Amapiano/Afrobeat,4
251,2025-02-03,M03,Cardio Beats,Fitness/EDM,4
251,2025-02-03,M13,Hip Hop Anthem,Hip-Hop,3
251,2025-02-03,M05,Study Focus 2,Instrumental,5
252,2025-05-03,M13,Hip Hop Anthem,Hip-Hop,3
252,2025-05-03,M14,Street Beats,Hip-Hop,3
253,2025-03-02,M06,Rain Sounds,Ambient/Sleep,10
253,2025-03-02,M07,Deep Sleep,Ambient/Sleep,12
254,2025-05-30,M15,Amapiano Vibes,Amapiano/Afrobeat,5
254,2025-05-30,M16,Gengetone Hit,Amapiano/Afrobeat,4
255,2025-06-10,M05,Study Focus 2,Instrumental,5
256,2025-01-17,M06,Rain Sounds,Ambient/Sleep,10
256,2025-01-17,M07,Deep Sleep,Ambient/Sleep,12
257,2025-02-02,M06,Rain Sounds,Ambient/Sleep,10
257,2025-02-02,M07,Deep Sleep,Ambient/Sleep,12
258,2025-06-05,M03,Cardio Beats,Fitness/EDM,4
258,2025-06-05,M07,Deep Sleep,Ambient/Sleep,12
259,2025-04-13,M08,Sunday Worship 1,Gospel,5
259,2025-04-13,M09,Sunday Worship 2,Gospel,5
259,2025-04-13,M10,Praise Medley,Gospel,7
260,2025-02-03,M15,Amapiano Vibes,Amapiano/Afrobeat,5
260,2025-02-03,M16,Gengetone Hit,Amapiano/Afrobeat,4
261,2025-05-03,M09,Sunday Worship 2,Gospel,5
261,2025-05-03,M14,Street Beats,Hip-Hop,3
261,2025-05-03,M06,Rain Sounds,Ambient/Sleep,10
261,2025-05-03,M11,Heartbreak Ballad,R&B,4
262,2025-06-09,M02,Pump It Up,Fitness/EDM,3
262,2025-06-09,M12,Love Story,R&B,4
262,2025-06-09,M03,Cardio Beats,Fitness/EDM,4
262,2025-06-09,M10,Praise Medley,Gospel,7
263,2025-01-07,M05,Study Focus 2,Instrumental,5
263,2025-01-07,M04,Study Focus 1,Instrumental,6
263,2025-01-07,M11,Heartbreak Ballad,R&B,4
264,2025-04-18,M04,Study Focus 1,Instrumental,6
264,2025-04-18,M05,Study Focus 2,Instrumental,5
264,2025-04-18,M06,Rain Sounds,Ambient/Sleep,10
265,2025-02-04,M06,Rain Sounds,Ambient/Sleep,10
265,2025-02-04,M07,Deep Sleep,Ambient/Sleep,12
266,2025-06-20,M11,Heartbreak Ballad,R&B,4
266,2025-06-20,M12,Love Story,R&B,4
267,2025-01-25,M03,Cardio Beats,Fitness/EDM,4
268,2025-06-20,M14,Street Beats,Hip-Hop,3
268,2025-06-20,M04,Study Focus 1,Instrumental,6
268,2025-06-20,M15,Amapiano Vibes,Amapiano/Afrobeat,5
268,2025-06-20,M05,Study Focus 2,Instrumental,5
269,2025-05-01,M15,Amapiano Vibes,Amapiano/Afrobeat,5
269,2025-05-01,M14,Street Beats,Hip-Hop,3
269,2025-05-01,M02,Pump It Up,Fitness/EDM,3
269,2025-05-01,M10,Praise Medley,Gospel,7
270,2025-05-17,M04,Study Focus 1,Instrumental,6
270,2025-05-17,M05,Study Focus 2,Instrumental,5
271,2025-03-21,M14,Street Beats,Hip-Hop,3
271,2025-03-21,M13,Hip Hop Anthem,Hip-Hop,3
272,2025-03-13,M06,Rain Sounds,Ambient/Sleep,10
272,2025-03-13,M05,Study Focus 2,Instrumental,5
272,2025-03-13,M14,Street Beats,Hip-Hop,3
273,2025-05-02,M04,Study Focus 1,Instrumental,6
273,2025-05-02,M05,Study Focus 2,Instrumental,5
273,2025-05-02,M06,Rain Sounds,Ambient/Sleep,10
274,2025-03-03,M12,Love Story,R&B,4
274,2025-03-03,M06,Rain Sounds,Ambient/Sleep,10
275,2025-02-27,M06,Rain Sounds,Ambient/Sleep,10
275,2025-02-27,M10,Praise Medley,Gospel,7
275,2025-02-27,M11,Heartbreak Ballad,R&B,4
275,2025-02-27,M05,Study Focus 2,Instrumental,5
276,2025-05-11,M10,Praise Medley,Gospel,7
276,2025-05-11,M04,Study Focus 1,Instrumental,6
277,2025-01-01,M06,Rain Sounds,Ambient/Sleep,10
277,2025-01-01,M07,Deep Sleep,Ambient/Sleep,12
278,2025-03-03,M04,Study Focus 1,Instrumental,6
278,2025-03-03,M09,Sunday Worship 2,Gospel,5
279,2025-03-09,M04,Study Focus 1,Instrumental,6
279,2025-03-09,M05,Study Focus 2,Instrumental,5
280,2025-04-24,M15,Amapiano Vibes,Amapiano/Afrobeat,5
280,2025-04-24,M16,Gengetone Hit,Amapiano/Afrobeat,4
281,2025-03-16,M08,Sunday Worship 1,Gospel,5
281,2025-03-16,M09,Sunday Worship 2,Gospel,5
281,2025-03-16,M10,Praise Medley,Gospel,7
282,2025-03-29,M01,Workout Anthem,Fitness/EDM,3
282,2025-03-29,M02,Pump It Up,Fitness/EDM,3
283,2025-05-27,M14,Street Beats,Hip-Hop,3
284,2025-04-30,M13,Hip Hop Anthem,Hip-Hop,3
284,2025-04-30,M14,Street Beats,Hip-Hop,3
285,2025-05-16,M06,Rain Sounds,Ambient/Sleep,10
285,2025-05-16,M07,Deep Sleep,Ambient/Sleep,12
286,2025-02-08,M08,Sunday Worship 1,Gospel,5
286,2025-02-08,M09,Sunday Worship 2,Gospel,5
287,2025-04-26,M05,Study Focus 2,Instrumental,5
288,2025-02-20,M11,Heartbreak Ballad,R&B,4
288,2025-02-20,M12,Love Story,R&B,4
289,2025-02-07,M11,Heartbreak Ballad,R&B,4
289,2025-02-07,M09,Sunday Worship 2,Gospel,5
290,2025-03-29,M02,Pump It Up,Fitness/EDM,3
290,2025-03-29,M14,Street Beats,Hip-Hop,3
291,2025-05-08,M01,Workout Anthem,Fitness/EDM,3
291,2025-05-08,M02,Pump It Up,Fitness/EDM,3
292,2025-04-08,M06,Rain Sounds,Ambient/Sleep,10
292,2025-04-08,M05,Study Focus 2,Instrumental,5
292,2025-04-08,M16,Gengetone Hit,Amapiano/Afrobeat,4
293,2025-06-03,M01,Workout Anthem,Fitness/EDM,3
293,2025-06-03,M02,Pump It Up,Fitness/EDM,3
293,2025-06-03,M03,Cardio Beats,Fitness/EDM,4
294,2025-03-20,M04,Study Focus 1,Instrumental,6
294,2025-03-20,M05,Study Focus 2,Instrumental,5
295,2025-03-26,M12,Love Story,R&B,4
295,2025-03-26,M13,Hip Hop Anthem,Hip-Hop,3
296,2025-01-25,M09,Sunday Worship 2,Gospel,5
297,2025-02-24,M11,Heartbreak Ballad,R&B,4
297,2025-02-24,M12,Love Story,R&B,4
298,2025-02-23,M03,Cardio Beats,Fitness/EDM,4
299,2025-02-18,M04,Study Focus 1,Instrumental,6
299,2025-02-18,M02,Pump It Up,Fitness/EDM,3
299,2025-02-18,M14,Street Beats,Hip-Hop,3
300,2025-06-19,M06,Rain Sounds,Ambient/Sleep,10
300,2025-06-19,M15,Amapiano Vibes,Amapiano/Afrobeat,5
301,2025-06-09,M01,Workout Anthem,Fitness/EDM,3
301,2025-06-09,M02,Pump It Up,Fitness/EDM,3
302,2025-04-26,M04,Study Focus 1,Instrumental,6
302,2025-04-26,M05,Study Focus 2,Instrumental,5
303,2025-04-23,M14,Street Beats,Hip-Hop,3
304,2025-05-05,M02,Pump It Up,Fitness/EDM,3
305,2025-01-08,M16,Gengetone Hit,Amapiano/Afrobeat,4
306,2025-05-20,M03,Cardio Beats,Fitness/EDM,4
306,2025-05-20,M13,Hip Hop Anthem,Hip-Hop,3
307,2025-06-04,M12,Love Story,R&B,4
307,2025-06-04,M02,Pump It Up,Fitness/EDM,3
307,2025-06-04,M06,Rain Sounds,Ambient/Sleep,10
307,2025-06-04,M07,Deep Sleep,Ambient/Sleep,12
308,2025-01-27,M04,Study Focus 1,Instrumental,6
308,2025-01-27,M05,Study Focus 2,Instrumental,5
309,2025-01-09,M01,Workout Anthem,Fitness/EDM,3
309,2025-01-09,M02,Pump It Up,Fitness/EDM,3
310,2025-05-13,M04,Study Focus 1,Instrumental,6
310,2025-05-13,M05,Study Focus 2,Instrumental,5
310,2025-05-13,M06,Rain Sounds,Ambient/Sleep,10
311,2025-01-28,M06,Rain Sounds,Ambient/Sleep,10
311,2025-01-28,M07,Deep Sleep,Ambient/Sleep,12
312,2025-05-30,M04,Study Focus 1,Instrumental,6
312,2025-05-30,M05,Study Focus 2,Instrumental,5
313,2025-01-27,M04,Study Focus 1,Instrumental,6
313,2025-01-27,M05,Study Focus 2,Instrumental,5
314,2025-02-02,M11,Heartbreak Ballad,R&B,4
314,2025-02-02,M15,Amapiano Vibes,Amapiano/Afrobeat,5
314,2025-02-02,M14,Street Beats,Hip-Hop,3
314,2025-02-02,M12,Love Story,R&B,4
315,2025-02-25,M04,Study Focus 1,Instrumental,6
315,2025-02-25,M05,Study Focus 2,Instrumental,5
315,2025-02-25,M06,Rain Sounds,Ambient/Sleep,10
316,2025-05-21,M03,Cardio Beats,Fitness/EDM,4
316,2025-05-21,M10,Praise Medley,Gospel,7
316,2025-05-21,M08,Sunday Worship 1,Gospel,5
317,2025-04-20,M15,Amapiano Vibes,Amapiano/Afrobeat,5
318,2025-03-30,M12,Love Story,R&B,4
318,2025-03-30,M04,Study Focus 1,Instrumental,6
318,2025-03-30,M15,Amapiano Vibes,Amapiano/Afrobeat,5
318,2025-03-30,M10,Praise Medley,Gospel,7
319,2025-06-17,M11,Heartbreak Ballad,R&B,4
319,2025-06-17,M06,Rain Sounds,Ambient/Sleep,10
319,2025-06-17,M09,Sunday Worship 2,Gospel,5
320,2025-04-01,M04,Study Focus 1,Instrumental,6
320,2025-04-01,M05,Study Focus 2,Instrumental,5
321,2025-06-12,M04,Study Focus 1,Instrumental,6
321,2025-06-12,M05,Study Focus 2,Instrumental,5
322,2025-06-06,M11,Heartbreak Ballad,R&B,4
322,2025-06-06,M12,Love Story,R&B,4
322,2025-06-06,M01,Workout Anthem,Fitness/EDM,3
323,2025-05-21,M15,Amapiano Vibes,Amapiano/Afrobeat,5
323,2025-05-21,M16,Gengetone Hit,Amapiano/Afrobeat,4
324,2025-01-16,M08,Sunday Worship 1,Gospel,5
324,2025-01-16,M09,Sunday Worship 2,Gospel,5
325,2025-04-22,M15,Amapiano Vibes,Amapiano/Afrobeat,5
325,2025-04-22,M16,Gengetone Hit,Amapiano/Afrobeat,4
326,2025-06-10,M08,Sunday Worship 1,Gospel,5
326,2025-06-10,M09,Sunday Worship 2,Gospel,5
327,2025-03-23,M08,Sunday Worship 1,Gospel,5
327,2025-03-23,M09,Sunday Worship 2,Gospel,5
327,2025-03-23,M15,Amapiano Vibes,Amapiano/Afrobeat,5
328,2025-05-21,M06,Rain Sounds,Ambient/Sleep,10
328,2025-05-21,M07,Deep Sleep,Ambient/Sleep,12
329,2025-02-01,M01,Workout Anthem,Fitness/EDM,3
329,2025-02-01,M02,Pump It Up,Fitness/EDM,3
330,2025-02-23,M06,Rain Sounds,Ambient/Sleep,10
330,2025-02-23,M07,Deep Sleep,Ambient/Sleep,12
331,2025-01-21,M09,Sunday Worship 2,Gospel,5
331,2025-01-21,M11,Heartbreak Ballad,R&B,4
331,2025-01-21,M03,Cardio Beats,Fitness/EDM,4
332,2025-04-28,M01,Workout Anthem,Fitness/EDM,3
333,2025-04-06,M11,Heartbreak Ballad,R&B,4
333,2025-04-06,M12,Love Story,R&B,4
334,2025-02-25,M11,Heartbreak Ballad,R&B,4
334,2025-02-25,M12,Love Story,R&B,4
335,2025-05-01,M06,Rain Sounds,Ambient/Sleep,10
335,2025-05-01,M07,Deep Sleep,Ambient/Sleep,12
336,2025-03-16,M15,Amapiano Vibes,Amapiano/Afrobeat,5
337,2025-04-20,M04,Study Focus 1,Instrumental,6
337,2025-04-20,M05,Study Focus 2,Instrumental,5
337,2025-04-20,M06,Rain Sounds,Ambient/Sleep,10
338,2025-04-16,M11,Heartbreak Ballad,R&B,4
338,2025-04-16,M12,Love Story,R&B,4
339,2025-05-10,M12,Love Story,R&B,4
339,2025-05-10,M05,Study Focus 2,Instrumental,5
339,2025-05-10,M02,Pump It Up,Fitness/EDM,3
340,2025-01-08,M06,Rain Sounds,Ambient/Sleep,10
340,2025-01-08,M07,Deep Sleep,Ambient/Sleep,12
341,2025-01-27,M11,Heartbreak Ballad,R&B,4
341,2025-01-27,M12,Love Story,R&B,4
342,2025-01-27,M06,Rain Sounds,Ambient/Sleep,10
342,2025-01-27,M07,Deep Sleep,Ambient/Sleep,12
343,2025-01-20,M13,Hip Hop Anthem,Hip-Hop,3
343,2025-01-20,M14,Street Beats,Hip-Hop,3
344,2025-02-24,M09,Sunday Worship 2,Gospel,5
345,2025-05-03,M04,Study Focus 1,Instrumental,6
345,2025-05-03,M05,Study Focus 2,Instrumental,5
345,2025-05-03,M03,Cardio Beats,Fitness/EDM,4
346,2025-03-30,M05,Study Focus 2,Instrumental,5
346,2025-03-30,M12,Love Story,R&B,4
346,2025-03-30,M15,Amapiano Vibes,Amapiano/Afrobeat,5
346,2025-03-30,M07,Deep Sleep,Ambient/Sleep,12
347,2025-01-23,M04,Study Focus 1,Instrumental,6
347,2025-01-23,M05,Study Focus 2,Instrumental,5
348,2025-05-21,M01,Workout Anthem,Fitness/EDM,3
348,2025-05-21,M07,Deep Sleep,Ambient/Sleep,12
348,2025-05-21,M14,Street Beats,Hip-Hop,3
349,2025-01-13,M13,Hip Hop Anthem,Hip-Hop,3
349,2025-01-13,M14,Street Beats,Hip-Hop,3
350,2025-01-29,M05,Study Focus 2,Instrumental,5
351,2025-01-06,M12,Love Story,R&B,4
351,2025-01-06,M15,Amapiano Vibes,Amapiano/Afrobeat,5
351,2025-01-06,M06,Rain Sounds,Ambient/Sleep,10
352,2025-01-27,M11,Heartbreak Ballad,R&B,4
352,2025-01-27,M12,Love Story,R&B,4
353,2025-06-23,M01,Workout Anthem,Fitness/EDM,3
353,2025-06-23,M02,Pump It Up,Fitness/EDM,3
353,2025-06-23,M03,Cardio Beats,Fitness/EDM,4
354,2025-05-12,M08,Sunday Worship 1,Gospel,5
354,2025-05-12,M09,Sunday Worship 2,Gospel,5
354,2025-05-12,M10,Praise Medley,Gospel,7
355,2025-06-25,M13,Hip Hop Anthem,Hip-Hop,3
355,2025-06-25,M14,Street Beats,Hip-Hop,3
356,2025-03-17,M14,Street Beats,Hip-Hop,3
356,2025-03-17,M11,Heartbreak Ballad,R&B,4
356,2025-03-17,M05,Study Focus 2,Instrumental,5
357,2025-05-13,M02,Pump It Up,Fitness/EDM,3
357,2025-05-13,M13,Hip Hop Anthem,Hip-Hop,3
357,2025-05-13,M12,Love Story,R&B,4
357,2025-05-13,M03,Cardio Beats,Fitness/EDM,4
358,2025-03-03,M01,Workout Anthem,Fitness/EDM,3
358,2025-03-03,M02,Pump It Up,Fitness/EDM,3
358,2025-03-03,M03,Cardio Beats,Fitness/EDM,4
359,2025-06-12,M08,Sunday Worship 1,Gospel,5
359,2025-06-12,M15,Amapiano Vibes,Amapiano/Afrobeat,5
359,2025-06-12,M14,Street Beats,Hip-Hop,3
359,2025-06-12,M09,Sunday Worship 2,Gospel,5
360,2025-03-31,M08,Sunday Worship 1,Gospel,5
360,2025-03-31,M09,Sunday Worship 2,Gospel,5
360,2025-03-31,M10,Praise Medley,Gospel,7
361,2025-01-18,M15,Amapiano Vibes,Amapiano/Afrobeat,5
361,2025-01-18,M16,Gengetone Hit,Amapiano/Afrobeat,4
362,2025-02-15,M14,Street Beats,Hip-Hop,3
362,2025-02-15,M15,Amapiano Vibes,Amapiano/Afrobeat,5
363,2025-01-04,M13,Hip Hop Anthem,Hip-Hop,3
364,2025-02-10,M13,Hip Hop Anthem,Hip-Hop,3
364,2025-02-10,M14,Street Beats,Hip-Hop,3
365,2025-03-14,M01,Workout Anthem,Fitness/EDM,3
365,2025-03-14,M13,Hip Hop Anthem,Hip-Hop,3
366,2025-04-01,M11,Heartbreak Ballad,R&B,4
367,2025-02-13,M04,Study Focus 1,Instrumental,6
367,2025-02-13,M05,Study Focus 2,Instrumental,5
368,2025-01-15,M01,Workout Anthem,Fitness/EDM,3
368,2025-01-15,M02,Pump It Up,Fitness/EDM,3
368,2025-01-15,M03,Cardio Beats,Fitness/EDM,4
369,2025-05-15,M07,Deep Sleep,Ambient/Sleep,12
370,2025-01-17,M01,Workout Anthem,Fitness/EDM,3
370,2025-01-17,M12,Love Story,R&B,4
370,2025-01-17,M02,Pump It Up,Fitness/EDM,3
371,2025-03-22,M02,Pump It Up,Fitness/EDM,3
372,2025-05-17,M16,Gengetone Hit,Amapiano/Afrobeat,4
372,2025-05-17,M05,Study Focus 2,Instrumental,5
372,2025-05-17,M01,Workout Anthem,Fitness/EDM,3
373,2025-02-19,M16,Gengetone Hit,Amapiano/Afrobeat,4
373,2025-02-19,M14,Street Beats,Hip-Hop,3
374,2025-04-04,M11,Heartbreak Ballad,R&B,4
374,2025-04-04,M12,Love Story,R&B,4
375,2025-03-17,M06,Rain Sounds,Ambient/Sleep,10
375,2025-03-17,M07,Deep Sleep,Ambient/Sleep,12
375,2025-03-17,M04,Study Focus 1,Instrumental,6
376,2025-03-18,M03,Cardio Beats,Fitness/EDM,4
376,2025-03-18,M06,Rain Sounds,Ambient/Sleep,10
377,2025-03-07,M06,Rain Sounds,Ambient/Sleep,10
377,2025-03-07,M07,Deep Sleep,Ambient/Sleep,12
378,2025-03-02,M08,Sunday Worship 1,Gospel,5
378,2025-03-02,M09,Sunday Worship 2,Gospel,5
378,2025-03-02,M10,Praise Medley,Gospel,7
379,2025-01-01,M10,Praise Medley,Gospel,7
379,2025-01-01,M03,Cardio Beats,Fitness/EDM,4
380,2025-05-05,M02,Pump It Up,Fitness/EDM,3
380,2025-05-05,M08,Sunday Worship 1,Gospel,5
380,2025-05-05,M14,Street Beats,Hip-Hop,3
381,2025-04-30,M06,Rain Sounds,Ambient/Sleep,10
381,2025-04-30,M07,Deep Sleep,Ambient/Sleep,12
382,2025-06-27,M01,Workout Anthem,Fitness/EDM,3
382,2025-06-27,M02,Pump It Up,Fitness/EDM,3
383,2025-05-04,M11,Heartbreak Ballad,R&B,4
383,2025-05-04,M12,Love Story,R&B,4
384,2025-05-23,M08,Sunday Worship 1,Gospel,5
384,2025-05-23,M09,Sunday Worship 2,Gospel,5
385,2025-03-14,M08,Sunday Worship 1,Gospel,5
385,2025-03-14,M09,Sunday Worship 2,Gospel,5
386,2025-04-19,M08,Sunday Worship 1,Gospel,5
386,2025-04-19,M05,Study Focus 2,Instrumental,5
386,2025-04-19,M15,Amapiano Vibes,Amapiano/Afrobeat,5
387,2025-01-14,M11,Heartbreak Ballad,R&B,4
387,2025-01-14,M12,Love Story,R&B,4
388,2025-05-15,M13,Hip Hop Anthem,Hip-Hop,3
388,2025-05-15,M14,Street Beats,Hip-Hop,3
389,2025-06-08,M08,Sunday Worship 1,Gospel,5
389,2025-06-08,M09,Sunday Worship 2,Gospel,5
390,2025-02-11,M01,Workout Anthem,Fitness/EDM,3
390,2025-02-11,M13,Hip Hop Anthem,Hip-Hop,3
391,2025-01-02,M09,Sunday Worship 2,Gospel,5
391,2025-01-02,M16,Gengetone Hit,Amapiano/Afrobeat,4
391,2025-01-02,M14,Street Beats,Hip-Hop,3
392,2025-02-24,M11,Heartbreak Ballad,R&B,4
392,2025-02-24,M12,Love Story,R&B,4
393,2025-03-11,M13,Hip Hop Anthem,Hip-Hop,3
393,2025-03-11,M14,Street Beats,Hip-Hop,3
394,2025-01-25,M03,Cardio Beats,Fitness/EDM,4
394,2025-01-25,M13,Hip Hop Anthem,Hip-Hop,3
395,2025-06-24,M11,Heartbreak Ballad,R&B,4
395,2025-06-24,M12,Love Story,R&B,4
396,2025-05-28,M09,Sunday Worship 2,Gospel,5
396,2025-05-28,M12,Love Story,R&B,4
396,2025-05-28,M04,Study Focus 1,Instrumental,6
397,2025-06-08,M15,Amapiano Vibes,Amapiano/Afrobeat,5
397,2025-06-08,M01,Workout Anthem,Fitness/EDM,3
397,2025-06-08,M06,Rain Sounds,Ambient/Sleep,10
398,2025-01-15,M09,Sunday Worship 2,Gospel,5
398,2025-01-15,M11,Heartbreak Ballad,R&B,4
398,2025-01-15,M06,Rain Sounds,Ambient/Sleep,10
399,2025-04-02,M05,Study Focus 2,Instrumental,5
400,2025-04-13,M04,Study Focus 1,Instrumental,6
400,2025-04-13,M05,Study Focus 2,Instrumental,5
401,2025-01-23,M01,Workout Anthem,Fitness/EDM,3
401,2025-01-23,M09,Sunday Worship 2,Gospel,5
402,2025-06-15,M12,Love Story,R&B,4
402,2025-06-15,M06,Rain Sounds,Ambient/Sleep,10
402,2025-06-15,M02,Pump It Up,Fitness/EDM,3
402,2025-06-15,M05,Study Focus 2,Instrumental,5
403,2025-04-03,M10,Praise Medley,Gospel,7
403,2025-04-03,M03,Cardio Beats,Fitness/EDM,4
403,2025-04-03,M06,Rain Sounds,Ambient/Sleep,10
404,2025-02-10,M01,Workout Anthem,Fitness/EDM,3
404,2025-02-10,M02,Pump It Up,Fitness/EDM,3
404,2025-02-10,M03,Cardio Beats,Fitness/EDM,4
405,2025-06-30,M14,Street Beats,Hip-Hop,3
405,2025-06-30,M02,Pump It Up,Fitness/EDM,3
405,2025-06-30,M05,Study Focus 2,Instrumental,5
406,2025-05-30,M13,Hip Hop Anthem,Hip-Hop,3
406,2025-05-30,M14,Street Beats,Hip-Hop,3
407,2025-03-23,M08,Sunday Worship 1,Gospel,5
407,2025-03-23,M09,Sunday Worship 2,Gospel,5
407,2025-03-23,M10,Praise Medley,Gospel,7
408,2025-02-23,M01,Workout Anthem,Fitness/EDM,3
408,2025-02-23,M07,Deep Sleep,Ambient/Sleep,12
408,2025-02-23,M05,Study Focus 2,Instrumental,5
409,2025-05-08,M01,Workout Anthem,Fitness/EDM,3
409,2025-05-08,M02,Pump It Up,Fitness/EDM,3
409,2025-05-08,M03,Cardio Beats,Fitness/EDM,4
410,2025-02-12,M13,Hip Hop Anthem,Hip-Hop,3
410,2025-02-12,M14,Street Beats,Hip-Hop,3
410,2025-02-12,M15,Amapiano Vibes,Amapiano/Afrobeat,5
411,2025-06-24,M04,Study Focus 1,Instrumental,6
411,2025-06-24,M05,Study Focus 2,Instrumental,5
412,2025-06-17,M01,Workout Anthem,Fitness/EDM,3
412,2025-06-17,M02,Pump It Up,Fitness/EDM,3
412,2025-06-17,M03,Cardio Beats,Fitness/EDM,4
413,2025-02-21,M16,Gengetone Hit,Amapiano/Afrobeat,4
413,2025-02-21,M12,Love Story,R&B,4
413,2025-02-21,M03,Cardio Beats,Fitness/EDM,4
414,2025-06-09,M11,Heartbreak Ballad,R&B,4
415,2025-01-21,M01,Workout Anthem,Fitness/EDM,3
415,2025-01-21,M11,Heartbreak Ballad,R&B,4
415,2025-01-21,M05,Study Focus 2,Instrumental,5
416,2025-06-17,M01,Workout Anthem,Fitness/EDM,3
416,2025-06-17,M02,Pump It Up,Fitness/EDM,3
417,2025-05-27,M11,Heartbreak Ballad,R&B,4
417,2025-05-27,M12,Love Story,R&B,4
418,2025-06-19,M10,Praise Medley,Gospel,7
418,2025-06-19,M02,Pump It Up,Fitness/EDM,3
418,2025-06-19,M16,Gengetone Hit,Amapiano/Afrobeat,4
419,2025-01-16,M08,Sunday Worship 1,Gospel,5
419,2025-01-16,M09,Sunday Worship 2,Gospel,5
419,2025-01-16,M10,Praise Medley,Gospel,7
420,2025-05-26,M13,Hip Hop Anthem,Hip-Hop,3
420,2025-05-26,M14,Street Beats,Hip-Hop,3
421,2025-06-30,M01,Workout Anthem,Fitness/EDM,3
421,2025-06-30,M02,Pump It Up,Fitness/EDM,3
422,2025-03-24,M04,Study Focus 1,Instrumental,6
422,2025-03-24,M01,Workout Anthem,Fitness/EDM,3
422,2025-03-24,M15,Amapiano Vibes,Amapiano/Afrobeat,5
422,2025-03-24,M12,Love Story,R&B,4
423,2025-01-18,M15,Amapiano Vibes,Amapiano/Afrobeat,5
423,2025-01-18,M16,Gengetone Hit,Amapiano/Afrobeat,4
424,2025-06-30,M15,Amapiano Vibes,Amapiano/Afrobeat,5
425,2025-01-12,M11,Heartbreak Ballad,R&B,4
425,2025-01-12,M12,Love Story,R&B,4
426,2025-02-23,M01,Workout Anthem,Fitness/EDM,3
426,2025-02-23,M06,Rain Sounds,Ambient/Sleep,10
426,2025-02-23,M11,Heartbreak Ballad,R&B,4
427,2025-05-09,M15,Amapiano Vibes,Amapiano/Afrobeat,5
427,2025-05-09,M16,Gengetone Hit,Amapiano/Afrobeat,4
428,2025-06-11,M16,Gengetone Hit,Amapiano/Afrobeat,4
428,2025-06-11,M05,Study Focus 2,Instrumental,5
428,2025-06-11,M13,Hip Hop Anthem,Hip-Hop,3
429,2025-03-22,M07,Deep Sleep,Ambient/Sleep,12
429,2025-03-22,M09,Sunday Worship 2,Gospel,5
430,2025-03-25,M11,Heartbreak Ballad,R&B,4
430,2025-03-25,M12,Love Story,R&B,4
431,2025-05-31,M04,Study Focus 1,Instrumental,6
431,2025-05-31,M05,Study Focus 2,Instrumental,5
431,2025-05-31,M06,Rain Sounds,Ambient/Sleep,10
432,2025-06-21,M13,Hip Hop Anthem,Hip-Hop,3
432,2025-06-21,M14,Street Beats,Hip-Hop,3
432,2025-06-21,M03,Cardio Beats,Fitness/EDM,4
433,2025-05-20,M16,Gengetone Hit,Amapiano/Afrobeat,4
433,2025-05-20,M02,Pump It Up,Fitness/EDM,3
434,2025-04-13,M01,Workout Anthem,Fitness/EDM,3
434,2025-04-13,M02,Pump It Up,Fitness/EDM,3
434,2025-04-13,M03,Cardio Beats,Fitness/EDM,4
435,2025-03-23,M15,Amapiano Vibes,Amapiano/Afrobeat,5
435,2025-03-23,M16,Gengetone Hit,Amapiano/Afrobeat,4
436,2025-02-12,M08,Sunday Worship 1,Gospel,5
436,2025-02-12,M09,Sunday Worship 2,Gospel,5
436,2025-02-12,M10,Praise Medley,Gospel,7
437,2025-01-17,M09,Sunday Worship 2,Gospel,5
437,2025-01-17,M06,Rain Sounds,Ambient/Sleep,10
437,2025-01-17,M14,Street Beats,Hip-Hop,3
437,2025-01-17,M13,Hip Hop Anthem,Hip-Hop,3
438,2025-01-10,M13,Hip Hop Anthem,Hip-Hop,3
438,2025-01-10,M14,Street Beats,Hip-Hop,3
439,2025-04-17,M03,Cardio Beats,Fitness/EDM,4
440,2025-01-23,M13,Hip Hop Anthem,Hip-Hop,3
440,2025-01-23,M14,Street Beats,Hip-Hop,3
441,2025-02-21,M10,Praise Medley,Gospel,7
442,2025-01-19,M08,Sunday Worship 1,Gospel,5
442,2025-01-19,M09,Sunday Worship 2,Gospel,5
443,2025-05-29,M14,Street Beats,Hip-Hop,3
443,2025-05-29,M16,Gengetone Hit,Amapiano/Afrobeat,4
443,2025-05-29,M04,Study Focus 1,Instrumental,6
444,2025-04-09,M09,Sunday Worship 2,Gospel,5
444,2025-04-09,M16,Gengetone Hit,Amapiano/Afrobeat,4
444,2025-04-09,M01,Workout Anthem,Fitness/EDM,3
445,2025-04-02,M13,Hip Hop Anthem,Hip-Hop,3
445,2025-04-02,M14,Street Beats,Hip-Hop,3
446,2025-06-06,M11,Heartbreak Ballad,R&B,4
446,2025-06-06,M12,Love Story,R&B,4
447,2025-05-18,M02,Pump It Up,Fitness/EDM,3
448,2025-04-02,M04,Study Focus 1,Instrumental,6
448,2025-04-02,M05,Study Focus 2,Instrumental,5
449,2025-04-16,M06,Rain Sounds,Ambient/Sleep,10
449,2025-04-16,M07,Deep Sleep,Ambient/Sleep,12
450,2025-01-09,M15,Amapiano Vibes,Amapiano/Afrobeat,5
450,2025-01-09,M16,Gengetone Hit,Amapiano/Afrobeat,4
451,2025-03-02,M06,Rain Sounds,Ambient/Sleep,10
451,2025-03-02,M07,Deep Sleep,Ambient/Sleep,12
452,2025-06-30,M13,Hip Hop Anthem,Hip-Hop,3
452,2025-06-30,M14,Street Beats,Hip-Hop,3
452,2025-06-30,M01,Workout Anthem,Fitness/EDM,3
453,2025-04-06,M04,Study Focus 1,Instrumental,6
453,2025-04-06,M05,Study Focus 2,Instrumental,5
454,2025-05-29,M06,Rain Sounds,Ambient/Sleep,10
454,2025-05-29,M05,Study Focus 2,Instrumental,5
455,2025-05-04,M11,Heartbreak Ballad,R&B,4
455,2025-05-04,M12,Love Story,R&B,4
456,2025-03-08,M02,Pump It Up,Fitness/EDM,3
456,2025-03-08,M09,Sunday Worship 2,Gospel,5
457,2025-03-19,M08,Sunday Worship 1,Gospel,5
458,2025-02-15,M15,Amapiano Vibes,Amapiano/Afrobeat,5
458,2025-02-15,M16,Gengetone Hit,Amapiano/Afrobeat,4
459,2025-04-14,M15,Amapiano Vibes,Amapiano/Afrobeat,5
459,2025-04-14,M16,Gengetone Hit,Amapiano/Afrobeat,4
460,2025-06-19,M04,Study Focus 1,Instrumental,6
460,2025-06-19,M05,Study Focus 2,Instrumental,5
460,2025-06-19,M06,Rain Sounds,Ambient/Sleep,10
461,2025-06-12,M13,Hip Hop Anthem,Hip-Hop,3
461,2025-06-12,M14,Street Beats,Hip-Hop,3
462,2025-05-06,M09,Sunday Worship 2,Gospel,5
462,2025-05-06,M12,Love Story,R&B,4
462,2025-05-06,M01,Workout Anthem,Fitness/EDM,3
463,2025-06-25,M08,Sunday Worship 1,Gospel,5
463,2025-06-25,M11,Heartbreak Ballad,R&B,4
463,2025-06-25,M15,Amapiano Vibes,Amapiano/Afrobeat,5
463,2025-06-25,M02,Pump It Up,Fitness/EDM,3
464,2025-02-26,M13,Hip Hop Anthem,Hip-Hop,3
464,2025-02-26,M16,Gengetone Hit,Amapiano/Afrobeat,4
465,2025-06-12,M10,Praise Medley,Gospel,7
465,2025-06-12,M08,Sunday Worship 1,Gospel,5
465,2025-06-12,M14,Street Beats,Hip-Hop,3
465,2025-06-12,M16,Gengetone Hit,Amapiano/Afrobeat,4
466,2025-01-24,M08,Sunday Worship 1,Gospel,5
466,2025-01-24,M09,Sunday Worship 2,Gospel,5
466,2025-01-24,M15,Amapiano Vibes,Amapiano/Afrobeat,5
467,2025-06-05,M01,Workout Anthem,Fitness/EDM,3
467,2025-06-05,M02,Pump It Up,Fitness/EDM,3
468,2025-01-11,M16,Gengetone Hit,Amapiano/Afrobeat,4
468,2025-01-11,M01,Workout Anthem,Fitness/EDM,3
468,2025-01-11,M07,Deep Sleep,Ambient/Sleep,12
469,2025-04-27,M01,Workout Anthem,Fitness/EDM,3
469,2025-04-27,M02,Pump It Up,Fitness/EDM,3
469,2025-04-27,M03,Cardio Beats,Fitness/EDM,4
470,2025-01-17,M11,Heartbreak Ballad,R&B,4
470,2025-01-17,M12,Love Story,R&B,4
471,2025-01-15,M06,Rain Sounds,Ambient/Sleep,10
471,2025-01-15,M03,Cardio Beats,Fitness/EDM,4
471,2025-01-15,M01,Workout Anthem,Fitness/EDM,3
472,2025-01-06,M13,Hip Hop Anthem,Hip-Hop,3
472,2025-01-06,M14,Street Beats,Hip-Hop,3
472,2025-01-06,M15,Amapiano Vibes,Amapiano/Afrobeat,5
473,2025-04-01,M12,Love Story,R&B,4
474,2025-06-23,M08,Sunday Worship 1,Gospel,5
474,2025-06-23,M09,Sunday Worship 2,Gospel,5
474,2025-06-23,M10,Praise Medley,Gospel,7
475,2025-02-17,M02,Pump It Up,Fitness/EDM,3
475,2025-02-17,M12,Love Story,R&B,4
475,2025-02-17,M13,Hip Hop Anthem,Hip-Hop,3
475,2025-02-17,M01,Workout Anthem,Fitness/EDM,3
476,2025-05-10,M04,Study Focus 1,Instrumental,6
476,2025-05-10,M05,Study Focus 2,Instrumental,5
476,2025-05-10,M06,Rain Sounds,Ambient/Sleep,10
477,2025-02-14,M08,Sunday Worship 1,Gospel,5
477,2025-02-14,M09,Sunday Worship 2,Gospel,5
478,2025-01-01,M09,Sunday Worship 2,Gospel,5
478,2025-01-01,M13,Hip Hop Anthem,Hip-Hop,3
478,2025-01-01,M16,Gengetone Hit,Amapiano/Afrobeat,4
478,2025-01-01,M07,Deep Sleep,Ambient/Sleep,12
479,2025-01-23,M02,Pump It Up,Fitness/EDM,3
479,2025-01-23,M11,Heartbreak Ballad,R&B,4
479,2025-01-23,M03,Cardio Beats,Fitness/EDM,4
479,2025-01-23,M04,Study Focus 1,Instrumental,6
480,2025-05-11,M06,Rain Sounds,Ambient/Sleep,10
480,2025-05-11,M07,Deep Sleep,Ambient/Sleep,12
481,2025-02-17,M13,Hip Hop Anthem,Hip-Hop,3
481,2025-02-17,M14,Street Beats,Hip-Hop,3
482,2025-06-11,M02,Pump It Up,Fitness/EDM,3
483,2025-02-08,M11,Heartbreak Ballad,R&B,4
483,2025-02-08,M12,Love Story,R&B,4
484,2025-02-26,M03,Cardio Beats,Fitness/EDM,4
484,2025-02-26,M11,Heartbreak Ballad,R&B,4
485,2025-06-07,M13,Hip Hop Anthem,Hip-Hop,3
485,2025-06-07,M14,Street Beats,Hip-Hop,3
486,2025-04-25,M04,Study Focus 1,Instrumental,6
486,2025-04-25,M09,Sunday Worship 2,Gospel,5
487,2025-04-05,M06,Rain Sounds,Ambient/Sleep,10
487,2025-04-05,M07,Deep Sleep,Ambient/Sleep,12
488,2025-03-12,M11,Heartbreak Ballad,R&B,4
488,2025-03-12,M12,Love Story,R&B,4
489,2025-01-09,M13,Hip Hop Anthem,Hip-Hop,3
489,2025-01-09,M14,Street Beats,Hip-Hop,3
489,2025-01-09,M15,Amapiano Vibes,Amapiano/Afrobeat,5
490,2025-05-03,M08,Sunday Worship 1,Gospel,5
490,2025-05-03,M09,Sunday Worship 2,Gospel,5
491,2025-04-25,M11,Heartbreak Ballad,R&B,4
491,2025-04-25,M12,Love Story,R&B,4
492,2025-03-09,M11,Heartbreak Ballad,R&B,4
493,2025-01-28,M08,Sunday Worship 1,Gospel,5
493,2025-01-28,M09,Sunday Worship 2,Gospel,5
494,2025-04-11,M15,Amapiano Vibes,Amapiano/Afrobeat,5
494,2025-04-11,M16,Gengetone Hit,Amapiano/Afrobeat,4
495,2025-02-05,M13,Hip Hop Anthem,Hip-Hop,3
495,2025-02-05,M16,Gengetone Hit,Amapiano/Afrobeat,4
496,2025-03-29,M06,Rain Sounds,Ambient/Sleep,10
496,2025-03-29,M07,Deep Sleep,Ambient/Sleep,12
497,2025-06-17,M13,Hip Hop Anthem,Hip-Hop,3
497,2025-06-17,M09,Sunday Worship 2,Gospel,5
498,2025-03-20,M05,Study Focus 2,Instrumental,5
498,2025-03-20,M13,Hip Hop Anthem,Hip-Hop,3
499,2025-03-15,M01,Workout Anthem,Fitness/EDM,3
499,2025-03-15,M02,Pump It Up,Fitness/EDM,3
499,2025-03-15,M03,Cardio Beats,Fitness/EDM,4
500,2025-01-24,M07,Deep Sleep,Ambient/Sleep,12
500,2025-01-24,M11,Heartbreak Ballad,R&B,4
500,2025-01-24,M05,Study Focus 2,Instrumental,5
500,2025-01-24,M14,Street Beats,Hip-Hop,3
501,2025-05-02,M13,Hip Hop Anthem,Hip-Hop,3
501,2025-05-02,M12,Love Story,R&B,4
501,2025-05-02,M16,Gengetone Hit,Amapiano/Afrobeat,4
501,2025-05-02,M06,Rain Sounds,Ambient/Sleep,10
502,2025-06-26,M08,Sunday Worship 1,Gospel,5
502,2025-06-26,M09,Sunday Worship 2,Gospel,5
503,2025-01-25,M11,Heartbreak Ballad,R&B,4
504,2025-05-14,M11,Heartbreak Ballad,R&B,4
504,2025-05-14,M02,Pump It Up,Fitness/EDM,3
504,2025-05-14,M08,Sunday Worship 1,Gospel,5
504,2025-05-14,M05,Study Focus 2,Instrumental,5
505,2025-05-10,M14,Street Beats,Hip-Hop,3
505,2025-05-10,M08,Sunday Worship 1,Gospel,5
505,2025-05-10,M12,Love Story,R&B,4
506,2025-04-30,M06,Rain Sounds,Ambient/Sleep,10
506,2025-04-30,M07,Deep Sleep,Ambient/Sleep,12
506,2025-04-30,M04,Study Focus 1,Instrumental,6
507,2025-02-18,M03,Cardio Beats,Fitness/EDM,4
508,2025-04-05,M04,Study Focus 1,Instrumental,6
508,2025-04-05,M13,Hip Hop Anthem,Hip-Hop,3
508,2025-04-05,M09,Sunday Worship 2,Gospel,5
509,2025-04-25,M08,Sunday Worship 1,Gospel,5
509,2025-04-25,M09,Sunday Worship 2,Gospel,5
510,2025-04-22,M13,Hip Hop Anthem,Hip-Hop,3
510,2025-04-22,M14,Street Beats,Hip-Hop,3
511,2025-01-12,M09,Sunday Worship 2,Gospel,5
511,2025-01-12,M08,Sunday Worship 1,Gospel,5
511,2025-01-12,M03,Cardio Beats,Fitness/EDM,4
511,2025-01-12,M01,Workout Anthem,Fitness/EDM,3
512,2025-03-13,M16,Gengetone Hit,Amapiano/Afrobeat,4
512,2025-03-13,M13,Hip Hop Anthem,Hip-Hop,3
513,2025-05-02,M11,Heartbreak Ballad,R&B,4
513,2025-05-02,M12,Love Story,R&B,4
513,2025-05-02,M07,Deep Sleep,Ambient/Sleep,12
514,2025-04-10,M11,Heartbreak Ballad,R&B,4
514,2025-04-10,M08,Sunday Worship 1,Gospel,5
514,2025-04-10,M12,Love Story,R&B,4
515,2025-02-26,M12,Love Story,R&B,4
516,2025-01-18,M13,Hip Hop Anthem,Hip-Hop,3
516,2025-01-18,M14,Street Beats,Hip-Hop,3
517,2025-01-17,M08,Sunday Worship 1,Gospel,5
517,2025-01-17,M09,Sunday Worship 2,Gospel,5
517,2025-01-17,M04,Study Focus 1,Instrumental,6
518,2025-03-29,M11,Heartbreak Ballad,R&B,4
518,2025-03-29,M12,Love Story,R&B,4
519,2025-02-12,M15,Amapiano Vibes,Amapiano/Afrobeat,5
519,2025-02-12,M16,Gengetone Hit,Amapiano/Afrobeat,4
520,2025-01-05,M15,Amapiano Vibes,Amapiano/Afrobeat,5
520,2025-01-05,M01,Workout Anthem,Fitness/EDM,3
521,2025-06-15,M13,Hip Hop Anthem,Hip-Hop,3
521,2025-06-15,M11,Heartbreak Ballad,R&B,4
522,2025-02-26,M04,Study Focus 1,Instrumental,6
522,2025-02-26,M15,Amapiano Vibes,Amapiano/Afrobeat,5
522,2025-02-26,M05,Study Focus 2,Instrumental,5
523,2025-03-10,M13,Hip Hop Anthem,Hip-Hop,3
523,2025-03-10,M07,Deep Sleep,Ambient/Sleep,12
523,2025-03-10,M02,Pump It Up,Fitness/EDM,3
524,2025-05-11,M13,Hip Hop Anthem,Hip-Hop,3
524,2025-05-11,M14,Street Beats,Hip-Hop,3
524,2025-05-11,M15,Amapiano Vibes,Amapiano/Afrobeat,5
525,2025-01-16,M10,Praise Medley,Gospel,7
525,2025-01-16,M02,Pump It Up,Fitness/EDM,3
525,2025-01-16,M16,Gengetone Hit,Amapiano/Afrobeat,4
525,2025-01-16,M01,Workout Anthem,Fitness/EDM,3
526,2025-03-08,M04,Study Focus 1,Instrumental,6
526,2025-03-08,M06,Rain Sounds,Ambient/Sleep,10
527,2025-03-25,M13,Hip Hop Anthem,Hip-Hop,3
527,2025-03-25,M14,Street Beats,Hip-Hop,3
527,2025-03-25,M15,Amapiano Vibes,Amapiano/Afrobeat,5
528,2025-05-27,M01,Workout Anthem,Fitness/EDM,3
528,2025-05-27,M02,Pump It Up,Fitness/EDM,3
529,2025-03-22,M13,Hip Hop Anthem,Hip-Hop,3
529,2025-03-22,M14,Street Beats,Hip-Hop,3
530,2025-04-21,M13,Hip Hop Anthem,Hip-Hop,3
530,2025-04-21,M14,Street Beats,Hip-Hop,3
530,2025-04-21,M15,Amapiano Vibes,Amapiano/Afrobeat,5
531,2025-03-12,M15,Amapiano Vibes,Amapiano/Afrobeat,5
531,2025-03-12,M16,Gengetone Hit,Amapiano/Afrobeat,4
532,2025-03-17,M03,Cardio Beats,Fitness/EDM,4
533,2025-03-07,M07,Deep Sleep,Ambient/Sleep,12
534,2025-02-18,M15,Amapiano Vibes,Amapiano/Afrobeat,5
534,2025-02-18,M16,Gengetone Hit,Amapiano/Afrobeat,4
535,2025-02-22,M08,Sunday Worship 1,Gospel,5
535,2025-02-22,M09,Sunday Worship 2,Gospel,5
535,2025-02-22,M10,Praise Medley,Gospel,7
536,2025-01-14,M05,Study Focus 2,Instrumental,5
537,2025-05-10,M14,Street Beats,Hip-Hop,3
537,2025-05-10,M13,Hip Hop Anthem,Hip-Hop,3
538,2025-04-30,M13,Hip Hop Anthem,Hip-Hop,3
539,2025-01-12,M13,Hip Hop Anthem,Hip-Hop,3
539,2025-01-12,M14,Street Beats,Hip-Hop,3
540,2025-06-11,M11,Heartbreak Ballad,R&B,4
540,2025-06-11,M12,Love Story,R&B,4
541,2025-06-23,M15,Amapiano Vibes,Amapiano/Afrobeat,5
541,2025-06-23,M16,Gengetone Hit,Amapiano/Afrobeat,4
542,2025-03-10,M01,Workout Anthem,Fitness/EDM,3
542,2025-03-10,M02,Pump It Up,Fitness/EDM,3
543,2025-04-12,M13,Hip Hop Anthem,Hip-Hop,3
543,2025-04-12,M14,Street Beats,Hip-Hop,3
544,2025-03-12,M11,Heartbreak Ballad,R&B,4
544,2025-03-12,M09,Sunday Worship 2,Gospel,5
544,2025-03-12,M06,Rain Sounds,Ambient/Sleep,10
545,2025-03-27,M09,Sunday Worship 2,Gospel,5
546,2025-01-10,M13,Hip Hop Anthem,Hip-Hop,3
546,2025-01-10,M14,Street Beats,Hip-Hop,3
547,2025-01-06,M15,Amapiano Vibes,Amapiano/Afrobeat,5
547,2025-01-06,M02,Pump It Up,Fitness/EDM,3
547,2025-01-06,M03,Cardio Beats,Fitness/EDM,4
548,2025-05-19,M06,Rain Sounds,Ambient/Sleep,10
548,2025-05-19,M07,Deep Sleep,Ambient/Sleep,12
549,2025-06-07,M05,Study Focus 2,Instrumental,5
550,2025-01-21,M15,Amapiano Vibes,Amapiano/Afrobeat,5
550,2025-01-21,M16,Gengetone Hit,Amapiano/Afrobeat,4
551,2025-05-06,M08,Sunday Worship 1,Gospel,5
551,2025-05-06,M07,Deep Sleep,Ambient/Sleep,12
551,2025-05-06,M04,Study Focus 1,Instrumental,6
551,2025-05-06,M03,Cardio Beats,Fitness/EDM,4
552,2025-01-23,M10,Praise Medley,Gospel,7
552,2025-01-23,M05,Study Focus 2,Instrumental,5
553,2025-05-11,M10,Praise Medley,Gospel,7
553,2025-05-11,M15,Amapiano Vibes,Amapiano/Afrobeat,5
553,2025-05-11,M14,Street Beats,Hip-Hop,3
554,2025-01-18,M13,Hip Hop Anthem,Hip-Hop,3
554,2025-01-18,M14,Street Beats,Hip-Hop,3
555,2025-04-07,M08,Sunday Worship 1,Gospel,5
555,2025-04-07,M09,Sunday Worship 2,Gospel,5
556,2025-02-12,M01,Workout Anthem,Fitness/EDM,3
556,2025-02-12,M02,Pump It Up,Fitness/EDM,3
556,2025-02-12,M03,Cardio Beats,Fitness/EDM,4
557,2025-05-07,M11,Heartbreak Ballad,R&B,4
557,2025-05-07,M12,Love Story,R&B,4
558,2025-03-07,M02,Pump It Up,Fitness/EDM,3
558,2025-03-07,M05,Study Focus 2,Instrumental,5
558,2025-03-07,M10,Praise Medley,Gospel,7
559,2025-04-07,M11,Heartbreak Ballad,R&B,4
559,2025-04-07,M12,Love Story,R&B,4
560,2025-03-29,M05,Study Focus 2,Instrumental,5
560,2025-03-29,M12,Love Story,R&B,4
560,2025-03-29,M04,Study Focus 1,Instrumental,6
560,2025-03-29,M14,Street Beats,Hip-Hop,3
561,2025-02-22,M15,Amapiano Vibes,Amapiano/Afrobeat,5
562,2025-05-28,M11,Heartbreak Ballad,R&B,4
563,2025-03-25,M01,Workout Anthem,Fitness/EDM,3
563,2025-03-25,M02,Pump It Up,Fitness/EDM,3
564,2025-02-11,M06,Rain Sounds,Ambient/Sleep,10
565,2025-03-06,M13,Hip Hop Anthem,Hip-Hop,3
565,2025-03-06,M15,Amapiano Vibes,Amapiano/Afrobeat,5
565,2025-03-06,M01,Workout Anthem,Fitness/EDM,3
565,2025-03-06,M14,Street Beats,Hip-Hop,3
566,2025-02-03,M13,Hip Hop Anthem,Hip-Hop,3
566,2025-02-03,M14,Street Beats,Hip-Hop,3
566,2025-02-03,M15,Amapiano Vibes,Amapiano/Afrobeat,5
567,2025-04-11,M06,Rain Sounds,Ambient/Sleep,10
567,2025-04-11,M07,Deep Sleep,Ambient/Sleep,12
568,2025-04-02,M06,Rain Sounds,Ambient/Sleep,10
568,2025-04-02,M07,Deep Sleep,Ambient/Sleep,12
569,2025-02-16,M06,Rain Sounds,Ambient/Sleep,10
569,2025-02-16,M07,Deep Sleep,Ambient/Sleep,12
570,2025-03-12,M11,Heartbreak Ballad,R&B,4
571,2025-04-13,M08,Sunday Worship 1,Gospel,5
572,2025-02-05,M03,Cardio Beats,Fitness/EDM,4
572,2025-02-05,M06,Rain Sounds,Ambient/Sleep,10
573,2025-05-16,M06,Rain Sounds,Ambient/Sleep,10
573,2025-05-16,M07,Deep Sleep,Ambient/Sleep,12
574,2025-04-01,M15,Amapiano Vibes,Amapiano/Afrobeat,5
575,2025-02-21,M15,Amapiano Vibes,Amapiano/Afrobeat,5
575,2025-02-21,M16,Gengetone Hit,Amapiano/Afrobeat,4
576,2025-04-18,M11,Heartbreak Ballad,R&B,4
576,2025-04-18,M13,Hip Hop Anthem,Hip-Hop,3
576,2025-04-18,M02,Pump It Up,Fitness/EDM,3
576,2025-04-18,M08,Sunday Worship 1,Gospel,5
577,2025-01-17,M03,Cardio Beats,Fitness/EDM,4
577,2025-01-17,M15,Amapiano Vibes,Amapiano/Afrobeat,5
578,2025-02-24,M15,Amapiano Vibes,Amapiano/Afrobeat,5
578,2025-02-24,M16,Gengetone Hit,Amapiano/Afrobeat,4
579,2025-01-28,M04,Study Focus 1,Instrumental,6
579,2025-01-28,M05,Study Focus 2,Instrumental,5
580,2025-04-05,M11,Heartbreak Ballad,R&B,4
580,2025-04-05,M12,Love Story,R&B,4
580,2025-04-05,M13,Hip Hop Anthem,Hip-Hop,3
581,2025-03-27,M06,Rain Sounds,Ambient/Sleep,10
581,2025-03-27,M07,Deep Sleep,Ambient/Sleep,12
582,2025-03-15,M01,Workout Anthem,Fitness/EDM,3
582,2025-03-15,M02,Pump It Up,Fitness/EDM,3
582,2025-03-15,M03,Cardio Beats,Fitness/EDM,4
583,2025-06-02,M14,Street Beats,Hip-Hop,3
584,2025-06-05,M03,Cardio Beats,Fitness/EDM,4
584,2025-06-05,M09,Sunday Worship 2,Gospel,5
584,2025-06-05,M08,Sunday Worship 1,Gospel,5
584,2025-06-05,M01,Workout Anthem,Fitness/EDM,3
585,2025-02-14,M11,Heartbreak Ballad,R&B,4
585,2025-02-14,M12,Love Story,R&B,4
586,2025-03-12,M09,Sunday Worship 2,Gospel,5
586,2025-03-12,M06,Rain Sounds,Ambient/Sleep,10
586,2025-03-12,M08,Sunday Worship 1,Gospel,5
586,2025-03-12,M15,Amapiano Vibes,Amapiano/Afrobeat,5
587,2025-06-27,M02,Pump It Up,Fitness/EDM,3
588,2025-03-31,M15,Amapiano Vibes,Amapiano/Afrobeat,5
588,2025-03-31,M16,Gengetone Hit,Amapiano/Afrobeat,4
589,2025-06-02,M13,Hip Hop Anthem,Hip-Hop,3
589,2025-06-02,M09,Sunday Worship 2,Gospel,5
589,2025-06-02,M01,Workout Anthem,Fitness/EDM,3
589,2025-06-02,M03,Cardio Beats,Fitness/EDM,4
590,2025-05-29,M14,Street Beats,Hip-Hop,3
590,2025-05-29,M10,Praise Medley,Gospel,7
590,2025-05-29,M15,Amapiano Vibes,Amapiano/Afrobeat,5
591,2025-02-28,M05,Study Focus 2,Instrumental,5
591,2025-02-28,M11,Heartbreak Ballad,R&B,4
591,2025-02-28,M09,Sunday Worship 2,Gospel,5
591,2025-02-28,M08,Sunday Worship 1,Gospel,5
592,2025-03-04,M06,Rain Sounds,Ambient/Sleep,10
592,2025-03-04,M07,Deep Sleep,Ambient/Sleep,12
593,2025-05-20,M09,Sunday Worship 2,Gospel,5
594,2025-03-18,M11,Heartbreak Ballad,R&B,4
594,2025-03-18,M12,Love Story,R&B,4
595,2025-06-25,M11,Heartbreak Ballad,R&B,4
595,2025-06-25,M05,Study Focus 2,Instrumental,5
596,2025-01-22,M13,Hip Hop Anthem,Hip-Hop,3
596,2025-01-22,M14,Street Beats,Hip-Hop,3
597,2025-06-18,M04,Study Focus 1,Instrumental,6
597,2025-06-18,M05,Study Focus 2,Instrumental,5
597,2025-06-18,M06,Rain Sounds,Ambient/Sleep,10
598,2025-02-06,M15,Amapiano Vibes,Amapiano/Afrobeat,5
598,2025-02-06,M16,Gengetone Hit,Amapiano/Afrobeat,4
599,2025-01-25,M13,Hip Hop Anthem,Hip-Hop,3
600,2025-04-30,M08,Sunday Worship 1,Gospel,5
600,2025-04-30,M09,Sunday Worship 2,Gospel,5
600,2025-04-30,M10,Praise Medley,Gospel,7
601,2025-01-20,M16,Gengetone Hit,Amapiano/Afrobeat,4
602,2025-06-15,M02,Pump It Up,Fitness/EDM,3
602,2025-06-15,M14,Street Beats,Hip-Hop,3
602,2025-06-15,M13,Hip Hop Anthem,Hip-Hop,3
603,2025-06-08,M13,Hip Hop Anthem,Hip-Hop,3
603,2025-06-08,M01,Workout Anthem,Fitness/EDM,3
604,2025-02-15,M08,Sunday Worship 1,Gospel,5
604,2025-02-15,M09,Sunday Worship 2,Gospel,5
605,2025-02-04,M14,Street Beats,Hip-Hop,3
605,2025-02-04,M09,Sunday Worship 2,Gospel,5
605,2025-02-04,M11,Heartbreak Ballad,R&B,4
606,2025-01-09,M12,Love Story,R&B,4
607,2025-02-10,M04,Study Focus 1,Instrumental,6
607,2025-02-10,M05,Study Focus 2,Instrumental,5
608,2025-06-20,M04,Study Focus 1,Instrumental,6
608,2025-06-20,M05,Study Focus 2,Instrumental,5
608,2025-06-20,M14,Street Beats,Hip-Hop,3
609,2025-01-04,M11,Heartbreak Ballad,R&B,4
609,2025-01-04,M02,Pump It Up,Fitness/EDM,3
609,2025-01-04,M04,Study Focus 1,Instrumental,6
610,2025-05-25,M04,Study Focus 1,Instrumental,6
610,2025-05-25,M05,Study Focus 2,Instrumental,5
610,2025-05-25,M06,Rain Sounds,Ambient/Sleep,10
610,2025-05-25,M12,Love Story,R&B,4
611,2025-04-08,M08,Sunday Worship 1,Gospel,5
611,2025-04-08,M09,Sunday Worship 2,Gospel,5
612,2025-05-14,M06,Rain Sounds,Ambient/Sleep,10
612,2025-05-14,M07,Deep Sleep,Ambient/Sleep,12
613,2025-04-09,M06,Rain Sounds,Ambient/Sleep,10
613,2025-04-09,M07,Deep Sleep,Ambient/Sleep,12
614,2025-03-31,M04,Study Focus 1,Instrumental,6
614,2025-03-31,M03,Cardio Beats,Fitness/EDM,4
614,2025-03-31,M09,Sunday Worship 2,Gospel,5
615,2025-05-17,M16,Gengetone Hit,Amapiano/Afrobeat,4
615,2025-05-17,M09,Sunday Worship 2,Gospel,5
615,2025-05-17,M10,Praise Medley,Gospel,7
615,2025-05-17,M15,Amapiano Vibes,Amapiano/Afrobeat,5
616,2025-01-08,M01,Workout Anthem,Fitness/EDM,3
616,2025-01-08,M02,Pump It Up,Fitness/EDM,3
617,2025-05-20,M13,Hip Hop Anthem,Hip-Hop,3
617,2025-05-20,M14,Street Beats,Hip-Hop,3
618,2025-02-19,M06,Rain Sounds,Ambient/Sleep,10
618,2025-02-19,M16,Gengetone Hit,Amapiano/Afrobeat,4
619,2025-03-28,M06,Rain Sounds,Ambient/Sleep,10
619,2025-03-28,M07,Deep Sleep,Ambient/Sleep,12
620,2025-03-12,M13,Hip Hop Anthem,Hip-Hop,3
620,2025-03-12,M14,Street Beats,Hip-Hop,3
620,2025-03-12,M15,Amapiano Vibes,Amapiano/Afrobeat,5
621,2025-02-05,M15,Amapiano Vibes,Amapiano/Afrobeat,5
621,2025-02-05,M12,Love Story,R&B,4
621,2025-02-05,M09,Sunday Worship 2,Gospel,5
622,2025-05-18,M08,Sunday Worship 1,Gospel,5
622,2025-05-18,M09,Sunday Worship 2,Gospel,5
623,2025-01-01,M11,Heartbreak Ballad,R&B,4
623,2025-01-01,M12,Love Story,R&B,4
624,2025-01-11,M04,Study Focus 1,Instrumental,6
624,2025-01-11,M05,Study Focus 2,Instrumental,5
624,2025-01-11,M14,Street Beats,Hip-Hop,3
625,2025-02-17,M04,Study Focus 1,Instrumental,6
625,2025-02-17,M05,Study Focus 2,Instrumental,5
625,2025-02-17,M06,Rain Sounds,Ambient/Sleep,10
626,2025-02-18,M15,Amapiano Vibes,Amapiano/Afrobeat,5
626,2025-02-18,M16,Gengetone Hit,Amapiano/Afrobeat,4
627,2025-02-28,M04,Study Focus 1,Instrumental,6
627,2025-02-28,M10,Praise Medley,Gospel,7
627,2025-02-28,M05,Study Focus 2,Instrumental,5
627,2025-02-28,M15,Amapiano Vibes,Amapiano/Afrobeat,5
628,2025-02-12,M11,Heartbreak Ballad,R&B,4
628,2025-02-12,M12,Love Story,R&B,4
629,2025-06-16,M02,Pump It Up,Fitness/EDM,3
629,2025-06-16,M03,Cardio Beats,Fitness/EDM,4
629,2025-06-16,M13,Hip Hop Anthem,Hip-Hop,3
629,2025-06-16,M01,Workout Anthem,Fitness/EDM,3
630,2025-05-08,M11,Heartbreak Ballad,R&B,4
630,2025-05-08,M12,Love Story,R&B,4
631,2025-01-09,M15,Amapiano Vibes,Amapiano/Afrobeat,5
631,2025-01-09,M08,Sunday Worship 1,Gospel,5
631,2025-01-09,M05,Study Focus 2,Instrumental,5
631,2025-01-09,M16,Gengetone Hit,Amapiano/Afrobeat,4
632,2025-05-02,M08,Sunday Worship 1,Gospel,5
632,2025-05-02,M09,Sunday Worship 2,Gospel,5
632,2025-05-02,M10,Praise Medley,Gospel,7
633,2025-03-22,M08,Sunday Worship 1,Gospel,5
633,2025-03-22,M09,Sunday Worship 2,Gospel,5
633,2025-03-22,M10,Praise Medley,Gospel,7
634,2025-05-13,M04,Study Focus 1,Instrumental,6
634,2025-05-13,M05,Study Focus 2,Instrumental,5
635,2025-02-08,M06,Rain Sounds,Ambient/Sleep,10
635,2025-02-08,M07,Deep Sleep,Ambient/Sleep,12
636,2025-02-13,M11,Heartbreak Ballad,R&B,4
636,2025-02-13,M12,Love Story,R&B,4
637,2025-04-16,M01,Workout Anthem,Fitness/EDM,3
637,2025-04-16,M02,Pump It Up,Fitness/EDM,3
637,2025-04-16,M03,Cardio Beats,Fitness/EDM,4
638,2025-06-21,M08,Sunday Worship 1,Gospel,5
638,2025-06-21,M09,Sunday Worship 2,Gospel,5
638,2025-06-21,M10,Praise Medley,Gospel,7
638,2025-06-21,M07,Deep Sleep,Ambient/Sleep,12
639,2025-06-26,M01,Workout Anthem,Fitness/EDM,3
639,2025-06-26,M02,Pump It Up,Fitness/EDM,3
639,2025-06-26,M03,Cardio Beats,Fitness/EDM,4
640,2025-04-12,M15,Amapiano Vibes,Amapiano/Afrobeat,5
640,2025-04-12,M16,Gengetone Hit,Amapiano/Afrobeat,4
641,2025-02-25,M15,Amapiano Vibes,Amapiano/Afrobeat,5
641,2025-02-25,M16,Gengetone Hit,Amapiano/Afrobeat,4
642,2025-03-23,M15,Amapiano Vibes,Amapiano/Afrobeat,5
642,2025-03-23,M16,Gengetone Hit,Amapiano/Afrobeat,4
643,2025-02-25,M06,Rain Sounds,Ambient/Sleep,10
643,2025-02-25,M07,Deep Sleep,Ambient/Sleep,12
644,2025-01-03,M06,Rain Sounds,Ambient/Sleep,10
644,2025-01-03,M07,Deep Sleep,Ambient/Sleep,12
645,2025-06-29,M06,Rain Sounds,Ambient/Sleep,10
645,2025-06-29,M07,Deep Sleep,Ambient/Sleep,12
646,2025-01-21,M04,Study Focus 1,Instrumental,6
646,2025-01-21,M01,Workout Anthem,Fitness/EDM,3
646,2025-01-21,M14,Street Beats,Hip-Hop,3
647,2025-01-09,M11,Heartbreak Ballad,R&B,4
647,2025-01-09,M03,Cardio Beats,Fitness/EDM,4
647,2025-01-09,M15,Amapiano Vibes,Amapiano/Afrobeat,5
648,2025-02-27,M15,Amapiano Vibes,Amapiano/Afrobeat,5
648,2025-02-27,M12,Love Story,R&B,4
648,2025-02-27,M05,Study Focus 2,Instrumental,5
649,2025-02-01,M04,Study Focus 1,Instrumental,6
650,2025-01-13,M13,Hip Hop Anthem,Hip-Hop,3
650,2025-01-13,M11,Heartbreak Ballad,R&B,4
650,2025-01-13,M06,Rain Sounds,Ambient/Sleep,10
650,2025-01-13,M05,Study Focus 2,Instrumental,5
651,2025-02-11,M13,Hip Hop Anthem,Hip-Hop,3
651,2025-02-11,M01,Workout Anthem,Fitness/EDM,3
651,2025-02-11,M15,Amapiano Vibes,Amapiano/Afrobeat,5
652,2025-04-11,M07,Deep Sleep,Ambient/Sleep,12
652,2025-04-11,M04,Study Focus 1,Instrumental,6
652,2025-04-11,M14,Street Beats,Hip-Hop,3
652,2025-04-11,M11,Heartbreak Ballad,R&B,4
653,2025-01-22,M10,Praise Medley,Gospel,7
653,2025-01-22,M04,Study Focus 1,Instrumental,6
653,2025-01-22,M06,Rain Sounds,Ambient/Sleep,10
654,2025-02-02,M07,Deep Sleep,Ambient/Sleep,12
654,2025-02-02,M11,Heartbreak Ballad,R&B,4
654,2025-02-02,M13,Hip Hop Anthem,Hip-Hop,3
655,2025-02-25,M04,Study Focus 1,Instrumental,6
655,2025-02-25,M05,Study Focus 2,Instrumental,5
655,2025-02-25,M06,Rain Sounds,Ambient/Sleep,10
656,2025-02-21,M05,Study Focus 2,Instrumental,5
656,2025-02-21,M04,Study Focus 1,Instrumental,6
656,2025-02-21,M16,Gengetone Hit,Amapiano/Afrobeat,4
657,2025-01-18,M06,Rain Sounds,Ambient/Sleep,10
657,2025-01-18,M10,Praise Medley,Gospel,7
657,2025-01-18,M14,Street Beats,Hip-Hop,3
658,2025-01-24,M11,Heartbreak Ballad,R&B,4
658,2025-01-24,M16,Gengetone Hit,Amapiano/Afrobeat,4
658,2025-01-24,M09,Sunday Worship 2,Gospel,5
658,2025-01-24,M02,Pump It Up,Fitness/EDM,3
659,2025-06-14,M08,Sunday Worship 1,Gospel,5
659,2025-06-14,M09,Sunday Worship 2,Gospel,5
660,2025-03-24,M15,Amapiano Vibes,Amapiano/Afrobeat,5
660,2025-03-24,M16,Gengetone Hit,Amapiano/Afrobeat,4
661,2025-03-09,M16,Gengetone Hit,Amapiano/Afrobeat,4
662,2025-04-02,M13,Hip Hop Anthem,Hip-Hop,3
662,2025-04-02,M14,Street Beats,Hip-Hop,3
662,2025-04-02,M08,Sunday Worship 1,Gospel,5
663,2025-06-29,M08,Sunday Worship 1,Gospel,5
663,2025-06-29,M09,Sunday Worship 2,Gospel,5
664,2025-01-29,M13,Hip Hop Anthem,Hip-Hop,3
664,2025-01-29,M14,Street Beats,Hip-Hop,3
665,2025-01-23,M13,Hip Hop Anthem,Hip-Hop,3
665,2025-01-23,M14,Street Beats,Hip-Hop,3
665,2025-01-23,M04,Study Focus 1,Instrumental,6
666,2025-06-29,M16,Gengetone Hit,Amapiano/Afrobeat,4
666,2025-06-29,M04,Study Focus 1,Instrumental,6
667,2025-03-21,M06,Rain Sounds,Ambient/Sleep,10
667,2025-03-21,M07,Deep Sleep,Ambient/Sleep,12
667,2025-03-21,M05,Study Focus 2,Instrumental,5
668,2025-04-13,M03,Cardio Beats,Fitness/EDM,4
669,2025-05-18,M11,Heartbreak Ballad,R&B,4
669,2025-05-18,M12,Love Story,R&B,4
670,2025-03-28,M06,Rain Sounds,Ambient/Sleep,10
670,2025-03-28,M07,Deep Sleep,Ambient/Sleep,12
671,2025-06-12,M06,Rain Sounds,Ambient/Sleep,10
671,2025-06-12,M07,Deep Sleep,Ambient/Sleep,12
672,2025-06-17,M06,Rain Sounds,Ambient/Sleep,10
672,2025-06-17,M10,Praise Medley,Gospel,7
673,2025-05-25,M16,Gengetone Hit,Amapiano/Afrobeat,4
673,2025-05-25,M10,Praise Medley,Gospel,7
674,2025-02-13,M15,Amapiano Vibes,Amapiano/Afrobeat,5
674,2025-02-13,M03,Cardio Beats,Fitness/EDM,4
674,2025-02-13,M10,Praise Medley,Gospel,7
674,2025-02-13,M06,Rain Sounds,Ambient/Sleep,10
675,2025-02-26,M15,Amapiano Vibes,Amapiano/Afrobeat,5
675,2025-02-26,M16,Gengetone Hit,Amapiano/Afrobeat,4
676,2025-05-21,M02,Pump It Up,Fitness/EDM,3
676,2025-05-21,M13,Hip Hop Anthem,Hip-Hop,3
677,2025-04-03,M04,Study Focus 1,Instrumental,6
677,2025-04-03,M05,Study Focus 2,Instrumental,5
678,2025-05-20,M09,Sunday Worship 2,Gospel,5
679,2025-02-03,M13,Hip Hop Anthem,Hip-Hop,3
679,2025-02-03,M14,Street Beats,Hip-Hop,3
680,2025-03-29,M11,Heartbreak Ballad,R&B,4
680,2025-03-29,M12,Love Story,R&B,4
681,2025-02-11,M01,Workout Anthem,Fitness/EDM,3
681,2025-02-11,M02,Pump It Up,Fitness/EDM,3
681,2025-02-11,M03,Cardio Beats,Fitness/EDM,4
682,2025-04-01,M08,Sunday Worship 1,Gospel,5
682,2025-04-01,M09,Sunday Worship 2,Gospel,5
683,2025-05-14,M11,Heartbreak Ballad,R&B,4
683,2025-05-14,M12,Love Story,R&B,4
684,2025-04-06,M08,Sunday Worship 1,Gospel,5
684,2025-04-06,M09,Sunday Worship 2,Gospel,5
685,2025-05-31,M09,Sunday Worship 2,Gospel,5
685,2025-05-31,M12,Love Story,R&B,4
685,2025-05-31,M02,Pump It Up,Fitness/EDM,3
685,2025-05-31,M03,Cardio Beats,Fitness/EDM,4
686,2025-05-07,M08,Sunday Worship 1,Gospel,5
686,2025-05-07,M09,Sunday Worship 2,Gospel,5
687,2025-03-17,M08,Sunday Worship 1,Gospel,5
687,2025-03-17,M09,Sunday Worship 2,Gospel,5
687,2025-03-17,M10,Praise Medley,Gospel,7
688,2025-06-24,M04,Study Focus 1,Instrumental,6
688,2025-06-24,M05,Study Focus 2,Instrumental,5
689,2025-06-04,M04,Study Focus 1,Instrumental,6
689,2025-06-04,M05,Study Focus 2,Instrumental,5
689,2025-06-04,M06,Rain Sounds,Ambient/Sleep,10
690,2025-05-10,M15,Amapiano Vibes,Amapiano/Afrobeat,5
690,2025-05-10,M16,Gengetone Hit,Amapiano/Afrobeat,4
691,2025-05-16,M07,Deep Sleep,Ambient/Sleep,12
691,2025-05-16,M02,Pump It Up,Fitness/EDM,3
691,2025-05-16,M09,Sunday Worship 2,Gospel,5
691,2025-05-16,M15,Amapiano Vibes,Amapiano/Afrobeat,5
692,2025-04-10,M03,Cardio Beats,Fitness/EDM,4
692,2025-04-10,M04,Study Focus 1,Instrumental,6
693,2025-04-25,M13,Hip Hop Anthem,Hip-Hop,3
693,2025-04-25,M14,Street Beats,Hip-Hop,3
693,2025-04-25,M15,Amapiano Vibes,Amapiano/Afrobeat,5
694,2025-01-22,M11,Heartbreak Ballad,R&B,4
694,2025-01-22,M12,Love Story,R&B,4
695,2025-06-18,M12,Love Story,R&B,4
696,2025-01-24,M06,Rain Sounds,Ambient/Sleep,10
696,2025-01-24,M07,Deep Sleep,Ambient/Sleep,12
697,2025-01-09,M16,Gengetone Hit,Amapiano/Afrobeat,4
697,2025-01-09,M02,Pump It Up,Fitness/EDM,3
698,2025-05-11,M06,Rain Sounds,Ambient/Sleep,10
698,2025-05-11,M07,Deep Sleep,Ambient/Sleep,12
699,2025-05-21,M01,Workout Anthem,Fitness/EDM,3
699,2025-05-21,M02,Pump It Up,Fitness/EDM,3
700,2025-01-05,M06,Rain Sounds,Ambient/Sleep,10
700,2025-01-05,M07,Deep Sleep,Ambient/Sleep,12
700,2025-01-05,M12,Love Story,R&B,4
701,2025-05-31,M13,Hip Hop Anthem,Hip-Hop,3
701,2025-05-31,M14,Street Beats,Hip-Hop,3
702,2025-03-06,M11,Heartbreak Ballad,R&B,4
702,2025-03-06,M12,Love Story,R&B,4
703,2025-05-30,M06,Rain Sounds,Ambient/Sleep,10
703,2025-05-30,M07,Deep Sleep,Ambient/Sleep,12
704,2025-01-29,M08,Sunday Worship 1,Gospel,5
704,2025-01-29,M09,Sunday Worship 2,Gospel,5
705,2025-02-14,M06,Rain Sounds,Ambient/Sleep,10
705,2025-02-14,M07,Deep Sleep,Ambient/Sleep,12
706,2025-05-16,M08,Sunday Worship 1,Gospel,5
706,2025-05-16,M04,Study Focus 1,Instrumental,6
706,2025-05-16,M07,Deep Sleep,Ambient/Sleep,12
706,2025-05-16,M15,Amapiano Vibes,Amapiano/Afrobeat,5
707,2025-04-01,M13,Hip Hop Anthem,Hip-Hop,3
707,2025-04-01,M14,Street Beats,Hip-Hop,3
708,2025-06-21,M02,Pump It Up,Fitness/EDM,3
708,2025-06-21,M16,Gengetone Hit,Amapiano/Afrobeat,4
708,2025-06-21,M09,Sunday Worship 2,Gospel,5
709,2025-03-23,M08,Sunday Worship 1,Gospel,5
709,2025-03-23,M06,Rain Sounds,Ambient/Sleep,10
710,2025-01-20,M02,Pump It Up,Fitness/EDM,3
711,2025-02-21,M15,Amapiano Vibes,Amapiano/Afrobeat,5
711,2025-02-21,M16,Gengetone Hit,Amapiano/Afrobeat,4
712,2025-02-11,M15,Amapiano Vibes,Amapiano/Afrobeat,5
712,2025-02-11,M16,Gengetone Hit,Amapiano/Afrobeat,4
713,2025-02-24,M12,Love Story,R&B,4
713,2025-02-24,M10,Praise Medley,Gospel,7
714,2025-03-05,M04,Study Focus 1,Instrumental,6
714,2025-03-05,M05,Study Focus 2,Instrumental,5
715,2025-04-10,M15,Amapiano Vibes,Amapiano/Afrobeat,5
715,2025-04-10,M16,Gengetone Hit,Amapiano/Afrobeat,4
716,2025-05-06,M06,Rain Sounds,Ambient/Sleep,10
716,2025-05-06,M07,Deep Sleep,Ambient/Sleep,12
716,2025-05-06,M04,Study Focus 1,Instrumental,6
717,2025-06-29,M08,Sunday Worship 1,Gospel,5
717,2025-06-29,M09,Sunday Worship 2,Gospel,5
718,2025-05-31,M13,Hip Hop Anthem,Hip-Hop,3
719,2025-02-12,M07,Deep Sleep,Ambient/Sleep,12
719,2025-02-12,M04,Study Focus 1,Instrumental,6
719,2025-02-12,M09,Sunday Worship 2,Gospel,5
719,2025-02-12,M15,Amapiano Vibes,Amapiano/Afrobeat,5
720,2025-06-01,M04,Study Focus 1,Instrumental,6
720,2025-06-01,M05,Study Focus 2,Instrumental,5
721,2025-04-17,M04,Study Focus 1,Instrumental,6
721,2025-04-17,M05,Study Focus 2,Instrumental,5
722,2025-03-12,M13,Hip Hop Anthem,Hip-Hop,3
722,2025-03-12,M14,Street Beats,Hip-Hop,3
723,2025-06-23,M09,Sunday Worship 2,Gospel,5
723,2025-06-23,M05,Study Focus 2,Instrumental,5
723,2025-06-23,M08,Sunday Worship 1,Gospel,5
724,2025-01-05,M15,Amapiano Vibes,Amapiano/Afrobeat,5
724,2025-01-05,M16,Gengetone Hit,Amapiano/Afrobeat,4
725,2025-03-10,M06,Rain Sounds,Ambient/Sleep,10
725,2025-03-10,M07,Deep Sleep,Ambient/Sleep,12
726,2025-02-05,M12,Love Story,R&B,4
726,2025-02-05,M01,Workout Anthem,Fitness/EDM,3
726,2025-02-05,M04,Study Focus 1,Instrumental,6
727,2025-02-11,M13,Hip Hop Anthem,Hip-Hop,3
727,2025-02-11,M14,Street Beats,Hip-Hop,3
728,2025-03-28,M01,Workout Anthem,Fitness/EDM,3
728,2025-03-28,M02,Pump It Up,Fitness/EDM,3
729,2025-03-24,M01,Workout Anthem,Fitness/EDM,3
729,2025-03-24,M02,Pump It Up,Fitness/EDM,3
729,2025-03-24,M03,Cardio Beats,Fitness/EDM,4
730,2025-03-01,M13,Hip Hop Anthem,Hip-Hop,3
730,2025-03-01,M14,Street Beats,Hip-Hop,3
731,2025-03-24,M06,Rain Sounds,Ambient/Sleep,10
731,2025-03-24,M07,Deep Sleep,Ambient/Sleep,12
732,2025-04-28,M15,Amapiano Vibes,Amapiano/Afrobeat,5
732,2025-04-28,M16,Gengetone Hit,Amapiano/Afrobeat,4
733,2025-02-06,M13,Hip Hop Anthem,Hip-Hop,3
733,2025-02-06,M14,Street Beats,Hip-Hop,3
733,2025-02-06,M16,Gengetone Hit,Amapiano/Afrobeat,4
734,2025-02-12,M10,Praise Medley,Gospel,7
734,2025-02-12,M09,Sunday Worship 2,Gospel,5
735,2025-06-05,M13,Hip Hop Anthem,Hip-Hop,3
736,2025-01-22,M14,Street Beats,Hip-Hop,3
736,2025-01-22,M16,Gengetone Hit,Amapiano/Afrobeat,4
737,2025-01-11,M04,Study Focus 1,Instrumental,6
737,2025-01-11,M12,Love Story,R&B,4
737,2025-01-11,M16,Gengetone Hit,Amapiano/Afrobeat,4
737,2025-01-11,M02,Pump It Up,Fitness/EDM,3
738,2025-06-05,M15,Amapiano Vibes,Amapiano/Afrobeat,5
738,2025-06-05,M16,Gengetone Hit,Amapiano/Afrobeat,4
739,2025-01-18,M08,Sunday Worship 1,Gospel,5
739,2025-01-18,M01,Workout Anthem,Fitness/EDM,3
739,2025-01-18,M12,Love Story,R&B,4
739,2025-01-18,M06,Rain Sounds,Ambient/Sleep,10
740,2025-06-01,M11,Heartbreak Ballad,R&B,4
740,2025-06-01,M12,Love Story,R&B,4
741,2025-02-04,M01,Workout Anthem,Fitness/EDM,3
741,2025-02-04,M02,Pump It Up,Fitness/EDM,3
742,2025-03-17,M11,Heartbreak Ballad,R&B,4
742,2025-03-17,M12,Love Story,R&B,4
743,2025-03-27,M04,Study Focus 1,Instrumental,6
743,2025-03-27,M05,Study Focus 2,Instrumental,5
743,2025-03-27,M06,Rain Sounds,Ambient/Sleep,10
744,2025-03-27,M13,Hip Hop Anthem,Hip-Hop,3
744,2025-03-27,M12,Love Story,R&B,4
744,2025-03-27,M01,Workout Anthem,Fitness/EDM,3
745,2025-05-13,M11,Heartbreak Ballad,R&B,4
745,2025-05-13,M12,Love Story,R&B,4
746,2025-02-22,M04,Study Focus 1,Instrumental,6
746,2025-02-22,M05,Study Focus 2,Instrumental,5
746,2025-02-22,M06,Rain Sounds,Ambient/Sleep,10
747,2025-04-27,M13,Hip Hop Anthem,Hip-Hop,3
747,2025-04-27,M14,Street Beats,Hip-Hop,3
747,2025-04-27,M15,Amapiano Vibes,Amapiano/Afrobeat,5
748,2025-06-12,M15,Amapiano Vibes,Amapiano/Afrobeat,5
748,2025-06-12,M16,Gengetone Hit,Amapiano/Afrobeat,4
749,2025-06-26,M15,Amapiano Vibes,Amapiano/Afrobeat,5
749,2025-06-26,M16,Gengetone Hit,Amapiano/Afrobeat,4
750,2025-03-02,M08,Sunday Worship 1,Gospel,5
750,2025-03-02,M09,Sunday Worship 2,Gospel,5
751,2025-04-12,M04,Study Focus 1,Instrumental,6
751,2025-04-12,M10,Praise Medley,Gospel,7
751,2025-04-12,M08,Sunday Worship 1,Gospel,5
751,2025-04-12,M09,Sunday Worship 2,Gospel,5
752,2025-05-03,M11,Heartbreak Ballad,R&B,4
752,2025-05-03,M12,Love Story,R&B,4
753,2025-03-13,M02,Pump It Up,Fitness/EDM,3
753,2025-03-13,M12,Love Story,R&B,4
753,2025-03-13,M09,Sunday Worship 2,Gospel,5
753,2025-03-13,M14,Street Beats,Hip-Hop,3
754,2025-02-20,M13,Hip Hop Anthem,Hip-Hop,3
754,2025-02-20,M14,Street Beats,Hip-Hop,3
755,2025-01-17,M13,Hip Hop Anthem,Hip-Hop,3
755,2025-01-17,M06,Rain Sounds,Ambient/Sleep,10
756,2025-06-24,M11,Heartbreak Ballad,R&B,4
756,2025-06-24,M12,Love Story,R&B,4
757,2025-03-11,M06,Rain Sounds,Ambient/Sleep,10
757,2025-03-11,M07,Deep Sleep,Ambient/Sleep,12
758,2025-02-26,M08,Sunday Worship 1,Gospel,5
758,2025-02-26,M09,Sunday Worship 2,Gospel,5
759,2025-06-17,M15,Amapiano Vibes,Amapiano/Afrobeat,5
759,2025-06-17,M16,Gengetone Hit,Amapiano/Afrobeat,4
760,2025-01-09,M13,Hip Hop Anthem,Hip-Hop,3
760,2025-01-09,M14,Street Beats,Hip-Hop,3
760,2025-01-09,M03,Cardio Beats,Fitness/EDM,4
761,2025-05-09,M04,Study Focus 1,Instrumental,6
761,2025-05-09,M05,Study Focus 2,Instrumental,5
761,2025-05-09,M06,Rain Sounds,Ambient/Sleep,10
762,2025-02-24,M15,Amapiano Vibes,Amapiano/Afrobeat,5
762,2025-02-24,M16,Gengetone Hit,Amapiano/Afrobeat,4
763,2025-02-18,M14,Street Beats,Hip-Hop,3
764,2025-05-14,M13,Hip Hop Anthem,Hip-Hop,3
764,2025-05-14,M14,Street Beats,Hip-Hop,3
764,2025-05-14,M15,Amapiano Vibes,Amapiano/Afrobeat,5
765,2025-02-03,M11,Heartbreak Ballad,R&B,4
765,2025-02-03,M12,Love Story,R&B,4
766,2025-06-26,M13,Hip Hop Anthem,Hip-Hop,3
766,2025-06-26,M06,Rain Sounds,Ambient/Sleep,10
767,2025-05-25,M15,Amapiano Vibes,Amapiano/Afrobeat,5
767,2025-05-25,M13,Hip Hop Anthem,Hip-Hop,3
767,2025-05-25,M03,Cardio Beats,Fitness/EDM,4
767,2025-05-25,M07,Deep Sleep,Ambient/Sleep,12
768,2025-05-03,M04,Study Focus 1,Instrumental,6
768,2025-05-03,M05,Study Focus 2,Instrumental,5
769,2025-05-03,M04,Study Focus 1,Instrumental,6
770,2025-01-31,M08,Sunday Worship 1,Gospel,5
770,2025-01-31,M09,Sunday Worship 2,Gospel,5
770,2025-01-31,M10,Praise Medley,Gospel,7
771,2025-02-24,M15,Amapiano Vibes,Amapiano/Afrobeat,5
771,2025-02-24,M16,Gengetone Hit,Amapiano/Afrobeat,4
771,2025-02-24,M03,Cardio Beats,Fitness/EDM,4
772,2025-05-07,M01,Workout Anthem,Fitness/EDM,3
772,2025-05-07,M02,Pump It Up,Fitness/EDM,3
773,2025-05-02,M13,Hip Hop Anthem,Hip-Hop,3
773,2025-05-02,M14,Street Beats,Hip-Hop,3
773,2025-05-02,M15,Amapiano Vibes,Amapiano/Afrobeat,5
774,2025-02-24,M15,Amapiano Vibes,Amapiano/Afrobeat,5
774,2025-02-24,M16,Gengetone Hit,Amapiano/Afrobeat,4
775,2025-06-05,M01,Workout Anthem,Fitness/EDM,3
775,2025-06-05,M12,Love Story,R&B,4
776,2025-02-15,M06,Rain Sounds,Ambient/Sleep,10
776,2025-02-15,M07,Deep Sleep,Ambient/Sleep,12
777,2025-02-17,M04,Study Focus 1,Instrumental,6
777,2025-02-17,M07,Deep Sleep,Ambient/Sleep,12
777,2025-02-17,M10,Praise Medley,Gospel,7
778,2025-03-25,M01,Workout Anthem,Fitness/EDM,3
778,2025-03-25,M07,Deep Sleep,Ambient/Sleep,12
778,2025-03-25,M13,Hip Hop Anthem,Hip-Hop,3
779,2025-04-10,M08,Sunday Worship 1,Gospel,5
779,2025-04-10,M09,Sunday Worship 2,Gospel,5
780,2025-01-30,M06,Rain Sounds,Ambient/Sleep,10
780,2025-01-30,M07,Deep Sleep,Ambient/Sleep,12
781,2025-02-15,M11,Heartbreak Ballad,R&B,4
781,2025-02-15,M10,Praise Medley,Gospel,7
781,2025-02-15,M01,Workout Anthem,Fitness/EDM,3
782,2025-02-17,M01,Workout Anthem,Fitness/EDM,3
783,2025-01-06,M09,Sunday Worship 2,Gospel,5
784,2025-04-23,M13,Hip Hop Anthem,Hip-Hop,3
784,2025-04-23,M14,Street Beats,Hip-Hop,3
785,2025-03-22,M01,Workout Anthem,Fitness/EDM,3
785,2025-03-22,M02,Pump It Up,Fitness/EDM,3
785,2025-03-22,M03,Cardio Beats,Fitness/EDM,4
786,2025-06-01,M06,Rain Sounds,Ambient/Sleep,10
786,2025-06-01,M07,Deep Sleep,Ambient/Sleep,12
787,2025-01-20,M13,Hip Hop Anthem,Hip-Hop,3
787,2025-01-20,M14,Street Beats,Hip-Hop,3
788,2025-02-13,M08,Sunday Worship 1,Gospel,5
789,2025-02-04,M04,Study Focus 1,Instrumental,6
789,2025-02-04,M05,Study Focus 2,Instrumental,5
789,2025-02-04,M06,Rain Sounds,Ambient/Sleep,10
790,2025-03-06,M13,Hip Hop Anthem,Hip-Hop,3
790,2025-03-06,M14,Street Beats,Hip-Hop,3
790,2025-03-06,M15,Amapiano Vibes,Amapiano/Afrobeat,5
791,2025-04-29,M11,Heartbreak Ballad,R&B,4
792,2025-06-10,M12,Love Story,R&B,4
792,2025-06-10,M07,Deep Sleep,Ambient/Sleep,12
793,2025-06-22,M08,Sunday Worship 1,Gospel,5
793,2025-06-22,M09,Sunday Worship 2,Gospel,5
794,2025-05-28,M15,Amapiano Vibes,Amapiano/Afrobeat,5
794,2025-05-28,M16,Gengetone Hit,Amapiano/Afrobeat,4
795,2025-02-03,M11,Heartbreak Ballad,R&B,4
795,2025-02-03,M05,Study Focus 2,Instrumental,5
795,2025-02-03,M12,Love Story,R&B,4
796,2025-02-25,M01,Workout Anthem,Fitness/EDM,3
796,2025-02-25,M02,Pump It Up,Fitness/EDM,3
796,2025-02-25,M03,Cardio Beats,Fitness/EDM,4
797,2025-05-31,M13,Hip Hop Anthem,Hip-Hop,3
797,2025-05-31,M14,Street Beats,Hip-Hop,3
798,2025-04-13,M16,Gengetone Hit,Amapiano/Afrobeat,4
798,2025-04-13,M14,Street Beats,Hip-Hop,3
798,2025-04-13,M12,Love Story,R&B,4
798,2025-04-13,M08,Sunday Worship 1,Gospel,5
799,2025-03-12,M06,Rain Sounds,Ambient/Sleep,10
799,2025-03-12,M07,Deep Sleep,Ambient/Sleep,12
800,2025-04-20,M11,Heartbreak Ballad,R&B,4
800,2025-04-20,M12,Love Story,R&B,4
800,2025-04-20,M09,Sunday Worship 2,Gospel,5
801,2025-03-22,M06,Rain Sounds,Ambient/Sleep,10
801,2025-03-22,M07,Deep Sleep,Ambient/Sleep,12
802,2025-05-02,M01,Workout Anthem,Fitness/EDM,3
802,2025-05-02,M02,Pump It Up,Fitness/EDM,3
802,2025-05-02,M03,Cardio Beats,Fitness/EDM,4
803,2025-02-20,M01,Workout Anthem,Fitness/EDM,3
803,2025-02-20,M10,Praise Medley,Gospel,7
803,2025-02-20,M06,Rain Sounds,Ambient/Sleep,10
803,2025-02-20,M12,Love Story,R&B,4
804,2025-04-07,M16,Gengetone Hit,Amapiano/Afrobeat,4
804,2025-04-07,M03,Cardio Beats,Fitness/EDM,4
804,2025-04-07,M13,Hip Hop Anthem,Hip-Hop,3
804,2025-04-07,M12,Love Story,R&B,4
805,2025-03-03,M13,Hip Hop Anthem,Hip-Hop,3
805,2025-03-03,M14,Street Beats,Hip-Hop,3
806,2025-06-05,M13,Hip Hop Anthem,Hip-Hop,3
806,2025-06-05,M14,Street Beats,Hip-Hop,3
806,2025-06-05,M15,Amapiano Vibes,Amapiano/Afrobeat,5
807,2025-06-23,M13,Hip Hop Anthem,Hip-Hop,3
807,2025-06-23,M14,Street Beats,Hip-Hop,3
808,2025-03-11,M02,Pump It Up,Fitness/EDM,3
808,2025-03-11,M08,Sunday Worship 1,Gospel,5
809,2025-03-14,M01,Workout Anthem,Fitness/EDM,3
809,2025-03-14,M02,Pump It Up,Fitness/EDM,3
810,2025-05-05,M06,Rain Sounds,Ambient/Sleep,10
810,2025-05-05,M07,Deep Sleep,Ambient/Sleep,12
810,2025-05-05,M11,Heartbreak Ballad,R&B,4
811,2025-01-22,M07,Deep Sleep,Ambient/Sleep,12
811,2025-01-22,M08,Sunday Worship 1,Gospel,5
811,2025-01-22,M14,Street Beats,Hip-Hop,3
812,2025-04-05,M06,Rain Sounds,Ambient/Sleep,10
812,2025-04-05,M07,Deep Sleep,Ambient/Sleep,12
813,2025-04-23,M04,Study Focus 1,Instrumental,6
813,2025-04-23,M05,Study Focus 2,Instrumental,5
814,2025-05-19,M15,Amapiano Vibes,Amapiano/Afrobeat,5
814,2025-05-19,M16,Gengetone Hit,Amapiano/Afrobeat,4
815,2025-04-29,M01,Workout Anthem,Fitness/EDM,3
815,2025-04-29,M12,Love Story,R&B,4
815,2025-04-29,M08,Sunday Worship 1,Gospel,5
816,2025-04-24,M08,Sunday Worship 1,Gospel,5
816,2025-04-24,M12,Love Story,R&B,4
816,2025-04-24,M02,Pump It Up,Fitness/EDM,3
817,2025-06-21,M04,Study Focus 1,Instrumental,6
817,2025-06-21,M05,Study Focus 2,Instrumental,5
818,2025-04-08,M10,Praise Medley,Gospel,7
818,2025-04-08,M08,Sunday Worship 1,Gospel,5
818,2025-04-08,M12,Love Story,R&B,4
819,2025-05-19,M08,Sunday Worship 1,Gospel,5
819,2025-05-19,M09,Sunday Worship 2,Gospel,5
820,2025-05-05,M11,Heartbreak Ballad,R&B,4
820,2025-05-05,M01,Workout Anthem,Fitness/EDM,3
820,2025-05-05,M02,Pump It Up,Fitness/EDM,3
821,2025-01-20,M07,Deep Sleep,Ambient/Sleep,12
821,2025-01-20,M15,Amapiano Vibes,Amapiano/Afrobeat,5
821,2025-01-20,M12,Love Story,R&B,4
822,2025-05-14,M11,Heartbreak Ballad,R&B,4
822,2025-05-14,M12,Love Story,R&B,4
823,2025-04-02,M03,Cardio Beats,Fitness/EDM,4
823,2025-04-02,M15,Amapiano Vibes,Amapiano/Afrobeat,5
824,2025-03-30,M06,Rain Sounds,Ambient/Sleep,10
824,2025-03-30,M07,Deep Sleep,Ambient/Sleep,12
825,2025-03-14,M08,Sunday Worship 1,Gospel,5
825,2025-03-14,M09,Sunday Worship 2,Gospel,5
825,2025-03-14,M10,Praise Medley,Gospel,7
825,2025-03-14,M01,Workout Anthem,Fitness/EDM,3
826,2025-01-07,M10,Praise Medley,Gospel,7
827,2025-04-25,M01,Workout Anthem,Fitness/EDM,3
827,2025-04-25,M02,Pump It Up,Fitness/EDM,3
828,2025-01-08,M15,Amapiano Vibes,Amapiano/Afrobeat,5
828,2025-01-08,M16,Gengetone Hit,Amapiano/Afrobeat,4
829,2025-04-14,M13,Hip Hop Anthem,Hip-Hop,3
829,2025-04-14,M14,Street Beats,Hip-Hop,3
829,2025-04-14,M15,Amapiano Vibes,Amapiano/Afrobeat,5
830,2025-04-17,M06,Rain Sounds,Ambient/Sleep,10
830,2025-04-17,M07,Deep Sleep,Ambient/Sleep,12
831,2025-04-02,M09,Sunday Worship 2,Gospel,5
831,2025-04-02,M15,Amapiano Vibes,Amapiano/Afrobeat,5
832,2025-03-31,M05,Study Focus 2,Instrumental,5
833,2025-05-15,M13,Hip Hop Anthem,Hip-Hop,3
833,2025-05-15,M14,Street Beats,Hip-Hop,3
834,2025-04-02,M15,Amapiano Vibes,Amapiano/Afrobeat,5
834,2025-04-02,M16,Gengetone Hit,Amapiano/Afrobeat,4
835,2025-05-04,M13,Hip Hop Anthem,Hip-Hop,3
835,2025-05-04,M14,Street Beats,Hip-Hop,3
836,2025-02-01,M13,Hip Hop Anthem,Hip-Hop,3
836,2025-02-01,M14,Street Beats,Hip-Hop,3
837,2025-02-02,M01,Workout Anthem,Fitness/EDM,3
837,2025-02-02,M02,Pump It Up,Fitness/EDM,3
838,2025-02-22,M07,Deep Sleep,Ambient/Sleep,12
838,2025-02-22,M05,Study Focus 2,Instrumental,5
838,2025-02-22,M10,Praise Medley,Gospel,7
838,2025-02-22,M09,Sunday Worship 2,Gospel,5
839,2025-04-20,M13,Hip Hop Anthem,Hip-Hop,3
839,2025-04-20,M14,Street Beats,Hip-Hop,3
839,2025-04-20,M15,Amapiano Vibes,Amapiano/Afrobeat,5
840,2025-06-06,M14,Street Beats,Hip-Hop,3
841,2025-01-08,M06,Rain Sounds,Ambient/Sleep,10
841,2025-01-08,M12,Love Story,R&B,4
842,2025-04-21,M02,Pump It Up,Fitness/EDM,3
842,2025-04-21,M07,Deep Sleep,Ambient/Sleep,12
843,2025-05-04,M04,Study Focus 1,Instrumental,6
843,2025-05-04,M05,Study Focus 2,Instrumental,5
843,2025-05-04,M06,Rain Sounds,Ambient/Sleep,10
844,2025-05-08,M15,Amapiano Vibes,Amapiano/Afrobeat,5
844,2025-05-08,M16,Gengetone Hit,Amapiano/Afrobeat,4
845,2025-02-25,M13,Hip Hop Anthem,Hip-Hop,3
845,2025-02-25,M08,Sunday Worship 1,Gospel,5
845,2025-02-25,M07,Deep Sleep,Ambient/Sleep,12
846,2025-06-30,M01,Workout Anthem,Fitness/EDM,3
846,2025-06-30,M02,Pump It Up,Fitness/EDM,3
847,2025-06-29,M10,Praise Medley,Gospel,7
847,2025-06-29,M14,Street Beats,Hip-Hop,3
848,2025-01-05,M06,Rain Sounds,Ambient/Sleep,10
848,2025-01-05,M07,Deep Sleep,Ambient/Sleep,12
849,2025-05-04,M01,Workout Anthem,Fitness/EDM,3
849,2025-05-04,M02,Pump It Up,Fitness/EDM,3
850,2025-05-18,M01,Workout Anthem,Fitness/EDM,3
850,2025-05-18,M02,Pump It Up,Fitness/EDM,3
851,2025-05-04,M08,Sunday Worship 1,Gospel,5
851,2025-05-04,M09,Sunday Worship 2,Gospel,5
851,2025-05-04,M10,Praise Medley,Gospel,7
852,2025-05-19,M06,Rain Sounds,Ambient/Sleep,10
852,2025-05-19,M07,Deep Sleep,Ambient/Sleep,12
853,2025-05-10,M06,Rain Sounds,Ambient/Sleep,10
853,2025-05-10,M07,Deep Sleep,Ambient/Sleep,12
854,2025-03-29,M15,Amapiano Vibes,Amapiano/Afrobeat,5
854,2025-03-29,M16,Gengetone Hit,Amapiano/Afrobeat,4
855,2025-06-27,M15,Amapiano Vibes,Amapiano/Afrobeat,5
855,2025-06-27,M16,Gengetone Hit,Amapiano/Afrobeat,4
856,2025-02-22,M11,Heartbreak Ballad,R&B,4
856,2025-02-22,M12,Love Story,R&B,4
857,2025-06-26,M13,Hip Hop Anthem,Hip-Hop,3
858,2025-05-23,M13,Hip Hop Anthem,Hip-Hop,3
858,2025-05-23,M14,Street Beats,Hip-Hop,3
859,2025-03-08,M01,Workout Anthem,Fitness/EDM,3
859,2025-03-08,M02,Pump It Up,Fitness/EDM,3
859,2025-03-08,M03,Cardio Beats,Fitness/EDM,4
860,2025-03-15,M01,Workout Anthem,Fitness/EDM,3
860,2025-03-15,M02,Pump It Up,Fitness/EDM,3
861,2025-04-30,M04,Study Focus 1,Instrumental,6
861,2025-04-30,M15,Amapiano Vibes,Amapiano/Afrobeat,5
861,2025-04-30,M14,Street Beats,Hip-Hop,3
861,2025-04-30,M08,Sunday Worship 1,Gospel,5
862,2025-05-21,M13,Hip Hop Anthem,Hip-Hop,3
862,2025-05-21,M14,Street Beats,Hip-Hop,3
863,2025-01-07,M13,Hip Hop Anthem,Hip-Hop,3
863,2025-01-07,M14,Street Beats,Hip-Hop,3
864,2025-06-20,M13,Hip Hop Anthem,Hip-Hop,3
864,2025-06-20,M14,Street Beats,Hip-Hop,3
865,2025-01-11,M11,Heartbreak Ballad,R&B,4
865,2025-01-11,M12,Love Story,R&B,4
866,2025-06-28,M04,Study Focus 1,Instrumental,6
866,2025-06-28,M05,Study Focus 2,Instrumental,5
866,2025-06-28,M06,Rain Sounds,Ambient/Sleep,10
867,2025-05-26,M11,Heartbreak Ballad,R&B,4
867,2025-05-26,M12,Love Story,R&B,4
868,2025-06-30,M13,Hip Hop Anthem,Hip-Hop,3
868,2025-06-30,M14,Street Beats,Hip-Hop,3
869,2025-01-16,M13,Hip Hop Anthem,Hip-Hop,3
869,2025-01-16,M08,Sunday Worship 1,Gospel,5
869,2025-01-16,M09,Sunday Worship 2,Gospel,5
870,2025-04-21,M08,Sunday Worship 1,Gospel,5
870,2025-04-21,M09,Sunday Worship 2,Gospel,5
871,2025-03-27,M11,Heartbreak Ballad,R&B,4
871,2025-03-27,M12,Love Story,R&B,4
872,2025-05-11,M15,Amapiano Vibes,Amapiano/Afrobeat,5
872,2025-05-11,M16,Gengetone Hit,Amapiano/Afrobeat,4
873,2025-06-04,M04,Study Focus 1,Instrumental,6
873,2025-06-04,M05,Study Focus 2,Instrumental,5
873,2025-06-04,M06,Rain Sounds,Ambient/Sleep,10
874,2025-05-06,M10,Praise Medley,Gospel,7
874,2025-05-06,M14,Street Beats,Hip-Hop,3
874,2025-05-06,M06,Rain Sounds,Ambient/Sleep,10
874,2025-05-06,M03,Cardio Beats,Fitness/EDM,4
875,2025-03-15,M08,Sunday Worship 1,Gospel,5
875,2025-03-15,M09,Sunday Worship 2,Gospel,5
876,2025-05-23,M13,Hip Hop Anthem,Hip-Hop,3
876,2025-05-23,M14,Street Beats,Hip-Hop,3
877,2025-03-05,M15,Amapiano Vibes,Amapiano/Afrobeat,5
877,2025-03-05,M16,Gengetone Hit,Amapiano/Afrobeat,4
878,2025-06-29,M13,Hip Hop Anthem,Hip-Hop,3
878,2025-06-29,M14,Street Beats,Hip-Hop,3
879,2025-03-02,M13,Hip Hop Anthem,Hip-Hop,3
879,2025-03-02,M14,Street Beats,Hip-Hop,3
880,2025-05-17,M08,Sunday Worship 1,Gospel,5
880,2025-05-17,M09,Sunday Worship 2,Gospel,5
881,2025-06-08,M02,Pump It Up,Fitness/EDM,3
881,2025-06-08,M07,Deep Sleep,Ambient/Sleep,12
882,2025-06-19,M11,Heartbreak Ballad,R&B,4
882,2025-06-19,M13,Hip Hop Anthem,Hip-Hop,3
882,2025-06-19,M15,Amapiano Vibes,Amapiano/Afrobeat,5
882,2025-06-19,M08,Sunday Worship 1,Gospel,5
883,2025-04-17,M15,Amapiano Vibes,Amapiano/Afrobeat,5
883,2025-04-17,M16,Gengetone Hit,Amapiano/Afrobeat,4
884,2025-02-21,M13,Hip Hop Anthem,Hip-Hop,3
884,2025-02-21,M14,Street Beats,Hip-Hop,3
885,2025-04-08,M10,Praise Medley,Gospel,7
886,2025-03-30,M08,Sunday Worship 1,Gospel,5
886,2025-03-30,M09,Sunday Worship 2,Gospel,5
887,2025-05-03,M04,Study Focus 1,Instrumental,6
887,2025-05-03,M05,Study Focus 2,Instrumental,5
888,2025-02-11,M01,Workout Anthem,Fitness/EDM,3
889,2025-02-09,M13,Hip Hop Anthem,Hip-Hop,3
889,2025-02-09,M14,Street Beats,Hip-Hop,3
889,2025-02-09,M15,Amapiano Vibes,Amapiano/Afrobeat,5
890,2025-03-06,M04,Study Focus 1,Instrumental,6
890,2025-03-06,M05,Study Focus 2,Instrumental,5
890,2025-03-06,M06,Rain Sounds,Ambient/Sleep,10
891,2025-03-01,M12,Love Story,R&B,4
891,2025-03-01,M05,Study Focus 2,Instrumental,5
891,2025-03-01,M01,Workout Anthem,Fitness/EDM,3
892,2025-02-02,M07,Deep Sleep,Ambient/Sleep,12
892,2025-02-02,M15,Amapiano Vibes,Amapiano/Afrobeat,5
892,2025-02-02,M08,Sunday Worship 1,Gospel,5
893,2025-06-02,M10,Praise Medley,Gospel,7
893,2025-06-02,M03,Cardio Beats,Fitness/EDM,4
894,2025-01-13,M15,Amapiano Vibes,Amapiano/Afrobeat,5
895,2025-02-26,M15,Amapiano Vibes,Amapiano/Afrobeat,5
895,2025-02-26,M16,Gengetone Hit,Amapiano/Afrobeat,4
896,2025-03-21,M05,Study Focus 2,Instrumental,5
897,2025-04-22,M02,Pump It Up,Fitness/EDM,3
897,2025-04-22,M08,Sunday Worship 1,Gospel,5
897,2025-04-22,M05,Study Focus 2,Instrumental,5
897,2025-04-22,M04,Study Focus 1,Instrumental,6
898,2025-06-13,M04,Study Focus 1,Instrumental,6
898,2025-06-13,M05,Study Focus 2,Instrumental,5
899,2025-06-24,M13,Hip Hop Anthem,Hip-Hop,3
899,2025-06-24,M14,Street Beats,Hip-Hop,3
899,2025-06-24,M15,Amapiano Vibes,Amapiano/Afrobeat,5
900,2025-04-16,M11,Heartbreak Ballad,R&B,4
900,2025-04-16,M12,Love Story,R&B,4
901,2025-01-21,M15,Amapiano Vibes,Amapiano/Afrobeat,5
901,2025-01-21,M04,Study Focus 1,Instrumental,6
902,2025-02-28,M15,Amapiano Vibes,Amapiano/Afrobeat,5
902,2025-02-28,M02,Pump It Up,Fitness/EDM,3
902,2025-02-28,M05,Study Focus 2,Instrumental,5
903,2025-02-03,M10,Praise Medley,Gospel,7
903,2025-02-03,M14,Street Beats,Hip-Hop,3
904,2025-01-17,M08,Sunday Worship 1,Gospel,5
904,2025-01-17,M09,Sunday Worship 2,Gospel,5
905,2025-01-08,M13,Hip Hop Anthem,Hip-Hop,3
905,2025-01-08,M14,Street Beats,Hip-Hop,3
906,2025-06-26,M11,Heartbreak Ballad,R&B,4
907,2025-05-02,M15,Amapiano Vibes,Amapiano/Afrobeat,5
907,2025-05-02,M16,Gengetone Hit,Amapiano/Afrobeat,4
908,2025-06-25,M11,Heartbreak Ballad,R&B,4
908,2025-06-25,M12,Love Story,R&B,4
909,2025-01-01,M01,Workout Anthem,Fitness/EDM,3
909,2025-01-01,M10,Praise Medley,Gospel,7
909,2025-01-01,M15,Amapiano Vibes,Amapiano/Afrobeat,5
909,2025-01-01,M13,Hip Hop Anthem,Hip-Hop,3
910,2025-05-07,M13,Hip Hop Anthem,Hip-Hop,3
910,2025-05-07,M14,Street Beats,Hip-Hop,3
910,2025-05-07,M15,Amapiano Vibes,Amapiano/Afrobeat,5
911,2025-06-28,M06,Rain Sounds,Ambient/Sleep,10
911,2025-06-28,M07,Deep Sleep,Ambient/Sleep,12
912,2025-04-03,M06,Rain Sounds,Ambient/Sleep,10
912,2025-04-03,M07,Deep Sleep,Ambient/Sleep,12
913,2025-04-24,M01,Workout Anthem,Fitness/EDM,3
913,2025-04-24,M02,Pump It Up,Fitness/EDM,3
914,2025-01-24,M01,Workout Anthem,Fitness/EDM,3
914,2025-01-24,M02,Pump It Up,Fitness/EDM,3
914,2025-01-24,M03,Cardio Beats,Fitness/EDM,4
915,2025-05-22,M03,Cardio Beats,Fitness/EDM,4
916,2025-01-11,M13,Hip Hop Anthem,Hip-Hop,3
917,2025-02-15,M13,Hip Hop Anthem,Hip-Hop,3
917,2025-02-15,M14,Street Beats,Hip-Hop,3
918,2025-03-30,M10,Praise Medley,Gospel,7
918,2025-03-30,M01,Workout Anthem,Fitness/EDM,3
919,2025-06-22,M12,Love Story,R&B,4
919,2025-06-22,M02,Pump It Up,Fitness/EDM,3
919,2025-06-22,M13,Hip Hop Anthem,Hip-Hop,3
919,2025-06-22,M03,Cardio Beats,Fitness/EDM,4
920,2025-02-09,M09,Sunday Worship 2,Gospel,5
921,2025-03-18,M06,Rain Sounds,Ambient/Sleep,10
921,2025-03-18,M07,Deep Sleep,Ambient/Sleep,12
922,2025-04-06,M13,Hip Hop Anthem,Hip-Hop,3
922,2025-04-06,M15,Amapiano Vibes,Amapiano/Afrobeat,5
922,2025-04-06,M01,Workout Anthem,Fitness/EDM,3
923,2025-04-08,M08,Sunday Worship 1,Gospel,5
923,2025-04-08,M09,Sunday Worship 2,Gospel,5
923,2025-04-08,M01,Workout Anthem,Fitness/EDM,3
924,2025-02-18,M04,Study Focus 1,Instrumental,6
924,2025-02-18,M05,Study Focus 2,Instrumental,5
925,2025-06-04,M14,Street Beats,Hip-Hop,3
925,2025-06-04,M09,Sunday Worship 2,Gospel,5
925,2025-06-04,M15,Amapiano Vibes,Amapiano/Afrobeat,5
926,2025-04-01,M01,Workout Anthem,Fitness/EDM,3
926,2025-04-01,M02,Pump It Up,Fitness/EDM,3
926,2025-04-01,M03,Cardio Beats,Fitness/EDM,4
927,2025-05-21,M04,Study Focus 1,Instrumental,6
927,2025-05-21,M10,Praise Medley,Gospel,7
927,2025-05-21,M09,Sunday Worship 2,Gospel,5
927,2025-05-21,M02,Pump It Up,Fitness/EDM,3
928,2025-04-26,M01,Workout Anthem,Fitness/EDM,3
928,2025-04-26,M08,Sunday Worship 1,Gospel,5
928,2025-04-26,M03,Cardio Beats,Fitness/EDM,4
929,2025-05-08,M08,Sunday Worship 1,Gospel,5
929,2025-05-08,M09,Sunday Worship 2,Gospel,5
929,2025-05-08,M10,Praise Medley,Gospel,7
930,2025-04-02,M16,Gengetone Hit,Amapiano/Afrobeat,4
930,2025-04-02,M14,Street Beats,Hip-Hop,3
931,2025-04-18,M02,Pump It Up,Fitness/EDM,3
931,2025-04-18,M09,Sunday Worship 2,Gospel,5
931,2025-04-18,M03,Cardio Beats,Fitness/EDM,4
932,2025-01-21,M13,Hip Hop Anthem,Hip-Hop,3
932,2025-01-21,M14,Street Beats,Hip-Hop,3
933,2025-05-26,M15,Amapiano Vibes,Amapiano/Afrobeat,5
933,2025-05-26,M16,Gengetone Hit,Amapiano/Afrobeat,4
934,2025-06-25,M04,Study Focus 1,Instrumental,6
934,2025-06-25,M05,Study Focus 2,Instrumental,5
935,2025-03-28,M13,Hip Hop Anthem,Hip-Hop,3
935,2025-03-28,M14,Street Beats,Hip-Hop,3
936,2025-05-17,M08,Sunday Worship 1,Gospel,5
936,2025-05-17,M02,Pump It Up,Fitness/EDM,3
937,2025-02-04,M15,Amapiano Vibes,Amapiano/Afrobeat,5
937,2025-02-04,M16,Gengetone Hit,Amapiano/Afrobeat,4
938,2025-02-17,M06,Rain Sounds,Ambient/Sleep,10
938,2025-02-17,M07,Deep Sleep,Ambient/Sleep,12
939,2025-05-28,M06,Rain Sounds,Ambient/Sleep,10
939,2025-05-28,M07,Deep Sleep,Ambient/Sleep,12
940,2025-06-10,M14,Street Beats,Hip-Hop,3
941,2025-06-25,M11,Heartbreak Ballad,R&B,4
941,2025-06-25,M12,Love Story,R&B,4
942,2025-02-10,M08,Sunday Worship 1,Gospel,5
942,2025-02-10,M15,Amapiano Vibes,Amapiano/Afrobeat,5
942,2025-02-10,M11,Heartbreak Ballad,R&B,4
942,2025-02-10,M13,Hip Hop Anthem,Hip-Hop,3
943,2025-03-10,M04,Study Focus 1,Instrumental,6
943,2025-03-10,M05,Study Focus 2,Instrumental,5
943,2025-03-10,M06,Rain Sounds,Ambient/Sleep,10
944,2025-03-08,M13,Hip Hop Anthem,Hip-Hop,3
944,2025-03-08,M14,Street Beats,Hip-Hop,3
945,2025-03-28,M01,Workout Anthem,Fitness/EDM,3
945,2025-03-28,M10,Praise Medley,Gospel,7
945,2025-03-28,M03,Cardio Beats,Fitness/EDM,4
945,2025-03-28,M09,Sunday Worship 2,Gospel,5
946,2025-01-06,M06,Rain Sounds,Ambient/Sleep,10
946,2025-01-06,M07,Deep Sleep,Ambient/Sleep,12
946,2025-01-06,M14,Street Beats,Hip-Hop,3
947,2025-03-18,M01,Workout Anthem,Fitness/EDM,3
947,2025-03-18,M15,Amapiano Vibes,Amapiano/Afrobeat,5
948,2025-05-18,M02,Pump It Up,Fitness/EDM,3
948,2025-05-18,M09,Sunday Worship 2,Gospel,5
948,2025-05-18,M01,Workout Anthem,Fitness/EDM,3
949,2025-01-08,M13,Hip Hop Anthem,Hip-Hop,3
949,2025-01-08,M14,Street Beats,Hip-Hop,3
950,2025-01-07,M01,Workout Anthem,Fitness/EDM,3
950,2025-01-07,M02,Pump It Up,Fitness/EDM,3
951,2025-04-25,M11,Heartbreak Ballad,R&B,4
951,2025-04-25,M12,Love Story,R&B,4
952,2025-06-20,M11,Heartbreak Ballad,R&B,4
952,2025-06-20,M12,Love Story,R&B,4
953,2025-06-30,M15,Amapiano Vibes,Amapiano/Afrobeat,5
953,2025-06-30,M16,Gengetone Hit,Amapiano/Afrobeat,4
954,2025-06-09,M13,Hip Hop Anthem,Hip-Hop,3
954,2025-06-09,M14,Street Beats,Hip-Hop,3
955,2025-02-05,M15,Amapiano Vibes,Amapiano/Afrobeat,5
955,2025-02-05,M05,Study Focus 2,Instrumental,5
956,2025-04-22,M06,Rain Sounds,Ambient/Sleep,10
957,2025-05-05,M05,Study Focus 2,Instrumental,5
957,2025-05-05,M09,Sunday Worship 2,Gospel,5
957,2025-05-05,M03,Cardio Beats,Fitness/EDM,4
958,2025-05-24,M01,Workout Anthem,Fitness/EDM,3
958,2025-05-24,M02,Pump It Up,Fitness/EDM,3
959,2025-06-05,M08,Sunday Worship 1,Gospel,5
959,2025-06-05,M09,Sunday Worship 2,Gospel,5
960,2025-01-04,M10,Praise Medley,Gospel,7
961,2025-03-29,M15,Amapiano Vibes,Amapiano/Afrobeat,5
961,2025-03-29,M16,Gengetone Hit,Amapiano/Afrobeat,4
962,2025-05-30,M13,Hip Hop Anthem,Hip-Hop,3
962,2025-05-30,M09,Sunday Worship 2,Gospel,5
962,2025-05-30,M11,Heartbreak Ballad,R&B,4
963,2025-04-03,M05,Study Focus 2,Instrumental,5
963,2025-04-03,M16,Gengetone Hit,Amapiano/Afrobeat,4
964,2025-03-24,M04,Study Focus 1,Instrumental,6
964,2025-03-24,M05,Study Focus 2,Instrumental,5
965,2025-05-21,M12,Love Story,R&B,4
965,2025-05-21,M16,Gengetone Hit,Amapiano/Afrobeat,4
966,2025-06-10,M03,Cardio Beats,Fitness/EDM,4
966,2025-06-10,M10,Praise Medley,Gospel,7
967,2025-04-19,M11,Heartbreak Ballad,R&B,4
967,2025-04-19,M12,Love Story,R&B,4
968,2025-03-17,M04,Study Focus 1,Instrumental,6
968,2025-03-17,M05,Study Focus 2,Instrumental,5
969,2025-06-17,M11,Heartbreak Ballad,R&B,4
969,2025-06-17,M12,Love Story,R&B,4
970,2025-02-10,M11,Heartbreak Ballad,R&B,4
970,2025-02-10,M12,Love Story,R&B,4
971,2025-03-05,M04,Study Focus 1,Instrumental,6
971,2025-03-05,M05,Study Focus 2,Instrumental,5
972,2025-04-22,M14,Street Beats,Hip-Hop,3
972,2025-04-22,M03,Cardio Beats,Fitness/EDM,4
973,2025-06-24,M11,Heartbreak Ballad,R&B,4
973,2025-06-24,M03,Cardio Beats,Fitness/EDM,4
973,2025-06-24,M04,Study Focus 1,Instrumental,6
973,2025-06-24,M02,Pump It Up,Fitness/EDM,3
974,2025-02-23,M13,Hip Hop Anthem,Hip-Hop,3
974,2025-02-23,M14,Street Beats,Hip-Hop,3
974,2025-02-23,M15,Amapiano Vibes,Amapiano/Afrobeat,5
975,2025-05-24,M12,Love Story,R&B,4
975,2025-05-24,M08,Sunday Worship 1,Gospel,5
976,2025-03-07,M02,Pump It Up,Fitness/EDM,3
977,2025-03-13,M13,Hip Hop Anthem,Hip-Hop,3
977,2025-03-13,M14,Street Beats,Hip-Hop,3
977,2025-03-13,M15,Amapiano Vibes,Amapiano/Afrobeat,5
978,2025-06-04,M01,Workout Anthem,Fitness/EDM,3
978,2025-06-04,M02,Pump It Up,Fitness/EDM,3
979,2025-06-09,M06,Rain Sounds,Ambient/Sleep,10
979,2025-06-09,M07,Deep Sleep,Ambient/Sleep,12
980,2025-02-03,M01,Workout Anthem,Fitness/EDM,3
980,2025-02-03,M07,Deep Sleep,Ambient/Sleep,12
980,2025-02-03,M02,Pump It Up,Fitness/EDM,3
981,2025-06-15,M16,Gengetone Hit,Amapiano/Afrobeat,4
981,2025-06-15,M05,Study Focus 2,Instrumental,5
981,2025-06-15,M13,Hip Hop Anthem,Hip-Hop,3
982,2025-01-20,M02,Pump It Up,Fitness/EDM,3
982,2025-01-20,M04,Study Focus 1,Instrumental,6
982,2025-01-20,M16,Gengetone Hit,Amapiano/Afrobeat,4
982,2025-01-20,M10,Praise Medley,Gospel,7
983,2025-01-02,M01,Workout Anthem,Fitness/EDM,3
983,2025-01-02,M10,Praise Medley,Gospel,7
983,2025-01-02,M16,Gengetone Hit,Amapiano/Afrobeat,4
984,2025-01-29,M08,Sunday Worship 1,Gospel,5
984,2025-01-29,M06,Rain Sounds,Ambient/Sleep,10
985,2025-01-14,M06,Rain Sounds,Ambient/Sleep,10
985,2025-01-14,M07,Deep Sleep,Ambient/Sleep,12
986,2025-03-17,M03,Cardio Beats,Fitness/EDM,4
986,2025-03-17,M08,Sunday Worship 1,Gospel,5
987,2025-05-20,M13,Hip Hop Anthem,Hip-Hop,3
987,2025-05-20,M14,Street Beats,Hip-Hop,3
987,2025-05-20,M15,Amapiano Vibes,Amapiano/Afrobeat,5
988,2025-03-13,M06,Rain Sounds,Ambient/Sleep,10
988,2025-03-13,M07,Deep Sleep,Ambient/Sleep,12
989,2025-06-14,M06,Rain Sounds,Ambient/Sleep,10
989,2025-06-14,M07,Deep Sleep,Ambient/Sleep,12
990,2025-02-27,M06,Rain Sounds,Ambient/Sleep,10
990,2025-02-27,M07,Deep Sleep,Ambient/Sleep,12
991,2025-02-13,M13,Hip Hop Anthem,Hip-Hop,3
991,2025-02-13,M14,Street Beats,Hip-Hop,3
992,2025-04-22,M14,Street Beats,Hip-Hop,3
992,2025-04-22,M08,Sunday Worship 1,Gospel,5
992,2025-04-22,M11,Heartbreak Ballad,R&B,4
992,2025-04-22,M01,Workout Anthem,Fitness/EDM,3
993,2025-02-19,M13,Hip Hop Anthem,Hip-Hop,3
993,2025-02-19,M14,Street Beats,Hip-Hop,3
994,2025-02-12,M01,Workout Anthem,Fitness/EDM,3
994,2025-02-12,M02,Pump It Up,Fitness/EDM,3
994,2025-02-12,M03,Cardio Beats,Fitness/EDM,4
995,2025-03-14,M08,Sunday Worship 1,Gospel,5
996,2025-03-16,M14,Street Beats,Hip-Hop,3
997,2025-06-21,M12,Love Story,R&B,4
997,2025-06-21,M05,Study Focus 2,Instrumental,5
997,2025-06-21,M06,Rain Sounds,Ambient/Sleep,10
998,2025-03-05,M08,Sunday Worship 1,Gospel,5
998,2025-03-05,M09,Sunday Worship 2,Gospel,5
999,2025-06-17,M08,Sunday Worship 1,Gospel,5
999,2025-06-17,M09,Sunday Worship 2,Gospel,5
999,2025-06-17,M10,Praise Medley,Gospel,7
999,2025-06-17,M15,Amapiano Vibes,Amapiano/Afrobeat,5
1000,2025-06-16,M07,Deep Sleep,Ambient/Sleep,12
1000,2025-06-16,M01,Workout Anthem,Fitness/EDM,3
1001,2025-01-12,M04,Study Focus 1,Instrumental,6
1001,2025-01-12,M05,Study Focus 2,Instrumental,5
1002,2025-05-25,M04,Study Focus 1,Instrumental,6
1002,2025-05-25,M05,Study Focus 2,Instrumental,5
1002,2025-05-25,M06,Rain Sounds,Ambient/Sleep,10
1003,2025-01-26,M01,Workout Anthem,Fitness/EDM,3
1003,2025-01-26,M02,Pump It Up,Fitness/EDM,3
1003,2025-01-26,M03,Cardio Beats,Fitness/EDM,4
1004,2025-01-12,M13,Hip Hop Anthem,Hip-Hop,3
1004,2025-01-12,M14,Street Beats,Hip-Hop,3
1005,2025-05-04,M06,Rain Sounds,Ambient/Sleep,10
1005,2025-05-04,M07,Deep Sleep,Ambient/Sleep,12
1005,2025-05-04,M12,Love Story,R&B,4
1006,2025-05-13,M13,Hip Hop Anthem,Hip-Hop,3
1006,2025-05-13,M14,Street Beats,Hip-Hop,3
1007,2025-01-01,M04,Study Focus 1,Instrumental,6
1007,2025-01-01,M07,Deep Sleep,Ambient/Sleep,12
1007,2025-01-01,M11,Heartbreak Ballad,R&B,4
1007,2025-01-01,M08,Sunday Worship 1,Gospel,5
1008,2025-03-02,M11,Heartbreak Ballad,R&B,4
1008,2025-03-02,M12,Love Story,R&B,4
1009,2025-03-11,M11,Heartbreak Ballad,R&B,4
1009,2025-03-11,M12,Love Story,R&B,4
1010,2025-01-08,M08,Sunday Worship 1,Gospel,5
1011,2025-04-26,M13,Hip Hop Anthem,Hip-Hop,3
1011,2025-04-26,M14,Street Beats,Hip-Hop,3
1012,2025-04-10,M06,Rain Sounds,Ambient/Sleep,10
1012,2025-04-10,M02,Pump It Up,Fitness/EDM,3
1013,2025-04-07,M04,Study Focus 1,Instrumental,6
1013,2025-04-07,M05,Study Focus 2,Instrumental,5
1014,2025-02-28,M11,Heartbreak Ballad,R&B,4
1014,2025-02-28,M08,Sunday Worship 1,Gospel,5
1014,2025-02-28,M05,Study Focus 2,Instrumental,5
1015,2025-01-26,M01,Workout Anthem,Fitness/EDM,3
1015,2025-01-26,M08,Sunday Worship 1,Gospel,5
1016,2025-06-29,M05,Study Focus 2,Instrumental,5
1017,2025-05-12,M04,Study Focus 1,Instrumental,6
1017,2025-05-12,M10,Praise Medley,Gospel,7
1017,2025-05-12,M06,Rain Sounds,Ambient/Sleep,10
1017,2025-05-12,M01,Workout Anthem,Fitness/EDM,3
1018,2025-01-16,M11,Heartbreak Ballad,R&B,4
1018,2025-01-16,M12,Love Story,R&B,4
1019,2025-04-17,M16,Gengetone Hit,Amapiano/Afrobeat,4
1019,2025-04-17,M14,Street Beats,Hip-Hop,3
1019,2025-04-17,M06,Rain Sounds,Ambient/Sleep,10
1019,2025-04-17,M07,Deep Sleep,Ambient/Sleep,12
1020,2025-05-20,M11,Heartbreak Ballad,R&B,4
1020,2025-05-20,M12,Love Story,R&B,4
1020,2025-05-20,M14,Street Beats,Hip-Hop,3
1021,2025-02-19,M04,Study Focus 1,Instrumental,6
1022,2025-03-30,M06,Rain Sounds,Ambient/Sleep,10
1022,2025-03-30,M01,Workout Anthem,Fitness/EDM,3
1022,2025-03-30,M11,Heartbreak Ballad,R&B,4
1023,2025-04-16,M04,Study Focus 1,Instrumental,6
1023,2025-04-16,M05,Study Focus 2,Instrumental,5
1024,2025-03-01,M05,Study Focus 2,Instrumental,5
1024,2025-03-01,M08,Sunday Worship 1,Gospel,5
1024,2025-03-01,M01,Workout Anthem,Fitness/EDM,3
1024,2025-03-01,M02,Pump It Up,Fitness/EDM,3
1025,2025-05-23,M13,Hip Hop Anthem,Hip-Hop,3
1025,2025-05-23,M14,Street Beats,Hip-Hop,3
1025,2025-05-23,M10,Praise Medley,Gospel,7
1026,2025-03-18,M01,Workout Anthem,Fitness/EDM,3
1026,2025-03-18,M02,Pump It Up,Fitness/EDM,3
1027,2025-06-04,M12,Love Story,R&B,4
1027,2025-06-04,M11,Heartbreak Ballad,R&B,4
1027,2025-06-04,M13,Hip Hop Anthem,Hip-Hop,3
1028,2025-06-04,M09,Sunday Worship 2,Gospel,5
1029,2025-01-19,M08,Sunday Worship 1,Gospel,5
1029,2025-01-19,M09,Sunday Worship 2,Gospel,5
1029,2025-01-19,M07,Deep Sleep,Ambient/Sleep,12
1030,2025-04-17,M06,Rain Sounds,Ambient/Sleep,10
1030,2025-04-17,M07,Deep Sleep,Ambient/Sleep,12
1031,2025-05-30,M04,Study Focus 1,Instrumental,6
1031,2025-05-30,M05,Study Focus 2,Instrumental,5
1032,2025-04-03,M04,Study Focus 1,Instrumental,6
1032,2025-04-03,M05,Study Focus 2,Instrumental,5
1033,2025-03-08,M03,Cardio Beats,Fitness/EDM,4
1033,2025-03-08,M08,Sunday Worship 1,Gospel,5
1033,2025-03-08,M16,Gengetone Hit,Amapiano/Afrobeat,4
1034,2025-05-20,M06,Rain Sounds,Ambient/Sleep,10
1034,2025-05-20,M07,Deep Sleep,Ambient/Sleep,12
1035,2025-05-04,M01,Workout Anthem,Fitness/EDM,3
1035,2025-05-04,M13,Hip Hop Anthem,Hip-Hop,3
1035,2025-05-04,M15,Amapiano Vibes,Amapiano/Afrobeat,5
1036,2025-01-03,M04,Study Focus 1,Instrumental,6
1036,2025-01-03,M08,Sunday Worship 1,Gospel,5
1036,2025-01-03,M16,Gengetone Hit,Amapiano/Afrobeat,4
1036,2025-01-03,M13,Hip Hop Anthem,Hip-Hop,3
1037,2025-02-18,M01,Workout Anthem,Fitness/EDM,3
1037,2025-02-18,M02,Pump It Up,Fitness/EDM,3
1037,2025-02-18,M03,Cardio Beats,Fitness/EDM,4
1038,2025-02-08,M14,Street Beats,Hip-Hop,3
1038,2025-02-08,M15,Amapiano Vibes,Amapiano/Afrobeat,5
1039,2025-05-19,M01,Workout Anthem,Fitness/EDM,3
1039,2025-05-19,M02,Pump It Up,Fitness/EDM,3
1040,2025-02-04,M15,Amapiano Vibes,Amapiano/Afrobeat,5
1040,2025-02-04,M16,Gengetone Hit,Amapiano/Afrobeat,4
1041,2025-06-11,M13,Hip Hop Anthem,Hip-Hop,3
1041,2025-06-11,M14,Street Beats,Hip-Hop,3
1042,2025-04-24,M13,Hip Hop Anthem,Hip-Hop,3
1042,2025-04-24,M14,Street Beats,Hip-Hop,3
1043,2025-04-14,M08,Sunday Worship 1,Gospel,5
1043,2025-04-14,M09,Sunday Worship 2,Gospel,5
1043,2025-04-14,M10,Praise Medley,Gospel,7
1043,2025-04-14,M02,Pump It Up,Fitness/EDM,3
1044,2025-06-22,M06,Rain Sounds,Ambient/Sleep,10
1044,2025-06-22,M07,Deep Sleep,Ambient/Sleep,12
1045,2025-03-25,M13,Hip Hop Anthem,Hip-Hop,3
1045,2025-03-25,M14,Street Beats,Hip-Hop,3
1046,2025-03-08,M13,Hip Hop Anthem,Hip-Hop,3
1046,2025-03-08,M14,Street Beats,Hip-Hop,3
1047,2025-04-16,M06,Rain Sounds,Ambient/Sleep,10
1047,2025-04-16,M07,Deep Sleep,Ambient/Sleep,12
1048,2025-02-11,M15,Amapiano Vibes,Amapiano/Afrobeat,5
1048,2025-02-11,M16,Gengetone Hit,Amapiano/Afrobeat,4
1049,2025-06-10,M08,Sunday Worship 1,Gospel,5
1049,2025-06-10,M09,Sunday Worship 2,Gospel,5
1049,2025-06-10,M10,Praise Medley,Gospel,7
1050,2025-05-23,M11,Heartbreak Ballad,R&B,4
1050,2025-05-23,M12,Love Story,R&B,4
1051,2025-03-17,M01,Workout Anthem,Fitness/EDM,3
1051,2025-03-17,M07,Deep Sleep,Ambient/Sleep,12
1052,2025-03-04,M08,Sunday Worship 1,Gospel,5
1052,2025-03-04,M09,Sunday Worship 2,Gospel,5
1052,2025-03-04,M10,Praise Medley,Gospel,7
1053,2025-03-24,M08,Sunday Worship 1,Gospel,5
1053,2025-03-24,M09,Sunday Worship 2,Gospel,5
1053,2025-03-24,M10,Praise Medley,Gospel,7
1054,2025-03-01,M11,Heartbreak Ballad,R&B,4
1054,2025-03-01,M12,Love Story,R&B,4
1055,2025-05-18,M01,Workout Anthem,Fitness/EDM,3
1055,2025-05-18,M02,Pump It Up,Fitness/EDM,3
1055,2025-05-18,M03,Cardio Beats,Fitness/EDM,4
1056,2025-03-23,M02,Pump It Up,Fitness/EDM,3
1056,2025-03-23,M11,Heartbreak Ballad,R&B,4
1056,2025-03-23,M01,Workout Anthem,Fitness/EDM,3
1057,2025-05-22,M11,Heartbreak Ballad,R&B,4
1057,2025-05-22,M12,Love Story,R&B,4
1058,2025-05-12,M01,Workout Anthem,Fitness/EDM,3
1058,2025-05-12,M02,Pump It Up,Fitness/EDM,3
1058,2025-05-12,M03,Cardio Beats,Fitness/EDM,4
1059,2025-01-16,M15,Amapiano Vibes,Amapiano/Afrobeat,5
1059,2025-01-16,M16,Gengetone Hit,Amapiano/Afrobeat,4
1060,2025-06-25,M15,Amapiano Vibes,Amapiano/Afrobeat,5
1060,2025-06-25,M16,Gengetone Hit,Amapiano/Afrobeat,4
1061,2025-02-09,M06,Rain Sounds,Ambient/Sleep,10
1061,2025-02-09,M16,Gengetone Hit,Amapiano/Afrobeat,4
1061,2025-02-09,M10,Praise Medley,Gospel,7
1061,2025-02-09,M05,Study Focus 2,Instrumental,5
1062,2025-01-12,M03,Cardio Beats,Fitness/EDM,4
1062,2025-01-12,M15,Amapiano Vibes,Amapiano/Afrobeat,5
1062,2025-01-12,M13,Hip Hop Anthem,Hip-Hop,3
1063,2025-04-18,M15,Amapiano Vibes,Amapiano/Afrobeat,5
1063,2025-04-18,M16,Gengetone Hit,Amapiano/Afrobeat,4
1064,2025-02-16,M01,Workout Anthem,Fitness/EDM,3
1064,2025-02-16,M02,Pump It Up,Fitness/EDM,3
1064,2025-02-16,M03,Cardio Beats,Fitness/EDM,4
1064,2025-02-16,M04,Study Focus 1,Instrumental,6
1065,2025-02-11,M13,Hip Hop Anthem,Hip-Hop,3
1065,2025-02-11,M14,Street Beats,Hip-Hop,3
1066,2025-04-24,M01,Workout Anthem,Fitness/EDM,3
1066,2025-04-24,M16,Gengetone Hit,Amapiano/Afrobeat,4
1067,2025-04-02,M10,Praise Medley,Gospel,7
1067,2025-04-02,M01,Workout Anthem,Fitness/EDM,3
1067,2025-04-02,M13,Hip Hop Anthem,Hip-Hop,3
1068,2025-03-10,M01,Workout Anthem,Fitness/EDM,3
1068,2025-03-10,M14,Street Beats,Hip-Hop,3
1069,2025-05-11,M11,Heartbreak Ballad,R&B,4
1069,2025-05-11,M12,Love Story,R&B,4
1070,2025-05-13,M15,Amapiano Vibes,Amapiano/Afrobeat,5
1070,2025-05-13,M16,Gengetone Hit,Amapiano/Afrobeat,4
1071,2025-05-20,M06,Rain Sounds,Ambient/Sleep,10
1071,2025-05-20,M07,Deep Sleep,Ambient/Sleep,12
1072,2025-01-28,M04,Study Focus 1,Instrumental,6
1072,2025-01-28,M05,Study Focus 2,Instrumental,5
1073,2025-04-02,M15,Amapiano Vibes,Amapiano/Afrobeat,5
1074,2025-01-28,M01,Workout Anthem,Fitness/EDM,3
1075,2025-06-10,M02,Pump It Up,Fitness/EDM,3
1075,2025-06-10,M01,Workout Anthem,Fitness/EDM,3
1075,2025-06-10,M06,Rain Sounds,Ambient/Sleep,10
1076,2025-04-17,M06,Rain Sounds,Ambient/Sleep,10
1076,2025-04-17,M07,Deep Sleep,Ambient/Sleep,12
1076,2025-04-17,M11,Heartbreak Ballad,R&B,4
1077,2025-04-27,M15,Amapiano Vibes,Amapiano/Afrobeat,5
1077,2025-04-27,M16,Gengetone Hit,Amapiano/Afrobeat,4
1078,2025-06-18,M08,Sunday Worship 1,Gospel,5
1078,2025-06-18,M09,Sunday Worship 2,Gospel,5
1078,2025-06-18,M10,Praise Medley,Gospel,7
1079,2025-04-06,M03,Cardio Beats,Fitness/EDM,4
1080,2025-03-29,M12,Love Story,R&B,4
1080,2025-03-29,M03,Cardio Beats,Fitness/EDM,4
1081,2025-02-12,M15,Amapiano Vibes,Amapiano/Afrobeat,5
1081,2025-02-12,M16,Gengetone Hit,Amapiano/Afrobeat,4
1082,2025-01-24,M06,Rain Sounds,Ambient/Sleep,10
1082,2025-01-24,M07,Deep Sleep,Ambient/Sleep,12
1083,2025-02-18,M11,Heartbreak Ballad,R&B,4
1083,2025-02-18,M12,Love Story,R&B,4
1084,2025-04-14,M08,Sunday Worship 1,Gospel,5
1084,2025-04-14,M06,Rain Sounds,Ambient/Sleep,10
1084,2025-04-14,M16,Gengetone Hit,Amapiano/Afrobeat,4
1085,2025-01-11,M08,Sunday Worship 1,Gospel,5
1085,2025-01-11,M09,Sunday Worship 2,Gospel,5
1085,2025-01-11,M10,Praise Medley,Gospel,7
1086,2025-02-14,M15,Amapiano Vibes,Amapiano/Afrobeat,5
1086,2025-02-14,M16,Gengetone Hit,Amapiano/Afrobeat,4
1087,2025-01-30,M11,Heartbreak Ballad,R&B,4
1087,2025-01-30,M12,Love Story,R&B,4
1088,2025-02-26,M13,Hip Hop Anthem,Hip-Hop,3
1088,2025-02-26,M14,Street Beats,Hip-Hop,3
1089,2025-05-11,M13,Hip Hop Anthem,Hip-Hop,3
1089,2025-05-11,M07,Deep Sleep,Ambient/Sleep,12
1089,2025-05-11,M06,Rain Sounds,Ambient/Sleep,10
1090,2025-02-20,M05,Study Focus 2,Instrumental,5
1090,2025-02-20,M16,Gengetone Hit,Amapiano/Afrobeat,4
1090,2025-02-20,M08,Sunday Worship 1,Gospel,5
1090,2025-02-20,M12,Love Story,R&B,4
1091,2025-06-10,M15,Amapiano Vibes,Amapiano/Afrobeat,5
1091,2025-06-10,M16,Gengetone Hit,Amapiano/Afrobeat,4
1092,2025-03-07,M07,Deep Sleep,Ambient/Sleep,12
1092,2025-03-07,M14,Street Beats,Hip-Hop,3
1092,2025-03-07,M11,Heartbreak Ballad,R&B,4
1092,2025-03-07,M13,Hip Hop Anthem,Hip-Hop,3
1093,2025-02-17,M15,Amapiano Vibes,Amapiano/Afrobeat,5
1093,2025-02-17,M16,Gengetone Hit,Amapiano/Afrobeat,4
1094,2025-04-25,M04,Study Focus 1,Instrumental,6
1094,2025-04-25,M05,Study Focus 2,Instrumental,5
1095,2025-06-01,M11,Heartbreak Ballad,R&B,4
1095,2025-06-01,M12,Love Story,R&B,4
1096,2025-01-04,M11,Heartbreak Ballad,R&B,4
1096,2025-01-04,M12,Love Story,R&B,4
1097,2025-02-03,M02,Pump It Up,Fitness/EDM,3
1098,2025-06-25,M06,Rain Sounds,Ambient/Sleep,10
1098,2025-06-25,M07,Deep Sleep,Ambient/Sleep,12
1099,2025-03-20,M01,Workout Anthem,Fitness/EDM,3
1099,2025-03-20,M16,Gengetone Hit,Amapiano/Afrobeat,4
1100,2025-04-25,M06,Rain Sounds,Ambient/Sleep,10
1100,2025-04-25,M07,Deep Sleep,Ambient/Sleep,12
1101,2025-05-21,M08,Sunday Worship 1,Gospel,5
1101,2025-05-21,M09,Sunday Worship 2,Gospel,5
1101,2025-05-21,M10,Praise Medley,Gospel,7
1102,2025-01-03,M01,Workout Anthem,Fitness/EDM,3
1102,2025-01-03,M02,Pump It Up,Fitness/EDM,3
1103,2025-02-28,M04,Study Focus 1,Instrumental,6
1103,2025-02-28,M05,Study Focus 2,Instrumental,5
1104,2025-05-11,M14,Street Beats,Hip-Hop,3
1105,2025-03-10,M06,Rain Sounds,Ambient/Sleep,10
1105,2025-03-10,M07,Deep Sleep,Ambient/Sleep,12
1106,2025-04-07,M06,Rain Sounds,Ambient/Sleep,10
1106,2025-04-07,M07,Deep Sleep,Ambient/Sleep,12
1106,2025-04-07,M11,Heartbreak Ballad,R&B,4
1106,2025-04-07,M10,Praise Medley,Gospel,7
1107,2025-02-28,M03,Cardio Beats,Fitness/EDM,4
1107,2025-02-28,M05,Study Focus 2,Instrumental,5
1107,2025-02-28,M12,Love Story,R&B,4
1107,2025-02-28,M10,Praise Medley,Gospel,7
1108,2025-06-06,M16,Gengetone Hit,Amapiano/Afrobeat,4
1108,2025-06-06,M12,Love Story,R&B,4
1108,2025-06-06,M03,Cardio Beats,Fitness/EDM,4
1109,2025-01-13,M08,Sunday Worship 1,Gospel,5
1109,2025-01-13,M09,Sunday Worship 2,Gospel,5
1110,2025-06-05,M01,Workout Anthem,Fitness/EDM,3
1110,2025-06-05,M02,Pump It Up,Fitness/EDM,3
1110,2025-06-05,M03,Cardio Beats,Fitness/EDM,4
1111,2025-05-23,M08,Sunday Worship 1,Gospel,5
1111,2025-05-23,M09,Sunday Worship 2,Gospel,5
1112,2025-02-01,M13,Hip Hop Anthem,Hip-Hop,3
1112,2025-02-01,M14,Street Beats,Hip-Hop,3
1112,2025-02-01,M15,Amapiano Vibes,Amapiano/Afrobeat,5
1113,2025-03-21,M11,Heartbreak Ballad,R&B,4
1113,2025-03-21,M06,Rain Sounds,Ambient/Sleep,10
1114,2025-04-24,M13,Hip Hop Anthem,Hip-Hop,3
1114,2025-04-24,M14,Street Beats,Hip-Hop,3
1115,2025-01-29,M01,Workout Anthem,Fitness/EDM,3
1115,2025-01-29,M02,Pump It Up,Fitness/EDM,3
1116,2025-01-24,M01,Workout Anthem,Fitness/EDM,3
1116,2025-01-24,M02,Pump It Up,Fitness/EDM,3
1117,2025-03-15,M13,Hip Hop Anthem,Hip-Hop,3
1117,2025-03-15,M14,Street Beats,Hip-Hop,3
1117,2025-03-15,M15,Amapiano Vibes,Amapiano/Afrobeat,5
1118,2025-03-13,M15,Amapiano Vibes,Amapiano/Afrobeat,5
1118,2025-03-13,M16,Gengetone Hit,Amapiano/Afrobeat,4
1119,2025-02-17,M06,Rain Sounds,Ambient/Sleep,10
1119,2025-02-17,M07,Deep Sleep,Ambient/Sleep,12
1119,2025-02-17,M11,Heartbreak Ballad,R&B,4
1120,2025-06-23,M08,Sunday Worship 1,Gospel,5
1120,2025-06-23,M09,Sunday Worship 2,Gospel,5
1120,2025-06-23,M10,Praise Medley,Gospel,7
1121,2025-05-11,M15,Amapiano Vibes,Amapiano/Afrobeat,5
1121,2025-05-11,M16,Gengetone Hit,Amapiano/Afrobeat,4
1122,2025-01-09,M10,Praise Medley,Gospel,7
1122,2025-01-09,M06,Rain Sounds,Ambient/Sleep,10
1123,2025-02-10,M01,Workout Anthem,Fitness/EDM,3
1123,2025-02-10,M02,Pump It Up,Fitness/EDM,3
1124,2025-03-13,M13,Hip Hop Anthem,Hip-Hop,3
1124,2025-03-13,M14,Street Beats,Hip-Hop,3
1124,2025-03-13,M11,Heartbreak Ballad,R&B,4
1125,2025-06-07,M14,Street Beats,Hip-Hop,3
1125,2025-06-07,M10,Praise Medley,Gospel,7
1125,2025-06-07,M02,Pump It Up,Fitness/EDM,3
1126,2025-02-06,M16,Gengetone Hit,Amapiano/Afrobeat,4
1126,2025-02-06,M06,Rain Sounds,Ambient/Sleep,10
1127,2025-03-31,M04,Study Focus 1,Instrumental,6
1127,2025-03-31,M05,Study Focus 2,Instrumental,5
1128,2025-03-15,M01,Workout Anthem,Fitness/EDM,3
1128,2025-03-15,M02,Pump It Up,Fitness/EDM,3
1129,2025-06-03,M06,Rain Sounds,Ambient/Sleep,10
1129,2025-06-03,M07,Deep Sleep,Ambient/Sleep,12
1130,2025-05-03,M08,Sunday Worship 1,Gospel,5
1130,2025-05-03,M09,Sunday Worship 2,Gospel,5
1131,2025-06-09,M11,Heartbreak Ballad,R&B,4
1131,2025-06-09,M12,Love Story,R&B,4
1132,2025-06-16,M12,Love Story,R&B,4
1133,2025-02-05,M02,Pump It Up,Fitness/EDM,3
1133,2025-02-05,M07,Deep Sleep,Ambient/Sleep,12
1134,2025-05-31,M11,Heartbreak Ballad,R&B,4
1134,2025-05-31,M12,Love Story,R&B,4
1135,2025-05-15,M08,Sunday Worship 1,Gospel,5
1135,2025-05-15,M09,Sunday Worship 2,Gospel,5
1135,2025-05-15,M10,Praise Medley,Gospel,7
1135,2025-05-15,M16,Gengetone Hit,Amapiano/Afrobeat,4
1136,2025-04-11,M15,Amapiano Vibes,Amapiano/Afrobeat,5
1136,2025-04-11,M16,Gengetone Hit,Amapiano/Afrobeat,4
1137,2025-06-01,M06,Rain Sounds,Ambient/Sleep,10
1137,2025-06-01,M07,Deep Sleep,Ambient/Sleep,12
1138,2025-02-22,M01,Workout Anthem,Fitness/EDM,3
1138,2025-02-22,M02,Pump It Up,Fitness/EDM,3
1139,2025-06-03,M08,Sunday Worship 1,Gospel,5
1140,2025-01-31,M12,Love Story,R&B,4
1140,2025-01-31,M03,Cardio Beats,Fitness/EDM,4
1140,2025-01-31,M02,Pump It Up,Fitness/EDM,3
1141,2025-04-14,M12,Love Story,R&B,4
1142,2025-05-07,M04,Study Focus 1,Instrumental,6
1142,2025-05-07,M05,Study Focus 2,Instrumental,5
1142,2025-05-07,M06,Rain Sounds,Ambient/Sleep,10
1143,2025-06-19,M11,Heartbreak Ballad,R&B,4
1143,2025-06-19,M12,Love Story,R&B,4
1144,2025-02-25,M01,Workout Anthem,Fitness/EDM,3
1144,2025-02-25,M02,Pump It Up,Fitness/EDM,3
1145,2025-01-29,M15,Amapiano Vibes,Amapiano/Afrobeat,5
1145,2025-01-29,M16,Gengetone Hit,Amapiano/Afrobeat,4
1146,2025-04-25,M09,Sunday Worship 2,Gospel,5
1146,2025-04-25,M15,Amapiano Vibes,Amapiano/Afrobeat,5
1146,2025-04-25,M01,Workout Anthem,Fitness/EDM,3
1147,2025-06-19,M02,Pump It Up,Fitness/EDM,3
1147,2025-06-19,M07,Deep Sleep,Ambient/Sleep,12
1147,2025-06-19,M08,Sunday Worship 1,Gospel,5
1148,2025-03-14,M11,Heartbreak Ballad,R&B,4
1149,2025-03-01,M08,Sunday Worship 1,Gospel,5
1149,2025-03-01,M09,Sunday Worship 2,Gospel,5
1149,2025-03-01,M10,Praise Medley,Gospel,7
1150,2025-01-19,M14,Street Beats,Hip-Hop,3
1151,2025-06-21,M08,Sunday Worship 1,Gospel,5
1151,2025-06-21,M09,Sunday Worship 2,Gospel,5
1152,2025-01-15,M08,Sunday Worship 1,Gospel,5
1152,2025-01-15,M05,Study Focus 2,Instrumental,5
1153,2025-01-23,M12,Love Story,R&B,4
1153,2025-01-23,M08,Sunday Worship 1,Gospel,5
1153,2025-01-23,M16,Gengetone Hit,Amapiano/Afrobeat,4
1154,2025-05-25,M06,Rain Sounds,Ambient/Sleep,10
1154,2025-05-25,M07,Deep Sleep,Ambient/Sleep,12
1155,2025-06-20,M01,Workout Anthem,Fitness/EDM,3
1155,2025-06-20,M02,Pump It Up,Fitness/EDM,3
1156,2025-05-05,M08,Sunday Worship 1,Gospel,5
1156,2025-05-05,M09,Sunday Worship 2,Gospel,5
1156,2025-05-05,M10,Praise Medley,Gospel,7
1157,2025-01-16,M06,Rain Sounds,Ambient/Sleep,10
1157,2025-01-16,M07,Deep Sleep,Ambient/Sleep,12
1158,2025-06-22,M06,Rain Sounds,Ambient/Sleep,10
1158,2025-06-22,M07,Deep Sleep,Ambient/Sleep,12
1159,2025-03-11,M11,Heartbreak Ballad,R&B,4
1159,2025-03-11,M12,Love Story,R&B,4
1160,2025-04-17,M05,Study Focus 2,Instrumental,5
1160,2025-04-17,M14,Street Beats,Hip-Hop,3
1161,2025-04-04,M13,Hip Hop Anthem,Hip-Hop,3
1161,2025-04-04,M14,Street Beats,Hip-Hop,3
1162,2025-02-07,M04,Study Focus 1,Instrumental,6
1162,2025-02-07,M05,Study Focus 2,Instrumental,5
1163,2025-05-21,M06,Rain Sounds,Ambient/Sleep,10
1163,2025-05-21,M07,Deep Sleep,Ambient/Sleep,12
1164,2025-05-11,M04,Study Focus 1,Instrumental,6
1164,2025-05-11,M05,Study Focus 2,Instrumental,5
1165,2025-04-09,M10,Praise Medley,Gospel,7
1166,2025-03-31,M06,Rain Sounds,Ambient/Sleep,10
1166,2025-03-31,M07,Deep Sleep,Ambient/Sleep,12
1167,2025-04-25,M06,Rain Sounds,Ambient/Sleep,10
1167,2025-04-25,M07,Deep Sleep,Ambient/Sleep,12
1167,2025-04-25,M09,Sunday Worship 2,Gospel,5
1168,2025-06-25,M11,Heartbreak Ballad,R&B,4
1168,2025-06-25,M12,Love Story,R&B,4
1168,2025-06-25,M06,Rain Sounds,Ambient/Sleep,10
1169,2025-05-04,M07,Deep Sleep,Ambient/Sleep,12
1170,2025-03-12,M06,Rain Sounds,Ambient/Sleep,10
1170,2025-03-12,M07,Deep Sleep,Ambient/Sleep,12
1171,2025-06-13,M05,Study Focus 2,Instrumental,5
1172,2025-04-30,M13,Hip Hop Anthem,Hip-Hop,3
1172,2025-04-30,M14,Street Beats,Hip-Hop,3
1173,2025-06-12,M04,Study Focus 1,Instrumental,6
1173,2025-06-12,M05,Study Focus 2,Instrumental,5
1174,2025-04-06,M08,Sunday Worship 1,Gospel,5
1174,2025-04-06,M09,Sunday Worship 2,Gospel,5
1174,2025-04-06,M10,Praise Medley,Gospel,7
1175,2025-01-02,M05,Study Focus 2,Instrumental,5
1176,2025-05-05,M01,Workout Anthem,Fitness/EDM,3
1176,2025-05-05,M15,Amapiano Vibes,Amapiano/Afrobeat,5
1176,2025-05-05,M04,Study Focus 1,Instrumental,6
1177,2025-02-18,M13,Hip Hop Anthem,Hip-Hop,3
1177,2025-02-18,M14,Street Beats,Hip-Hop,3
1178,2025-05-16,M02,Pump It Up,Fitness/EDM,3
1178,2025-05-16,M08,Sunday Worship 1,Gospel,5
1178,2025-05-16,M06,Rain Sounds,Ambient/Sleep,10
1178,2025-05-16,M09,Sunday Worship 2,Gospel,5
1179,2025-04-26,M01,Workout Anthem,Fitness/EDM,3
1179,2025-04-26,M02,Pump It Up,Fitness/EDM,3
1179,2025-04-26,M03,Cardio Beats,Fitness/EDM,4
1180,2025-04-02,M06,Rain Sounds,Ambient/Sleep,10
1180,2025-04-02,M07,Deep Sleep,Ambient/Sleep,12
1181,2025-02-15,M13,Hip Hop Anthem,Hip-Hop,3
1181,2025-02-15,M14,Street Beats,Hip-Hop,3
1182,2025-05-02,M05,Study Focus 2,Instrumental,5
1182,2025-05-02,M02,Pump It Up,Fitness/EDM,3
1182,2025-05-02,M06,Rain Sounds,Ambient/Sleep,10
1182,2025-05-02,M04,Study Focus 1,Instrumental,6
1183,2025-05-19,M13,Hip Hop Anthem,Hip-Hop,3
1183,2025-05-19,M14,Street Beats,Hip-Hop,3
1184,2025-06-24,M06,Rain Sounds,Ambient/Sleep,10
1184,2025-06-24,M07,Deep Sleep,Ambient/Sleep,12
1185,2025-03-19,M15,Amapiano Vibes,Amapiano/Afrobeat,5
1185,2025-03-19,M16,Gengetone Hit,Amapiano/Afrobeat,4
1186,2025-04-07,M06,Rain Sounds,Ambient/Sleep,10
1186,2025-04-07,M08,Sunday Worship 1,Gospel,5
1186,2025-04-07,M01,Workout Anthem,Fitness/EDM,3
1186,2025-04-07,M04,Study Focus 1,Instrumental,6
1187,2025-06-27,M11,Heartbreak Ballad,R&B,4
1187,2025-06-27,M07,Deep Sleep,Ambient/Sleep,12
1187,2025-06-27,M05,Study Focus 2,Instrumental,5
1187,2025-06-27,M08,Sunday Worship 1,Gospel,5
1188,2025-06-24,M15,Amapiano Vibes,Amapiano/Afrobeat,5
1188,2025-06-24,M16,Gengetone Hit,Amapiano/Afrobeat,4
1189,2025-05-18,M06,Rain Sounds,Ambient/Sleep,10
1189,2025-05-18,M07,Deep Sleep,Ambient/Sleep,12
1190,2025-05-31,M06,Rain Sounds,Ambient/Sleep,10
1190,2025-05-31,M14,Street Beats,Hip-Hop,3
1191,2025-01-31,M15,Amapiano Vibes,Amapiano/Afrobeat,5
1192,2025-05-10,M11,Heartbreak Ballad,R&B,4
1192,2025-05-10,M12,Love Story,R&B,4
1192,2025-05-10,M03,Cardio Beats,Fitness/EDM,4
1193,2025-02-11,M04,Study Focus 1,Instrumental,6
1193,2025-02-11,M05,Study Focus 2,Instrumental,5
1193,2025-02-11,M06,Rain Sounds,Ambient/Sleep,10
1194,2025-05-03,M08,Sunday Worship 1,Gospel,5
1195,2025-02-19,M15,Amapiano Vibes,Amapiano/Afrobeat,5
1195,2025-02-19,M16,Gengetone Hit,Amapiano/Afrobeat,4
1196,2025-04-15,M04,Study Focus 1,Instrumental,6
1196,2025-04-15,M05,Study Focus 2,Instrumental,5
1197,2025-05-10,M11,Heartbreak Ballad,R&B,4
1197,2025-05-10,M12,Love Story,R&B,4
1198,2025-03-31,M08,Sunday Worship 1,Gospel,5
1198,2025-03-31,M09,Sunday Worship 2,Gospel,5
1199,2025-04-02,M12,Love Story,R&B,4
1199,2025-04-02,M15,Amapiano Vibes,Amapiano/Afrobeat,5
1199,2025-04-02,M16,Gengetone Hit,Amapiano/Afrobeat,4
1200,2025-06-08,M13,Hip Hop Anthem,Hip-Hop,3
1200,2025-06-08,M11,Heartbreak Ballad,R&B,4
1200,2025-06-08,M15,Amapiano Vibes,Amapiano/Afrobeat,5
1201,2025-05-12,M11,Heartbreak Ballad,R&B,4
1201,2025-05-12,M12,Love Story,R&B,4
1202,2025-01-11,M04,Study Focus 1,Instrumental,6
1202,2025-01-11,M07,Deep Sleep,Ambient/Sleep,12
1202,2025-01-11,M06,Rain Sounds,Ambient/Sleep,10
1202,2025-01-11,M08,Sunday Worship 1,Gospel,5
1203,2025-04-25,M01,Workout Anthem,Fitness/EDM,3
1203,2025-04-25,M03,Cardio Beats,Fitness/EDM,4
1203,2025-04-25,M09,Sunday Worship 2,Gospel,5
1203,2025-04-25,M06,Rain Sounds,Ambient/Sleep,10
1204,2025-05-14,M06,Rain Sounds,Ambient/Sleep,10
1204,2025-05-14,M07,Deep Sleep,Ambient/Sleep,12
1205,2025-02-24,M08,Sunday Worship 1,Gospel,5
1205,2025-02-24,M09,Sunday Worship 2,Gospel,5
1205,2025-02-24,M10,Praise Medley,Gospel,7
1206,2025-06-02,M01,Workout Anthem,Fitness/EDM,3
1206,2025-06-02,M02,Pump It Up,Fitness/EDM,3
1206,2025-06-02,M03,Cardio Beats,Fitness/EDM,4
1207,2025-03-07,M04,Study Focus 1,Instrumental,6
1207,2025-03-07,M05,Study Focus 2,Instrumental,5
1208,2025-04-03,M11,Heartbreak Ballad,R&B,4
1209,2025-03-04,M06,Rain Sounds,Ambient/Sleep,10
1209,2025-03-04,M07,Deep Sleep,Ambient/Sleep,12
1210,2025-06-27,M10,Praise Medley,Gospel,7
1210,2025-06-27,M14,Street Beats,Hip-Hop,3
1210,2025-06-27,M11,Heartbreak Ballad,R&B,4
1211,2025-03-14,M12,Love Story,R&B,4
1212,2025-03-09,M16,Gengetone Hit,Amapiano/Afrobeat,4
1213,2025-02-17,M13,Hip Hop Anthem,Hip-Hop,3
1213,2025-02-17,M14,Street Beats,Hip-Hop,3
1214,2025-03-18,M13,Hip Hop Anthem,Hip-Hop,3
1214,2025-03-18,M01,Workout Anthem,Fitness/EDM,3
1214,2025-03-18,M14,Street Beats,Hip-Hop,3
1214,2025-03-18,M15,Amapiano Vibes,Amapiano/Afrobeat,5
1215,2025-05-18,M16,Gengetone Hit,Amapiano/Afrobeat,4
1215,2025-05-18,M04,Study Focus 1,Instrumental,6
1216,2025-04-30,M01,Workout Anthem,Fitness/EDM,3
1216,2025-04-30,M02,Pump It Up,Fitness/EDM,3
1216,2025-04-30,M03,Cardio Beats,Fitness/EDM,4
1217,2025-05-18,M08,Sunday Worship 1,Gospel,5
1217,2025-05-18,M09,Sunday Worship 2,Gospel,5
1218,2025-02-25,M01,Workout Anthem,Fitness/EDM,3
1218,2025-02-25,M02,Pump It Up,Fitness/EDM,3
1219,2025-06-11,M08,Sunday Worship 1,Gospel,5
1219,2025-06-11,M09,Sunday Worship 2,Gospel,5
1220,2025-03-03,M11,Heartbreak Ballad,R&B,4
1220,2025-03-03,M12,Love Story,R&B,4
1221,2025-01-30,M14,Street Beats,Hip-Hop,3
1221,2025-01-30,M10,Praise Medley,Gospel,7
1222,2025-06-23,M11,Heartbreak Ballad,R&B,4
1222,2025-06-23,M05,Study Focus 2,Instrumental,5
1222,2025-06-23,M14,Street Beats,Hip-Hop,3
1223,2025-04-19,M08,Sunday Worship 1,Gospel,5
1223,2025-04-19,M12,Love Story,R&B,4
1223,2025-04-19,M06,Rain Sounds,Ambient/Sleep,10
1224,2025-02-21,M14,Street Beats,Hip-Hop,3
1224,2025-02-21,M08,Sunday Worship 1,Gospel,5
1225,2025-03-15,M11,Heartbreak Ballad,R&B,4
1225,2025-03-15,M12,Love Story,R&B,4
1226,2025-06-26,M04,Study Focus 1,Instrumental,6
1226,2025-06-26,M05,Study Focus 2,Instrumental,5
1226,2025-06-26,M06,Rain Sounds,Ambient/Sleep,10
1227,2025-03-20,M15,Amapiano Vibes,Amapiano/Afrobeat,5
1227,2025-03-20,M16,Gengetone Hit,Amapiano/Afrobeat,4
1228,2025-05-10,M05,Study Focus 2,Instrumental,5
1228,2025-05-10,M11,Heartbreak Ballad,R&B,4
1229,2025-03-14,M15,Amapiano Vibes,Amapiano/Afrobeat,5
1229,2025-03-14,M16,Gengetone Hit,Amapiano/Afrobeat,4
1230,2025-01-23,M06,Rain Sounds,Ambient/Sleep,10
1230,2025-01-23,M07,Deep Sleep,Ambient/Sleep,12
1231,2025-06-27,M15,Amapiano Vibes,Amapiano/Afrobeat,5
1231,2025-06-27,M12,Love Story,R&B,4
1231,2025-06-27,M13,Hip Hop Anthem,Hip-Hop,3
1231,2025-06-27,M14,Street Beats,Hip-Hop,3
1232,2025-03-13,M06,Rain Sounds,Ambient/Sleep,10
1232,2025-03-13,M07,Deep Sleep,Ambient/Sleep,12
1233,2025-03-09,M01,Workout Anthem,Fitness/EDM,3
1233,2025-03-09,M02,Pump It Up,Fitness/EDM,3
1233,2025-03-09,M03,Cardio Beats,Fitness/EDM,4
1234,2025-05-22,M07,Deep Sleep,Ambient/Sleep,12
1235,2025-03-26,M06,Rain Sounds,Ambient/Sleep,10
1235,2025-03-26,M07,Deep Sleep,Ambient/Sleep,12
1236,2025-03-08,M06,Rain Sounds,Ambient/Sleep,10
1236,2025-03-08,M07,Deep Sleep,Ambient/Sleep,12
1237,2025-04-25,M11,Heartbreak Ballad,R&B,4
1237,2025-04-25,M12,Love Story,R&B,4
1238,2025-04-28,M04,Study Focus 1,Instrumental,6
1238,2025-04-28,M05,Study Focus 2,Instrumental,5
1239,2025-04-09,M13,Hip Hop Anthem,Hip-Hop,3
1239,2025-04-09,M14,Street Beats,Hip-Hop,3
1240,2025-02-15,M04,Study Focus 1,Instrumental,6
1240,2025-02-15,M07,Deep Sleep,Ambient/Sleep,12
1241,2025-03-23,M08,Sunday Worship 1,Gospel,5
1241,2025-03-23,M09,Sunday Worship 2,Gospel,5
1242,2025-06-18,M01,Workout Anthem,Fitness/EDM,3
1242,2025-06-18,M02,Pump It Up,Fitness/EDM,3
1242,2025-06-18,M03,Cardio Beats,Fitness/EDM,4
1243,2025-03-23,M03,Cardio Beats,Fitness/EDM,4
1244,2025-04-10,M06,Rain Sounds,Ambient/Sleep,10
1244,2025-04-10,M13,Hip Hop Anthem,Hip-Hop,3
1244,2025-04-10,M01,Workout Anthem,Fitness/EDM,3
1244,2025-04-10,M02,Pump It Up,Fitness/EDM,3
1245,2025-01-21,M16,Gengetone Hit,Amapiano/Afrobeat,4
1245,2025-01-21,M13,Hip Hop Anthem,Hip-Hop,3
1245,2025-01-21,M10,Praise Medley,Gospel,7
1246,2025-02-28,M15,Amapiano Vibes,Amapiano/Afrobeat,5
1246,2025-02-28,M16,Gengetone Hit,Amapiano/Afrobeat,4
1247,2025-04-15,M11,Heartbreak Ballad,R&B,4
1247,2025-04-15,M01,Workout Anthem,Fitness/EDM,3
1247,2025-04-15,M13,Hip Hop Anthem,Hip-Hop,3
1247,2025-04-15,M06,Rain Sounds,Ambient/Sleep,10
1248,2025-05-20,M01,Workout Anthem,Fitness/EDM,3
1248,2025-05-20,M02,Pump It Up,Fitness/EDM,3
1249,2025-04-27,M06,Rain Sounds,Ambient/Sleep,10
1249,2025-04-27,M07,Deep Sleep,Ambient/Sleep,12
1250,2025-05-21,M01,Workout Anthem,Fitness/EDM,3
1250,2025-05-21,M02,Pump It Up,Fitness/EDM,3
1251,2025-05-10,M01,Workout Anthem,Fitness/EDM,3
1251,2025-05-10,M02,Pump It Up,Fitness/EDM,3
1252,2025-05-10,M12,Love Story,R&B,4
1253,2025-02-26,M09,Sunday Worship 2,Gospel,5
1254,2025-03-09,M11,Heartbreak Ballad,R&B,4
1254,2025-03-09,M12,Love Story,R&B,4
1255,2025-05-30,M13,Hip Hop Anthem,Hip-Hop,3
1255,2025-05-30,M14,Street Beats,Hip-Hop,3
1256,2025-06-04,M13,Hip Hop Anthem,Hip-Hop,3
1256,2025-06-04,M14,Street Beats,Hip-Hop,3
1257,2025-03-28,M06,Rain Sounds,Ambient/Sleep,10
1257,2025-03-28,M07,Deep Sleep,Ambient/Sleep,12
1257,2025-03-28,M13,Hip Hop Anthem,Hip-Hop,3
1258,2025-06-05,M13,Hip Hop Anthem,Hip-Hop,3
1258,2025-06-05,M14,Street Beats,Hip-Hop,3
1259,2025-01-05,M11,Heartbreak Ballad,R&B,4
1259,2025-01-05,M12,Love Story,R&B,4
1260,2025-06-17,M06,Rain Sounds,Ambient/Sleep,10
1260,2025-06-17,M04,Study Focus 1,Instrumental,6
1261,2025-02-17,M08,Sunday Worship 1,Gospel,5
1261,2025-02-17,M09,Sunday Worship 2,Gospel,5
1261,2025-02-17,M10,Praise Medley,Gospel,7
1262,2025-03-09,M08,Sunday Worship 1,Gospel,5
1262,2025-03-09,M09,Sunday Worship 2,Gospel,5
1262,2025-03-09,M10,Praise Medley,Gospel,7
1263,2025-01-29,M15,Amapiano Vibes,Amapiano/Afrobeat,5
1263,2025-01-29,M16,Gengetone Hit,Amapiano/Afrobeat,4
1264,2025-04-04,M15,Amapiano Vibes,Amapiano/Afrobeat,5
1264,2025-04-04,M16,Gengetone Hit,Amapiano/Afrobeat,4
1265,2025-05-14,M06,Rain Sounds,Ambient/Sleep,10
1265,2025-05-14,M07,Deep Sleep,Ambient/Sleep,12
1266,2025-01-31,M08,Sunday Worship 1,Gospel,5
1266,2025-01-31,M09,Sunday Worship 2,Gospel,5
1266,2025-01-31,M10,Praise Medley,Gospel,7
1267,2025-03-02,M06,Rain Sounds,Ambient/Sleep,10
1267,2025-03-02,M07,Deep Sleep,Ambient/Sleep,12
1268,2025-02-25,M15,Amapiano Vibes,Amapiano/Afrobeat,5
1268,2025-02-25,M16,Gengetone Hit,Amapiano/Afrobeat,4
1269,2025-06-06,M06,Rain Sounds,Ambient/Sleep,10
1270,2025-05-21,M03,Cardio Beats,Fitness/EDM,4
1270,2025-05-21,M04,Study Focus 1,Instrumental,6
1270,2025-05-21,M06,Rain Sounds,Ambient/Sleep,10
1271,2025-01-01,M04,Study Focus 1,Instrumental,6
1271,2025-01-01,M14,Street Beats,Hip-Hop,3
1272,2025-02-22,M01,Workout Anthem,Fitness/EDM,3
1272,2025-02-22,M02,Pump It Up,Fitness/EDM,3
1273,2025-05-03,M15,Amapiano Vibes,Amapiano/Afrobeat,5
1273,2025-05-03,M16,Gengetone Hit,Amapiano/Afrobeat,4
1274,2025-05-17,M06,Rain Sounds,Ambient/Sleep,10
1274,2025-05-17,M07,Deep Sleep,Ambient/Sleep,12
1275,2025-03-16,M11,Heartbreak Ballad,R&B,4
1275,2025-03-16,M12,Love Story,R&B,4
1275,2025-03-16,M07,Deep Sleep,Ambient/Sleep,12
1276,2025-05-09,M01,Workout Anthem,Fitness/EDM,3
1276,2025-05-09,M02,Pump It Up,Fitness/EDM,3
1277,2025-02-18,M01,Workout Anthem,Fitness/EDM,3
1277,2025-02-18,M02,Pump It Up,Fitness/EDM,3
1278,2025-04-20,M10,Praise Medley,Gospel,7
1278,2025-04-20,M16,Gengetone Hit,Amapiano/Afrobeat,4
1278,2025-04-20,M05,Study Focus 2,Instrumental,5
1279,2025-03-08,M14,Street Beats,Hip-Hop,3
1279,2025-03-08,M15,Amapiano Vibes,Amapiano/Afrobeat,5
1279,2025-03-08,M04,Study Focus 1,Instrumental,6
1280,2025-04-27,M06,Rain Sounds,Ambient/Sleep,10
1280,2025-04-27,M07,Deep Sleep,Ambient/Sleep,12
1281,2025-06-04,M13,Hip Hop Anthem,Hip-Hop,3
1281,2025-06-04,M14,Street Beats,Hip-Hop,3
1282,2025-05-03,M16,Gengetone Hit,Amapiano/Afrobeat,4
1282,2025-05-03,M10,Praise Medley,Gospel,7
1282,2025-05-03,M07,Deep Sleep,Ambient/Sleep,12
1283,2025-06-02,M11,Heartbreak Ballad,R&B,4
1283,2025-06-02,M12,Love Story,R&B,4
1284,2025-06-21,M09,Sunday Worship 2,Gospel,5
1284,2025-06-21,M16,Gengetone Hit,Amapiano/Afrobeat,4
1284,2025-06-21,M05,Study Focus 2,Instrumental,5
1285,2025-05-31,M01,Workout Anthem,Fitness/EDM,3
1285,2025-05-31,M02,Pump It Up,Fitness/EDM,3
1285,2025-05-31,M03,Cardio Beats,Fitness/EDM,4
1286,2025-04-27,M01,Workout Anthem,Fitness/EDM,3
1286,2025-04-27,M02,Pump It Up,Fitness/EDM,3
1286,2025-04-27,M03,Cardio Beats,Fitness/EDM,4
1287,2025-04-02,M08,Sunday Worship 1,Gospel,5
1287,2025-04-02,M09,Sunday Worship 2,Gospel,5
1288,2025-06-07,M04,Study Focus 1,Instrumental,6
1288,2025-06-07,M05,Study Focus 2,Instrumental,5
1289,2025-03-13,M13,Hip Hop Anthem,Hip-Hop,3
1289,2025-03-13,M14,Street Beats,Hip-Hop,3
1290,2025-04-30,M15,Amapiano Vibes,Amapiano/Afrobeat,5
1290,2025-04-30,M03,Cardio Beats,Fitness/EDM,4
1290,2025-04-30,M16,Gengetone Hit,Amapiano/Afrobeat,4
1291,2025-02-14,M04,Study Focus 1,Instrumental,6
1291,2025-02-14,M09,Sunday Worship 2,Gospel,5
1291,2025-02-14,M16,Gengetone Hit,Amapiano/Afrobeat,4
1292,2025-03-23,M01,Workout Anthem,Fitness/EDM,3
1292,2025-03-23,M02,Pump It Up,Fitness/EDM,3
1293,2025-01-19,M06,Rain Sounds,Ambient/Sleep,10
1293,2025-01-19,M07,Deep Sleep,Ambient/Sleep,12
1294,2025-01-27,M15,Amapiano Vibes,Amapiano/Afrobeat,5
1294,2025-01-27,M04,Study Focus 1,Instrumental,6
1295,2025-05-08,M15,Amapiano Vibes,Amapiano/Afrobeat,5
1295,2025-05-08,M08,Sunday Worship 1,Gospel,5
1295,2025-05-08,M02,Pump It Up,Fitness/EDM,3
1295,2025-05-08,M05,Study Focus 2,Instrumental,5
1296,2025-01-26,M04,Study Focus 1,Instrumental,6
1297,2025-04-26,M01,Workout Anthem,Fitness/EDM,3
1297,2025-04-26,M07,Deep Sleep,Ambient/Sleep,12
1298,2025-06-24,M04,Study Focus 1,Instrumental,6
1298,2025-06-24,M05,Study Focus 2,Instrumental,5
1299,2025-04-20,M13,Hip Hop Anthem,Hip-Hop,3
1299,2025-04-20,M14,Street Beats,Hip-Hop,3
1299,2025-04-20,M15,Amapiano Vibes,Amapiano/Afrobeat,5
1300,2025-06-21,M14,Street Beats,Hip-Hop,3
1300,2025-06-21,M10,Praise Medley,Gospel,7
1300,2025-06-21,M03,Cardio Beats,Fitness/EDM,4
1301,2025-01-09,M15,Amapiano Vibes,Amapiano/Afrobeat,5
1301,2025-01-09,M16,Gengetone Hit,Amapiano/Afrobeat,4
1302,2025-04-06,M01,Workout Anthem,Fitness/EDM,3
1303,2025-06-02,M06,Rain Sounds,Ambient/Sleep,10
1303,2025-06-02,M07,Deep Sleep,Ambient/Sleep,12
1303,2025-06-02,M08,Sunday Worship 1,Gospel,5
1304,2025-06-02,M01,Workout Anthem,Fitness/EDM,3
1304,2025-06-02,M02,Pump It Up,Fitness/EDM,3
1305,2025-04-14,M08,Sunday Worship 1,Gospel,5
1305,2025-04-14,M09,Sunday Worship 2,Gospel,5
1305,2025-04-14,M10,Praise Medley,Gospel,7
1306,2025-04-28,M13,Hip Hop Anthem,Hip-Hop,3
1306,2025-04-28,M14,Street Beats,Hip-Hop,3
1306,2025-04-28,M15,Amapiano Vibes,Amapiano/Afrobeat,5
1307,2025-02-18,M01,Workout Anthem,Fitness/EDM,3
1307,2025-02-18,M02,Pump It Up,Fitness/EDM,3
1308,2025-01-19,M15,Amapiano Vibes,Amapiano/Afrobeat,5
1308,2025-01-19,M16,Gengetone Hit,Amapiano/Afrobeat,4
1309,2025-04-08,M04,Study Focus 1,Instrumental,6
1309,2025-04-08,M05,Study Focus 2,Instrumental,5
1309,2025-04-08,M06,Rain Sounds,Ambient/Sleep,10
1310,2025-03-22,M13,Hip Hop Anthem,Hip-Hop,3
1310,2025-03-22,M14,Street Beats,Hip-Hop,3
1311,2025-01-22,M06,Rain Sounds,Ambient/Sleep,10
1311,2025-01-22,M07,Deep Sleep,Ambient/Sleep,12
1312,2025-02-26,M01,Workout Anthem,Fitness/EDM,3
1312,2025-02-26,M02,Pump It Up,Fitness/EDM,3
1313,2025-02-25,M08,Sunday Worship 1,Gospel,5
1313,2025-02-25,M05,Study Focus 2,Instrumental,5
1314,2025-02-17,M16,Gengetone Hit,Amapiano/Afrobeat,4
1314,2025-02-17,M05,Study Focus 2,Instrumental,5
1314,2025-02-17,M11,Heartbreak Ballad,R&B,4
1314,2025-02-17,M12,Love Story,R&B,4
1315,2025-02-18,M01,Workout Anthem,Fitness/EDM,3
1315,2025-02-18,M02,Pump It Up,Fitness/EDM,3
1315,2025-02-18,M03,Cardio Beats,Fitness/EDM,4
1316,2025-05-23,M06,Rain Sounds,Ambient/Sleep,10
1316,2025-05-23,M07,Deep Sleep,Ambient/Sleep,12
1317,2025-06-25,M10,Praise Medley,Gospel,7
1317,2025-06-25,M05,Study Focus 2,Instrumental,5
1317,2025-06-25,M09,Sunday Worship 2,Gospel,5
1317,2025-06-25,M08,Sunday Worship 1,Gospel,5
1318,2025-06-02,M06,Rain Sounds,Ambient/Sleep,10
1318,2025-06-02,M07,Deep Sleep,Ambient/Sleep,12
1319,2025-05-25,M01,Workout Anthem,Fitness/EDM,3
1319,2025-05-25,M02,Pump It Up,Fitness/EDM,3
1320,2025-03-07,M13,Hip Hop Anthem,Hip-Hop,3
1320,2025-03-07,M14,Street Beats,Hip-Hop,3
1321,2025-04-29,M08,Sunday Worship 1,Gospel,5
1322,2025-04-03,M01,Workout Anthem,Fitness/EDM,3
1322,2025-04-03,M02,Pump It Up,Fitness/EDM,3
1322,2025-04-03,M03,Cardio Beats,Fitness/EDM,4
1323,2025-05-26,M04,Study Focus 1,Instrumental,6
1323,2025-05-26,M05,Study Focus 2,Instrumental,5
1324,2025-06-09,M03,Cardio Beats,Fitness/EDM,4
1324,2025-06-09,M02,Pump It Up,Fitness/EDM,3
1325,2025-01-09,M02,Pump It Up,Fitness/EDM,3
1325,2025-01-09,M11,Heartbreak Ballad,R&B,4
1325,2025-01-09,M07,Deep Sleep,Ambient/Sleep,12
1326,2025-01-29,M01,Workout Anthem,Fitness/EDM,3
1326,2025-01-29,M02,Pump It Up,Fitness/EDM,3
1326,2025-01-29,M03,Cardio Beats,Fitness/EDM,4
1327,2025-03-06,M05,Study Focus 2,Instrumental,5
1328,2025-05-02,M15,Amapiano Vibes,Amapiano/Afrobeat,5
1328,2025-05-02,M16,Gengetone Hit,Amapiano/Afrobeat,4
1329,2025-04-14,M09,Sunday Worship 2,Gospel,5
1329,2025-04-14,M07,Deep Sleep,Ambient/Sleep,12
1329,2025-04-14,M04,Study Focus 1,Instrumental,6
1329,2025-04-14,M11,Heartbreak Ballad,R&B,4
1330,2025-05-10,M11,Heartbreak Ballad,R&B,4
1330,2025-05-10,M12,Love Story,R&B,4
1331,2025-05-01,M01,Workout Anthem,Fitness/EDM,3
1331,2025-05-01,M11,Heartbreak Ballad,R&B,4
1331,2025-05-01,M09,Sunday Worship 2,Gospel,5
1332,2025-04-26,M16,Gengetone Hit,Amapiano/Afrobeat,4
1332,2025-04-26,M02,Pump It Up,Fitness/EDM,3
1333,2025-06-10,M01,Workout Anthem,Fitness/EDM,3
1333,2025-06-10,M02,Pump It Up,Fitness/EDM,3
1334,2025-03-04,M04,Study Focus 1,Instrumental,6
1335,2025-01-07,M04,Study Focus 1,Instrumental,6
1335,2025-01-07,M05,Study Focus 2,Instrumental,5
1336,2025-03-30,M01,Workout Anthem,Fitness/EDM,3
1336,2025-03-30,M02,Pump It Up,Fitness/EDM,3
1337,2025-06-30,M08,Sunday Worship 1,Gospel,5
1338,2025-05-26,M11,Heartbreak Ballad,R&B,4
1338,2025-05-26,M13,Hip Hop Anthem,Hip-Hop,3
1338,2025-05-26,M14,Street Beats,Hip-Hop,3
1338,2025-05-26,M09,Sunday Worship 2,Gospel,5
1339,2025-06-14,M15,Amapiano Vibes,Amapiano/Afrobeat,5
1339,2025-06-14,M02,Pump It Up,Fitness/EDM,3
1339,2025-06-14,M12,Love Story,R&B,4
1340,2025-02-05,M16,Gengetone Hit,Amapiano/Afrobeat,4
1341,2025-04-05,M13,Hip Hop Anthem,Hip-Hop,3
1341,2025-04-05,M14,Street Beats,Hip-Hop,3
1342,2025-04-19,M13,Hip Hop Anthem,Hip-Hop,3
1342,2025-04-19,M14,Street Beats,Hip-Hop,3
1343,2025-06-06,M13,Hip Hop Anthem,Hip-Hop,3
1343,2025-06-06,M14,Street Beats,Hip-Hop,3
1344,2025-03-10,M11,Heartbreak Ballad,R&B,4
1344,2025-03-10,M07,Deep Sleep,Ambient/Sleep,12
1344,2025-03-10,M10,Praise Medley,Gospel,7
1344,2025-03-10,M03,Cardio Beats,Fitness/EDM,4
1345,2025-01-06,M04,Study Focus 1,Instrumental,6
1345,2025-01-06,M05,Study Focus 2,Instrumental,5
1346,2025-04-24,M05,Study Focus 2,Instrumental,5
1346,2025-04-24,M06,Rain Sounds,Ambient/Sleep,10
1347,2025-02-12,M01,Workout Anthem,Fitness/EDM,3
1347,2025-02-12,M02,Pump It Up,Fitness/EDM,3
1348,2025-05-02,M15,Amapiano Vibes,Amapiano/Afrobeat,5
1348,2025-05-02,M16,Gengetone Hit,Amapiano/Afrobeat,4
1349,2025-03-13,M06,Rain Sounds,Ambient/Sleep,10
1349,2025-03-13,M07,Deep Sleep,Ambient/Sleep,12
1350,2025-04-20,M11,Heartbreak Ballad,R&B,4
1350,2025-04-20,M12,Love Story,R&B,4
1351,2025-01-21,M05,Study Focus 2,Instrumental,5
1351,2025-01-21,M13,Hip Hop Anthem,Hip-Hop,3
1352,2025-06-15,M09,Sunday Worship 2,Gospel,5
1352,2025-06-15,M12,Love Story,R&B,4
1352,2025-06-15,M07,Deep Sleep,Ambient/Sleep,12
1353,2025-03-22,M08,Sunday Worship 1,Gospel,5
1354,2025-04-11,M15,Amapiano Vibes,Amapiano/Afrobeat,5
1354,2025-04-11,M16,Gengetone Hit,Amapiano/Afrobeat,4
1355,2025-01-30,M05,Study Focus 2,Instrumental,5
1355,2025-01-30,M06,Rain Sounds,Ambient/Sleep,10
1356,2025-06-18,M13,Hip Hop Anthem,Hip-Hop,3
1356,2025-06-18,M14,Street Beats,Hip-Hop,3
1356,2025-06-18,M15,Amapiano Vibes,Amapiano/Afrobeat,5
1357,2025-06-10,M16,Gengetone Hit,Amapiano/Afrobeat,4
1357,2025-06-10,M08,Sunday Worship 1,Gospel,5
1357,2025-06-10,M02,Pump It Up,Fitness/EDM,3
1357,2025-06-10,M04,Study Focus 1,Instrumental,6
1358,2025-02-07,M02,Pump It Up,Fitness/EDM,3
1358,2025-02-07,M10,Praise Medley,Gospel,7
1358,2025-02-07,M05,Study Focus 2,Instrumental,5
1358,2025-02-07,M16,Gengetone Hit,Amapiano/Afrobeat,4
1359,2025-01-22,M04,Study Focus 1,Instrumental,6
1359,2025-01-22,M12,Love Story,R&B,4
1359,2025-01-22,M02,Pump It Up,Fitness/EDM,3
1359,2025-01-22,M05,Study Focus 2,Instrumental,5
1360,2025-03-20,M16,Gengetone Hit,Amapiano/Afrobeat,4
1360,2025-03-20,M01,Workout Anthem,Fitness/EDM,3
1361,2025-04-14,M04,Study Focus 1,Instrumental,6
1361,2025-04-14,M05,Study Focus 2,Instrumental,5
1362,2025-06-07,M13,Hip Hop Anthem,Hip-Hop,3
1362,2025-06-07,M05,Study Focus 2,Instrumental,5
1362,2025-06-07,M15,Amapiano Vibes,Amapiano/Afrobeat,5
1362,2025-06-07,M04,Study Focus 1,Instrumental,6
1363,2025-03-02,M06,Rain Sounds,Ambient/Sleep,10
1363,2025-03-02,M07,Deep Sleep,Ambient/Sleep,12
1364,2025-05-10,M01,Workout Anthem,Fitness/EDM,3
1364,2025-05-10,M02,Pump It Up,Fitness/EDM,3
1364,2025-05-10,M03,Cardio Beats,Fitness/EDM,4
1365,2025-06-01,M06,Rain Sounds,Ambient/Sleep,10
1365,2025-06-01,M07,Deep Sleep,Ambient/Sleep,12
1366,2025-04-12,M14,Street Beats,Hip-Hop,3
1367,2025-01-29,M13,Hip Hop Anthem,Hip-Hop,3
1367,2025-01-29,M07,Deep Sleep,Ambient/Sleep,12
1368,2025-04-13,M08,Sunday Worship 1,Gospel,5
1368,2025-04-13,M09,Sunday Worship 2,Gospel,5
1369,2025-01-26,M06,Rain Sounds,Ambient/Sleep,10
1369,2025-01-26,M07,Deep Sleep,Ambient/Sleep,12
1370,2025-01-03,M15,Amapiano Vibes,Amapiano/Afrobeat,5
1370,2025-01-03,M16,Gengetone Hit,Amapiano/Afrobeat,4
1371,2025-03-07,M08,Sunday Worship 1,Gospel,5
1371,2025-03-07,M09,Sunday Worship 2,Gospel,5
1371,2025-03-07,M10,Praise Medley,Gospel,7
1372,2025-03-23,M16,Gengetone Hit,Amapiano/Afrobeat,4
1373,2025-02-06,M15,Amapiano Vibes,Amapiano/Afrobeat,5
1374,2025-06-03,M11,Heartbreak Ballad,R&B,4
1374,2025-06-03,M12,Love Story,R&B,4
1375,2025-04-17,M07,Deep Sleep,Ambient/Sleep,12
1375,2025-04-17,M08,Sunday Worship 1,Gospel,5
1375,2025-04-17,M03,Cardio Beats,Fitness/EDM,4
1375,2025-04-17,M04,Study Focus 1,Instrumental,6
1376,2025-01-12,M01,Workout Anthem,Fitness/EDM,3
1376,2025-01-12,M02,Pump It Up,Fitness/EDM,3
1377,2025-05-18,M01,Workout Anthem,Fitness/EDM,3
1377,2025-05-18,M02,Pump It Up,Fitness/EDM,3
1378,2025-01-27,M11,Heartbreak Ballad,R&B,4
1378,2025-01-27,M12,Love Story,R&B,4
1379,2025-04-12,M08,Sunday Worship 1,Gospel,5
1379,2025-04-12,M09,Sunday Worship 2,Gospel,5
1379,2025-04-12,M04,Study Focus 1,Instrumental,6
1380,2025-05-12,M04,Study Focus 1,Instrumental,6
1380,2025-05-12,M05,Study Focus 2,Instrumental,5
1380,2025-05-12,M01,Workout Anthem,Fitness/EDM,3
1381,2025-06-17,M13,Hip Hop Anthem,Hip-Hop,3
1381,2025-06-17,M14,Street Beats,Hip-Hop,3
1382,2025-06-06,M03,Cardio Beats,Fitness/EDM,4
1382,2025-06-06,M15,Amapiano Vibes,Amapiano/Afrobeat,5
1382,2025-06-06,M02,Pump It Up,Fitness/EDM,3
1383,2025-01-14,M15,Amapiano Vibes,Amapiano/Afrobeat,5
1383,2025-01-14,M16,Gengetone Hit,Amapiano/Afrobeat,4
1384,2025-02-20,M04,Study Focus 1,Instrumental,6
1384,2025-02-20,M05,Study Focus 2,Instrumental,5
1385,2025-01-21,M13,Hip Hop Anthem,Hip-Hop,3
1385,2025-01-21,M12,Love Story,R&B,4
1385,2025-01-21,M08,Sunday Worship 1,Gospel,5
1385,2025-01-21,M04,Study Focus 1,Instrumental,6
1386,2025-06-17,M03,Cardio Beats,Fitness/EDM,4
1386,2025-06-17,M04,Study Focus 1,Instrumental,6
1386,2025-06-17,M16,Gengetone Hit,Amapiano/Afrobeat,4
1386,2025-06-17,M10,Praise Medley,Gospel,7
1387,2025-03-07,M14,Street Beats,Hip-Hop,3
1387,2025-03-07,M04,Study Focus 1,Instrumental,6
1387,2025-03-07,M03,Cardio Beats,Fitness/EDM,4
1387,2025-03-07,M12,Love Story,R&B,4
1388,2025-03-28,M08,Sunday Worship 1,Gospel,5
1388,2025-03-28,M10,Praise Medley,Gospel,7
1388,2025-03-28,M11,Heartbreak Ballad,R&B,4
1388,2025-03-28,M02,Pump It Up,Fitness/EDM,3
1389,2025-04-14,M15,Amapiano Vibes,Amapiano/Afrobeat,5
1389,2025-04-14,M16,Gengetone Hit,Amapiano/Afrobeat,4
1390,2025-01-06,M01,Workout Anthem,Fitness/EDM,3
1390,2025-01-06,M02,Pump It Up,Fitness/EDM,3
1391,2025-05-21,M02,Pump It Up,Fitness/EDM,3
1391,2025-05-21,M14,Street Beats,Hip-Hop,3
1392,2025-04-28,M11,Heartbreak Ballad,R&B,4
1392,2025-04-28,M12,Love Story,R&B,4
1393,2025-04-01,M08,Sunday Worship 1,Gospel,5
1393,2025-04-01,M09,Sunday Worship 2,Gospel,5
1394,2025-04-28,M15,Amapiano Vibes,Amapiano/Afrobeat,5
1394,2025-04-28,M16,Gengetone Hit,Amapiano/Afrobeat,4
1395,2025-06-19,M06,Rain Sounds,Ambient/Sleep,10
1395,2025-06-19,M09,Sunday Worship 2,Gospel,5
1395,2025-06-19,M07,Deep Sleep,Ambient/Sleep,12
1395,2025-06-19,M16,Gengetone Hit,Amapiano/Afrobeat,4
1396,2025-03-06,M15,Amapiano Vibes,Amapiano/Afrobeat,5
1396,2025-03-06,M16,Gengetone Hit,Amapiano/Afrobeat,4
1397,2025-02-01,M01,Workout Anthem,Fitness/EDM,3
1397,2025-02-01,M02,Pump It Up,Fitness/EDM,3
1397,2025-02-01,M03,Cardio Beats,Fitness/EDM,4
1398,2025-06-12,M04,Study Focus 1,Instrumental,6
1398,2025-06-12,M05,Study Focus 2,Instrumental,5
1399,2025-02-28,M11,Heartbreak Ballad,R&B,4
1399,2025-02-28,M12,Love Story,R&B,4
1400,2025-01-14,M06,Rain Sounds,Ambient/Sleep,10
1400,2025-01-14,M07,Deep Sleep,Ambient/Sleep,12
1401,2025-06-01,M08,Sunday Worship 1,Gospel,5
1401,2025-06-01,M09,Sunday Worship 2,Gospel,5
1401,2025-06-01,M10,Praise Medley,Gospel,7
1402,2025-01-05,M12,Love Story,R&B,4
1403,2025-03-30,M06,Rain Sounds,Ambient/Sleep,10
1403,2025-03-30,M07,Deep Sleep,Ambient/Sleep,12
1404,2025-03-30,M10,Praise Medley,Gospel,7
1405,2025-04-28,M06,Rain Sounds,Ambient/Sleep,10
1405,2025-04-28,M07,Deep Sleep,Ambient/Sleep,12
1406,2025-02-07,M13,Hip Hop Anthem,Hip-Hop,3
1406,2025-02-07,M14,Street Beats,Hip-Hop,3
1407,2025-02-04,M08,Sunday Worship 1,Gospel,5
1407,2025-02-04,M09,Sunday Worship 2,Gospel,5
1407,2025-02-04,M10,Praise Medley,Gospel,7
1408,2025-06-29,M04,Study Focus 1,Instrumental,6
1408,2025-06-29,M05,Study Focus 2,Instrumental,5
1408,2025-06-29,M06,Rain Sounds,Ambient/Sleep,10
1409,2025-04-28,M13,Hip Hop Anthem,Hip-Hop,3
1409,2025-04-28,M02,Pump It Up,Fitness/EDM,3
1409,2025-04-28,M01,Workout Anthem,Fitness/EDM,3
1409,2025-04-28,M09,Sunday Worship 2,Gospel,5
1410,2025-02-15,M06,Rain Sounds,Ambient/Sleep,10
1410,2025-02-15,M07,Deep Sleep,Ambient/Sleep,12
1411,2025-02-19,M05,Study Focus 2,Instrumental,5
1412,2025-03-17,M10,Praise Medley,Gospel,7
1412,2025-03-17,M12,Love Story,R&B,4
1413,2025-03-26,M02,Pump It Up,Fitness/EDM,3
1413,2025-03-26,M14,Street Beats,Hip-Hop,3
1413,2025-03-26,M01,Workout Anthem,Fitness/EDM,3
1413,2025-03-26,M08,Sunday Worship 1,Gospel,5
1414,2025-01-31,M13,Hip Hop Anthem,Hip-Hop,3
1414,2025-01-31,M14,Street Beats,Hip-Hop,3
1414,2025-01-31,M15,Amapiano Vibes,Amapiano/Afrobeat,5
1415,2025-05-27,M01,Workout Anthem,Fitness/EDM,3
1416,2025-02-17,M06,Rain Sounds,Ambient/Sleep,10
1416,2025-02-17,M07,Deep Sleep,Ambient/Sleep,12
1417,2025-04-06,M12,Love Story,R&B,4
1418,2025-06-07,M11,Heartbreak Ballad,R&B,4
1418,2025-06-07,M12,Love Story,R&B,4
1419,2025-01-06,M12,Love Story,R&B,4
1419,2025-01-06,M07,Deep Sleep,Ambient/Sleep,12
1419,2025-01-06,M15,Amapiano Vibes,Amapiano/Afrobeat,5
1420,2025-04-06,M01,Workout Anthem,Fitness/EDM,3
1420,2025-04-06,M02,Pump It Up,Fitness/EDM,3
1420,2025-04-06,M03,Cardio Beats,Fitness/EDM,4
1421,2025-04-24,M15,Amapiano Vibes,Amapiano/Afrobeat,5
1421,2025-04-24,M16,Gengetone Hit,Amapiano/Afrobeat,4
1422,2025-06-13,M03,Cardio Beats,Fitness/EDM,4
1422,2025-06-13,M05,Study Focus 2,Instrumental,5
1423,2025-03-09,M12,Love Story,R&B,4
1423,2025-03-09,M06,Rain Sounds,Ambient/Sleep,10
1423,2025-03-09,M01,Workout Anthem,Fitness/EDM,3
1424,2025-06-01,M06,Rain Sounds,Ambient/Sleep,10
1424,2025-06-01,M07,Deep Sleep,Ambient/Sleep,12
1425,2025-01-25,M15,Amapiano Vibes,Amapiano/Afrobeat,5
1425,2025-01-25,M16,Gengetone Hit,Amapiano/Afrobeat,4
1426,2025-06-10,M13,Hip Hop Anthem,Hip-Hop,3
1426,2025-06-10,M14,Street Beats,Hip-Hop,3
1426,2025-06-10,M15,Amapiano Vibes,Amapiano/Afrobeat,5
1427,2025-02-15,M04,Study Focus 1,Instrumental,6
1427,2025-02-15,M05,Study Focus 2,Instrumental,5
1427,2025-02-15,M06,Rain Sounds,Ambient/Sleep,10
1428,2025-04-22,M13,Hip Hop Anthem,Hip-Hop,3
1428,2025-04-22,M14,Street Beats,Hip-Hop,3
1428,2025-04-22,M15,Amapiano Vibes,Amapiano/Afrobeat,5
1429,2025-01-23,M01,Workout Anthem,Fitness/EDM,3
1429,2025-01-23,M02,Pump It Up,Fitness/EDM,3
1429,2025-01-23,M03,Cardio Beats,Fitness/EDM,4
1430,2025-02-11,M15,Amapiano Vibes,Amapiano/Afrobeat,5
1430,2025-02-11,M16,Gengetone Hit,Amapiano/Afrobeat,4
1431,2025-01-28,M11,Heartbreak Ballad,R&B,4
1431,2025-01-28,M13,Hip Hop Anthem,Hip-Hop,3
1432,2025-02-09,M04,Study Focus 1,Instrumental,6
1432,2025-02-09,M05,Study Focus 2,Instrumental,5
1432,2025-02-09,M06,Rain Sounds,Ambient/Sleep,10
1433,2025-02-12,M14,Street Beats,Hip-Hop,3
1433,2025-02-12,M12,Love Story,R&B,4
1433,2025-02-12,M15,Amapiano Vibes,Amapiano/Afrobeat,5
1434,2025-03-13,M05,Study Focus 2,Instrumental,5
1435,2025-04-11,M08,Sunday Worship 1,Gospel,5
1435,2025-04-11,M09,Sunday Worship 2,Gospel,5
1436,2025-05-03,M11,Heartbreak Ballad,R&B,4
1436,2025-05-03,M07,Deep Sleep,Ambient/Sleep,12
1436,2025-05-03,M16,Gengetone Hit,Amapiano/Afrobeat,4
1436,2025-05-03,M09,Sunday Worship 2,Gospel,5
1437,2025-05-24,M13,Hip Hop Anthem,Hip-Hop,3
1437,2025-05-24,M14,Street Beats,Hip-Hop,3
1438,2025-03-01,M01,Workout Anthem,Fitness/EDM,3
1438,2025-03-01,M02,Pump It Up,Fitness/EDM,3
1438,2025-03-01,M07,Deep Sleep,Ambient/Sleep,12
1439,2025-02-15,M03,Cardio Beats,Fitness/EDM,4
1439,2025-02-15,M11,Heartbreak Ballad,R&B,4
1439,2025-02-15,M15,Amapiano Vibes,Amapiano/Afrobeat,5
1440,2025-05-31,M09,Sunday Worship 2,Gospel,5
1440,2025-05-31,M15,Amapiano Vibes,Amapiano/Afrobeat,5
1441,2025-04-06,M01,Workout Anthem,Fitness/EDM,3
1441,2025-04-06,M02,Pump It Up,Fitness/EDM,3
1442,2025-03-13,M06,Rain Sounds,Ambient/Sleep,10
1443,2025-02-15,M13,Hip Hop Anthem,Hip-Hop,3
1443,2025-02-15,M14,Street Beats,Hip-Hop,3
1444,2025-03-09,M10,Praise Medley,Gospel,7
1444,2025-03-09,M16,Gengetone Hit,Amapiano/Afrobeat,4
1444,2025-03-09,M06,Rain Sounds,Ambient/Sleep,10
1444,2025-03-09,M11,Heartbreak Ballad,R&B,4
1445,2025-03-02,M13,Hip Hop Anthem,Hip-Hop,3
1445,2025-03-02,M02,Pump It Up,Fitness/EDM,3
1445,2025-03-02,M10,Praise Medley,Gospel,7
1445,2025-03-02,M15,Amapiano Vibes,Amapiano/Afrobeat,5
1446,2025-06-25,M13,Hip Hop Anthem,Hip-Hop,3
1446,2025-06-25,M14,Street Beats,Hip-Hop,3
1447,2025-04-26,M13,Hip Hop Anthem,Hip-Hop,3
1447,2025-04-26,M12,Love Story,R&B,4
1447,2025-04-26,M08,Sunday Worship 1,Gospel,5
1447,2025-04-26,M11,Heartbreak Ballad,R&B,4
1448,2025-04-19,M13,Hip Hop Anthem,Hip-Hop,3
1448,2025-04-19,M10,Praise Medley,Gospel,7
1448,2025-04-19,M04,Study Focus 1,Instrumental,6
1448,2025-04-19,M14,Street Beats,Hip-Hop,3
1449,2025-05-10,M13,Hip Hop Anthem,Hip-Hop,3
1450,2025-05-18,M15,Amapiano Vibes,Amapiano/Afrobeat,5
1450,2025-05-18,M16,Gengetone Hit,Amapiano/Afrobeat,4
1450,2025-05-18,M10,Praise Medley,Gospel,7
1451,2025-03-10,M15,Amapiano Vibes,Amapiano/Afrobeat,5
1451,2025-03-10,M16,Gengetone Hit,Amapiano/Afrobeat,4
1452,2025-03-12,M15,Amapiano Vibes,Amapiano/Afrobeat,5
1452,2025-03-12,M16,Gengetone Hit,Amapiano/Afrobeat,4
1452,2025-03-12,M09,Sunday Worship 2,Gospel,5
1453,2025-03-02,M04,Study Focus 1,Instrumental,6
1453,2025-03-02,M05,Study Focus 2,Instrumental,5
1453,2025-03-02,M02,Pump It Up,Fitness/EDM,3
1454,2025-03-11,M15,Amapiano Vibes,Amapiano/Afrobeat,5
1454,2025-03-11,M12,Love Story,R&B,4
1454,2025-03-11,M16,Gengetone Hit,Amapiano/Afrobeat,4
1455,2025-06-01,M01,Workout Anthem,Fitness/EDM,3
1455,2025-06-01,M02,Pump It Up,Fitness/EDM,3
1455,2025-06-01,M03,Cardio Beats,Fitness/EDM,4
1456,2025-01-03,M02,Pump It Up,Fitness/EDM,3
1457,2025-03-20,M03,Cardio Beats,Fitness/EDM,4
1457,2025-03-20,M04,Study Focus 1,Instrumental,6
1457,2025-03-20,M11,Heartbreak Ballad,R&B,4
1458,2025-05-19,M03,Cardio Beats,Fitness/EDM,4
1458,2025-05-19,M12,Love Story,R&B,4
1458,2025-05-19,M11,Heartbreak Ballad,R&B,4
1458,2025-05-19,M04,Study Focus 1,Instrumental,6
1459,2025-01-18,M15,Amapiano Vibes,Amapiano/Afrobeat,5
1459,2025-01-18,M16,Gengetone Hit,Amapiano/Afrobeat,4
1460,2025-03-07,M04,Study Focus 1,Instrumental,6
1460,2025-03-07,M05,Study Focus 2,Instrumental,5
1461,2025-01-18,M14,Street Beats,Hip-Hop,3
1461,2025-01-18,M01,Workout Anthem,Fitness/EDM,3
1461,2025-01-18,M02,Pump It Up,Fitness/EDM,3
1461,2025-01-18,M03,Cardio Beats,Fitness/EDM,4
1462,2025-05-04,M08,Sunday Worship 1,Gospel,5
1462,2025-05-04,M09,Sunday Worship 2,Gospel,5
1463,2025-06-03,M06,Rain Sounds,Ambient/Sleep,10
1463,2025-06-03,M07,Deep Sleep,Ambient/Sleep,12
1464,2025-01-03,M16,Gengetone Hit,Amapiano/Afrobeat,4
1465,2025-05-04,M05,Study Focus 2,Instrumental,5
1465,2025-05-04,M16,Gengetone Hit,Amapiano/Afrobeat,4
1465,2025-05-04,M04,Study Focus 1,Instrumental,6
1466,2025-06-18,M09,Sunday Worship 2,Gospel,5
1467,2025-05-09,M13,Hip Hop Anthem,Hip-Hop,3
1467,2025-05-09,M06,Rain Sounds,Ambient/Sleep,10
1467,2025-05-09,M16,Gengetone Hit,Amapiano/Afrobeat,4
1467,2025-05-09,M10,Praise Medley,Gospel,7
1468,2025-01-27,M11,Heartbreak Ballad,R&B,4
1468,2025-01-27,M12,Love Story,R&B,4
1469,2025-06-03,M14,Street Beats,Hip-Hop,3
1469,2025-06-03,M10,Praise Medley,Gospel,7
1469,2025-06-03,M04,Study Focus 1,Instrumental,6
1470,2025-04-10,M04,Study Focus 1,Instrumental,6
1470,2025-04-10,M05,Study Focus 2,Instrumental,5
1470,2025-04-10,M06,Rain Sounds,Ambient/Sleep,10
1471,2025-03-19,M06,Rain Sounds,Ambient/Sleep,10
1471,2025-03-19,M07,Deep Sleep,Ambient/Sleep,12
1472,2025-01-20,M11,Heartbreak Ballad,R&B,4
1472,2025-01-20,M12,Love Story,R&B,4
1473,2025-04-26,M13,Hip Hop Anthem,Hip-Hop,3
1473,2025-04-26,M06,Rain Sounds,Ambient/Sleep,10
1473,2025-04-26,M05,Study Focus 2,Instrumental,5
1473,2025-04-26,M07,Deep Sleep,Ambient/Sleep,12
1474,2025-03-26,M06,Rain Sounds,Ambient/Sleep,10
1474,2025-03-26,M07,Deep Sleep,Ambient/Sleep,12
1475,2025-03-16,M07,Deep Sleep,Ambient/Sleep,12
1476,2025-02-01,M16,Gengetone Hit,Amapiano/Afrobeat,4
1476,2025-02-01,M10,Praise Medley,Gospel,7
1476,2025-02-01,M08,Sunday Worship 1,Gospel,5
1476,2025-02-01,M09,Sunday Worship 2,Gospel,5
1477,2025-04-04,M11,Heartbreak Ballad,R&B,4
1477,2025-04-04,M12,Love Story,R&B,4
1478,2025-06-23,M14,Street Beats,Hip-Hop,3
1479,2025-03-08,M05,Study Focus 2,Instrumental,5
1480,2025-05-25,M13,Hip Hop Anthem,Hip-Hop,3
1480,2025-05-25,M14,Street Beats,Hip-Hop,3
1480,2025-05-25,M15,Amapiano Vibes,Amapiano/Afrobeat,5
1481,2025-06-16,M01,Workout Anthem,Fitness/EDM,3
1481,2025-06-16,M02,Pump It Up,Fitness/EDM,3
1481,2025-06-16,M03,Cardio Beats,Fitness/EDM,4
1482,2025-01-30,M13,Hip Hop Anthem,Hip-Hop,3
1482,2025-01-30,M14,Street Beats,Hip-Hop,3
1483,2025-03-19,M08,Sunday Worship 1,Gospel,5
1483,2025-03-19,M09,Sunday Worship 2,Gospel,5
1484,2025-05-15,M11,Heartbreak Ballad,R&B,4
1484,2025-05-15,M12,Love Story,R&B,4
1485,2025-05-12,M08,Sunday Worship 1,Gospel,5
1485,2025-05-12,M09,Sunday Worship 2,Gospel,5
1486,2025-06-13,M06,Rain Sounds,Ambient/Sleep,10
1486,2025-06-13,M07,Deep Sleep,Ambient/Sleep,12
1487,2025-03-13,M06,Rain Sounds,Ambient/Sleep,10
1487,2025-03-13,M07,Deep Sleep,Ambient/Sleep,12
1488,2025-05-11,M07,Deep Sleep,Ambient/Sleep,12
1488,2025-05-11,M09,Sunday Worship 2,Gospel,5
1488,2025-05-11,M04,Study Focus 1,Instrumental,6
1488,2025-05-11,M11,Heartbreak Ballad,R&B,4
1489,2025-04-14,M08,Sunday Worship 1,Gospel,5
1489,2025-04-14,M09,Sunday Worship 2,Gospel,5
1490,2025-02-24,M03,Cardio Beats,Fitness/EDM,4
1490,2025-02-24,M11,Heartbreak Ballad,R&B,4
1490,2025-02-24,M08,Sunday Worship 1,Gospel,5
1490,2025-02-24,M14,Street Beats,Hip-Hop,3
1491,2025-04-20,M04,Study Focus 1,Instrumental,6
1491,2025-04-20,M05,Study Focus 2,Instrumental,5
1491,2025-04-20,M06,Rain Sounds,Ambient/Sleep,10
1492,2025-06-13,M02,Pump It Up,Fitness/EDM,3
1493,2025-06-06,M01,Workout Anthem,Fitness/EDM,3
1493,2025-06-06,M06,Rain Sounds,Ambient/Sleep,10
1494,2025-04-28,M04,Study Focus 1,Instrumental,6
1494,2025-04-28,M05,Study Focus 2,Instrumental,5
1495,2025-04-15,M11,Heartbreak Ballad,R&B,4
1495,2025-04-15,M12,Love Story,R&B,4
1496,2025-03-19,M03,Cardio Beats,Fitness/EDM,4
1496,2025-03-19,M12,Love Story,R&B,4
1496,2025-03-19,M14,Street Beats,Hip-Hop,3
1497,2025-03-28,M11,Heartbreak Ballad,R&B,4
1497,2025-03-28,M12,Love Story,R&B,4
1498,2025-01-09,M15,Amapiano Vibes,Amapiano/Afrobeat,5
1498,2025-01-09,M16,Gengetone Hit,Amapiano/Afrobeat,4
1499,2025-06-24,M04,Study Focus 1,Instrumental,6
1499,2025-06-24,M05,Study Focus 2,Instrumental,5
1500,2025-04-09,M15,Amapiano Vibes,Amapiano/Afrobeat,5
1500,2025-04-09,M16,Gengetone Hit,Amapiano/Afrobeat,4
1501,2025-06-07,M13,Hip Hop Anthem,Hip-Hop,3
1501,2025-06-07,M14,Street Beats,Hip-Hop,3
1502,2025-06-13,M02,Pump It Up,Fitness/EDM,3
1502,2025-06-13,M04,Study Focus 1,Instrumental,6
1503,2025-03-14,M15,Amapiano Vibes,Amapiano/Afrobeat,5
1503,2025-03-14,M16,Gengetone Hit,Amapiano/Afrobeat,4
1504,2025-05-20,M10,Praise Medley,Gospel,7
1505,2025-01-20,M06,Rain Sounds,Ambient/Sleep,10
1505,2025-01-20,M07,Deep Sleep,Ambient/Sleep,12
1506,2025-05-27,M14,Street Beats,Hip-Hop,3
1506,2025-05-27,M11,Heartbreak Ballad,R&B,4
1507,2025-04-25,M15,Amapiano Vibes,Amapiano/Afrobeat,5
1507,2025-04-25,M16,Gengetone Hit,Amapiano/Afrobeat,4
1508,2025-04-21,M03,Cardio Beats,Fitness/EDM,4
1509,2025-04-07,M07,Deep Sleep,Ambient/Sleep,12
1510,2025-05-07,M08,Sunday Worship 1,Gospel,5
1510,2025-05-07,M09,Sunday Worship 2,Gospel,5
1511,2025-02-07,M01,Workout Anthem,Fitness/EDM,3
1511,2025-02-07,M02,Pump It Up,Fitness/EDM,3
1511,2025-02-07,M16,Gengetone Hit,Amapiano/Afrobeat,4
1512,2025-06-14,M10,Praise Medley,Gospel,7
1513,2025-06-04,M15,Amapiano Vibes,Amapiano/Afrobeat,5
1513,2025-06-04,M16,Gengetone Hit,Amapiano/Afrobeat,4
1513,2025-06-04,M02,Pump It Up,Fitness/EDM,3
1514,2025-02-03,M13,Hip Hop Anthem,Hip-Hop,3
1514,2025-02-03,M14,Street Beats,Hip-Hop,3
1515,2025-03-22,M15,Amapiano Vibes,Amapiano/Afrobeat,5
1515,2025-03-22,M16,Gengetone Hit,Amapiano/Afrobeat,4
1515,2025-03-22,M06,Rain Sounds,Ambient/Sleep,10
1516,2025-01-23,M01,Workout Anthem,Fitness/EDM,3
1517,2025-05-03,M01,Workout Anthem,Fitness/EDM,3
1517,2025-05-03,M02,Pump It Up,Fitness/EDM,3
1518,2025-04-29,M15,Amapiano Vibes,Amapiano/Afrobeat,5
1518,2025-04-29,M16,Gengetone Hit,Amapiano/Afrobeat,4
1519,2025-01-12,M13,Hip Hop Anthem,Hip-Hop,3
1519,2025-01-12,M14,Street Beats,Hip-Hop,3
1520,2025-04-10,M08,Sunday Worship 1,Gospel,5
1520,2025-04-10,M09,Sunday Worship 2,Gospel,5
1520,2025-04-10,M10,Praise Medley,Gospel,7
1521,2025-05-02,M08,Sunday Worship 1,Gospel,5
1521,2025-05-02,M09,Sunday Worship 2,Gospel,5
1521,2025-05-02,M10,Praise Medley,Gospel,7
1522,2025-06-13,M15,Amapiano Vibes,Amapiano/Afrobeat,5
1522,2025-06-13,M16,Gengetone Hit,Amapiano/Afrobeat,4
1523,2025-03-21,M04,Study Focus 1,Instrumental,6
1523,2025-03-21,M09,Sunday Worship 2,Gospel,5
1524,2025-04-28,M11,Heartbreak Ballad,R&B,4
1524,2025-04-28,M12,Love Story,R&B,4
1525,2025-01-09,M13,Hip Hop Anthem,Hip-Hop,3
1525,2025-01-09,M02,Pump It Up,Fitness/EDM,3
1525,2025-01-09,M07,Deep Sleep,Ambient/Sleep,12
1526,2025-02-26,M06,Rain Sounds,Ambient/Sleep,10
1526,2025-02-26,M07,Deep Sleep,Ambient/Sleep,12
1527,2025-04-10,M08,Sunday Worship 1,Gospel,5
1527,2025-04-10,M09,Sunday Worship 2,Gospel,5
1528,2025-01-18,M06,Rain Sounds,Ambient/Sleep,10
1528,2025-01-18,M11,Heartbreak Ballad,R&B,4
1529,2025-03-01,M13,Hip Hop Anthem,Hip-Hop,3
1529,2025-03-01,M14,Street Beats,Hip-Hop,3
1530,2025-03-30,M08,Sunday Worship 1,Gospel,5
1530,2025-03-30,M09,Sunday Worship 2,Gospel,5
1531,2025-01-08,M15,Amapiano Vibes,Amapiano/Afrobeat,5
1531,2025-01-08,M16,Gengetone Hit,Amapiano/Afrobeat,4
1532,2025-04-27,M08,Sunday Worship 1,Gospel,5
1532,2025-04-27,M09,Sunday Worship 2,Gospel,5
1533,2025-03-13,M01,Workout Anthem,Fitness/EDM,3
1533,2025-03-13,M02,Pump It Up,Fitness/EDM,3
1533,2025-03-13,M03,Cardio Beats,Fitness/EDM,4
1534,2025-01-02,M10,Praise Medley,Gospel,7
1534,2025-01-02,M05,Study Focus 2,Instrumental,5
1534,2025-01-02,M14,Street Beats,Hip-Hop,3
1534,2025-01-02,M03,Cardio Beats,Fitness/EDM,4
1535,2025-06-02,M13,Hip Hop Anthem,Hip-Hop,3
1535,2025-06-02,M14,Street Beats,Hip-Hop,3
1535,2025-06-02,M15,Amapiano Vibes,Amapiano/Afrobeat,5
1536,2025-06-21,M06,Rain Sounds,Ambient/Sleep,10
1537,2025-03-26,M11,Heartbreak Ballad,R&B,4
1537,2025-03-26,M12,Love Story,R&B,4
1538,2025-05-15,M11,Heartbreak Ballad,R&B,4
1538,2025-05-15,M14,Street Beats,Hip-Hop,3
1538,2025-05-15,M02,Pump It Up,Fitness/EDM,3
1538,2025-05-15,M12,Love Story,R&B,4
1539,2025-03-01,M13,Hip Hop Anthem,Hip-Hop,3
1539,2025-03-01,M16,Gengetone Hit,Amapiano/Afrobeat,4
1539,2025-03-01,M12,Love Story,R&B,4
1540,2025-04-08,M06,Rain Sounds,Ambient/Sleep,10
1541,2025-03-30,M08,Sunday Worship 1,Gospel,5
1541,2025-03-30,M09,Sunday Worship 2,Gospel,5
1541,2025-03-30,M10,Praise Medley,Gospel,7
1542,2025-06-13,M09,Sunday Worship 2,Gospel,5
1542,2025-06-13,M13,Hip Hop Anthem,Hip-Hop,3
1542,2025-06-13,M03,Cardio Beats,Fitness/EDM,4
1543,2025-03-29,M15,Amapiano Vibes,Amapiano/Afrobeat,5
1543,2025-03-29,M16,Gengetone Hit,Amapiano/Afrobeat,4
1544,2025-03-19,M10,Praise Medley,Gospel,7
1544,2025-03-19,M13,Hip Hop Anthem,Hip-Hop,3
1544,2025-03-19,M08,Sunday Worship 1,Gospel,5
1544,2025-03-19,M12,Love Story,R&B,4
1545,2025-06-27,M01,Workout Anthem,Fitness/EDM,3
1545,2025-06-27,M02,Pump It Up,Fitness/EDM,3
1545,2025-06-27,M03,Cardio Beats,Fitness/EDM,4
1546,2025-02-17,M15,Amapiano Vibes,Amapiano/Afrobeat,5
1546,2025-02-17,M13,Hip Hop Anthem,Hip-Hop,3
1547,2025-02-16,M01,Workout Anthem,Fitness/EDM,3
1547,2025-02-16,M02,Pump It Up,Fitness/EDM,3
1547,2025-02-16,M03,Cardio Beats,Fitness/EDM,4
1548,2025-01-24,M08,Sunday Worship 1,Gospel,5
1549,2025-05-17,M04,Study Focus 1,Instrumental,6
1549,2025-05-17,M05,Study Focus 2,Instrumental,5
1550,2025-06-14,M02,Pump It Up,Fitness/EDM,3
1550,2025-06-14,M06,Rain Sounds,Ambient/Sleep,10
1550,2025-06-14,M03,Cardio Beats,Fitness/EDM,4
1551,2025-03-18,M11,Heartbreak Ballad,R&B,4
1551,2025-03-18,M12,Love Story,R&B,4
1552,2025-03-30,M06,Rain Sounds,Ambient/Sleep,10
1552,2025-03-30,M07,Deep Sleep,Ambient/Sleep,12
1553,2025-05-07,M11,Heartbreak Ballad,R&B,4
1553,2025-05-07,M12,Love Story,R&B,4
1554,2025-06-03,M01,Workout Anthem,Fitness/EDM,3
1554,2025-06-03,M02,Pump It Up,Fitness/EDM,3
1555,2025-01-24,M04,Study Focus 1,Instrumental,6
1555,2025-01-24,M05,Study Focus 2,Instrumental,5
1555,2025-01-24,M06,Rain Sounds,Ambient/Sleep,10
1556,2025-02-09,M12,Love Story,R&B,4
1556,2025-02-09,M04,Study Focus 1,Instrumental,6
1556,2025-02-09,M05,Study Focus 2,Instrumental,5
1556,2025-02-09,M08,Sunday Worship 1,Gospel,5
1557,2025-04-07,M04,Study Focus 1,Instrumental,6
1557,2025-04-07,M05,Study Focus 2,Instrumental,5
1558,2025-05-11,M15,Amapiano Vibes,Amapiano/Afrobeat,5
1559,2025-01-11,M04,Study Focus 1,Instrumental,6
1559,2025-01-11,M16,Gengetone Hit,Amapiano/Afrobeat,4
1560,2025-03-24,M08,Sunday Worship 1,Gospel,5
1560,2025-03-24,M09,Sunday Worship 2,Gospel,5
1561,2025-01-11,M16,Gengetone Hit,Amapiano/Afrobeat,4
1562,2025-03-12,M16,Gengetone Hit,Amapiano/Afrobeat,4
1563,2025-06-03,M15,Amapiano Vibes,Amapiano/Afrobeat,5
1563,2025-06-03,M16,Gengetone Hit,Amapiano/Afrobeat,4
1564,2025-06-05,M01,Workout Anthem,Fitness/EDM,3
1564,2025-06-05,M02,Pump It Up,Fitness/EDM,3
1564,2025-06-05,M03,Cardio Beats,Fitness/EDM,4
1564,2025-06-05,M10,Praise Medley,Gospel,7
1565,2025-04-26,M02,Pump It Up,Fitness/EDM,3
1565,2025-04-26,M09,Sunday Worship 2,Gospel,5
1565,2025-04-26,M06,Rain Sounds,Ambient/Sleep,10
1566,2025-02-26,M11,Heartbreak Ballad,R&B,4
1566,2025-02-26,M12,Love Story,R&B,4
1567,2025-02-23,M01,Workout Anthem,Fitness/EDM,3
1567,2025-02-23,M02,Pump It Up,Fitness/EDM,3
1568,2025-06-07,M13,Hip Hop Anthem,Hip-Hop,3
1568,2025-06-07,M14,Street Beats,Hip-Hop,3
1569,2025-06-19,M16,Gengetone Hit,Amapiano/Afrobeat,4
1569,2025-06-19,M10,Praise Medley,Gospel,7
1570,2025-05-16,M04,Study Focus 1,Instrumental,6
1570,2025-05-16,M05,Study Focus 2,Instrumental,5
1570,2025-05-16,M06,Rain Sounds,Ambient/Sleep,10
1571,2025-02-15,M15,Amapiano Vibes,Amapiano/Afrobeat,5
1571,2025-02-15,M16,Gengetone Hit,Amapiano/Afrobeat,4
1572,2025-05-20,M11,Heartbreak Ballad,R&B,4
1572,2025-05-20,M12,Love Story,R&B,4
1573,2025-02-17,M06,Rain Sounds,Ambient/Sleep,10
1573,2025-02-17,M07,Deep Sleep,Ambient/Sleep,12
1574,2025-05-15,M01,Workout Anthem,Fitness/EDM,3
1574,2025-05-15,M02,Pump It Up,Fitness/EDM,3
1574,2025-05-15,M03,Cardio Beats,Fitness/EDM,4
1575,2025-02-11,M08,Sunday Worship 1,Gospel,5
1575,2025-02-11,M09,Sunday Worship 2,Gospel,5
1576,2025-03-22,M01,Workout Anthem,Fitness/EDM,3
1576,2025-03-22,M02,Pump It Up,Fitness/EDM,3
1577,2025-05-24,M13,Hip Hop Anthem,Hip-Hop,3
1577,2025-05-24,M14,Street Beats,Hip-Hop,3
1578,2025-06-19,M04,Study Focus 1,Instrumental,6
1578,2025-06-19,M01,Workout Anthem,Fitness/EDM,3
1578,2025-06-19,M03,Cardio Beats,Fitness/EDM,4
1578,2025-06-19,M09,Sunday Worship 2,Gospel,5
1579,2025-02-02,M08,Sunday Worship 1,Gospel,5
1579,2025-02-02,M09,Sunday Worship 2,Gospel,5
1580,2025-02-15,M14,Street Beats,Hip-Hop,3
1580,2025-02-15,M09,Sunday Worship 2,Gospel,5
1580,2025-02-15,M15,Amapiano Vibes,Amapiano/Afrobeat,5
1581,2025-01-19,M04,Study Focus 1,Instrumental,6
1581,2025-01-19,M02,Pump It Up,Fitness/EDM,3
1582,2025-06-12,M05,Study Focus 2,Instrumental,5
1583,2025-04-01,M15,Amapiano Vibes,Amapiano/Afrobeat,5
1583,2025-04-01,M16,Gengetone Hit,Amapiano/Afrobeat,4
1583,2025-04-01,M09,Sunday Worship 2,Gospel,5
1584,2025-06-10,M15,Amapiano Vibes,Amapiano/Afrobeat,5
1584,2025-06-10,M16,Gengetone Hit,Amapiano/Afrobeat,4
1585,2025-03-22,M13,Hip Hop Anthem,Hip-Hop,3
1585,2025-03-22,M14,Street Beats,Hip-Hop,3
1586,2025-06-05,M05,Study Focus 2,Instrumental,5
1587,2025-06-08,M07,Deep Sleep,Ambient/Sleep,12
1587,2025-06-08,M13,Hip Hop Anthem,Hip-Hop,3
1587,2025-06-08,M15,Amapiano Vibes,Amapiano/Afrobeat,5
1587,2025-06-08,M06,Rain Sounds,Ambient/Sleep,10
1588,2025-06-30,M13,Hip Hop Anthem,Hip-Hop,3
1588,2025-06-30,M14,Street Beats,Hip-Hop,3
1588,2025-06-30,M15,Amapiano Vibes,Amapiano/Afrobeat,5
1589,2025-06-14,M04,Study Focus 1,Instrumental,6
1589,2025-06-14,M08,Sunday Worship 1,Gospel,5
1589,2025-06-14,M12,Love Story,R&B,4
1590,2025-05-17,M16,Gengetone Hit,Amapiano/Afrobeat,4
1590,2025-05-17,M04,Study Focus 1,Instrumental,6
1591,2025-04-23,M01,Workout Anthem,Fitness/EDM,3
1591,2025-04-23,M07,Deep Sleep,Ambient/Sleep,12
1591,2025-04-23,M05,Study Focus 2,Instrumental,5
1592,2025-04-20,M04,Study Focus 1,Instrumental,6
1592,2025-04-20,M05,Study Focus 2,Instrumental,5
1593,2025-02-17,M08,Sunday Worship 1,Gospel,5
1593,2025-02-17,M09,Sunday Worship 2,Gospel,5
1593,2025-02-17,M10,Praise Medley,Gospel,7
1594,2025-04-24,M15,Amapiano Vibes,Amapiano/Afrobeat,5
1594,2025-04-24,M16,Gengetone Hit,Amapiano/Afrobeat,4
1595,2025-01-08,M11,Heartbreak Ballad,R&B,4
1595,2025-01-08,M12,Love Story,R&B,4
1596,2025-03-10,M11,Heartbreak Ballad,R&B,4
1596,2025-03-10,M12,Love Story,R&B,4
1597,2025-01-08,M08,Sunday Worship 1,Gospel,5
1597,2025-01-08,M09,Sunday Worship 2,Gospel,5
1597,2025-01-08,M10,Praise Medley,Gospel,7
1598,2025-02-23,M15,Amapiano Vibes,Amapiano/Afrobeat,5
1598,2025-02-23,M16,Gengetone Hit,Amapiano/Afrobeat,4
1598,2025-02-23,M04,Study Focus 1,Instrumental,6
1599,2025-02-02,M04,Study Focus 1,Instrumental,6
1599,2025-02-02,M05,Study Focus 2,Instrumental,5
1600,2025-01-09,M12,Love Story,R&B,4
1600,2025-01-09,M01,Workout Anthem,Fitness/EDM,3
1600,2025-01-09,M13,Hip Hop Anthem,Hip-Hop,3
1600,2025-01-09,M03,Cardio Beats,Fitness/EDM,4
1601,2025-04-25,M15,Amapiano Vibes,Amapiano/Afrobeat,5
1601,2025-04-25,M16,Gengetone Hit,Amapiano/Afrobeat,4
1602,2025-03-10,M15,Amapiano Vibes,Amapiano/Afrobeat,5
1602,2025-03-10,M16,Gengetone Hit,Amapiano/Afrobeat,4
1603,2025-03-25,M08,Sunday Worship 1,Gospel,5
1603,2025-03-25,M09,Sunday Worship 2,Gospel,5
1604,2025-04-10,M06,Rain Sounds,Ambient/Sleep,10
1604,2025-04-10,M07,Deep Sleep,Ambient/Sleep,12
1605,2025-02-13,M13,Hip Hop Anthem,Hip-Hop,3
1605,2025-02-13,M14,Street Beats,Hip-Hop,3
1606,2025-03-03,M06,Rain Sounds,Ambient/Sleep,10
1606,2025-03-03,M07,Deep Sleep,Ambient/Sleep,12
1607,2025-04-26,M01,Workout Anthem,Fitness/EDM,3
1607,2025-04-26,M02,Pump It Up,Fitness/EDM,3
1608,2025-03-01,M06,Rain Sounds,Ambient/Sleep,10
1608,2025-03-01,M07,Deep Sleep,Ambient/Sleep,12
1609,2025-03-22,M09,Sunday Worship 2,Gospel,5
1609,2025-03-22,M13,Hip Hop Anthem,Hip-Hop,3
1610,2025-06-04,M01,Workout Anthem,Fitness/EDM,3
1610,2025-06-04,M02,Pump It Up,Fitness/EDM,3
1610,2025-06-04,M03,Cardio Beats,Fitness/EDM,4
1610,2025-06-04,M04,Study Focus 1,Instrumental,6
1611,2025-04-16,M10,Praise Medley,Gospel,7
1611,2025-04-16,M02,Pump It Up,Fitness/EDM,3
1612,2025-04-29,M02,Pump It Up,Fitness/EDM,3
1612,2025-04-29,M06,Rain Sounds,Ambient/Sleep,10
1613,2025-04-18,M08,Sunday Worship 1,Gospel,5
1613,2025-04-18,M06,Rain Sounds,Ambient/Sleep,10
1613,2025-04-18,M07,Deep Sleep,Ambient/Sleep,12
1614,2025-01-08,M03,Cardio Beats,Fitness/EDM,4
1615,2025-02-08,M06,Rain Sounds,Ambient/Sleep,10
1615,2025-02-08,M07,Deep Sleep,Ambient/Sleep,12
1616,2025-04-18,M06,Rain Sounds,Ambient/Sleep,10
1616,2025-04-18,M07,Deep Sleep,Ambient/Sleep,12
1617,2025-01-03,M08,Sunday Worship 1,Gospel,5
1617,2025-01-03,M05,Study Focus 2,Instrumental,5
1617,2025-01-03,M14,Street Beats,Hip-Hop,3
1618,2025-01-19,M15,Amapiano Vibes,Amapiano/Afrobeat,5
1618,2025-01-19,M09,Sunday Worship 2,Gospel,5
1618,2025-01-19,M12,Love Story,R&B,4
1618,2025-01-19,M05,Study Focus 2,Instrumental,5
1619,2025-04-03,M06,Rain Sounds,Ambient/Sleep,10
1619,2025-04-03,M07,Deep Sleep,Ambient/Sleep,12
1620,2025-03-27,M13,Hip Hop Anthem,Hip-Hop,3
1620,2025-03-27,M14,Street Beats,Hip-Hop,3
1620,2025-03-27,M15,Amapiano Vibes,Amapiano/Afrobeat,5
1621,2025-03-18,M01,Workout Anthem,Fitness/EDM,3
1621,2025-03-18,M02,Pump It Up,Fitness/EDM,3
1622,2025-01-24,M11,Heartbreak Ballad,R&B,4
1622,2025-01-24,M12,Love Story,R&B,4
1623,2025-06-21,M06,Rain Sounds,Ambient/Sleep,10
1623,2025-06-21,M07,Deep Sleep,Ambient/Sleep,12
1624,2025-06-25,M08,Sunday Worship 1,Gospel,5
1624,2025-06-25,M15,Amapiano Vibes,Amapiano/Afrobeat,5
1625,2025-04-05,M04,Study Focus 1,Instrumental,6
1625,2025-04-05,M14,Street Beats,Hip-Hop,3
1625,2025-04-05,M15,Amapiano Vibes,Amapiano/Afrobeat,5
1625,2025-04-05,M12,Love Story,R&B,4
1626,2025-01-04,M11,Heartbreak Ballad,R&B,4
1626,2025-01-04,M12,Love Story,R&B,4
1627,2025-04-15,M04,Study Focus 1,Instrumental,6
1627,2025-04-15,M05,Study Focus 2,Instrumental,5
1628,2025-01-14,M01,Workout Anthem,Fitness/EDM,3
1628,2025-01-14,M02,Pump It Up,Fitness/EDM,3
1629,2025-01-14,M11,Heartbreak Ballad,R&B,4
1629,2025-01-14,M12,Love Story,R&B,4
1630,2025-06-01,M15,Amapiano Vibes,Amapiano/Afrobeat,5
1630,2025-06-01,M16,Gengetone Hit,Amapiano/Afrobeat,4
1631,2025-04-27,M08,Sunday Worship 1,Gospel,5
1631,2025-04-27,M09,Sunday Worship 2,Gospel,5
1632,2025-04-03,M07,Deep Sleep,Ambient/Sleep,12
1632,2025-04-03,M13,Hip Hop Anthem,Hip-Hop,3
1632,2025-04-03,M03,Cardio Beats,Fitness/EDM,4
1632,2025-04-03,M08,Sunday Worship 1,Gospel,5
1633,2025-01-06,M07,Deep Sleep,Ambient/Sleep,12
1633,2025-01-06,M05,Study Focus 2,Instrumental,5
1634,2025-05-12,M15,Amapiano Vibes,Amapiano/Afrobeat,5
1634,2025-05-12,M16,Gengetone Hit,Amapiano/Afrobeat,4
1635,2025-06-14,M06,Rain Sounds,Ambient/Sleep,10
1635,2025-06-14,M07,Deep Sleep,Ambient/Sleep,12
1636,2025-04-11,M08,Sunday Worship 1,Gospel,5
1636,2025-04-11,M09,Sunday Worship 2,Gospel,5
1637,2025-04-28,M14,Street Beats,Hip-Hop,3
1637,2025-04-28,M03,Cardio Beats,Fitness/EDM,4
1637,2025-04-28,M11,Heartbreak Ballad,R&B,4
1637,2025-04-28,M09,Sunday Worship 2,Gospel,5
1638,2025-02-08,M01,Workout Anthem,Fitness/EDM,3
1638,2025-02-08,M02,Pump It Up,Fitness/EDM,3
1639,2025-05-03,M06,Rain Sounds,Ambient/Sleep,10
1639,2025-05-03,M07,Deep Sleep,Ambient/Sleep,12
1640,2025-03-27,M10,Praise Medley,Gospel,7
1641,2025-02-23,M02,Pump It Up,Fitness/EDM,3
1642,2025-02-19,M15,Amapiano Vibes,Amapiano/Afrobeat,5
1642,2025-02-19,M16,Gengetone Hit,Amapiano/Afrobeat,4
1643,2025-04-22,M06,Rain Sounds,Ambient/Sleep,10
1643,2025-04-22,M07,Deep Sleep,Ambient/Sleep,12
1644,2025-05-04,M04,Study Focus 1,Instrumental,6
1644,2025-05-04,M05,Study Focus 2,Instrumental,5
1645,2025-06-18,M13,Hip Hop Anthem,Hip-Hop,3
1645,2025-06-18,M14,Street Beats,Hip-Hop,3
1646,2025-03-01,M15,Amapiano Vibes,Amapiano/Afrobeat,5
1646,2025-03-01,M16,Gengetone Hit,Amapiano/Afrobeat,4
1647,2025-05-29,M01,Workout Anthem,Fitness/EDM,3
1647,2025-05-29,M02,Pump It Up,Fitness/EDM,3
1648,2025-02-21,M06,Rain Sounds,Ambient/Sleep,10
1648,2025-02-21,M07,Deep Sleep,Ambient/Sleep,12
1649,2025-02-19,M15,Amapiano Vibes,Amapiano/Afrobeat,5
1649,2025-02-19,M16,Gengetone Hit,Amapiano/Afrobeat,4
1649,2025-02-19,M04,Study Focus 1,Instrumental,6
1650,2025-05-16,M04,Study Focus 1,Instrumental,6
1650,2025-05-16,M05,Study Focus 2,Instrumental,5
1650,2025-05-16,M10,Praise Medley,Gospel,7
1651,2025-01-20,M06,Rain Sounds,Ambient/Sleep,10
1652,2025-06-21,M15,Amapiano Vibes,Amapiano/Afrobeat,5
1652,2025-06-21,M14,Street Beats,Hip-Hop,3
1653,2025-04-09,M08,Sunday Worship 1,Gospel,5
1653,2025-04-09,M09,Sunday Worship 2,Gospel,5
1654,2025-01-19,M15,Amapiano Vibes,Amapiano/Afrobeat,5
1654,2025-01-19,M16,Gengetone Hit,Amapiano/Afrobeat,4
1655,2025-01-30,M01,Workout Anthem,Fitness/EDM,3
1655,2025-01-30,M02,Pump It Up,Fitness/EDM,3
1656,2025-06-21,M03,Cardio Beats,Fitness/EDM,4
1656,2025-06-21,M02,Pump It Up,Fitness/EDM,3
1657,2025-05-03,M06,Rain Sounds,Ambient/Sleep,10
1657,2025-05-03,M07,Deep Sleep,Ambient/Sleep,12
1658,2025-04-03,M08,Sunday Worship 1,Gospel,5
1658,2025-04-03,M09,Sunday Worship 2,Gospel,5
1659,2025-01-28,M01,Workout Anthem,Fitness/EDM,3
1659,2025-01-28,M02,Pump It Up,Fitness/EDM,3
1660,2025-03-21,M05,Study Focus 2,Instrumental,5
1660,2025-03-21,M02,Pump It Up,Fitness/EDM,3
1660,2025-03-21,M07,Deep Sleep,Ambient/Sleep,12
1661,2025-01-17,M15,Amapiano Vibes,Amapiano/Afrobeat,5
1661,2025-01-17,M16,Gengetone Hit,Amapiano/Afrobeat,4
1662,2025-02-23,M11,Heartbreak Ballad,R&B,4
1662,2025-02-23,M12,Love Story,R&B,4
1663,2025-02-28,M11,Heartbreak Ballad,R&B,4
1663,2025-02-28,M12,Love Story,R&B,4
1664,2025-06-18,M13,Hip Hop Anthem,Hip-Hop,3
1664,2025-06-18,M14,Street Beats,Hip-Hop,3
1664,2025-06-18,M15,Amapiano Vibes,Amapiano/Afrobeat,5
1665,2025-06-10,M11,Heartbreak Ballad,R&B,4
1665,2025-06-10,M12,Love Story,R&B,4
1666,2025-03-09,M13,Hip Hop Anthem,Hip-Hop,3
1666,2025-03-09,M14,Street Beats,Hip-Hop,3
1667,2025-04-13,M06,Rain Sounds,Ambient/Sleep,10
1667,2025-04-13,M07,Deep Sleep,Ambient/Sleep,12
1668,2025-02-06,M01,Workout Anthem,Fitness/EDM,3
1668,2025-02-06,M02,Pump It Up,Fitness/EDM,3
1669,2025-01-04,M05,Study Focus 2,Instrumental,5
1669,2025-01-04,M10,Praise Medley,Gospel,7
1669,2025-01-04,M13,Hip Hop Anthem,Hip-Hop,3
1670,2025-04-08,M13,Hip Hop Anthem,Hip-Hop,3
1670,2025-04-08,M14,Street Beats,Hip-Hop,3
1670,2025-04-08,M15,Amapiano Vibes,Amapiano/Afrobeat,5
1671,2025-06-07,M13,Hip Hop Anthem,Hip-Hop,3
1671,2025-06-07,M14,Street Beats,Hip-Hop,3
1671,2025-06-07,M11,Heartbreak Ballad,R&B,4
1671,2025-06-07,M01,Workout Anthem,Fitness/EDM,3
1672,2025-01-10,M06,Rain Sounds,Ambient/Sleep,10
1672,2025-01-10,M07,Deep Sleep,Ambient/Sleep,12
1673,2025-04-11,M15,Amapiano Vibes,Amapiano/Afrobeat,5
1673,2025-04-11,M16,Gengetone Hit,Amapiano/Afrobeat,4
1674,2025-06-02,M01,Workout Anthem,Fitness/EDM,3
1674,2025-06-02,M02,Pump It Up,Fitness/EDM,3
1674,2025-06-02,M03,Cardio Beats,Fitness/EDM,4
1675,2025-02-11,M11,Heartbreak Ballad,R&B,4
1675,2025-02-11,M12,Love Story,R&B,4
1676,2025-04-12,M01,Workout Anthem,Fitness/EDM,3
1676,2025-04-12,M02,Pump It Up,Fitness/EDM,3
1676,2025-04-12,M03,Cardio Beats,Fitness/EDM,4
1677,2025-04-06,M15,Amapiano Vibes,Amapiano/Afrobeat,5
1677,2025-04-06,M16,Gengetone Hit,Amapiano/Afrobeat,4
1678,2025-06-16,M12,Love Story,R&B,4
1678,2025-06-16,M15,Amapiano Vibes,Amapiano/Afrobeat,5
1678,2025-06-16,M11,Heartbreak Ballad,R&B,4
1679,2025-04-30,M11,Heartbreak Ballad,R&B,4
1679,2025-04-30,M12,Love Story,R&B,4
1680,2025-02-02,M08,Sunday Worship 1,Gospel,5
1680,2025-02-02,M09,Sunday Worship 2,Gospel,5
1681,2025-06-24,M08,Sunday Worship 1,Gospel,5
1681,2025-06-24,M09,Sunday Worship 2,Gospel,5
1681,2025-06-24,M10,Praise Medley,Gospel,7
1682,2025-05-13,M13,Hip Hop Anthem,Hip-Hop,3
1682,2025-05-13,M14,Street Beats,Hip-Hop,3
1682,2025-05-13,M15,Amapiano Vibes,Amapiano/Afrobeat,5
1683,2025-01-20,M04,Study Focus 1,Instrumental,6
1683,2025-01-20,M05,Study Focus 2,Instrumental,5
1684,2025-03-10,M04,Study Focus 1,Instrumental,6
1684,2025-03-10,M06,Rain Sounds,Ambient/Sleep,10
1685,2025-05-15,M06,Rain Sounds,Ambient/Sleep,10
1686,2025-05-06,M08,Sunday Worship 1,Gospel,5
1686,2025-05-06,M09,Sunday Worship 2,Gospel,5
1686,2025-05-06,M10,Praise Medley,Gospel,7
1687,2025-04-25,M14,Street Beats,Hip-Hop,3
1687,2025-04-25,M07,Deep Sleep,Ambient/Sleep,12
1687,2025-04-25,M03,Cardio Beats,Fitness/EDM,4
1688,2025-06-22,M11,Heartbreak Ballad,R&B,4
1688,2025-06-22,M12,Love Story,R&B,4
1689,2025-03-23,M06,Rain Sounds,Ambient/Sleep,10
1689,2025-03-23,M15,Amapiano Vibes,Amapiano/Afrobeat,5
1689,2025-03-23,M01,Workout Anthem,Fitness/EDM,3
1689,2025-03-23,M16,Gengetone Hit,Amapiano/Afrobeat,4
1690,2025-03-26,M13,Hip Hop Anthem,Hip-Hop,3
1690,2025-03-26,M14,Street Beats,Hip-Hop,3
1691,2025-04-28,M11,Heartbreak Ballad,R&B,4
1692,2025-06-21,M01,Workout Anthem,Fitness/EDM,3
1692,2025-06-21,M02,Pump It Up,Fitness/EDM,3
1693,2025-06-06,M06,Rain Sounds,Ambient/Sleep,10
1693,2025-06-06,M07,Deep Sleep,Ambient/Sleep,12
1694,2025-04-09,M06,Rain Sounds,Ambient/Sleep,10
1694,2025-04-09,M04,Study Focus 1,Instrumental,6
1695,2025-05-30,M11,Heartbreak Ballad,R&B,4
1695,2025-05-30,M12,Love Story,R&B,4
1696,2025-05-29,M11,Heartbreak Ballad,R&B,4
1696,2025-05-29,M10,Praise Medley,Gospel,7
1696,2025-05-29,M02,Pump It Up,Fitness/EDM,3
1697,2025-02-23,M07,Deep Sleep,Ambient/Sleep,12
1697,2025-02-23,M14,Street Beats,Hip-Hop,3
1697,2025-02-23,M16,Gengetone Hit,Amapiano/Afrobeat,4
1697,2025-02-23,M06,Rain Sounds,Ambient/Sleep,10
1698,2025-05-08,M06,Rain Sounds,Ambient/Sleep,10
1698,2025-05-08,M07,Deep Sleep,Ambient/Sleep,12
1698,2025-05-08,M04,Study Focus 1,Instrumental,6
1699,2025-01-20,M03,Cardio Beats,Fitness/EDM,4
1699,2025-01-20,M01,Workout Anthem,Fitness/EDM,3
1700,2025-01-12,M04,Study Focus 1,Instrumental,6
1700,2025-01-12,M05,Study Focus 2,Instrumental,5
1701,2025-06-01,M10,Praise Medley,Gospel,7
1701,2025-06-01,M05,Study Focus 2,Instrumental,5
1701,2025-06-01,M04,Study Focus 1,Instrumental,6
1701,2025-06-01,M15,Amapiano Vibes,Amapiano/Afrobeat,5
1702,2025-02-08,M13,Hip Hop Anthem,Hip-Hop,3
1702,2025-02-08,M14,Street Beats,Hip-Hop,3
1703,2025-02-22,M13,Hip Hop Anthem,Hip-Hop,3
1703,2025-02-22,M14,Street Beats,Hip-Hop,3
1704,2025-05-16,M08,Sunday Worship 1,Gospel,5
1704,2025-05-16,M09,Sunday Worship 2,Gospel,5
1705,2025-01-04,M08,Sunday Worship 1,Gospel,5
1705,2025-01-04,M09,Sunday Worship 2,Gospel,5
1705,2025-01-04,M10,Praise Medley,Gospel,7
1706,2025-04-24,M15,Amapiano Vibes,Amapiano/Afrobeat,5
1706,2025-04-24,M16,Gengetone Hit,Amapiano/Afrobeat,4
1707,2025-01-17,M01,Workout Anthem,Fitness/EDM,3
1707,2025-01-17,M02,Pump It Up,Fitness/EDM,3
1707,2025-01-17,M03,Cardio Beats,Fitness/EDM,4
1708,2025-02-20,M13,Hip Hop Anthem,Hip-Hop,3
1708,2025-02-20,M14,Street Beats,Hip-Hop,3
1709,2025-06-24,M11,Heartbreak Ballad,R&B,4
1709,2025-06-24,M12,Love Story,R&B,4
1709,2025-06-24,M09,Sunday Worship 2,Gospel,5
1710,2025-06-29,M01,Workout Anthem,Fitness/EDM,3
1710,2025-06-29,M15,Amapiano Vibes,Amapiano/Afrobeat,5
1711,2025-06-14,M13,Hip Hop Anthem,Hip-Hop,3
1711,2025-06-14,M14,Street Beats,Hip-Hop,3
1712,2025-06-02,M15,Amapiano Vibes,Amapiano/Afrobeat,5
1712,2025-06-02,M16,Gengetone Hit,Amapiano/Afrobeat,4
1713,2025-03-25,M08,Sunday Worship 1,Gospel,5
1713,2025-03-25,M09,Sunday Worship 2,Gospel,5
1713,2025-03-25,M10,Praise Medley,Gospel,7
1714,2025-05-03,M11,Heartbreak Ballad,R&B,4
1714,2025-05-03,M12,Love Story,R&B,4
1714,2025-05-03,M15,Amapiano Vibes,Amapiano/Afrobeat,5
1715,2025-05-18,M15,Amapiano Vibes,Amapiano/Afrobeat,5
1715,2025-05-18,M14,Street Beats,Hip-Hop,3
1715,2025-05-18,M01,Workout Anthem,Fitness/EDM,3
1715,2025-05-18,M09,Sunday Worship 2,Gospel,5
1716,2025-05-19,M11,Heartbreak Ballad,R&B,4
1716,2025-05-19,M12,Love Story,R&B,4
1716,2025-05-19,M08,Sunday Worship 1,Gospel,5
1717,2025-02-06,M06,Rain Sounds,Ambient/Sleep,10
1717,2025-02-06,M07,Deep Sleep,Ambient/Sleep,12
1718,2025-04-29,M13,Hip Hop Anthem,Hip-Hop,3
1718,2025-04-29,M14,Street Beats,Hip-Hop,3
1719,2025-03-19,M15,Amapiano Vibes,Amapiano/Afrobeat,5
1719,2025-03-19,M16,Gengetone Hit,Amapiano/Afrobeat,4
1720,2025-06-01,M01,Workout Anthem,Fitness/EDM,3
1720,2025-06-01,M02,Pump It Up,Fitness/EDM,3
1721,2025-03-05,M06,Rain Sounds,Ambient/Sleep,10
1721,2025-03-05,M07,Deep Sleep,Ambient/Sleep,12
1722,2025-03-11,M03,Cardio Beats,Fitness/EDM,4
1722,2025-03-11,M15,Amapiano Vibes,Amapiano/Afrobeat,5
1722,2025-03-11,M05,Study Focus 2,Instrumental,5
1722,2025-03-11,M14,Street Beats,Hip-Hop,3
1723,2025-03-20,M11,Heartbreak Ballad,R&B,4
1723,2025-03-20,M12,Love Story,R&B,4
1724,2025-06-18,M08,Sunday Worship 1,Gospel,5
1724,2025-06-18,M05,Study Focus 2,Instrumental,5
1725,2025-04-19,M13,Hip Hop Anthem,Hip-Hop,3
1725,2025-04-19,M14,Street Beats,Hip-Hop,3
1726,2025-01-23,M13,Hip Hop Anthem,Hip-Hop,3
1726,2025-01-23,M14,Street Beats,Hip-Hop,3
1726,2025-01-23,M15,Amapiano Vibes,Amapiano/Afrobeat,5
1727,2025-06-29,M01,Workout Anthem,Fitness/EDM,3
1728,2025-03-06,M11,Heartbreak Ballad,R&B,4
1728,2025-03-06,M12,Love Story,R&B,4
1729,2025-01-04,M08,Sunday Worship 1,Gospel,5
1729,2025-01-04,M10,Praise Medley,Gospel,7
1730,2025-06-27,M11,Heartbreak Ballad,R&B,4
1730,2025-06-27,M12,Love Story,R&B,4
1731,2025-06-21,M06,Rain Sounds,Ambient/Sleep,10
1731,2025-06-21,M07,Deep Sleep,Ambient/Sleep,12
1732,2025-01-10,M11,Heartbreak Ballad,R&B,4
1732,2025-01-10,M12,Love Story,R&B,4
1733,2025-01-07,M02,Pump It Up,Fitness/EDM,3
1733,2025-01-07,M14,Street Beats,Hip-Hop,3
1733,2025-01-07,M16,Gengetone Hit,Amapiano/Afrobeat,4
1734,2025-01-04,M13,Hip Hop Anthem,Hip-Hop,3
1734,2025-01-04,M14,Street Beats,Hip-Hop,3
1734,2025-01-04,M15,Amapiano Vibes,Amapiano/Afrobeat,5
1735,2025-06-20,M01,Workout Anthem,Fitness/EDM,3
1735,2025-06-20,M06,Rain Sounds,Ambient/Sleep,10
1735,2025-06-20,M11,Heartbreak Ballad,R&B,4
1736,2025-01-08,M04,Study Focus 1,Instrumental,6
1736,2025-01-08,M05,Study Focus 2,Instrumental,5
1737,2025-02-24,M13,Hip Hop Anthem,Hip-Hop,3
1737,2025-02-24,M14,Street Beats,Hip-Hop,3
1738,2025-02-13,M02,Pump It Up,Fitness/EDM,3
1738,2025-02-13,M01,Workout Anthem,Fitness/EDM,3
1739,2025-06-20,M15,Amapiano Vibes,Amapiano/Afrobeat,5
1739,2025-06-20,M01,Workout Anthem,Fitness/EDM,3
1739,2025-06-20,M02,Pump It Up,Fitness/EDM,3
1740,2025-01-29,M07,Deep Sleep,Ambient/Sleep,12
1740,2025-01-29,M11,Heartbreak Ballad,R&B,4
1741,2025-04-11,M14,Street Beats,Hip-Hop,3
1741,2025-04-11,M15,Amapiano Vibes,Amapiano/Afrobeat,5
1741,2025-04-11,M12,Love Story,R&B,4
1741,2025-04-11,M11,Heartbreak Ballad,R&B,4
1742,2025-03-14,M11,Heartbreak Ballad,R&B,4
1742,2025-03-14,M09,Sunday Worship 2,Gospel,5
1742,2025-03-14,M14,Street Beats,Hip-Hop,3
1743,2025-04-10,M08,Sunday Worship 1,Gospel,5
1743,2025-04-10,M09,Sunday Worship 2,Gospel,5
1744,2025-04-30,M15,Amapiano Vibes,Amapiano/Afrobeat,5
1744,2025-04-30,M16,Gengetone Hit,Amapiano/Afrobeat,4
1745,2025-02-17,M04,Study Focus 1,Instrumental,6
1745,2025-02-17,M05,Study Focus 2,Instrumental,5
1746,2025-02-11,M15,Amapiano Vibes,Amapiano/Afrobeat,5
1746,2025-02-11,M16,Gengetone Hit,Amapiano/Afrobeat,4
1747,2025-02-03,M10,Praise Medley,Gospel,7
1747,2025-02-03,M03,Cardio Beats,Fitness/EDM,4
1747,2025-02-03,M11,Heartbreak Ballad,R&B,4
1747,2025-02-03,M09,Sunday Worship 2,Gospel,5
1748,2025-05-15,M08,Sunday Worship 1,Gospel,5
1748,2025-05-15,M09,Sunday Worship 2,Gospel,5
1748,2025-05-15,M10,Praise Medley,Gospel,7
1749,2025-03-30,M06,Rain Sounds,Ambient/Sleep,10
1749,2025-03-30,M07,Deep Sleep,Ambient/Sleep,12
1750,2025-04-08,M08,Sunday Worship 1,Gospel,5
1750,2025-04-08,M09,Sunday Worship 2,Gospel,5
1751,2025-01-21,M01,Workout Anthem,Fitness/EDM,3
1751,2025-01-21,M02,Pump It Up,Fitness/EDM,3
1751,2025-01-21,M03,Cardio Beats,Fitness/EDM,4
1752,2025-06-02,M05,Study Focus 2,Instrumental,5
1752,2025-06-02,M03,Cardio Beats,Fitness/EDM,4
1752,2025-06-02,M12,Love Story,R&B,4
1752,2025-06-02,M06,Rain Sounds,Ambient/Sleep,10
1753,2025-05-06,M10,Praise Medley,Gospel,7
1753,2025-05-06,M04,Study Focus 1,Instrumental,6
1753,2025-05-06,M12,Love Story,R&B,4
1753,2025-05-06,M09,Sunday Worship 2,Gospel,5
1754,2025-05-07,M04,Study Focus 1,Instrumental,6
1754,2025-05-07,M05,Study Focus 2,Instrumental,5
1755,2025-02-02,M08,Sunday Worship 1,Gospel,5
1755,2025-02-02,M09,Sunday Worship 2,Gospel,5
1756,2025-06-01,M13,Hip Hop Anthem,Hip-Hop,3
1756,2025-06-01,M14,Street Beats,Hip-Hop,3
1756,2025-06-01,M15,Amapiano Vibes,Amapiano/Afrobeat,5
1757,2025-05-21,M02,Pump It Up,Fitness/EDM,3
1758,2025-04-14,M14,Street Beats,Hip-Hop,3
1758,2025-04-14,M12,Love Story,R&B,4
1758,2025-04-14,M15,Amapiano Vibes,Amapiano/Afrobeat,5
1758,2025-04-14,M02,Pump It Up,Fitness/EDM,3
1759,2025-06-02,M03,Cardio Beats,Fitness/EDM,4
1759,2025-06-02,M05,Study Focus 2,Instrumental,5
1760,2025-05-13,M09,Sunday Worship 2,Gospel,5
1760,2025-05-13,M15,Amapiano Vibes,Amapiano/Afrobeat,5
1761,2025-06-13,M06,Rain Sounds,Ambient/Sleep,10
1761,2025-06-13,M12,Love Story,R&B,4
1761,2025-06-13,M07,Deep Sleep,Ambient/Sleep,12
1761,2025-06-13,M10,Praise Medley,Gospel,7
1762,2025-03-26,M08,Sunday Worship 1,Gospel,5
1762,2025-03-26,M09,Sunday Worship 2,Gospel,5
1763,2025-01-26,M05,Study Focus 2,Instrumental,5
1763,2025-01-26,M06,Rain Sounds,Ambient/Sleep,10
1764,2025-01-30,M07,Deep Sleep,Ambient/Sleep,12
1765,2025-03-01,M01,Workout Anthem,Fitness/EDM,3
1765,2025-03-01,M02,Pump It Up,Fitness/EDM,3
1765,2025-03-01,M03,Cardio Beats,Fitness/EDM,4
1766,2025-03-07,M13,Hip Hop Anthem,Hip-Hop,3
1766,2025-03-07,M14,Street Beats,Hip-Hop,3
1766,2025-03-07,M07,Deep Sleep,Ambient/Sleep,12
1767,2025-04-14,M15,Amapiano Vibes,Amapiano/Afrobeat,5
1767,2025-04-14,M16,Gengetone Hit,Amapiano/Afrobeat,4
1768,2025-01-03,M08,Sunday Worship 1,Gospel,5
1768,2025-01-03,M09,Sunday Worship 2,Gospel,5
1768,2025-01-03,M10,Praise Medley,Gospel,7
1769,2025-04-10,M14,Street Beats,Hip-Hop,3
1769,2025-04-10,M01,Workout Anthem,Fitness/EDM,3
1770,2025-02-04,M13,Hip Hop Anthem,Hip-Hop,3
1770,2025-02-04,M14,Street Beats,Hip-Hop,3
1771,2025-04-09,M15,Amapiano Vibes,Amapiano/Afrobeat,5
1772,2025-04-26,M04,Study Focus 1,Instrumental,6
1772,2025-04-26,M14,Street Beats,Hip-Hop,3
1773,2025-01-09,M06,Rain Sounds,Ambient/Sleep,10
1773,2025-01-09,M07,Deep Sleep,Ambient/Sleep,12
1774,2025-02-20,M11,Heartbreak Ballad,R&B,4
1774,2025-02-20,M12,Love Story,R&B,4
1775,2025-06-20,M15,Amapiano Vibes,Amapiano/Afrobeat,5
1775,2025-06-20,M16,Gengetone Hit,Amapiano/Afrobeat,4
1776,2025-05-12,M06,Rain Sounds,Ambient/Sleep,10
1776,2025-05-12,M07,Deep Sleep,Ambient/Sleep,12
1777,2025-03-12,M15,Amapiano Vibes,Amapiano/Afrobeat,5
1777,2025-03-12,M16,Gengetone Hit,Amapiano/Afrobeat,4
1778,2025-05-30,M06,Rain Sounds,Ambient/Sleep,10
1778,2025-05-30,M07,Deep Sleep,Ambient/Sleep,12
1779,2025-03-29,M08,Sunday Worship 1,Gospel,5
1779,2025-03-29,M09,Sunday Worship 2,Gospel,5
1780,2025-05-16,M11,Heartbreak Ballad,R&B,4
1780,2025-05-16,M12,Love Story,R&B,4
1781,2025-05-19,M11,Heartbreak Ballad,R&B,4
1781,2025-05-19,M08,Sunday Worship 1,Gospel,5
1781,2025-05-19,M09,Sunday Worship 2,Gospel,5
1781,2025-05-19,M02,Pump It Up,Fitness/EDM,3
1782,2025-02-12,M15,Amapiano Vibes,Amapiano/Afrobeat,5
1782,2025-02-12,M16,Gengetone Hit,Amapiano/Afrobeat,4
1783,2025-06-22,M11,Heartbreak Ballad,R&B,4
1783,2025-06-22,M12,Love Story,R&B,4
1783,2025-06-22,M01,Workout Anthem,Fitness/EDM,3
1784,2025-04-15,M10,Praise Medley,Gospel,7
1784,2025-04-15,M07,Deep Sleep,Ambient/Sleep,12
1784,2025-04-15,M06,Rain Sounds,Ambient/Sleep,10
1784,2025-04-15,M16,Gengetone Hit,Amapiano/Afrobeat,4
1785,2025-03-19,M04,Study Focus 1,Instrumental,6
1785,2025-03-19,M05,Study Focus 2,Instrumental,5
1786,2025-06-27,M13,Hip Hop Anthem,Hip-Hop,3
1786,2025-06-27,M14,Street Beats,Hip-Hop,3
1787,2025-01-28,M06,Rain Sounds,Ambient/Sleep,10
1787,2025-01-28,M08,Sunday Worship 1,Gospel,5
1787,2025-01-28,M13,Hip Hop Anthem,Hip-Hop,3
1787,2025-01-28,M04,Study Focus 1,Instrumental,6
1788,2025-05-12,M13,Hip Hop Anthem,Hip-Hop,3
1788,2025-05-12,M14,Street Beats,Hip-Hop,3
1788,2025-05-12,M10,Praise Medley,Gospel,7
1789,2025-06-15,M14,Street Beats,Hip-Hop,3
1789,2025-06-15,M02,Pump It Up,Fitness/EDM,3
1790,2025-02-18,M14,Street Beats,Hip-Hop,3
1790,2025-02-18,M09,Sunday Worship 2,Gospel,5
1791,2025-03-31,M08,Sunday Worship 1,Gospel,5
1791,2025-03-31,M09,Sunday Worship 2,Gospel,5
1792,2025-05-11,M15,Amapiano Vibes,Amapiano/Afrobeat,5
1792,2025-05-11,M16,Gengetone Hit,Amapiano/Afrobeat,4
1792,2025-05-11,M05,Study Focus 2,Instrumental,5
1793,2025-03-16,M12,Love Story,R&B,4
1793,2025-03-16,M07,Deep Sleep,Ambient/Sleep,12
1794,2025-04-10,M15,Amapiano Vibes,Amapiano/Afrobeat,5
1794,2025-04-10,M16,Gengetone Hit,Amapiano/Afrobeat,4
1795,2025-06-08,M04,Study Focus 1,Instrumental,6
1795,2025-06-08,M05,Study Focus 2,Instrumental,5
1795,2025-06-08,M06,Rain Sounds,Ambient/Sleep,10
1796,2025-05-29,M10,Praise Medley,Gospel,7
1797,2025-02-04,M06,Rain Sounds,Ambient/Sleep,10
1797,2025-02-04,M07,Deep Sleep,Ambient/Sleep,12
1798,2025-06-23,M04,Study Focus 1,Instrumental,6
1798,2025-06-23,M05,Study Focus 2,Instrumental,5
1799,2025-03-21,M01,Workout Anthem,Fitness/EDM,3
1799,2025-03-21,M02,Pump It Up,Fitness/EDM,3
1800,2025-03-11,M16,Gengetone Hit,Amapiano/Afrobeat,4
1801,2025-01-01,M04,Study Focus 1,Instrumental,6
1801,2025-01-01,M05,Study Focus 2,Instrumental,5
1801,2025-01-01,M06,Rain Sounds,Ambient/Sleep,10
1802,2025-06-14,M12,Love Story,R&B,4
1802,2025-06-14,M14,Street Beats,Hip-Hop,3
1802,2025-06-14,M13,Hip Hop Anthem,Hip-Hop,3
1802,2025-06-14,M01,Workout Anthem,Fitness/EDM,3
1803,2025-05-20,M06,Rain Sounds,Ambient/Sleep,10
1803,2025-05-20,M07,Deep Sleep,Ambient/Sleep,12
1803,2025-05-20,M16,Gengetone Hit,Amapiano/Afrobeat,4
1804,2025-03-27,M13,Hip Hop Anthem,Hip-Hop,3
1804,2025-03-27,M14,Street Beats,Hip-Hop,3
1804,2025-03-27,M07,Deep Sleep,Ambient/Sleep,12
1805,2025-03-28,M05,Study Focus 2,Instrumental,5
1805,2025-03-28,M15,Amapiano Vibes,Amapiano/Afrobeat,5
1805,2025-03-28,M08,Sunday Worship 1,Gospel,5
1806,2025-01-13,M11,Heartbreak Ballad,R&B,4
1806,2025-01-13,M12,Love Story,R&B,4
1807,2025-05-06,M14,Street Beats,Hip-Hop,3
1807,2025-05-06,M03,Cardio Beats,Fitness/EDM,4
1807,2025-05-06,M11,Heartbreak Ballad,R&B,4
1807,2025-05-06,M09,Sunday Worship 2,Gospel,5
1808,2025-02-26,M01,Workout Anthem,Fitness/EDM,3
1809,2025-03-30,M11,Heartbreak Ballad,R&B,4
1809,2025-03-30,M12,Love Story,R&B,4
1810,2025-03-12,M10,Praise Medley,Gospel,7
1810,2025-03-12,M07,Deep Sleep,Ambient/Sleep,12
1811,2025-01-12,M05,Study Focus 2,Instrumental,5
1811,2025-01-12,M14,Street Beats,Hip-Hop,3
1811,2025-01-12,M08,Sunday Worship 1,Gospel,5
1811,2025-01-12,M12,Love Story,R&B,4
1812,2025-04-28,M01,Workout Anthem,Fitness/EDM,3
1813,2025-01-17,M11,Heartbreak Ballad,R&B,4
1813,2025-01-17,M12,Love Story,R&B,4
1814,2025-02-14,M08,Sunday Worship 1,Gospel,5
1814,2025-02-14,M09,Sunday Worship 2,Gospel,5
1815,2025-06-26,M04,Study Focus 1,Instrumental,6
1815,2025-06-26,M05,Study Focus 2,Instrumental,5
1816,2025-01-16,M05,Study Focus 2,Instrumental,5
1816,2025-01-16,M13,Hip Hop Anthem,Hip-Hop,3
1816,2025-01-16,M01,Workout Anthem,Fitness/EDM,3
1817,2025-03-12,M12,Love Story,R&B,4
1817,2025-03-12,M16,Gengetone Hit,Amapiano/Afrobeat,4
1818,2025-03-20,M16,Gengetone Hit,Amapiano/Afrobeat,4
1818,2025-03-20,M12,Love Story,R&B,4
1818,2025-03-20,M09,Sunday Worship 2,Gospel,5
1819,2025-05-20,M15,Amapiano Vibes,Amapiano/Afrobeat,5
1819,2025-05-20,M16,Gengetone Hit,Amapiano/Afrobeat,4
1820,2025-04-13,M11,Heartbreak Ballad,R&B,4
1820,2025-04-13,M12,Love Story,R&B,4
1821,2025-06-04,M01,Workout Anthem,Fitness/EDM,3
1821,2025-06-04,M02,Pump It Up,Fitness/EDM,3
1822,2025-04-07,M01,Workout Anthem,Fitness/EDM,3
1822,2025-04-07,M14,Street Beats,Hip-Hop,3
1822,2025-04-07,M09,Sunday Worship 2,Gospel,5
1822,2025-04-07,M12,Love Story,R&B,4
1823,2025-04-08,M04,Study Focus 1,Instrumental,6
1823,2025-04-08,M05,Study Focus 2,Instrumental,5
1823,2025-04-08,M06,Rain Sounds,Ambient/Sleep,10
1824,2025-04-09,M10,Praise Medley,Gospel,7
1824,2025-04-09,M16,Gengetone Hit,Amapiano/Afrobeat,4
1824,2025-04-09,M07,Deep Sleep,Ambient/Sleep,12
1824,2025-04-09,M13,Hip Hop Anthem,Hip-Hop,3
1825,2025-03-04,M08,Sunday Worship 1,Gospel,5
1825,2025-03-04,M15,Amapiano Vibes,Amapiano/Afrobeat,5
1825,2025-03-04,M04,Study Focus 1,Instrumental,6
1826,2025-06-24,M06,Rain Sounds,Ambient/Sleep,10
1826,2025-06-24,M07,Deep Sleep,Ambient/Sleep,12
1827,2025-01-09,M11,Heartbreak Ballad,R&B,4
1827,2025-01-09,M12,Love Story,R&B,4
1828,2025-04-13,M01,Workout Anthem,Fitness/EDM,3
1828,2025-04-13,M16,Gengetone Hit,Amapiano/Afrobeat,4
1828,2025-04-13,M15,Amapiano Vibes,Amapiano/Afrobeat,5
1828,2025-04-13,M02,Pump It Up,Fitness/EDM,3
1829,2025-02-16,M12,Love Story,R&B,4
1829,2025-02-16,M13,Hip Hop Anthem,Hip-Hop,3
1829,2025-02-16,M16,Gengetone Hit,Amapiano/Afrobeat,4
1829,2025-02-16,M09,Sunday Worship 2,Gospel,5
1830,2025-05-25,M14,Street Beats,Hip-Hop,3
1831,2025-04-21,M03,Cardio Beats,Fitness/EDM,4
1831,2025-04-21,M06,Rain Sounds,Ambient/Sleep,10
1832,2025-05-22,M02,Pump It Up,Fitness/EDM,3
1832,2025-05-22,M12,Love Story,R&B,4
1832,2025-05-22,M16,Gengetone Hit,Amapiano/Afrobeat,4
1833,2025-05-11,M08,Sunday Worship 1,Gospel,5
1833,2025-05-11,M01,Workout Anthem,Fitness/EDM,3
1833,2025-05-11,M14,Street Beats,Hip-Hop,3
1834,2025-01-08,M10,Praise Medley,Gospel,7
1834,2025-01-08,M04,Study Focus 1,Instrumental,6
1834,2025-01-08,M12,Love Story,R&B,4
1834,2025-01-08,M11,Heartbreak Ballad,R&B,4
1835,2025-03-22,M13,Hip Hop Anthem,Hip-Hop,3
1835,2025-03-22,M14,Street Beats,Hip-Hop,3
1836,2025-02-06,M06,Rain Sounds,Ambient/Sleep,10
1836,2025-02-06,M07,Deep Sleep,Ambient/Sleep,12
1836,2025-02-06,M04,Study Focus 1,Instrumental,6
1837,2025-06-17,M13,Hip Hop Anthem,Hip-Hop,3
1837,2025-06-17,M12,Love Story,R&B,4
1837,2025-06-17,M02,Pump It Up,Fitness/EDM,3
1838,2025-05-27,M15,Amapiano Vibes,Amapiano/Afrobeat,5
1839,2025-05-09,M15,Amapiano Vibes,Amapiano/Afrobeat,5
1839,2025-05-09,M16,Gengetone Hit,Amapiano/Afrobeat,4
1840,2025-01-09,M13,Hip Hop Anthem,Hip-Hop,3
1840,2025-01-09,M14,Street Beats,Hip-Hop,3
1840,2025-01-09,M15,Amapiano Vibes,Amapiano/Afrobeat,5
1841,2025-03-02,M04,Study Focus 1,Instrumental,6
1841,2025-03-02,M05,Study Focus 2,Instrumental,5
1841,2025-03-02,M13,Hip Hop Anthem,Hip-Hop,3
1842,2025-03-08,M13,Hip Hop Anthem,Hip-Hop,3
1842,2025-03-08,M14,Street Beats,Hip-Hop,3
1843,2025-02-15,M04,Study Focus 1,Instrumental,6
1843,2025-02-15,M05,Study Focus 2,Instrumental,5
1843,2025-02-15,M06,Rain Sounds,Ambient/Sleep,10
1844,2025-04-16,M07,Deep Sleep,Ambient/Sleep,12
1844,2025-04-16,M06,Rain Sounds,Ambient/Sleep,10
1844,2025-04-16,M15,Amapiano Vibes,Amapiano/Afrobeat,5
1844,2025-04-16,M05,Study Focus 2,Instrumental,5
1845,2025-02-22,M11,Heartbreak Ballad,R&B,4
1845,2025-02-22,M01,Workout Anthem,Fitness/EDM,3
1845,2025-02-22,M16,Gengetone Hit,Amapiano/Afrobeat,4
1846,2025-01-18,M04,Study Focus 1,Instrumental,6
1846,2025-01-18,M05,Study Focus 2,Instrumental,5
1847,2025-02-13,M13,Hip Hop Anthem,Hip-Hop,3
1847,2025-02-13,M14,Street Beats,Hip-Hop,3
1847,2025-02-13,M03,Cardio Beats,Fitness/EDM,4
1848,2025-03-08,M11,Heartbreak Ballad,R&B,4
1848,2025-03-08,M12,Love Story,R&B,4
1849,2025-04-24,M01,Workout Anthem,Fitness/EDM,3
1849,2025-04-24,M02,Pump It Up,Fitness/EDM,3
1849,2025-04-24,M03,Cardio Beats,Fitness/EDM,4
1850,2025-01-23,M15,Amapiano Vibes,Amapiano/Afrobeat,5
1850,2025-01-23,M03,Cardio Beats,Fitness/EDM,4
1851,2025-01-13,M13,Hip Hop Anthem,Hip-Hop,3
1851,2025-01-13,M14,Street Beats,Hip-Hop,3
1851,2025-01-13,M15,Amapiano Vibes,Amapiano/Afrobeat,5
1852,2025-02-11,M15,Amapiano Vibes,Amapiano/Afrobeat,5
1852,2025-02-11,M16,Gengetone Hit,Amapiano/Afrobeat,4
1852,2025-02-11,M13,Hip Hop Anthem,Hip-Hop,3
1853,2025-02-08,M06,Rain Sounds,Ambient/Sleep,10
1853,2025-02-08,M07,Deep Sleep,Ambient/Sleep,12
1854,2025-04-01,M01,Workout Anthem,Fitness/EDM,3
1854,2025-04-01,M02,Pump It Up,Fitness/EDM,3
1854,2025-04-01,M03,Cardio Beats,Fitness/EDM,4
1855,2025-02-16,M14,Street Beats,Hip-Hop,3
1856,2025-05-30,M07,Deep Sleep,Ambient/Sleep,12
1856,2025-05-30,M02,Pump It Up,Fitness/EDM,3
1856,2025-05-30,M01,Workout Anthem,Fitness/EDM,3
1856,2025-05-30,M11,Heartbreak Ballad,R&B,4
1857,2025-04-06,M08,Sunday Worship 1,Gospel,5
1857,2025-04-06,M09,Sunday Worship 2,Gospel,5
1857,2025-04-06,M10,Praise Medley,Gospel,7
1858,2025-03-08,M14,Street Beats,Hip-Hop,3
1859,2025-04-24,M01,Workout Anthem,Fitness/EDM,3
1859,2025-04-24,M04,Study Focus 1,Instrumental,6
1859,2025-04-24,M06,Rain Sounds,Ambient/Sleep,10
1859,2025-04-24,M11,Heartbreak Ballad,R&B,4
1860,2025-06-26,M12,Love Story,R&B,4
1860,2025-06-26,M02,Pump It Up,Fitness/EDM,3
1860,2025-06-26,M03,Cardio Beats,Fitness/EDM,4
1861,2025-03-30,M11,Heartbreak Ballad,R&B,4
1861,2025-03-30,M12,Love Story,R&B,4
1861,2025-03-30,M07,Deep Sleep,Ambient/Sleep,12
1862,2025-06-14,M15,Amapiano Vibes,Amapiano/Afrobeat,5
1862,2025-06-14,M16,Gengetone Hit,Amapiano/Afrobeat,4
1863,2025-02-16,M01,Workout Anthem,Fitness/EDM,3
1863,2025-02-16,M02,Pump It Up,Fitness/EDM,3
1864,2025-05-21,M08,Sunday Worship 1,Gospel,5
1864,2025-05-21,M09,Sunday Worship 2,Gospel,5
1865,2025-03-27,M01,Workout Anthem,Fitness/EDM,3
1865,2025-03-27,M05,Study Focus 2,Instrumental,5
1865,2025-03-27,M07,Deep Sleep,Ambient/Sleep,12
1866,2025-02-04,M04,Study Focus 1,Instrumental,6
1866,2025-02-04,M05,Study Focus 2,Instrumental,5
1867,2025-06-22,M11,Heartbreak Ballad,R&B,4
1867,2025-06-22,M13,Hip Hop Anthem,Hip-Hop,3
1867,2025-06-22,M07,Deep Sleep,Ambient/Sleep,12
1868,2025-05-02,M12,Love Story,R&B,4
1868,2025-05-02,M16,Gengetone Hit,Amapiano/Afrobeat,4
1869,2025-03-14,M01,Workout Anthem,Fitness/EDM,3
1869,2025-03-14,M02,Pump It Up,Fitness/EDM,3
1870,2025-02-02,M02,Pump It Up,Fitness/EDM,3
1870,2025-02-02,M16,Gengetone Hit,Amapiano/Afrobeat,4
1871,2025-02-24,M08,Sunday Worship 1,Gospel,5
1871,2025-02-24,M09,Sunday Worship 2,Gospel,5
1871,2025-02-24,M10,Praise Medley,Gospel,7
1872,2025-05-05,M01,Workout Anthem,Fitness/EDM,3
1872,2025-05-05,M02,Pump It Up,Fitness/EDM,3
1872,2025-05-05,M03,Cardio Beats,Fitness/EDM,4
1873,2025-02-28,M11,Heartbreak Ballad,R&B,4
1873,2025-02-28,M12,Love Story,R&B,4
1874,2025-03-19,M04,Study Focus 1,Instrumental,6
1874,2025-03-19,M05,Study Focus 2,Instrumental,5
1875,2025-02-02,M02,Pump It Up,Fitness/EDM,3
1876,2025-02-15,M06,Rain Sounds,Ambient/Sleep,10
1876,2025-02-15,M07,Deep Sleep,Ambient/Sleep,12
1877,2025-04-12,M12,Love Story,R&B,4
1877,2025-04-12,M14,Street Beats,Hip-Hop,3
1877,2025-04-12,M01,Workout Anthem,Fitness/EDM,3
1877,2025-04-12,M05,Study Focus 2,Instrumental,5
1878,2025-04-13,M09,Sunday Worship 2,Gospel,5
1879,2025-05-13,M13,Hip Hop Anthem,Hip-Hop,3
1879,2025-05-13,M14,Street Beats,Hip-Hop,3
1879,2025-05-13,M15,Amapiano Vibes,Amapiano/Afrobeat,5
1880,2025-05-19,M01,Workout Anthem,Fitness/EDM,3
1880,2025-05-19,M02,Pump It Up,Fitness/EDM,3
1881,2025-06-19,M14,Street Beats,Hip-Hop,3
1881,2025-06-19,M13,Hip Hop Anthem,Hip-Hop,3
1881,2025-06-19,M03,Cardio Beats,Fitness/EDM,4
1882,2025-04-24,M09,Sunday Worship 2,Gospel,5
1882,2025-04-24,M11,Heartbreak Ballad,R&B,4
1882,2025-04-24,M07,Deep Sleep,Ambient/Sleep,12
1883,2025-05-05,M04,Study Focus 1,Instrumental,6
1883,2025-05-05,M05,Study Focus 2,Instrumental,5
1883,2025-05-05,M06,Rain Sounds,Ambient/Sleep,10
1884,2025-05-21,M01,Workout Anthem,Fitness/EDM,3
1884,2025-05-21,M02,Pump It Up,Fitness/EDM,3
1884,2025-05-21,M03,Cardio Beats,Fitness/EDM,4
1885,2025-04-25,M13,Hip Hop Anthem,Hip-Hop,3
1885,2025-04-25,M14,Street Beats,Hip-Hop,3
1885,2025-04-25,M08,Sunday Worship 1,Gospel,5
1886,2025-03-04,M01,Workout Anthem,Fitness/EDM,3
1886,2025-03-04,M02,Pump It Up,Fitness/EDM,3
1887,2025-01-22,M04,Study Focus 1,Instrumental,6
1887,2025-01-22,M01,Workout Anthem,Fitness/EDM,3
1888,2025-04-24,M01,Workout Anthem,Fitness/EDM,3
1888,2025-04-24,M02,Pump It Up,Fitness/EDM,3
1888,2025-04-24,M03,Cardio Beats,Fitness/EDM,4
1889,2025-02-19,M13,Hip Hop Anthem,Hip-Hop,3
1889,2025-02-19,M14,Street Beats,Hip-Hop,3
1890,2025-04-05,M01,Workout Anthem,Fitness/EDM,3
1890,2025-04-05,M02,Pump It Up,Fitness/EDM,3
1890,2025-04-05,M03,Cardio Beats,Fitness/EDM,4
1891,2025-04-29,M09,Sunday Worship 2,Gospel,5
1891,2025-04-29,M01,Workout Anthem,Fitness/EDM,3
1892,2025-05-20,M06,Rain Sounds,Ambient/Sleep,10
1892,2025-05-20,M07,Deep Sleep,Ambient/Sleep,12
1893,2025-05-14,M09,Sunday Worship 2,Gospel,5
1893,2025-05-14,M01,Workout Anthem,Fitness/EDM,3
1893,2025-05-14,M05,Study Focus 2,Instrumental,5
1893,2025-05-14,M03,Cardio Beats,Fitness/EDM,4
1894,2025-06-20,M05,Study Focus 2,Instrumental,5
1895,2025-04-20,M07,Deep Sleep,Ambient/Sleep,12
1896,2025-06-03,M11,Heartbreak Ballad,R&B,4
1896,2025-06-03,M12,Love Story,R&B,4
1897,2025-02-03,M04,Study Focus 1,Instrumental,6
1898,2025-03-08,M08,Sunday Worship 1,Gospel,5
1898,2025-03-08,M09,Sunday Worship 2,Gospel,5
1899,2025-05-24,M01,Workout Anthem,Fitness/EDM,3
1899,2025-05-24,M02,Pump It Up,Fitness/EDM,3
1900,2025-04-02,M15,Amapiano Vibes,Amapiano/Afrobeat,5
1900,2025-04-02,M16,Gengetone Hit,Amapiano/Afrobeat,4
1901,2025-06-30,M11,Heartbreak Ballad,R&B,4
1901,2025-06-30,M06,Rain Sounds,Ambient/Sleep,10
1901,2025-06-30,M05,Study Focus 2,Instrumental,5
1902,2025-02-04,M08,Sunday Worship 1,Gospel,5
1902,2025-02-04,M09,Sunday Worship 2,Gospel,5
1902,2025-02-04,M10,Praise Medley,Gospel,7
1903,2025-02-27,M15,Amapiano Vibes,Amapiano/Afrobeat,5
1903,2025-02-27,M14,Street Beats,Hip-Hop,3
1903,2025-02-27,M06,Rain Sounds,Ambient/Sleep,10
1903,2025-02-27,M08,Sunday Worship 1,Gospel,5
1904,2025-06-13,M11,Heartbreak Ballad,R&B,4
1904,2025-06-13,M12,Love Story,R&B,4
1905,2025-05-31,M15,Amapiano Vibes,Amapiano/Afrobeat,5
1905,2025-05-31,M16,Gengetone Hit,Amapiano/Afrobeat,4
1906,2025-02-27,M13,Hip Hop Anthem,Hip-Hop,3
1906,2025-02-27,M14,Street Beats,Hip-Hop,3
1907,2025-04-16,M09,Sunday Worship 2,Gospel,5
1908,2025-06-02,M08,Sunday Worship 1,Gospel,5
1908,2025-06-02,M12,Love Story,R&B,4
1909,2025-05-06,M15,Amapiano Vibes,Amapiano/Afrobeat,5
1909,2025-05-06,M16,Gengetone Hit,Amapiano/Afrobeat,4
1910,2025-03-02,M01,Workout Anthem,Fitness/EDM,3
1910,2025-03-02,M02,Pump It Up,Fitness/EDM,3
1910,2025-03-02,M03,Cardio Beats,Fitness/EDM,4
1910,2025-03-02,M09,Sunday Worship 2,Gospel,5
1911,2025-06-26,M06,Rain Sounds,Ambient/Sleep,10
1912,2025-01-18,M04,Study Focus 1,Instrumental,6
1912,2025-01-18,M05,Study Focus 2,Instrumental,5
1912,2025-01-18,M16,Gengetone Hit,Amapiano/Afrobeat,4
1913,2025-06-01,M10,Praise Medley,Gospel,7
1913,2025-06-01,M12,Love Story,R&B,4
1913,2025-06-01,M01,Workout Anthem,Fitness/EDM,3
1914,2025-04-14,M13,Hip Hop Anthem,Hip-Hop,3
1914,2025-04-14,M14,Street Beats,Hip-Hop,3
1914,2025-04-14,M11,Heartbreak Ballad,R&B,4
1915,2025-03-14,M13,Hip Hop Anthem,Hip-Hop,3
1915,2025-03-14,M14,Street Beats,Hip-Hop,3
1915,2025-03-14,M15,Amapiano Vibes,Amapiano/Afrobeat,5
1916,2025-06-21,M15,Amapiano Vibes,Amapiano/Afrobeat,5
1916,2025-06-21,M16,Gengetone Hit,Amapiano/Afrobeat,4
1916,2025-06-21,M09,Sunday Worship 2,Gospel,5
1917,2025-06-05,M02,Pump It Up,Fitness/EDM,3
1917,2025-06-05,M06,Rain Sounds,Ambient/Sleep,10
1917,2025-06-05,M16,Gengetone Hit,Amapiano/Afrobeat,4
1917,2025-06-05,M07,Deep Sleep,Ambient/Sleep,12
1918,2025-02-23,M15,Amapiano Vibes,Amapiano/Afrobeat,5
1918,2025-02-23,M16,Gengetone Hit,Amapiano/Afrobeat,4
1919,2025-04-26,M04,Study Focus 1,Instrumental,6
1919,2025-04-26,M05,Study Focus 2,Instrumental,5
1920,2025-05-31,M13,Hip Hop Anthem,Hip-Hop,3
1920,2025-05-31,M14,Street Beats,Hip-Hop,3
1921,2025-06-09,M12,Love Story,R&B,4
1921,2025-06-09,M15,Amapiano Vibes,Amapiano/Afrobeat,5
1922,2025-05-17,M13,Hip Hop Anthem,Hip-Hop,3
1922,2025-05-17,M14,Street Beats,Hip-Hop,3
1922,2025-05-17,M15,Amapiano Vibes,Amapiano/Afrobeat,5
1923,2025-03-28,M13,Hip Hop Anthem,Hip-Hop,3
1923,2025-03-28,M14,Street Beats,Hip-Hop,3
1924,2025-05-20,M11,Heartbreak Ballad,R&B,4
1924,2025-05-20,M12,Love Story,R&B,4
1925,2025-05-12,M06,Rain Sounds,Ambient/Sleep,10
1925,2025-05-12,M07,Deep Sleep,Ambient/Sleep,12
1926,2025-01-27,M15,Amapiano Vibes,Amapiano/Afrobeat,5
1927,2025-02-10,M04,Study Focus 1,Instrumental,6
1928,2025-03-19,M11,Heartbreak Ballad,R&B,4
1928,2025-03-19,M12,Love Story,R&B,4
1929,2025-02-19,M13,Hip Hop Anthem,Hip-Hop,3
1929,2025-02-19,M02,Pump It Up,Fitness/EDM,3
1929,2025-02-19,M10,Praise Medley,Gospel,7
1929,2025-02-19,M16,Gengetone Hit,Amapiano/Afrobeat,4
1930,2025-05-13,M06,Rain Sounds,Ambient/Sleep,10
1930,2025-05-13,M07,Deep Sleep,Ambient/Sleep,12
1930,2025-05-13,M01,Workout Anthem,Fitness/EDM,3
1931,2025-05-10,M08,Sunday Worship 1,Gospel,5
1931,2025-05-10,M09,Sunday Worship 2,Gospel,5
1931,2025-05-10,M10,Praise Medley,Gospel,7
1932,2025-05-18,M08,Sunday Worship 1,Gospel,5
1932,2025-05-18,M09,Sunday Worship 2,Gospel,5
1932,2025-05-18,M10,Praise Medley,Gospel,7
1933,2025-03-27,M04,Study Focus 1,Instrumental,6
1933,2025-03-27,M05,Study Focus 2,Instrumental,5
1934,2025-02-21,M08,Sunday Worship 1,Gospel,5
1934,2025-02-21,M09,Sunday Worship 2,Gospel,5
1934,2025-02-21,M10,Praise Medley,Gospel,7
1935,2025-04-18,M06,Rain Sounds,Ambient/Sleep,10
1935,2025-04-18,M07,Deep Sleep,Ambient/Sleep,12
1936,2025-02-01,M06,Rain Sounds,Ambient/Sleep,10
1936,2025-02-01,M07,Deep Sleep,Ambient/Sleep,12
1937,2025-02-28,M01,Workout Anthem,Fitness/EDM,3
1937,2025-02-28,M02,Pump It Up,Fitness/EDM,3
1937,2025-02-28,M03,Cardio Beats,Fitness/EDM,4
1938,2025-06-23,M13,Hip Hop Anthem,Hip-Hop,3
1938,2025-06-23,M14,Street Beats,Hip-Hop,3
1938,2025-06-23,M15,Amapiano Vibes,Amapiano/Afrobeat,5
1939,2025-06-20,M14,Street Beats,Hip-Hop,3
1940,2025-05-15,M07,Deep Sleep,Ambient/Sleep,12
1940,2025-05-15,M12,Love Story,R&B,4
1940,2025-05-15,M06,Rain Sounds,Ambient/Sleep,10
1940,2025-05-15,M10,Praise Medley,Gospel,7
1941,2025-06-01,M13,Hip Hop Anthem,Hip-Hop,3
1941,2025-06-01,M10,Praise Medley,Gospel,7
1942,2025-05-11,M13,Hip Hop Anthem,Hip-Hop,3
1942,2025-05-11,M11,Heartbreak Ballad,R&B,4
1943,2025-05-19,M06,Rain Sounds,Ambient/Sleep,10
1943,2025-05-19,M07,Deep Sleep,Ambient/Sleep,12
1944,2025-02-27,M06,Rain Sounds,Ambient/Sleep,10
1944,2025-02-27,M07,Deep Sleep,Ambient/Sleep,12
1945,2025-01-29,M01,Workout Anthem,Fitness/EDM,3
1945,2025-01-29,M02,Pump It Up,Fitness/EDM,3
1945,2025-01-29,M03,Cardio Beats,Fitness/EDM,4
1946,2025-06-06,M09,Sunday Worship 2,Gospel,5
1947,2025-01-08,M06,Rain Sounds,Ambient/Sleep,10
1947,2025-01-08,M07,Deep Sleep,Ambient/Sleep,12
1948,2025-01-12,M01,Workout Anthem,Fitness/EDM,3
1948,2025-01-12,M02,Pump It Up,Fitness/EDM,3
1948,2025-01-12,M12,Love Story,R&B,4
1949,2025-02-10,M08,Sunday Worship 1,Gospel,5
1949,2025-02-10,M09,Sunday Worship 2,Gospel,5
1949,2025-02-10,M10,Praise Medley,Gospel,7
1950,2025-02-23,M08,Sunday Worship 1,Gospel,5
1950,2025-02-23,M06,Rain Sounds,Ambient/Sleep,10
1950,2025-02-23,M04,Study Focus 1,Instrumental,6
1950,2025-02-23,M09,Sunday Worship 2,Gospel,5
1951,2025-05-23,M06,Rain Sounds,Ambient/Sleep,10
1951,2025-05-23,M07,Deep Sleep,Ambient/Sleep,12
1952,2025-01-26,M15,Amapiano Vibes,Amapiano/Afrobeat,5
1952,2025-01-26,M16,Gengetone Hit,Amapiano/Afrobeat,4
1953,2025-01-24,M12,Love Story,R&B,4
1953,2025-01-24,M08,Sunday Worship 1,Gospel,5
1954,2025-03-28,M16,Gengetone Hit,Amapiano/Afrobeat,4
1954,2025-03-28,M14,Street Beats,Hip-Hop,3
1955,2025-06-01,M11,Heartbreak Ballad,R&B,4
1955,2025-06-01,M12,Love Story,R&B,4
1956,2025-05-12,M01,Workout Anthem,Fitness/EDM,3
1956,2025-05-12,M02,Pump It Up,Fitness/EDM,3
1956,2025-05-12,M03,Cardio Beats,Fitness/EDM,4
1957,2025-05-14,M14,Street Beats,Hip-Hop,3
1957,2025-05-14,M03,Cardio Beats,Fitness/EDM,4
1957,2025-05-14,M10,Praise Medley,Gospel,7
1958,2025-04-08,M06,Rain Sounds,Ambient/Sleep,10
1958,2025-04-08,M07,Deep Sleep,Ambient/Sleep,12
1959,2025-01-10,M13,Hip Hop Anthem,Hip-Hop,3
1959,2025-01-10,M14,Street Beats,Hip-Hop,3
1960,2025-05-21,M01,Workout Anthem,Fitness/EDM,3
1960,2025-05-21,M02,Pump It Up,Fitness/EDM,3
1961,2025-02-25,M05,Study Focus 2,Instrumental,5
1961,2025-02-25,M07,Deep Sleep,Ambient/Sleep,12
1961,2025-02-25,M06,Rain Sounds,Ambient/Sleep,10
1961,2025-02-25,M10,Praise Medley,Gospel,7
1962,2025-01-12,M04,Study Focus 1,Instrumental,6
1962,2025-01-12,M05,Study Focus 2,Instrumental,5
1963,2025-03-28,M15,Amapiano Vibes,Amapiano/Afrobeat,5
1963,2025-03-28,M16,Gengetone Hit,Amapiano/Afrobeat,4
1964,2025-04-07,M14,Street Beats,Hip-Hop,3
1964,2025-04-07,M04,Study Focus 1,Instrumental,6
1965,2025-01-03,M07,Deep Sleep,Ambient/Sleep,12
1965,2025-01-03,M14,Street Beats,Hip-Hop,3
1966,2025-01-16,M15,Amapiano Vibes,Amapiano/Afrobeat,5
1966,2025-01-16,M13,Hip Hop Anthem,Hip-Hop,3
1966,2025-01-16,M04,Study Focus 1,Instrumental,6
1967,2025-03-15,M15,Amapiano Vibes,Amapiano/Afrobeat,5
1967,2025-03-15,M16,Gengetone Hit,Amapiano/Afrobeat,4
1968,2025-06-05,M09,Sunday Worship 2,Gospel,5
1968,2025-06-05,M08,Sunday Worship 1,Gospel,5
1969,2025-06-20,M15,Amapiano Vibes,Amapiano/Afrobeat,5
1969,2025-06-20,M16,Gengetone Hit,Amapiano/Afrobeat,4
1970,2025-03-12,M13,Hip Hop Anthem,Hip-Hop,3
1970,2025-03-12,M06,Rain Sounds,Ambient/Sleep,10
1970,2025-03-12,M03,Cardio Beats,Fitness/EDM,4
1971,2025-04-27,M11,Heartbreak Ballad,R&B,4
1972,2025-02-22,M16,Gengetone Hit,Amapiano/Afrobeat,4
1972,2025-02-22,M05,Study Focus 2,Instrumental,5
1972,2025-02-22,M11,Heartbreak Ballad,R&B,4
1973,2025-04-15,M11,Heartbreak Ballad,R&B,4
1973,2025-04-15,M12,Love Story,R&B,4
1974,2025-04-03,M13,Hip Hop Anthem,Hip-Hop,3
1974,2025-04-03,M14,Street Beats,Hip-Hop,3
1975,2025-02-20,M06,Rain Sounds,Ambient/Sleep,10
1975,2025-02-20,M07,Deep Sleep,Ambient/Sleep,12
1975,2025-02-20,M04,Study Focus 1,Instrumental,6
1976,2025-02-24,M01,Workout Anthem,Fitness/EDM,3
1976,2025-02-24,M02,Pump It Up,Fitness/EDM,3
1977,2025-01-08,M08,Sunday Worship 1,Gospel,5
1977,2025-01-08,M10,Praise Medley,Gospel,7
1977,2025-01-08,M01,Workout Anthem,Fitness/EDM,3
1977,2025-01-08,M13,Hip Hop Anthem,Hip-Hop,3
1978,2025-01-08,M05,Study Focus 2,Instrumental,5
1979,2025-03-10,M04,Study Focus 1,Instrumental,6
1979,2025-03-10,M05,Study Focus 2,Instrumental,5
1980,2025-05-31,M13,Hip Hop Anthem,Hip-Hop,3
1980,2025-05-31,M14,Street Beats,Hip-Hop,3
1980,2025-05-31,M08,Sunday Worship 1,Gospel,5
1981,2025-02-23,M15,Amapiano Vibes,Amapiano/Afrobeat,5
1981,2025-02-23,M16,Gengetone Hit,Amapiano/Afrobeat,4
1982,2025-01-16,M09,Sunday Worship 2,Gospel,5
1982,2025-01-16,M13,Hip Hop Anthem,Hip-Hop,3
1982,2025-01-16,M02,Pump It Up,Fitness/EDM,3
1983,2025-06-18,M04,Study Focus 1,Instrumental,6
1983,2025-06-18,M05,Study Focus 2,Instrumental,5
1984,2025-02-08,M04,Study Focus 1,Instrumental,6
1984,2025-02-08,M05,Study Focus 2,Instrumental,5
1984,2025-02-08,M06,Rain Sounds,Ambient/Sleep,10
1985,2025-03-04,M08,Sunday Worship 1,Gospel,5
1985,2025-03-04,M09,Sunday Worship 2,Gospel,5
1985,2025-03-04,M10,Praise Medley,Gospel,7
1986,2025-03-29,M08,Sunday Worship 1,Gospel,5
1987,2025-01-06,M15,Amapiano Vibes,Amapiano/Afrobeat,5
1987,2025-01-06,M16,Gengetone Hit,Amapiano/Afrobeat,4
1988,2025-02-06,M04,Study Focus 1,Instrumental,6
1988,2025-02-06,M05,Study Focus 2,Instrumental,5
1988,2025-02-06,M06,Rain Sounds,Ambient/Sleep,10
1989,2025-06-01,M13,Hip Hop Anthem,Hip-Hop,3
1989,2025-06-01,M06,Rain Sounds,Ambient/Sleep,10
1989,2025-06-01,M10,Praise Medley,Gospel,7
1989,2025-06-01,M04,Study Focus 1,Instrumental,6
1990,2025-03-05,M04,Study Focus 1,Instrumental,6
1990,2025-03-05,M05,Study Focus 2,Instrumental,5
1990,2025-03-05,M06,Rain Sounds,Ambient/Sleep,10
1991,2025-04-16,M07,Deep Sleep,Ambient/Sleep,12
1991,2025-04-16,M01,Workout Anthem,Fitness/EDM,3
1992,2025-06-27,M01,Workout Anthem,Fitness/EDM,3
1992,2025-06-27,M11,Heartbreak Ballad,R&B,4
1993,2025-06-15,M08,Sunday Worship 1,Gospel,5
1993,2025-06-15,M09,Sunday Worship 2,Gospel,5
1993,2025-06-15,M10,Praise Medley,Gospel,7
1994,2025-04-17,M11,Heartbreak Ballad,R&B,4
1994,2025-04-17,M12,Love Story,R&B,4
1995,2025-03-01,M15,Amapiano Vibes,Amapiano/Afrobeat,5
1995,2025-03-01,M16,Gengetone Hit,Amapiano/Afrobeat,4
1996,2025-05-09,M12,Love Story,R&B,4
1997,2025-06-16,M08,Sunday Worship 1,Gospel,5
1997,2025-06-16,M09,Sunday Worship 2,Gospel,5
1998,2025-01-10,M11,Heartbreak Ballad,R&B,4
1998,2025-01-10,M12,Love Story,R&B,4
1999,2025-05-13,M08,Sunday Worship 1,Gospel,5
1999,2025-05-13,M09,Sunday Worship 2,Gospel,5
1999,2025-05-13,M16,Gengetone Hit,Amapiano/Afrobeat,4
2000,2025-06-27,M09,Sunday Worship 2,Gospel,5
2000,2025-06-27,M11,Heartbreak Ballad,R&B,4
2000,2025-06-27,M14,Street Beats,Hip-Hop,3
2000,2025-06-27,M07,Deep Sleep,Ambient/Sleep,12
2001,2025-04-23,M11,Heartbreak Ballad,R&B,4
2001,2025-04-23,M07,Deep Sleep,Ambient/Sleep,12
2001,2025-04-23,M08,Sunday Worship 1,Gospel,5
2001,2025-04-23,M15,Amapiano Vibes,Amapiano/Afrobeat,5
2002,2025-01-14,M12,Love Story,R&B,4
2002,2025-01-14,M04,Study Focus 1,Instrumental,6
2002,2025-01-14,M05,Study Focus 2,Instrumental,5
2003,2025-02-18,M15,Amapiano Vibes,Amapiano/Afrobeat,5
2003,2025-02-18,M16,Gengetone Hit,Amapiano/Afrobeat,4
2004,2025-03-03,M13,Hip Hop Anthem,Hip-Hop,3
2004,2025-03-03,M14,Street Beats,Hip-Hop,3
2005,2025-03-19,M13,Hip Hop Anthem,Hip-Hop,3
2005,2025-03-19,M14,Street Beats,Hip-Hop,3
2006,2025-06-30,M15,Amapiano Vibes,Amapiano/Afrobeat,5
2006,2025-06-30,M16,Gengetone Hit,Amapiano/Afrobeat,4
2007,2025-04-09,M01,Workout Anthem,Fitness/EDM,3
2007,2025-04-09,M09,Sunday Worship 2,Gospel,5
2007,2025-04-09,M04,Study Focus 1,Instrumental,6
2007,2025-04-09,M06,Rain Sounds,Ambient/Sleep,10
2008,2025-01-06,M04,Study Focus 1,Instrumental,6
2008,2025-01-06,M05,Study Focus 2,Instrumental,5
2009,2025-05-24,M15,Amapiano Vibes,Amapiano/Afrobeat,5
2009,2025-05-24,M10,Praise Medley,Gospel,7
2010,2025-05-24,M01,Workout Anthem,Fitness/EDM,3
2010,2025-05-24,M02,Pump It Up,Fitness/EDM,3
2010,2025-05-24,M03,Cardio Beats,Fitness/EDM,4
2011,2025-06-16,M13,Hip Hop Anthem,Hip-Hop,3
2011,2025-06-16,M14,Street Beats,Hip-Hop,3
2012,2025-04-13,M04,Study Focus 1,Instrumental,6
2013,2025-02-21,M16,Gengetone Hit,Amapiano/Afrobeat,4
2013,2025-02-21,M03,Cardio Beats,Fitness/EDM,4
2014,2025-04-18,M08,Sunday Worship 1,Gospel,5
2014,2025-04-18,M09,Sunday Worship 2,Gospel,5
2015,2025-03-18,M01,Workout Anthem,Fitness/EDM,3
2015,2025-03-18,M02,Pump It Up,Fitness/EDM,3
2015,2025-03-18,M03,Cardio Beats,Fitness/EDM,4
2016,2025-03-01,M04,Study Focus 1,Instrumental,6
2016,2025-03-01,M05,Study Focus 2,Instrumental,5
2017,2025-06-30,M04,Study Focus 1,Instrumental,6
2017,2025-06-30,M05,Study Focus 2,Instrumental,5
2017,2025-06-30,M06,Rain Sounds,Ambient/Sleep,10
2018,2025-01-18,M15,Amapiano Vibes,Amapiano/Afrobeat,5
2018,2025-01-18,M16,Gengetone Hit,Amapiano/Afrobeat,4
2018,2025-01-18,M08,Sunday Worship 1,Gospel,5
2019,2025-03-16,M04,Study Focus 1,Instrumental,6
2019,2025-03-16,M07,Deep Sleep,Ambient/Sleep,12
2019,2025-03-16,M12,Love Story,R&B,4
2020,2025-03-03,M05,Study Focus 2,Instrumental,5
2020,2025-03-03,M08,Sunday Worship 1,Gospel,5
2020,2025-03-03,M01,Workout Anthem,Fitness/EDM,3
2020,2025-03-03,M02,Pump It Up,Fitness/EDM,3
2021,2025-04-01,M13,Hip Hop Anthem,Hip-Hop,3
2021,2025-04-01,M14,Street Beats,Hip-Hop,3
2022,2025-01-09,M06,Rain Sounds,Ambient/Sleep,10
2022,2025-01-09,M07,Deep Sleep,Ambient/Sleep,12
2023,2025-06-29,M04,Study Focus 1,Instrumental,6
2023,2025-06-29,M09,Sunday Worship 2,Gospel,5
2023,2025-06-29,M12,Love Story,R&B,4
2023,2025-06-29,M11,Heartbreak Ballad,R&B,4
2024,2025-03-21,M06,Rain Sounds,Ambient/Sleep,10
2024,2025-03-21,M07,Deep Sleep,Ambient/Sleep,12
2025,2025-02-16,M09,Sunday Worship 2,Gospel,5
2025,2025-02-16,M01,Workout Anthem,Fitness/EDM,3
2025,2025-02-16,M16,Gengetone Hit,Amapiano/Afrobeat,4
2026,2025-02-20,M04,Study Focus 1,Instrumental,6
2027,2025-02-25,M06,Rain Sounds,Ambient/Sleep,10
2027,2025-02-25,M16,Gengetone Hit,Amapiano/Afrobeat,4
2027,2025-02-25,M07,Deep Sleep,Ambient/Sleep,12
2027,2025-02-25,M14,Street Beats,Hip-Hop,3
2028,2025-03-27,M08,Sunday Worship 1,Gospel,5
2028,2025-03-27,M09,Sunday Worship 2,Gospel,5
2028,2025-03-27,M15,Amapiano Vibes,Amapiano/Afrobeat,5
2029,2025-01-18,M06,Rain Sounds,Ambient/Sleep,10
2029,2025-01-18,M07,Deep Sleep,Ambient/Sleep,12
2030,2025-01-10,M15,Amapiano Vibes,Amapiano/Afrobeat,5
2031,2025-05-09,M01,Workout Anthem,Fitness/EDM,3
2031,2025-05-09,M02,Pump It Up,Fitness/EDM,3
2032,2025-03-10,M11,Heartbreak Ballad,R&B,4
2032,2025-03-10,M12,Love Story,R&B,4
2033,2025-06-24,M11,Heartbreak Ballad,R&B,4
2033,2025-06-24,M12,Love Story,R&B,4
2034,2025-04-23,M06,Rain Sounds,Ambient/Sleep,10
2034,2025-04-23,M07,Deep Sleep,Ambient/Sleep,12
2035,2025-05-24,M01,Workout Anthem,Fitness/EDM,3
2035,2025-05-24,M02,Pump It Up,Fitness/EDM,3
2035,2025-05-24,M03,Cardio Beats,Fitness/EDM,4
2036,2025-05-19,M01,Workout Anthem,Fitness/EDM,3
2036,2025-05-19,M02,Pump It Up,Fitness/EDM,3
2037,2025-06-07,M09,Sunday Worship 2,Gospel,5
2037,2025-06-07,M04,Study Focus 1,Instrumental,6
2037,2025-06-07,M15,Amapiano Vibes,Amapiano/Afrobeat,5
2037,2025-06-07,M13,Hip Hop Anthem,Hip-Hop,3
2038,2025-04-16,M06,Rain Sounds,Ambient/Sleep,10
2038,2025-04-16,M07,Deep Sleep,Ambient/Sleep,12
2039,2025-06-22,M13,Hip Hop Anthem,Hip-Hop,3
2039,2025-06-22,M14,Street Beats,Hip-Hop,3
2040,2025-05-26,M11,Heartbreak Ballad,R&B,4
2040,2025-05-26,M12,Love Story,R&B,4
2041,2025-01-21,M01,Workout Anthem,Fitness/EDM,3
2041,2025-01-21,M02,Pump It Up,Fitness/EDM,3
2041,2025-01-21,M03,Cardio Beats,Fitness/EDM,4
2042,2025-05-17,M06,Rain Sounds,Ambient/Sleep,10
2042,2025-05-17,M07,Deep Sleep,Ambient/Sleep,12
2043,2025-02-03,M13,Hip Hop Anthem,Hip-Hop,3
2043,2025-02-03,M14,Street Beats,Hip-Hop,3
2043,2025-02-03,M15,Amapiano Vibes,Amapiano/Afrobeat,5
2044,2025-01-01,M01,Workout Anthem,Fitness/EDM,3
2044,2025-01-01,M02,Pump It Up,Fitness/EDM,3
2044,2025-01-01,M03,Cardio Beats,Fitness/EDM,4
2045,2025-01-08,M11,Heartbreak Ballad,R&B,4
2045,2025-01-08,M12,Love Story,R&B,4
2046,2025-03-19,M13,Hip Hop Anthem,Hip-Hop,3
2046,2025-03-19,M14,Street Beats,Hip-Hop,3
2046,2025-03-19,M15,Amapiano Vibes,Amapiano/Afrobeat,5
2047,2025-03-22,M07,Deep Sleep,Ambient/Sleep,12
2047,2025-03-22,M14,Street Beats,Hip-Hop,3
2047,2025-03-22,M09,Sunday Worship 2,Gospel,5
2047,2025-03-22,M04,Study Focus 1,Instrumental,6
2048,2025-06-23,M01,Workout Anthem,Fitness/EDM,3
2048,2025-06-23,M02,Pump It Up,Fitness/EDM,3
2049,2025-01-20,M13,Hip Hop Anthem,Hip-Hop,3
2049,2025-01-20,M14,Street Beats,Hip-Hop,3
2050,2025-05-24,M11,Heartbreak Ballad,R&B,4
2050,2025-05-24,M12,Love Story,R&B,4
2051,2025-04-13,M06,Rain Sounds,Ambient/Sleep,10
2051,2025-04-13,M09,Sunday Worship 2,Gospel,5
2051,2025-04-13,M02,Pump It Up,Fitness/EDM,3
2052,2025-04-23,M14,Street Beats,Hip-Hop,3
2053,2025-05-22,M07,Deep Sleep,Ambient/Sleep,12
2053,2025-05-22,M04,Study Focus 1,Instrumental,6
2054,2025-02-26,M01,Workout Anthem,Fitness/EDM,3
2054,2025-02-26,M02,Pump It Up,Fitness/EDM,3
2055,2025-04-10,M14,Street Beats,Hip-Hop,3
2055,2025-04-10,M09,Sunday Worship 2,Gospel,5
2055,2025-04-10,M13,Hip Hop Anthem,Hip-Hop,3
2055,2025-04-10,M05,Study Focus 2,Instrumental,5
2056,2025-04-12,M06,Rain Sounds,Ambient/Sleep,10
2056,2025-04-12,M07,Deep Sleep,Ambient/Sleep,12
2057,2025-02-17,M06,Rain Sounds,Ambient/Sleep,10
2058,2025-06-15,M14,Street Beats,Hip-Hop,3
2058,2025-06-15,M01,Workout Anthem,Fitness/EDM,3
2059,2025-04-21,M08,Sunday Worship 1,Gospel,5
2059,2025-04-21,M09,Sunday Worship 2,Gospel,5
2059,2025-04-21,M10,Praise Medley,Gospel,7
2060,2025-02-04,M01,Workout Anthem,Fitness/EDM,3
2060,2025-02-04,M02,Pump It Up,Fitness/EDM,3
2060,2025-02-04,M03,Cardio Beats,Fitness/EDM,4
2061,2025-01-02,M09,Sunday Worship 2,Gospel,5
2062,2025-04-18,M06,Rain Sounds,Ambient/Sleep,10
2062,2025-04-18,M07,Deep Sleep,Ambient/Sleep,12
2063,2025-03-25,M04,Study Focus 1,Instrumental,6
2063,2025-03-25,M05,Study Focus 2,Instrumental,5
2063,2025-03-25,M06,Rain Sounds,Ambient/Sleep,10
2064,2025-03-29,M04,Study Focus 1,Instrumental,6
2064,2025-03-29,M05,Study Focus 2,Instrumental,5
2065,2025-02-07,M15,Amapiano Vibes,Amapiano/Afrobeat,5
2065,2025-02-07,M16,Gengetone Hit,Amapiano/Afrobeat,4
2066,2025-05-22,M11,Heartbreak Ballad,R&B,4
2066,2025-05-22,M12,Love Story,R&B,4
2067,2025-01-23,M08,Sunday Worship 1,Gospel,5
2067,2025-01-23,M09,Sunday Worship 2,Gospel,5
2068,2025-01-21,M13,Hip Hop Anthem,Hip-Hop,3
2068,2025-01-21,M14,Street Beats,Hip-Hop,3
2069,2025-06-26,M07,Deep Sleep,Ambient/Sleep,12
2069,2025-06-26,M01,Workout Anthem,Fitness/EDM,3
2069,2025-06-26,M15,Amapiano Vibes,Amapiano/Afrobeat,5
2070,2025-03-29,M01,Workout Anthem,Fitness/EDM,3
2070,2025-03-29,M02,Pump It Up,Fitness/EDM,3
2070,2025-03-29,M03,Cardio Beats,Fitness/EDM,4
2071,2025-01-12,M11,Heartbreak Ballad,R&B,4
2071,2025-01-12,M12,Love Story,R&B,4
2072,2025-01-04,M16,Gengetone Hit,Amapiano/Afrobeat,4
2073,2025-06-15,M11,Heartbreak Ballad,R&B,4
2073,2025-06-15,M12,Love Story,R&B,4
2074,2025-01-19,M12,Love Story,R&B,4
2075,2025-04-28,M11,Heartbreak Ballad,R&B,4
2075,2025-04-28,M12,Love Story,R&B,4
2076,2025-06-24,M04,Study Focus 1,Instrumental,6
2077,2025-01-07,M05,Study Focus 2,Instrumental,5
2077,2025-01-07,M10,Praise Medley,Gospel,7
2078,2025-04-02,M04,Study Focus 1,Instrumental,6
2078,2025-04-02,M14,Street Beats,Hip-Hop,3
2079,2025-05-21,M15,Amapiano Vibes,Amapiano/Afrobeat,5
2080,2025-04-14,M01,Workout Anthem,Fitness/EDM,3
2080,2025-04-14,M02,Pump It Up,Fitness/EDM,3
2081,2025-03-01,M15,Amapiano Vibes,Amapiano/Afrobeat,5
2081,2025-03-01,M16,Gengetone Hit,Amapiano/Afrobeat,4
2082,2025-05-24,M01,Workout Anthem,Fitness/EDM,3
2082,2025-05-24,M02,Pump It Up,Fitness/EDM,3
2082,2025-05-24,M03,Cardio Beats,Fitness/EDM,4
2083,2025-02-26,M10,Praise Medley,Gospel,7
2084,2025-06-12,M07,Deep Sleep,Ambient/Sleep,12
2084,2025-06-12,M05,Study Focus 2,Instrumental,5
2084,2025-06-12,M06,Rain Sounds,Ambient/Sleep,10
2084,2025-06-12,M12,Love Story,R&B,4
2085,2025-02-22,M15,Amapiano Vibes,Amapiano/Afrobeat,5
2085,2025-02-22,M16,Gengetone Hit,Amapiano/Afrobeat,4
2086,2025-01-27,M15,Amapiano Vibes,Amapiano/Afrobeat,5
2086,2025-01-27,M16,Gengetone Hit,Amapiano/Afrobeat,4
2087,2025-06-27,M08,Sunday Worship 1,Gospel,5
2087,2025-06-27,M09,Sunday Worship 2,Gospel,5
2087,2025-06-27,M10,Praise Medley,Gospel,7
2087,2025-06-27,M11,Heartbreak Ballad,R&B,4
2088,2025-04-18,M11,Heartbreak Ballad,R&B,4
2089,2025-02-18,M13,Hip Hop Anthem,Hip-Hop,3
2089,2025-02-18,M14,Street Beats,Hip-Hop,3
2090,2025-04-26,M03,Cardio Beats,Fitness/EDM,4
2090,2025-04-26,M10,Praise Medley,Gospel,7
2091,2025-03-06,M11,Heartbreak Ballad,R&B,4
2091,2025-03-06,M12,Love Story,R&B,4
2092,2025-04-29,M08,Sunday Worship 1,Gospel,5
2092,2025-04-29,M09,Sunday Worship 2,Gospel,5
2092,2025-04-29,M10,Praise Medley,Gospel,7
2092,2025-04-29,M03,Cardio Beats,Fitness/EDM,4
2093,2025-05-24,M14,Street Beats,Hip-Hop,3
2093,2025-05-24,M07,Deep Sleep,Ambient/Sleep,12
2093,2025-05-24,M12,Love Story,R&B,4
2093,2025-05-24,M15,Amapiano Vibes,Amapiano/Afrobeat,5
2094,2025-04-20,M06,Rain Sounds,Ambient/Sleep,10
2094,2025-04-20,M07,Deep Sleep,Ambient/Sleep,12
2095,2025-01-25,M11,Heartbreak Ballad,R&B,4
2095,2025-01-25,M12,Love Story,R&B,4
2096,2025-01-24,M04,Study Focus 1,Instrumental,6
2096,2025-01-24,M05,Study Focus 2,Instrumental,5
2096,2025-01-24,M06,Rain Sounds,Ambient/Sleep,10
2097,2025-01-01,M15,Amapiano Vibes,Amapiano/Afrobeat,5
2097,2025-01-01,M16,Gengetone Hit,Amapiano/Afrobeat,4
2098,2025-05-25,M14,Street Beats,Hip-Hop,3
2098,2025-05-25,M01,Workout Anthem,Fitness/EDM,3
2098,2025-05-25,M08,Sunday Worship 1,Gospel,5
2098,2025-05-25,M03,Cardio Beats,Fitness/EDM,4
2099,2025-03-01,M06,Rain Sounds,Ambient/Sleep,10
2099,2025-03-01,M07,Deep Sleep,Ambient/Sleep,12
2100,2025-02-02,M08,Sunday Worship 1,Gospel,5
2100,2025-02-02,M09,Sunday Worship 2,Gospel,5
2101,2025-05-01,M16,Gengetone Hit,Amapiano/Afrobeat,4
2101,2025-05-01,M08,Sunday Worship 1,Gospel,5
2102,2025-01-06,M01,Workout Anthem,Fitness/EDM,3
2102,2025-01-06,M16,Gengetone Hit,Amapiano/Afrobeat,4
2103,2025-05-01,M01,Workout Anthem,Fitness/EDM,3
2103,2025-05-01,M10,Praise Medley,Gospel,7
2103,2025-05-01,M03,Cardio Beats,Fitness/EDM,4
2103,2025-05-01,M12,Love Story,R&B,4
2104,2025-05-19,M16,Gengetone Hit,Amapiano/Afrobeat,4
2104,2025-05-19,M12,Love Story,R&B,4
2104,2025-05-19,M14,Street Beats,Hip-Hop,3
2104,2025-05-19,M02,Pump It Up,Fitness/EDM,3
2105,2025-01-09,M01,Workout Anthem,Fitness/EDM,3
2105,2025-01-09,M15,Amapiano Vibes,Amapiano/Afrobeat,5
2106,2025-04-01,M03,Cardio Beats,Fitness/EDM,4
2107,2025-05-29,M11,Heartbreak Ballad,R&B,4
2107,2025-05-29,M12,Love Story,R&B,4
2108,2025-06-22,M06,Rain Sounds,Ambient/Sleep,10
2108,2025-06-22,M07,Deep Sleep,Ambient/Sleep,12
2109,2025-02-07,M15,Amapiano Vibes,Amapiano/Afrobeat,5
2109,2025-02-07,M16,Gengetone Hit,Amapiano/Afrobeat,4
2110,2025-01-31,M13,Hip Hop Anthem,Hip-Hop,3
2110,2025-01-31,M14,Street Beats,Hip-Hop,3
2110,2025-01-31,M07,Deep Sleep,Ambient/Sleep,12
2111,2025-01-09,M11,Heartbreak Ballad,R&B,4
2111,2025-01-09,M12,Love Story,R&B,4
2111,2025-01-09,M06,Rain Sounds,Ambient/Sleep,10
2112,2025-04-14,M11,Heartbreak Ballad,R&B,4
2112,2025-04-14,M12,Love Story,R&B,4
2113,2025-05-07,M06,Rain Sounds,Ambient/Sleep,10
2113,2025-05-07,M10,Praise Medley,Gospel,7
2113,2025-05-07,M04,Study Focus 1,Instrumental,6
2113,2025-05-07,M09,Sunday Worship 2,Gospel,5
2114,2025-06-10,M16,Gengetone Hit,Amapiano/Afrobeat,4
2114,2025-06-10,M01,Workout Anthem,Fitness/EDM,3
2114,2025-06-10,M07,Deep Sleep,Ambient/Sleep,12
2115,2025-06-12,M09,Sunday Worship 2,Gospel,5
2115,2025-06-12,M06,Rain Sounds,Ambient/Sleep,10
2115,2025-06-12,M10,Praise Medley,Gospel,7
2116,2025-06-20,M04,Study Focus 1,Instrumental,6
2116,2025-06-20,M05,Study Focus 2,Instrumental,5
2117,2025-03-17,M05,Study Focus 2,Instrumental,5
2117,2025-03-17,M10,Praise Medley,Gospel,7
2117,2025-03-17,M04,Study Focus 1,Instrumental,6
2117,2025-03-17,M13,Hip Hop Anthem,Hip-Hop,3
2118,2025-06-02,M13,Hip Hop Anthem,Hip-Hop,3
2118,2025-06-02,M14,Street Beats,Hip-Hop,3
2119,2025-05-02,M04,Study Focus 1,Instrumental,6
2119,2025-05-02,M05,Study Focus 2,Instrumental,5
2120,2025-03-31,M15,Amapiano Vibes,Amapiano/Afrobeat,5
2120,2025-03-31,M16,Gengetone Hit,Amapiano/Afrobeat,4
2121,2025-04-11,M01,Workout Anthem,Fitness/EDM,3
2121,2025-04-11,M12,Love Story,R&B,4
2122,2025-03-24,M16,Gengetone Hit,Amapiano/Afrobeat,4
2123,2025-05-03,M01,Workout Anthem,Fitness/EDM,3
2123,2025-05-03,M15,Amapiano Vibes,Amapiano/Afrobeat,5
2124,2025-01-08,M07,Deep Sleep,Ambient/Sleep,12
2124,2025-01-08,M04,Study Focus 1,Instrumental,6
2124,2025-01-08,M09,Sunday Worship 2,Gospel,5
2124,2025-01-08,M13,Hip Hop Anthem,Hip-Hop,3
2125,2025-06-01,M06,Rain Sounds,Ambient/Sleep,10
2125,2025-06-01,M07,Deep Sleep,Ambient/Sleep,12
2126,2025-06-20,M01,Workout Anthem,Fitness/EDM,3
2126,2025-06-20,M02,Pump It Up,Fitness/EDM,3
2126,2025-06-20,M03,Cardio Beats,Fitness/EDM,4
2127,2025-06-14,M12,Love Story,R&B,4
2128,2025-01-14,M14,Street Beats,Hip-Hop,3
2128,2025-01-14,M15,Amapiano Vibes,Amapiano/Afrobeat,5
2129,2025-03-31,M04,Study Focus 1,Instrumental,6
2129,2025-03-31,M05,Study Focus 2,Instrumental,5
2130,2025-02-09,M04,Study Focus 1,Instrumental,6
2130,2025-02-09,M05,Study Focus 2,Instrumental,5
2130,2025-02-09,M06,Rain Sounds,Ambient/Sleep,10
2131,2025-06-28,M13,Hip Hop Anthem,Hip-Hop,3
2131,2025-06-28,M14,Street Beats,Hip-Hop,3
2131,2025-06-28,M15,Amapiano Vibes,Amapiano/Afrobeat,5
2132,2025-02-16,M13,Hip Hop Anthem,Hip-Hop,3
2132,2025-02-16,M14,Street Beats,Hip-Hop,3
2133,2025-01-29,M13,Hip Hop Anthem,Hip-Hop,3
2133,2025-01-29,M14,Street Beats,Hip-Hop,3
2133,2025-01-29,M15,Amapiano Vibes,Amapiano/Afrobeat,5
2134,2025-02-20,M13,Hip Hop Anthem,Hip-Hop,3
2134,2025-02-20,M10,Praise Medley,Gospel,7
2135,2025-01-29,M01,Workout Anthem,Fitness/EDM,3
2135,2025-01-29,M14,Street Beats,Hip-Hop,3
2136,2025-03-13,M08,Sunday Worship 1,Gospel,5
2136,2025-03-13,M09,Sunday Worship 2,Gospel,5
2137,2025-02-25,M13,Hip Hop Anthem,Hip-Hop,3
2137,2025-02-25,M15,Amapiano Vibes,Amapiano/Afrobeat,5
2137,2025-02-25,M05,Study Focus 2,Instrumental,5
2138,2025-05-24,M11,Heartbreak Ballad,R&B,4
2138,2025-05-24,M12,Love Story,R&B,4
2139,2025-02-13,M08,Sunday Worship 1,Gospel,5
2139,2025-02-13,M09,Sunday Worship 2,Gospel,5
2139,2025-02-13,M10,Praise Medley,Gospel,7
2140,2025-05-27,M06,Rain Sounds,Ambient/Sleep,10
2140,2025-05-27,M07,Deep Sleep,Ambient/Sleep,12
2141,2025-06-26,M04,Study Focus 1,Instrumental,6
2141,2025-06-26,M05,Study Focus 2,Instrumental,5
2141,2025-06-26,M02,Pump It Up,Fitness/EDM,3
2141,2025-06-26,M12,Love Story,R&B,4
2142,2025-04-05,M08,Sunday Worship 1,Gospel,5
2142,2025-04-05,M09,Sunday Worship 2,Gospel,5
2142,2025-04-05,M05,Study Focus 2,Instrumental,5
2143,2025-04-17,M01,Workout Anthem,Fitness/EDM,3
2143,2025-04-17,M02,Pump It Up,Fitness/EDM,3
2143,2025-04-17,M03,Cardio Beats,Fitness/EDM,4
2144,2025-05-22,M15,Amapiano Vibes,Amapiano/Afrobeat,5
2144,2025-05-22,M16,Gengetone Hit,Amapiano/Afrobeat,4
2145,2025-06-14,M15,Amapiano Vibes,Amapiano/Afrobeat,5
2145,2025-06-14,M16,Gengetone Hit,Amapiano/Afrobeat,4
2146,2025-06-22,M04,Study Focus 1,Instrumental,6
2146,2025-06-22,M05,Study Focus 2,Instrumental,5
2147,2025-04-15,M01,Workout Anthem,Fitness/EDM,3
2147,2025-04-15,M02,Pump It Up,Fitness/EDM,3
2148,2025-05-16,M12,Love Story,R&B,4
2148,2025-05-16,M06,Rain Sounds,Ambient/Sleep,10
2149,2025-06-09,M04,Study Focus 1,Instrumental,6
2149,2025-06-09,M05,Study Focus 2,Instrumental,5
2149,2025-06-09,M06,Rain Sounds,Ambient/Sleep,10
2150,2025-04-09,M11,Heartbreak Ballad,R&B,4
2150,2025-04-09,M12,Love Story,R&B,4
2151,2025-05-13,M01,Workout Anthem,Fitness/EDM,3
2151,2025-05-13,M14,Street Beats,Hip-Hop,3
2151,2025-05-13,M02,Pump It Up,Fitness/EDM,3
2152,2025-05-20,M01,Workout Anthem,Fitness/EDM,3
2152,2025-05-20,M02,Pump It Up,Fitness/EDM,3
2153,2025-04-04,M07,Deep Sleep,Ambient/Sleep,12
2153,2025-04-04,M01,Workout Anthem,Fitness/EDM,3
2154,2025-01-03,M15,Amapiano Vibes,Amapiano/Afrobeat,5
2154,2025-01-03,M09,Sunday Worship 2,Gospel,5
2154,2025-01-03,M01,Workout Anthem,Fitness/EDM,3
2155,2025-03-30,M08,Sunday Worship 1,Gospel,5
2155,2025-03-30,M09,Sunday Worship 2,Gospel,5
2155,2025-03-30,M10,Praise Medley,Gospel,7
2156,2025-05-10,M15,Amapiano Vibes,Amapiano/Afrobeat,5
2156,2025-05-10,M16,Gengetone Hit,Amapiano/Afrobeat,4
2157,2025-04-26,M02,Pump It Up,Fitness/EDM,3
2157,2025-04-26,M01,Workout Anthem,Fitness/EDM,3
2157,2025-04-26,M05,Study Focus 2,Instrumental,5
2157,2025-04-26,M04,Study Focus 1,Instrumental,6
2158,2025-04-29,M15,Amapiano Vibes,Amapiano/Afrobeat,5
2158,2025-04-29,M16,Gengetone Hit,Amapiano/Afrobeat,4
2159,2025-04-12,M09,Sunday Worship 2,Gospel,5
2160,2025-03-28,M15,Amapiano Vibes,Amapiano/Afrobeat,5
2160,2025-03-28,M16,Gengetone Hit,Amapiano/Afrobeat,4
2161,2025-02-08,M05,Study Focus 2,Instrumental,5
2161,2025-02-08,M15,Amapiano Vibes,Amapiano/Afrobeat,5
2161,2025-02-08,M09,Sunday Worship 2,Gospel,5
2162,2025-04-18,M06,Rain Sounds,Ambient/Sleep,10
2162,2025-04-18,M11,Heartbreak Ballad,R&B,4
2163,2025-01-21,M01,Workout Anthem,Fitness/EDM,3
2163,2025-01-21,M02,Pump It Up,Fitness/EDM,3
2164,2025-02-03,M14,Street Beats,Hip-Hop,3
2164,2025-02-03,M07,Deep Sleep,Ambient/Sleep,12
2164,2025-02-03,M01,Workout Anthem,Fitness/EDM,3
2164,2025-02-03,M06,Rain Sounds,Ambient/Sleep,10
2165,2025-03-30,M08,Sunday Worship 1,Gospel,5
2165,2025-03-30,M09,Sunday Worship 2,Gospel,5
2165,2025-03-30,M10,Praise Medley,Gospel,7
2166,2025-02-03,M07,Deep Sleep,Ambient/Sleep,12
2166,2025-02-03,M13,Hip Hop Anthem,Hip-Hop,3
2166,2025-02-03,M12,Love Story,R&B,4
2166,2025-02-03,M14,Street Beats,Hip-Hop,3
2167,2025-02-06,M10,Praise Medley,Gospel,7
2168,2025-03-17,M08,Sunday Worship 1,Gospel,5
2168,2025-03-17,M09,Sunday Worship 2,Gospel,5
2168,2025-03-17,M10,Praise Medley,Gospel,7
2169,2025-01-09,M08,Sunday Worship 1,Gospel,5
2169,2025-01-09,M09,Sunday Worship 2,Gospel,5
2169,2025-01-09,M10,Praise Medley,Gospel,7
2170,2025-05-23,M11,Heartbreak Ballad,R&B,4
2170,2025-05-23,M12,Love Story,R&B,4
2171,2025-05-01,M04,Study Focus 1,Instrumental,6
2171,2025-05-01,M05,Study Focus 2,Instrumental,5
2171,2025-05-01,M06,Rain Sounds,Ambient/Sleep,10
2172,2025-03-30,M01,Workout Anthem,Fitness/EDM,3
2172,2025-03-30,M02,Pump It Up,Fitness/EDM,3
2172,2025-03-30,M03,Cardio Beats,Fitness/EDM,4
2173,2025-04-10,M08,Sunday Worship 1,Gospel,5
2173,2025-04-10,M09,Sunday Worship 2,Gospel,5
2174,2025-05-30,M15,Amapiano Vibes,Amapiano/Afrobeat,5
2174,2025-05-30,M16,Gengetone Hit,Amapiano/Afrobeat,4
2175,2025-03-18,M06,Rain Sounds,Ambient/Sleep,10
2175,2025-03-18,M14,Street Beats,Hip-Hop,3
2176,2025-05-19,M13,Hip Hop Anthem,Hip-Hop,3
2176,2025-05-19,M14,Street Beats,Hip-Hop,3
2176,2025-05-19,M15,Amapiano Vibes,Amapiano/Afrobeat,5
2177,2025-01-01,M06,Rain Sounds,Ambient/Sleep,10
2177,2025-01-01,M07,Deep Sleep,Ambient/Sleep,12
2178,2025-05-22,M08,Sunday Worship 1,Gospel,5
2178,2025-05-22,M13,Hip Hop Anthem,Hip-Hop,3
2179,2025-05-26,M06,Rain Sounds,Ambient/Sleep,10
2179,2025-05-26,M07,Deep Sleep,Ambient/Sleep,12
2180,2025-03-30,M09,Sunday Worship 2,Gospel,5
2180,2025-03-30,M16,Gengetone Hit,Amapiano/Afrobeat,4
2180,2025-03-30,M06,Rain Sounds,Ambient/Sleep,10
2180,2025-03-30,M14,Street Beats,Hip-Hop,3
2181,2025-04-27,M13,Hip Hop Anthem,Hip-Hop,3
2181,2025-04-27,M14,Street Beats,Hip-Hop,3
2182,2025-02-27,M04,Study Focus 1,Instrumental,6
2183,2025-02-20,M06,Rain Sounds,Ambient/Sleep,10
2183,2025-02-20,M07,Deep Sleep,Ambient/Sleep,12
2184,2025-02-28,M04,Study Focus 1,Instrumental,6
2184,2025-02-28,M10,Praise Medley,Gospel,7
2184,2025-02-28,M11,Heartbreak Ballad,R&B,4
2184,2025-02-28,M07,Deep Sleep,Ambient/Sleep,12
2185,2025-04-04,M14,Street Beats,Hip-Hop,3
2186,2025-02-14,M10,Praise Medley,Gospel,7
2186,2025-02-14,M06,Rain Sounds,Ambient/Sleep,10
2187,2025-04-17,M11,Heartbreak Ballad,R&B,4
2187,2025-04-17,M12,Love Story,R&B,4
2188,2025-04-22,M04,Study Focus 1,Instrumental,6
2188,2025-04-22,M05,Study Focus 2,Instrumental,5
2189,2025-02-08,M15,Amapiano Vibes,Amapiano/Afrobeat,5
2190,2025-02-11,M10,Praise Medley,Gospel,7
2190,2025-02-11,M08,Sunday Worship 1,Gospel,5
2190,2025-02-11,M14,Street Beats,Hip-Hop,3
2190,2025-02-11,M03,Cardio Beats,Fitness/EDM,4
2191,2025-04-16,M15,Amapiano Vibes,Amapiano/Afrobeat,5
2191,2025-04-16,M16,Gengetone Hit,Amapiano/Afrobeat,4
2192,2025-04-28,M15,Amapiano Vibes,Amapiano/Afrobeat,5
2192,2025-04-28,M16,Gengetone Hit,Amapiano/Afrobeat,4
2193,2025-03-13,M04,Study Focus 1,Instrumental,6
2193,2025-03-13,M05,Study Focus 2,Instrumental,5
2194,2025-04-18,M03,Cardio Beats,Fitness/EDM,4
2194,2025-04-18,M08,Sunday Worship 1,Gospel,5
2194,2025-04-18,M05,Study Focus 2,Instrumental,5
2194,2025-04-18,M13,Hip Hop Anthem,Hip-Hop,3
2195,2025-06-07,M04,Study Focus 1,Instrumental,6
2195,2025-06-07,M12,Love Story,R&B,4
2196,2025-05-01,M07,Deep Sleep,Ambient/Sleep,12
2196,2025-05-01,M16,Gengetone Hit,Amapiano/Afrobeat,4
2196,2025-05-01,M15,Amapiano Vibes,Amapiano/Afrobeat,5
2197,2025-04-22,M01,Workout Anthem,Fitness/EDM,3
2197,2025-04-22,M02,Pump It Up,Fitness/EDM,3
2198,2025-05-27,M02,Pump It Up,Fitness/EDM,3
2199,2025-05-22,M06,Rain Sounds,Ambient/Sleep,10
2199,2025-05-22,M07,Deep Sleep,Ambient/Sleep,12
2200,2025-06-19,M01,Workout Anthem,Fitness/EDM,3
2200,2025-06-19,M02,Pump It Up,Fitness/EDM,3
2201,2025-05-22,M04,Study Focus 1,Instrumental,6
2201,2025-05-22,M05,Study Focus 2,Instrumental,5
2202,2025-06-15,M09,Sunday Worship 2,Gospel,5
2203,2025-05-05,M11,Heartbreak Ballad,R&B,4
2204,2025-05-26,M13,Hip Hop Anthem,Hip-Hop,3
2204,2025-05-26,M14,Street Beats,Hip-Hop,3
2205,2025-05-08,M02,Pump It Up,Fitness/EDM,3
2205,2025-05-08,M05,Study Focus 2,Instrumental,5
2205,2025-05-08,M09,Sunday Worship 2,Gospel,5
2206,2025-06-05,M13,Hip Hop Anthem,Hip-Hop,3
2206,2025-06-05,M14,Street Beats,Hip-Hop,3
2206,2025-06-05,M15,Amapiano Vibes,Amapiano/Afrobeat,5
2207,2025-04-07,M11,Heartbreak Ballad,R&B,4
2207,2025-04-07,M12,Love Story,R&B,4
2208,2025-01-28,M15,Amapiano Vibes,Amapiano/Afrobeat,5
2208,2025-01-28,M16,Gengetone Hit,Amapiano/Afrobeat,4
2209,2025-06-04,M06,Rain Sounds,Ambient/Sleep,10
2209,2025-06-04,M10,Praise Medley,Gospel,7
2209,2025-06-04,M07,Deep Sleep,Ambient/Sleep,12
2209,2025-06-04,M04,Study Focus 1,Instrumental,6
2210,2025-06-01,M04,Study Focus 1,Instrumental,6
2210,2025-06-01,M05,Study Focus 2,Instrumental,5
2211,2025-04-26,M16,Gengetone Hit,Amapiano/Afrobeat,4
2211,2025-04-26,M08,Sunday Worship 1,Gospel,5
2211,2025-04-26,M14,Street Beats,Hip-Hop,3
2211,2025-04-26,M03,Cardio Beats,Fitness/EDM,4
2212,2025-02-18,M15,Amapiano Vibes,Amapiano/Afrobeat,5
2212,2025-02-18,M03,Cardio Beats,Fitness/EDM,4
2213,2025-01-02,M13,Hip Hop Anthem,Hip-Hop,3
2213,2025-01-02,M14,Street Beats,Hip-Hop,3
2214,2025-02-15,M07,Deep Sleep,Ambient/Sleep,12
2214,2025-02-15,M12,Love Story,R&B,4
2215,2025-06-29,M01,Workout Anthem,Fitness/EDM,3
2215,2025-06-29,M02,Pump It Up,Fitness/EDM,3
2215,2025-06-29,M03,Cardio Beats,Fitness/EDM,4
2216,2025-03-07,M02,Pump It Up,Fitness/EDM,3
2216,2025-03-07,M01,Workout Anthem,Fitness/EDM,3
2216,2025-03-07,M06,Rain Sounds,Ambient/Sleep,10
2216,2025-03-07,M03,Cardio Beats,Fitness/EDM,4
2217,2025-02-19,M11,Heartbreak Ballad,R&B,4
2217,2025-02-19,M08,Sunday Worship 1,Gospel,5
2217,2025-02-19,M14,Street Beats,Hip-Hop,3
2217,2025-02-19,M04,Study Focus 1,Instrumental,6
2218,2025-06-04,M06,Rain Sounds,Ambient/Sleep,10
2218,2025-06-04,M07,Deep Sleep,Ambient/Sleep,12
2219,2025-04-29,M04,Study Focus 1,Instrumental,6
2219,2025-04-29,M05,Study Focus 2,Instrumental,5
2220,2025-05-04,M11,Heartbreak Ballad,R&B,4
2220,2025-05-04,M12,Love Story,R&B,4
2220,2025-05-04,M10,Praise Medley,Gospel,7
2221,2025-02-23,M13,Hip Hop Anthem,Hip-Hop,3
2221,2025-02-23,M03,Cardio Beats,Fitness/EDM,4
2221,2025-02-23,M16,Gengetone Hit,Amapiano/Afrobeat,4
2221,2025-02-23,M12,Love Story,R&B,4
2222,2025-06-05,M06,Rain Sounds,Ambient/Sleep,10
2222,2025-06-05,M07,Deep Sleep,Ambient/Sleep,12
2223,2025-03-31,M04,Study Focus 1,Instrumental,6
2223,2025-03-31,M05,Study Focus 2,Instrumental,5
2224,2025-04-12,M11,Heartbreak Ballad,R&B,4
2224,2025-04-12,M12,Love Story,R&B,4
2225,2025-03-16,M04,Study Focus 1,Instrumental,6
2225,2025-03-16,M05,Study Focus 2,Instrumental,5
2226,2025-02-07,M04,Study Focus 1,Instrumental,6
2226,2025-02-07,M05,Study Focus 2,Instrumental,5
2227,2025-02-09,M06,Rain Sounds,Ambient/Sleep,10
2227,2025-02-09,M07,Deep Sleep,Ambient/Sleep,12
2228,2025-01-25,M04,Study Focus 1,Instrumental,6
2228,2025-01-25,M05,Study Focus 2,Instrumental,5
2229,2025-04-26,M11,Heartbreak Ballad,R&B,4
2229,2025-04-26,M12,Love Story,R&B,4
2230,2025-02-25,M04,Study Focus 1,Instrumental,6
2230,2025-02-25,M05,Study Focus 2,Instrumental,5
2231,2025-05-24,M01,Workout Anthem,Fitness/EDM,3
2231,2025-05-24,M02,Pump It Up,Fitness/EDM,3
2232,2025-02-26,M04,Study Focus 1,Instrumental,6
2232,2025-02-26,M05,Study Focus 2,Instrumental,5
2232,2025-02-26,M06,Rain Sounds,Ambient/Sleep,10
2233,2025-01-31,M04,Study Focus 1,Instrumental,6
2233,2025-01-31,M05,Study Focus 2,Instrumental,5
2233,2025-01-31,M06,Rain Sounds,Ambient/Sleep,10
2234,2025-01-23,M04,Study Focus 1,Instrumental,6
2234,2025-01-23,M05,Study Focus 2,Instrumental,5
2235,2025-01-14,M11,Heartbreak Ballad,R&B,4
2235,2025-01-14,M12,Love Story,R&B,4
2236,2025-04-20,M11,Heartbreak Ballad,R&B,4
2236,2025-04-20,M12,Love Story,R&B,4
2237,2025-01-04,M06,Rain Sounds,Ambient/Sleep,10
2237,2025-01-04,M07,Deep Sleep,Ambient/Sleep,12
2238,2025-05-31,M06,Rain Sounds,Ambient/Sleep,10
2238,2025-05-31,M01,Workout Anthem,Fitness/EDM,3
2238,2025-05-31,M07,Deep Sleep,Ambient/Sleep,12
2239,2025-06-02,M13,Hip Hop Anthem,Hip-Hop,3
2239,2025-06-02,M14,Street Beats,Hip-Hop,3
2240,2025-02-24,M01,Workout Anthem,Fitness/EDM,3
2240,2025-02-24,M11,Heartbreak Ballad,R&B,4
2241,2025-06-07,M11,Heartbreak Ballad,R&B,4
2241,2025-06-07,M12,Love Story,R&B,4
2242,2025-06-09,M15,Amapiano Vibes,Amapiano/Afrobeat,5
2242,2025-06-09,M16,Gengetone Hit,Amapiano/Afrobeat,4
2243,2025-01-15,M08,Sunday Worship 1,Gospel,5
2243,2025-01-15,M09,Sunday Worship 2,Gospel,5
2243,2025-01-15,M10,Praise Medley,Gospel,7
2244,2025-05-12,M13,Hip Hop Anthem,Hip-Hop,3
2244,2025-05-12,M14,Street Beats,Hip-Hop,3
2245,2025-01-28,M08,Sunday Worship 1,Gospel,5
2245,2025-01-28,M09,Sunday Worship 2,Gospel,5
2245,2025-01-28,M10,Praise Medley,Gospel,7
2246,2025-06-29,M11,Heartbreak Ballad,R&B,4
2246,2025-06-29,M01,Workout Anthem,Fitness/EDM,3
2246,2025-06-29,M02,Pump It Up,Fitness/EDM,3
2247,2025-05-29,M06,Rain Sounds,Ambient/Sleep,10
2247,2025-05-29,M07,Deep Sleep,Ambient/Sleep,12
2248,2025-05-08,M13,Hip Hop Anthem,Hip-Hop,3
2248,2025-05-08,M04,Study Focus 1,Instrumental,6
2248,2025-05-08,M07,Deep Sleep,Ambient/Sleep,12
2249,2025-01-28,M04,Study Focus 1,Instrumental,6
2249,2025-01-28,M05,Study Focus 2,Instrumental,5
2249,2025-01-28,M03,Cardio Beats,Fitness/EDM,4
2250,2025-01-30,M13,Hip Hop Anthem,Hip-Hop,3
2250,2025-01-30,M14,Street Beats,Hip-Hop,3
2250,2025-01-30,M15,Amapiano Vibes,Amapiano/Afrobeat,5
2250,2025-01-30,M06,Rain Sounds,Ambient/Sleep,10
2251,2025-06-22,M06,Rain Sounds,Ambient/Sleep,10
2251,2025-06-22,M04,Study Focus 1,Instrumental,6
2252,2025-06-06,M06,Rain Sounds,Ambient/Sleep,10
2252,2025-06-06,M07,Deep Sleep,Ambient/Sleep,12
2253,2025-03-28,M15,Amapiano Vibes,Amapiano/Afrobeat,5
2253,2025-03-28,M16,Gengetone Hit,Amapiano/Afrobeat,4
2254,2025-03-31,M15,Amapiano Vibes,Amapiano/Afrobeat,5
2254,2025-03-31,M10,Praise Medley,Gospel,7
2254,2025-03-31,M01,Workout Anthem,Fitness/EDM,3
2255,2025-02-17,M13,Hip Hop Anthem,Hip-Hop,3
2255,2025-02-17,M14,Street Beats,Hip-Hop,3
2256,2025-05-17,M13,Hip Hop Anthem,Hip-Hop,3
2256,2025-05-17,M14,Street Beats,Hip-Hop,3
2256,2025-05-17,M15,Amapiano Vibes,Amapiano/Afrobeat,5
2257,2025-06-01,M10,Praise Medley,Gospel,7
2257,2025-06-01,M13,Hip Hop Anthem,Hip-Hop,3
2257,2025-06-01,M12,Love Story,R&B,4
2257,2025-06-01,M14,Street Beats,Hip-Hop,3
2258,2025-05-11,M08,Sunday Worship 1,Gospel,5
2258,2025-05-11,M09,Sunday Worship 2,Gospel,5
2259,2025-02-11,M11,Heartbreak Ballad,R&B,4
2259,2025-02-11,M12,Love Story,R&B,4
2260,2025-06-01,M01,Workout Anthem,Fitness/EDM,3
2260,2025-06-01,M02,Pump It Up,Fitness/EDM,3
2260,2025-06-01,M03,Cardio Beats,Fitness/EDM,4
2261,2025-03-05,M10,Praise Medley,Gospel,7
2261,2025-03-05,M16,Gengetone Hit,Amapiano/Afrobeat,4
2262,2025-04-23,M11,Heartbreak Ballad,R&B,4
2262,2025-04-23,M12,Love Story,R&B,4
2263,2025-02-14,M04,Study Focus 1,Instrumental,6
2263,2025-02-14,M15,Amapiano Vibes,Amapiano/Afrobeat,5
2263,2025-02-14,M02,Pump It Up,Fitness/EDM,3
2263,2025-02-14,M05,Study Focus 2,Instrumental,5
2264,2025-04-09,M08,Sunday Worship 1,Gospel,5
2264,2025-04-09,M09,Sunday Worship 2,Gospel,5
2264,2025-04-09,M10,Praise Medley,Gospel,7
2265,2025-02-01,M04,Study Focus 1,Instrumental,6
2265,2025-02-01,M05,Study Focus 2,Instrumental,5
2266,2025-05-09,M16,Gengetone Hit,Amapiano/Afrobeat,4
2266,2025-05-09,M11,Heartbreak Ballad,R&B,4
2266,2025-05-09,M12,Love Story,R&B,4
2267,2025-03-27,M11,Heartbreak Ballad,R&B,4
2267,2025-03-27,M12,Love Story,R&B,4
2268,2025-01-18,M01,Workout Anthem,Fitness/EDM,3
2268,2025-01-18,M02,Pump It Up,Fitness/EDM,3
2269,2025-06-30,M13,Hip Hop Anthem,Hip-Hop,3
2269,2025-06-30,M14,Street Beats,Hip-Hop,3
2269,2025-06-30,M03,Cardio Beats,Fitness/EDM,4
2270,2025-06-10,M15,Amapiano Vibes,Amapiano/Afrobeat,5
2270,2025-06-10,M07,Deep Sleep,Ambient/Sleep,12
2270,2025-06-10,M13,Hip Hop Anthem,Hip-Hop,3
2271,2025-03-13,M02,Pump It Up,Fitness/EDM,3
2271,2025-03-13,M03,Cardio Beats,Fitness/EDM,4
2271,2025-03-13,M05,Study Focus 2,Instrumental,5
2271,2025-03-13,M09,Sunday Worship 2,Gospel,5
2272,2025-06-21,M13,Hip Hop Anthem,Hip-Hop,3
2272,2025-06-21,M14,Street Beats,Hip-Hop,3
2273,2025-04-04,M12,Love Story,R&B,4
2273,2025-04-04,M01,Workout Anthem,Fitness/EDM,3
2273,2025-04-04,M07,Deep Sleep,Ambient/Sleep,12
2273,2025-04-04,M16,Gengetone Hit,Amapiano/Afrobeat,4
2274,2025-05-06,M11,Heartbreak Ballad,R&B,4
2274,2025-05-06,M12,Love Story,R&B,4
2275,2025-02-07,M01,Workout Anthem,Fitness/EDM,3
2275,2025-02-07,M02,Pump It Up,Fitness/EDM,3
2276,2025-04-02,M09,Sunday Worship 2,Gospel,5
2276,2025-04-02,M07,Deep Sleep,Ambient/Sleep,12
2276,2025-04-02,M13,Hip Hop Anthem,Hip-Hop,3
2276,2025-04-02,M12,Love Story,R&B,4
2277,2025-02-11,M04,Study Focus 1,Instrumental,6
2277,2025-02-11,M05,Study Focus 2,Instrumental,5
2277,2025-02-11,M06,Rain Sounds,Ambient/Sleep,10
2278,2025-02-23,M09,Sunday Worship 2,Gospel,5
2278,2025-02-23,M15,Amapiano Vibes,Amapiano/Afrobeat,5
2279,2025-04-10,M04,Study Focus 1,Instrumental,6
2279,2025-04-10,M05,Study Focus 2,Instrumental,5
2280,2025-02-11,M08,Sunday Worship 1,Gospel,5
2280,2025-02-11,M09,Sunday Worship 2,Gospel,5
2281,2025-03-27,M08,Sunday Worship 1,Gospel,5
2281,2025-03-27,M09,Sunday Worship 2,Gospel,5
2281,2025-03-27,M16,Gengetone Hit,Amapiano/Afrobeat,4
2282,2025-06-13,M07,Deep Sleep,Ambient/Sleep,12
2282,2025-06-13,M04,Study Focus 1,Instrumental,6
2283,2025-02-08,M06,Rain Sounds,Ambient/Sleep,10
2283,2025-02-08,M07,Deep Sleep,Ambient/Sleep,12
2284,2025-06-30,M13,Hip Hop Anthem,Hip-Hop,3
2284,2025-06-30,M14,Street Beats,Hip-Hop,3
2284,2025-06-30,M15,Amapiano Vibes,Amapiano/Afrobeat,5
2285,2025-01-08,M01,Workout Anthem,Fitness/EDM,3
2285,2025-01-08,M16,Gengetone Hit,Amapiano/Afrobeat,4
2285,2025-01-08,M09,Sunday Worship 2,Gospel,5
2285,2025-01-08,M08,Sunday Worship 1,Gospel,5
2286,2025-05-23,M15,Amapiano Vibes,Amapiano/Afrobeat,5
2286,2025-05-23,M16,Gengetone Hit,Amapiano/Afrobeat,4
2287,2025-05-09,M11,Heartbreak Ballad,R&B,4
2287,2025-05-09,M12,Love Story,R&B,4
2288,2025-01-06,M01,Workout Anthem,Fitness/EDM,3
2288,2025-01-06,M02,Pump It Up,Fitness/EDM,3
2289,2025-01-16,M11,Heartbreak Ballad,R&B,4
2289,2025-01-16,M12,Love Story,R&B,4
2290,2025-03-23,M01,Workout Anthem,Fitness/EDM,3
2291,2025-01-27,M02,Pump It Up,Fitness/EDM,3
2291,2025-01-27,M15,Amapiano Vibes,Amapiano/Afrobeat,5
2291,2025-01-27,M13,Hip Hop Anthem,Hip-Hop,3
2291,2025-01-27,M03,Cardio Beats,Fitness/EDM,4
2292,2025-05-22,M03,Cardio Beats,Fitness/EDM,4
2292,2025-05-22,M10,Praise Medley,Gospel,7
2293,2025-03-12,M08,Sunday Worship 1,Gospel,5
2293,2025-03-12,M07,Deep Sleep,Ambient/Sleep,12
2293,2025-03-12,M16,Gengetone Hit,Amapiano/Afrobeat,4
2293,2025-03-12,M13,Hip Hop Anthem,Hip-Hop,3
2294,2025-04-18,M15,Amapiano Vibes,Amapiano/Afrobeat,5
2294,2025-04-18,M16,Gengetone Hit,Amapiano/Afrobeat,4
2295,2025-02-06,M13,Hip Hop Anthem,Hip-Hop,3
2295,2025-02-06,M14,Street Beats,Hip-Hop,3
2296,2025-05-15,M15,Amapiano Vibes,Amapiano/Afrobeat,5
2296,2025-05-15,M16,Gengetone Hit,Amapiano/Afrobeat,4
2297,2025-06-21,M13,Hip Hop Anthem,Hip-Hop,3
2297,2025-06-21,M02,Pump It Up,Fitness/EDM,3
2298,2025-02-15,M06,Rain Sounds,Ambient/Sleep,10
2298,2025-02-15,M07,Deep Sleep,Ambient/Sleep,12
2298,2025-02-15,M16,Gengetone Hit,Amapiano/Afrobeat,4
2299,2025-03-25,M10,Praise Medley,Gospel,7
2299,2025-03-25,M02,Pump It Up,Fitness/EDM,3
2300,2025-05-02,M14,Street Beats,Hip-Hop,3
2301,2025-05-23,M04,Study Focus 1,Instrumental,6
2301,2025-05-23,M05,Study Focus 2,Instrumental,5
2302,2025-04-12,M11,Heartbreak Ballad,R&B,4
2302,2025-04-12,M12,Love Story,R&B,4
2303,2025-03-16,M04,Study Focus 1,Instrumental,6
2303,2025-03-16,M05,Study Focus 2,Instrumental,5
2304,2025-06-14,M05,Study Focus 2,Instrumental,5
2304,2025-06-14,M15,Amapiano Vibes,Amapiano/Afrobeat,5
2305,2025-03-07,M13,Hip Hop Anthem,Hip-Hop,3
2305,2025-03-07,M14,Street Beats,Hip-Hop,3
2306,2025-05-31,M01,Workout Anthem,Fitness/EDM,3
2306,2025-05-31,M02,Pump It Up,Fitness/EDM,3
2307,2025-01-11,M04,Study Focus 1,Instrumental,6
2307,2025-01-11,M05,Study Focus 2,Instrumental,5
2308,2025-01-26,M01,Workout Anthem,Fitness/EDM,3
2308,2025-01-26,M02,Pump It Up,Fitness/EDM,3
2308,2025-01-26,M03,Cardio Beats,Fitness/EDM,4
2309,2025-01-12,M04,Study Focus 1,Instrumental,6
2309,2025-01-12,M05,Study Focus 2,Instrumental,5
2309,2025-01-12,M06,Rain Sounds,Ambient/Sleep,10
2310,2025-05-24,M11,Heartbreak Ballad,R&B,4
2310,2025-05-24,M12,Love Story,R&B,4
2311,2025-03-25,M06,Rain Sounds,Ambient/Sleep,10
2311,2025-03-25,M07,Deep Sleep,Ambient/Sleep,12
2312,2025-01-12,M11,Heartbreak Ballad,R&B,4
2312,2025-01-12,M12,Love Story,R&B,4
2313,2025-02-26,M06,Rain Sounds,Ambient/Sleep,10
2313,2025-02-26,M07,Deep Sleep,Ambient/Sleep,12
2314,2025-05-18,M07,Deep Sleep,Ambient/Sleep,12
2314,2025-05-18,M04,Study Focus 1,Instrumental,6
2314,2025-05-18,M05,Study Focus 2,Instrumental,5
2314,2025-05-18,M10,Praise Medley,Gospel,7
2315,2025-04-19,M01,Workout Anthem,Fitness/EDM,3
2315,2025-04-19,M02,Pump It Up,Fitness/EDM,3
2316,2025-06-21,M06,Rain Sounds,Ambient/Sleep,10
2316,2025-06-21,M07,Deep Sleep,Ambient/Sleep,12
2317,2025-06-02,M15,Amapiano Vibes,Amapiano/Afrobeat,5
2317,2025-06-02,M16,Gengetone Hit,Amapiano/Afrobeat,4
2318,2025-06-19,M15,Amapiano Vibes,Amapiano/Afrobeat,5
2318,2025-06-19,M11,Heartbreak Ballad,R&B,4
2318,2025-06-19,M02,Pump It Up,Fitness/EDM,3
2319,2025-02-01,M15,Amapiano Vibes,Amapiano/Afrobeat,5
2319,2025-02-01,M16,Gengetone Hit,Amapiano/Afrobeat,4
2320,2025-01-09,M08,Sunday Worship 1,Gospel,5
2320,2025-01-09,M09,Sunday Worship 2,Gospel,5
2321,2025-01-16,M11,Heartbreak Ballad,R&B,4
2321,2025-01-16,M15,Amapiano Vibes,Amapiano/Afrobeat,5
2322,2025-02-12,M04,Study Focus 1,Instrumental,6
2322,2025-02-12,M05,Study Focus 2,Instrumental,5
2323,2025-06-22,M11,Heartbreak Ballad,R&B,4
2323,2025-06-22,M12,Love Story,R&B,4
2324,2025-02-07,M12,Love Story,R&B,4
2324,2025-02-07,M03,Cardio Beats,Fitness/EDM,4
2324,2025-02-07,M16,Gengetone Hit,Amapiano/Afrobeat,4
2325,2025-06-27,M06,Rain Sounds,Ambient/Sleep,10
2325,2025-06-27,M07,Deep Sleep,Ambient/Sleep,12
2326,2025-03-15,M01,Workout Anthem,Fitness/EDM,3
2326,2025-03-15,M02,Pump It Up,Fitness/EDM,3
2326,2025-03-15,M06,Rain Sounds,Ambient/Sleep,10
2327,2025-06-17,M04,Study Focus 1,Instrumental,6
2327,2025-06-17,M05,Study Focus 2,Instrumental,5
2328,2025-06-11,M08,Sunday Worship 1,Gospel,5
2328,2025-06-11,M09,Sunday Worship 2,Gospel,5
2329,2025-03-11,M11,Heartbreak Ballad,R&B,4
2329,2025-03-11,M08,Sunday Worship 1,Gospel,5
2330,2025-04-26,M13,Hip Hop Anthem,Hip-Hop,3
2330,2025-04-26,M14,Street Beats,Hip-Hop,3
2331,2025-03-17,M04,Study Focus 1,Instrumental,6
2331,2025-03-17,M05,Study Focus 2,Instrumental,5
2331,2025-03-17,M06,Rain Sounds,Ambient/Sleep,10
2332,2025-06-15,M08,Sunday Worship 1,Gospel,5
2332,2025-06-15,M09,Sunday Worship 2,Gospel,5
2333,2025-03-06,M08,Sunday Worship 1,Gospel,5
2333,2025-03-06,M09,Sunday Worship 2,Gospel,5
2334,2025-01-07,M15,Amapiano Vibes,Amapiano/Afrobeat,5
2334,2025-01-07,M16,Gengetone Hit,Amapiano/Afrobeat,4
2335,2025-03-17,M01,Workout Anthem,Fitness/EDM,3
2335,2025-03-17,M02,Pump It Up,Fitness/EDM,3
2336,2025-05-04,M01,Workout Anthem,Fitness/EDM,3
2336,2025-05-04,M16,Gengetone Hit,Amapiano/Afrobeat,4
2336,2025-05-04,M07,Deep Sleep,Ambient/Sleep,12
2336,2025-05-04,M14,Street Beats,Hip-Hop,3
2337,2025-04-03,M04,Study Focus 1,Instrumental,6
2337,2025-04-03,M05,Study Focus 2,Instrumental,5
2337,2025-04-03,M06,Rain Sounds,Ambient/Sleep,10
2338,2025-01-10,M13,Hip Hop Anthem,Hip-Hop,3
2338,2025-01-10,M14,Street Beats,Hip-Hop,3
2339,2025-04-02,M05,Study Focus 2,Instrumental,5
2339,2025-04-02,M04,Study Focus 1,Instrumental,6
2340,2025-03-22,M02,Pump It Up,Fitness/EDM,3
2340,2025-03-22,M07,Deep Sleep,Ambient/Sleep,12
2341,2025-01-05,M01,Workout Anthem,Fitness/EDM,3
2341,2025-01-05,M02,Pump It Up,Fitness/EDM,3
2342,2025-04-26,M09,Sunday Worship 2,Gospel,5
2342,2025-04-26,M11,Heartbreak Ballad,R&B,4
2342,2025-04-26,M04,Study Focus 1,Instrumental,6
2343,2025-05-16,M15,Amapiano Vibes,Amapiano/Afrobeat,5
2343,2025-05-16,M16,Gengetone Hit,Amapiano/Afrobeat,4
2344,2025-01-23,M03,Cardio Beats,Fitness/EDM,4
2344,2025-01-23,M05,Study Focus 2,Instrumental,5
2345,2025-05-01,M13,Hip Hop Anthem,Hip-Hop,3
2345,2025-05-01,M16,Gengetone Hit,Amapiano/Afrobeat,4
2345,2025-05-01,M08,Sunday Worship 1,Gospel,5
2346,2025-01-15,M01,Workout Anthem,Fitness/EDM,3
2346,2025-01-15,M02,Pump It Up,Fitness/EDM,3
2346,2025-01-15,M03,Cardio Beats,Fitness/EDM,4
2347,2025-03-10,M04,Study Focus 1,Instrumental,6
2347,2025-03-10,M05,Study Focus 2,Instrumental,5
2347,2025-03-10,M06,Rain Sounds,Ambient/Sleep,10
2348,2025-04-25,M04,Study Focus 1,Instrumental,6
2348,2025-04-25,M05,Study Focus 2,Instrumental,5
2348,2025-04-25,M06,Rain Sounds,Ambient/Sleep,10
2349,2025-04-12,M06,Rain Sounds,Ambient/Sleep,10
2349,2025-04-12,M07,Deep Sleep,Ambient/Sleep,12
2350,2025-01-26,M04,Study Focus 1,Instrumental,6
2350,2025-01-26,M05,Study Focus 2,Instrumental,5
2350,2025-01-26,M06,Rain Sounds,Ambient/Sleep,10
2351,2025-05-03,M01,Workout Anthem,Fitness/EDM,3
2351,2025-05-03,M02,Pump It Up,Fitness/EDM,3
2352,2025-01-09,M15,Amapiano Vibes,Amapiano/Afrobeat,5
2352,2025-01-09,M10,Praise Medley,Gospel,7
2352,2025-01-09,M05,Study Focus 2,Instrumental,5
2353,2025-06-30,M07,Deep Sleep,Ambient/Sleep,12
2353,2025-06-30,M11,Heartbreak Ballad,R&B,4
2353,2025-06-30,M08,Sunday Worship 1,Gospel,5
2354,2025-03-25,M04,Study Focus 1,Instrumental,6
2354,2025-03-25,M15,Amapiano Vibes,Amapiano/Afrobeat,5
2354,2025-03-25,M05,Study Focus 2,Instrumental,5
2354,2025-03-25,M09,Sunday Worship 2,Gospel,5
2355,2025-05-01,M08,Sunday Worship 1,Gospel,5
2355,2025-05-01,M09,Sunday Worship 2,Gospel,5
2355,2025-05-01,M10,Praise Medley,Gospel,7
2356,2025-01-20,M06,Rain Sounds,Ambient/Sleep,10
2356,2025-01-20,M07,Deep Sleep,Ambient/Sleep,12
2357,2025-03-01,M13,Hip Hop Anthem,Hip-Hop,3
2357,2025-03-01,M09,Sunday Worship 2,Gospel,5
2357,2025-03-01,M05,Study Focus 2,Instrumental,5
2357,2025-03-01,M14,Street Beats,Hip-Hop,3
2358,2025-03-13,M06,Rain Sounds,Ambient/Sleep,10
2358,2025-03-13,M07,Deep Sleep,Ambient/Sleep,12
2359,2025-05-09,M01,Workout Anthem,Fitness/EDM,3
2359,2025-05-09,M02,Pump It Up,Fitness/EDM,3
2360,2025-04-07,M01,Workout Anthem,Fitness/EDM,3
2360,2025-04-07,M02,Pump It Up,Fitness/EDM,3
2361,2025-04-23,M08,Sunday Worship 1,Gospel,5
2361,2025-04-23,M09,Sunday Worship 2,Gospel,5
2362,2025-06-11,M06,Rain Sounds,Ambient/Sleep,10
2362,2025-06-11,M07,Deep Sleep,Ambient/Sleep,12
2363,2025-06-02,M11,Heartbreak Ballad,R&B,4
2363,2025-06-02,M12,Love Story,R&B,4
2364,2025-04-17,M01,Workout Anthem,Fitness/EDM,3
2364,2025-04-17,M02,Pump It Up,Fitness/EDM,3
2364,2025-04-17,M09,Sunday Worship 2,Gospel,5
2365,2025-01-01,M11,Heartbreak Ballad,R&B,4
2365,2025-01-01,M12,Love Story,R&B,4
2366,2025-05-06,M07,Deep Sleep,Ambient/Sleep,12
2366,2025-05-06,M01,Workout Anthem,Fitness/EDM,3
2366,2025-05-06,M14,Street Beats,Hip-Hop,3
2367,2025-03-26,M15,Amapiano Vibes,Amapiano/Afrobeat,5
2367,2025-03-26,M16,Gengetone Hit,Amapiano/Afrobeat,4
2368,2025-03-28,M01,Workout Anthem,Fitness/EDM,3
2368,2025-03-28,M02,Pump It Up,Fitness/EDM,3
2369,2025-05-17,M06,Rain Sounds,Ambient/Sleep,10
2369,2025-05-17,M07,Deep Sleep,Ambient/Sleep,12
2370,2025-02-17,M09,Sunday Worship 2,Gospel,5
2371,2025-04-18,M08,Sunday Worship 1,Gospel,5
2371,2025-04-18,M09,Sunday Worship 2,Gospel,5
2371,2025-04-18,M10,Praise Medley,Gospel,7
2372,2025-01-23,M01,Workout Anthem,Fitness/EDM,3
2372,2025-01-23,M02,Pump It Up,Fitness/EDM,3
2372,2025-01-23,M03,Cardio Beats,Fitness/EDM,4
2373,2025-05-26,M05,Study Focus 2,Instrumental,5
2373,2025-05-26,M11,Heartbreak Ballad,R&B,4
2373,2025-05-26,M09,Sunday Worship 2,Gospel,5
2373,2025-05-26,M01,Workout Anthem,Fitness/EDM,3
2374,2025-06-12,M13,Hip Hop Anthem,Hip-Hop,3
2375,2025-02-15,M10,Praise Medley,Gospel,7
2375,2025-02-15,M12,Love Story,R&B,4
2375,2025-02-15,M01,Workout Anthem,Fitness/EDM,3
2376,2025-06-27,M04,Study Focus 1,Instrumental,6
2376,2025-06-27,M05,Study Focus 2,Instrumental,5
2376,2025-06-27,M06,Rain Sounds,Ambient/Sleep,10
2377,2025-01-11,M09,Sunday Worship 2,Gospel,5
2378,2025-03-14,M08,Sunday Worship 1,Gospel,5
2378,2025-03-14,M07,Deep Sleep,Ambient/Sleep,12
2378,2025-03-14,M13,Hip Hop Anthem,Hip-Hop,3
2378,2025-03-14,M15,Amapiano Vibes,Amapiano/Afrobeat,5
2379,2025-04-25,M15,Amapiano Vibes,Amapiano/Afrobeat,5
2379,2025-04-25,M16,Gengetone Hit,Amapiano/Afrobeat,4
2380,2025-06-27,M11,Heartbreak Ballad,R&B,4
2380,2025-06-27,M12,Love Story,R&B,4
2381,2025-01-07,M12,Love Story,R&B,4
2382,2025-02-19,M15,Amapiano Vibes,Amapiano/Afrobeat,5
2382,2025-02-19,M16,Gengetone Hit,Amapiano/Afrobeat,4
2383,2025-02-19,M13,Hip Hop Anthem,Hip-Hop,3
2383,2025-02-19,M14,Street Beats,Hip-Hop,3
2383,2025-02-19,M15,Amapiano Vibes,Amapiano/Afrobeat,5
2384,2025-03-31,M04,Study Focus 1,Instrumental,6
2384,2025-03-31,M05,Study Focus 2,Instrumental,5
2385,2025-05-04,M11,Heartbreak Ballad,R&B,4
2385,2025-05-04,M12,Love Story,R&B,4
2386,2025-06-06,M15,Amapiano Vibes,Amapiano/Afrobeat,5
2386,2025-06-06,M16,Gengetone Hit,Amapiano/Afrobeat,4
2387,2025-06-24,M09,Sunday Worship 2,Gospel,5
2387,2025-06-24,M05,Study Focus 2,Instrumental,5
2388,2025-01-28,M10,Praise Medley,Gospel,7
2389,2025-02-28,M04,Study Focus 1,Instrumental,6
2389,2025-02-28,M05,Study Focus 2,Instrumental,5
2390,2025-01-21,M08,Sunday Worship 1,Gospel,5
2390,2025-01-21,M09,Sunday Worship 2,Gospel,5
2391,2025-06-20,M06,Rain Sounds,Ambient/Sleep,10
2391,2025-06-20,M07,Deep Sleep,Ambient/Sleep,12
2392,2025-06-30,M01,Workout Anthem,Fitness/EDM,3
2392,2025-06-30,M02,Pump It Up,Fitness/EDM,3
2392,2025-06-30,M03,Cardio Beats,Fitness/EDM,4
2393,2025-03-09,M08,Sunday Worship 1,Gospel,5
2393,2025-03-09,M14,Street Beats,Hip-Hop,3
2394,2025-04-04,M06,Rain Sounds,Ambient/Sleep,10
2394,2025-04-04,M07,Deep Sleep,Ambient/Sleep,12
2395,2025-01-27,M04,Study Focus 1,Instrumental,6
2395,2025-01-27,M05,Study Focus 2,Instrumental,5
2396,2025-02-21,M11,Heartbreak Ballad,R&B,4
2396,2025-02-21,M12,Love Story,R&B,4
2397,2025-02-15,M01,Workout Anthem,Fitness/EDM,3
2397,2025-02-15,M02,Pump It Up,Fitness/EDM,3
2397,2025-02-15,M03,Cardio Beats,Fitness/EDM,4
2398,2025-05-25,M01,Workout Anthem,Fitness/EDM,3
2398,2025-05-25,M02,Pump It Up,Fitness/EDM,3
2399,2025-05-19,M13,Hip Hop Anthem,Hip-Hop,3
2400,2025-05-04,M08,Sunday Worship 1,Gospel,5
2400,2025-05-04,M09,Sunday Worship 2,Gospel,5
2401,2025-04-09,M01,Workout Anthem,Fitness/EDM,3
2401,2025-04-09,M05,Study Focus 2,Instrumental,5
2402,2025-01-10,M04,Study Focus 1,Instrumental,6
2402,2025-01-10,M05,Study Focus 2,Instrumental,5
2403,2025-01-16,M06,Rain Sounds,Ambient/Sleep,10
2403,2025-01-16,M07,Deep Sleep,Ambient/Sleep,12
2404,2025-04-30,M13,Hip Hop Anthem,Hip-Hop,3
2404,2025-04-30,M04,Study Focus 1,Instrumental,6
2404,2025-04-30,M09,Sunday Worship 2,Gospel,5
2404,2025-04-30,M08,Sunday Worship 1,Gospel,5
2405,2025-05-06,M04,Study Focus 1,Instrumental,6
2405,2025-05-06,M05,Study Focus 2,Instrumental,5
2406,2025-01-14,M08,Sunday Worship 1,Gospel,5
2406,2025-01-14,M01,Workout Anthem,Fitness/EDM,3
2407,2025-02-27,M02,Pump It Up,Fitness/EDM,3
2408,2025-02-03,M06,Rain Sounds,Ambient/Sleep,10
2408,2025-02-03,M07,Deep Sleep,Ambient/Sleep,12
2409,2025-01-03,M15,Amapiano Vibes,Amapiano/Afrobeat,5
2409,2025-01-03,M14,Street Beats,Hip-Hop,3
2409,2025-01-03,M03,Cardio Beats,Fitness/EDM,4
2410,2025-02-06,M11,Heartbreak Ballad,R&B,4
2410,2025-02-06,M12,Love Story,R&B,4
2411,2025-02-02,M11,Heartbreak Ballad,R&B,4
2411,2025-02-02,M12,Love Story,R&B,4
2412,2025-03-14,M01,Workout Anthem,Fitness/EDM,3
2412,2025-03-14,M02,Pump It Up,Fitness/EDM,3
2413,2025-05-16,M11,Heartbreak Ballad,R&B,4
2413,2025-05-16,M12,Love Story,R&B,4
2414,2025-01-17,M01,Workout Anthem,Fitness/EDM,3
2414,2025-01-17,M02,Pump It Up,Fitness/EDM,3
2415,2025-06-01,M15,Amapiano Vibes,Amapiano/Afrobeat,5
2415,2025-06-01,M16,Gengetone Hit,Amapiano/Afrobeat,4
2416,2025-04-20,M04,Study Focus 1,Instrumental,6
2416,2025-04-20,M16,Gengetone Hit,Amapiano/Afrobeat,4
2416,2025-04-20,M09,Sunday Worship 2,Gospel,5
2417,2025-01-04,M16,Gengetone Hit,Amapiano/Afrobeat,4
2417,2025-01-04,M11,Heartbreak Ballad,R&B,4
2418,2025-01-30,M04,Study Focus 1,Instrumental,6
2418,2025-01-30,M05,Study Focus 2,Instrumental,5
2419,2025-02-04,M13,Hip Hop Anthem,Hip-Hop,3
2419,2025-02-04,M14,Street Beats,Hip-Hop,3
2420,2025-01-02,M04,Study Focus 1,Instrumental,6
2420,2025-01-02,M05,Study Focus 2,Instrumental,5
2420,2025-01-02,M06,Rain Sounds,Ambient/Sleep,10
2421,2025-04-11,M06,Rain Sounds,Ambient/Sleep,10
2421,2025-04-11,M07,Deep Sleep,Ambient/Sleep,12
2422,2025-05-19,M13,Hip Hop Anthem,Hip-Hop,3
2422,2025-05-19,M14,Street Beats,Hip-Hop,3
2423,2025-04-16,M01,Workout Anthem,Fitness/EDM,3
2423,2025-04-16,M02,Pump It Up,Fitness/EDM,3
2423,2025-04-16,M03,Cardio Beats,Fitness/EDM,4
2424,2025-01-24,M08,Sunday Worship 1,Gospel,5
2425,2025-03-10,M01,Workout Anthem,Fitness/EDM,3
2425,2025-03-10,M02,Pump It Up,Fitness/EDM,3
2425,2025-03-10,M03,Cardio Beats,Fitness/EDM,4
2426,2025-03-09,M14,Street Beats,Hip-Hop,3
2427,2025-01-31,M11,Heartbreak Ballad,R&B,4
2427,2025-01-31,M12,Love Story,R&B,4
2428,2025-01-27,M11,Heartbreak Ballad,R&B,4
2428,2025-01-27,M12,Love Story,R&B,4
2429,2025-06-28,M13,Hip Hop Anthem,Hip-Hop,3
2429,2025-06-28,M14,Street Beats,Hip-Hop,3
2430,2025-03-21,M16,Gengetone Hit,Amapiano/Afrobeat,4
2430,2025-03-21,M01,Workout Anthem,Fitness/EDM,3
2431,2025-02-09,M01,Workout Anthem,Fitness/EDM,3
2431,2025-02-09,M05,Study Focus 2,Instrumental,5
2431,2025-02-09,M08,Sunday Worship 1,Gospel,5
2431,2025-02-09,M04,Study Focus 1,Instrumental,6
2432,2025-01-11,M01,Workout Anthem,Fitness/EDM,3
2432,2025-01-11,M02,Pump It Up,Fitness/EDM,3
2432,2025-01-11,M03,Cardio Beats,Fitness/EDM,4
2433,2025-02-18,M04,Study Focus 1,Instrumental,6
2433,2025-02-18,M06,Rain Sounds,Ambient/Sleep,10
2433,2025-02-18,M08,Sunday Worship 1,Gospel,5
2433,2025-02-18,M01,Workout Anthem,Fitness/EDM,3
2434,2025-03-27,M01,Workout Anthem,Fitness/EDM,3
2434,2025-03-27,M02,Pump It Up,Fitness/EDM,3
2434,2025-03-27,M03,Cardio Beats,Fitness/EDM,4
2435,2025-01-19,M04,Study Focus 1,Instrumental,6
2435,2025-01-19,M05,Study Focus 2,Instrumental,5
2435,2025-01-19,M06,Rain Sounds,Ambient/Sleep,10
2435,2025-01-19,M08,Sunday Worship 1,Gospel,5
2436,2025-05-17,M06,Rain Sounds,Ambient/Sleep,10
2436,2025-05-17,M07,Deep Sleep,Ambient/Sleep,12
2437,2025-02-12,M02,Pump It Up,Fitness/EDM,3
2437,2025-02-12,M03,Cardio Beats,Fitness/EDM,4
2437,2025-02-12,M01,Workout Anthem,Fitness/EDM,3
2437,2025-02-12,M07,Deep Sleep,Ambient/Sleep,12
2438,2025-04-07,M01,Workout Anthem,Fitness/EDM,3
2438,2025-04-07,M02,Pump It Up,Fitness/EDM,3
2439,2025-03-19,M08,Sunday Worship 1,Gospel,5
2439,2025-03-19,M02,Pump It Up,Fitness/EDM,3
2439,2025-03-19,M09,Sunday Worship 2,Gospel,5
2440,2025-01-29,M15,Amapiano Vibes,Amapiano/Afrobeat,5
2440,2025-01-29,M16,Gengetone Hit,Amapiano/Afrobeat,4
2441,2025-06-24,M08,Sunday Worship 1,Gospel,5
2442,2025-05-05,M07,Deep Sleep,Ambient/Sleep,12
2443,2025-06-04,M10,Praise Medley,Gospel,7
2443,2025-06-04,M05,Study Focus 2,Instrumental,5
2443,2025-06-04,M09,Sunday Worship 2,Gospel,5
2443,2025-06-04,M01,Workout Anthem,Fitness/EDM,3
2444,2025-03-09,M15,Amapiano Vibes,Amapiano/Afrobeat,5
2444,2025-03-09,M16,Gengetone Hit,Amapiano/Afrobeat,4
2444,2025-03-09,M05,Study Focus 2,Instrumental,5
2445,2025-01-03,M09,Sunday Worship 2,Gospel,5
2446,2025-02-26,M06,Rain Sounds,Ambient/Sleep,10
2446,2025-02-26,M07,Deep Sleep,Ambient/Sleep,12
2447,2025-02-17,M01,Workout Anthem,Fitness/EDM,3
2447,2025-02-17,M05,Study Focus 2,Instrumental,5
2447,2025-02-17,M15,Amapiano Vibes,Amapiano/Afrobeat,5
2447,2025-02-17,M07,Deep Sleep,Ambient/Sleep,12
2448,2025-03-04,M13,Hip Hop Anthem,Hip-Hop,3
2448,2025-03-04,M14,Street Beats,Hip-Hop,3
2449,2025-04-24,M11,Heartbreak Ballad,R&B,4
2449,2025-04-24,M12,Love Story,R&B,4
2449,2025-04-24,M16,Gengetone Hit,Amapiano/Afrobeat,4
2450,2025-01-18,M04,Study Focus 1,Instrumental,6
2450,2025-01-18,M07,Deep Sleep,Ambient/Sleep,12
2451,2025-02-02,M11,Heartbreak Ballad,R&B,4
2451,2025-02-02,M12,Love Story,R&B,4
2452,2025-01-18,M13,Hip Hop Anthem,Hip-Hop,3
2452,2025-01-18,M14,Street Beats,Hip-Hop,3
2452,2025-01-18,M15,Amapiano Vibes,Amapiano/Afrobeat,5
2453,2025-02-24,M04,Study Focus 1,Instrumental,6
2453,2025-02-24,M05,Study Focus 2,Instrumental,5
2454,2025-05-31,M08,Sunday Worship 1,Gospel,5
2454,2025-05-31,M09,Sunday Worship 2,Gospel,5
2455,2025-04-12,M13,Hip Hop Anthem,Hip-Hop,3
2455,2025-04-12,M14,Street Beats,Hip-Hop,3
2455,2025-04-12,M15,Amapiano Vibes,Amapiano/Afrobeat,5
2456,2025-04-23,M04,Study Focus 1,Instrumental,6
2456,2025-04-23,M05,Study Focus 2,Instrumental,5
2457,2025-05-17,M09,Sunday Worship 2,Gospel,5
2457,2025-05-17,M07,Deep Sleep,Ambient/Sleep,12
2457,2025-05-17,M13,Hip Hop Anthem,Hip-Hop,3
2457,2025-05-17,M08,Sunday Worship 1,Gospel,5
2458,2025-01-26,M06,Rain Sounds,Ambient/Sleep,10
2458,2025-01-26,M07,Deep Sleep,Ambient/Sleep,12
2459,2025-01-19,M01,Workout Anthem,Fitness/EDM,3
2459,2025-01-19,M13,Hip Hop Anthem,Hip-Hop,3
2459,2025-01-19,M09,Sunday Worship 2,Gospel,5
2460,2025-02-22,M01,Workout Anthem,Fitness/EDM,3
2460,2025-02-22,M08,Sunday Worship 1,Gospel,5
2460,2025-02-22,M13,Hip Hop Anthem,Hip-Hop,3
2460,2025-02-22,M14,Street Beats,Hip-Hop,3
2461,2025-02-27,M01,Workout Anthem,Fitness/EDM,3
2461,2025-02-27,M02,Pump It Up,Fitness/EDM,3
2462,2025-01-13,M08,Sunday Worship 1,Gospel,5
2462,2025-01-13,M09,Sunday Worship 2,Gospel,5
2462,2025-01-13,M10,Praise Medley,Gospel,7
2463,2025-06-27,M05,Study Focus 2,Instrumental,5
2464,2025-03-23,M06,Rain Sounds,Ambient/Sleep,10
2464,2025-03-23,M07,Deep Sleep,Ambient/Sleep,12
2465,2025-01-26,M07,Deep Sleep,Ambient/Sleep,12
2465,2025-01-26,M05,Study Focus 2,Instrumental,5
2465,2025-01-26,M12,Love Story,R&B,4
2465,2025-01-26,M11,Heartbreak Ballad,R&B,4
2466,2025-01-23,M04,Study Focus 1,Instrumental,6
2466,2025-01-23,M05,Study Focus 2,Instrumental,5
2467,2025-01-17,M14,Street Beats,Hip-Hop,3
2467,2025-01-17,M04,Study Focus 1,Instrumental,6
2467,2025-01-17,M10,Praise Medley,Gospel,7
2467,2025-01-17,M13,Hip Hop Anthem,Hip-Hop,3
2468,2025-02-22,M05,Study Focus 2,Instrumental,5
2468,2025-02-22,M15,Amapiano Vibes,Amapiano/Afrobeat,5
2468,2025-02-22,M07,Deep Sleep,Ambient/Sleep,12
2468,2025-02-22,M10,Praise Medley,Gospel,7
2469,2025-05-17,M05,Study Focus 2,Instrumental,5
2470,2025-01-28,M06,Rain Sounds,Ambient/Sleep,10
2470,2025-01-28,M07,Deep Sleep,Ambient/Sleep,12
2471,2025-04-14,M11,Heartbreak Ballad,R&B,4
2471,2025-04-14,M12,Love Story,R&B,4
2472,2025-05-11,M11,Heartbreak Ballad,R&B,4
2472,2025-05-11,M12,Love Story,R&B,4
2473,2025-02-02,M15,Amapiano Vibes,Amapiano/Afrobeat,5
2474,2025-03-30,M08,Sunday Worship 1,Gospel,5
2474,2025-03-30,M09,Sunday Worship 2,Gospel,5
2475,2025-05-29,M01,Workout Anthem,Fitness/EDM,3
2475,2025-05-29,M13,Hip Hop Anthem,Hip-Hop,3
2476,2025-06-15,M01,Workout Anthem,Fitness/EDM,3
2476,2025-06-15,M11,Heartbreak Ballad,R&B,4
2476,2025-06-15,M13,Hip Hop Anthem,Hip-Hop,3
2477,2025-02-12,M06,Rain Sounds,Ambient/Sleep,10
2477,2025-02-12,M07,Deep Sleep,Ambient/Sleep,12
2478,2025-06-07,M15,Amapiano Vibes,Amapiano/Afrobeat,5
2478,2025-06-07,M16,Gengetone Hit,Amapiano/Afrobeat,4
2479,2025-04-22,M06,Rain Sounds,Ambient/Sleep,10
2479,2025-04-22,M07,Deep Sleep,Ambient/Sleep,12
2480,2025-02-12,M09,Sunday Worship 2,Gospel,5
2480,2025-02-12,M06,Rain Sounds,Ambient/Sleep,10
2481,2025-06-17,M04,Study Focus 1,Instrumental,6
2481,2025-06-17,M05,Study Focus 2,Instrumental,5
2482,2025-01-15,M13,Hip Hop Anthem,Hip-Hop,3
2482,2025-01-15,M14,Street Beats,Hip-Hop,3
2483,2025-05-24,M06,Rain Sounds,Ambient/Sleep,10
2483,2025-05-24,M07,Deep Sleep,Ambient/Sleep,12
2484,2025-06-29,M04,Study Focus 1,Instrumental,6
2484,2025-06-29,M05,Study Focus 2,Instrumental,5
2484,2025-06-29,M06,Rain Sounds,Ambient/Sleep,10
2485,2025-03-31,M15,Amapiano Vibes,Amapiano/Afrobeat,5
2485,2025-03-31,M16,Gengetone Hit,Amapiano/Afrobeat,4
2486,2025-05-03,M07,Deep Sleep,Ambient/Sleep,12
2486,2025-05-03,M14,Street Beats,Hip-Hop,3
2486,2025-05-03,M08,Sunday Worship 1,Gospel,5
2486,2025-05-03,M16,Gengetone Hit,Amapiano/Afrobeat,4
2487,2025-01-09,M06,Rain Sounds,Ambient/Sleep,10
2487,2025-01-09,M07,Deep Sleep,Ambient/Sleep,12
2488,2025-06-20,M01,Workout Anthem,Fitness/EDM,3
2488,2025-06-20,M02,Pump It Up,Fitness/EDM,3
2489,2025-03-13,M13,Hip Hop Anthem,Hip-Hop,3
2489,2025-03-13,M02,Pump It Up,Fitness/EDM,3
2490,2025-05-24,M08,Sunday Worship 1,Gospel,5
2490,2025-05-24,M04,Study Focus 1,Instrumental,6
2490,2025-05-24,M15,Amapiano Vibes,Amapiano/Afrobeat,5
2491,2025-02-03,M04,Study Focus 1,Instrumental,6
2491,2025-02-03,M05,Study Focus 2,Instrumental,5
2492,2025-03-30,M04,Study Focus 1,Instrumental,6
2492,2025-03-30,M05,Study Focus 2,Instrumental,5
2493,2025-03-16,M08,Sunday Worship 1,Gospel,5
2493,2025-03-16,M09,Sunday Worship 2,Gospel,5
2494,2025-06-07,M06,Rain Sounds,Ambient/Sleep,10
2494,2025-06-07,M07,Deep Sleep,Ambient/Sleep,12
2495,2025-04-01,M07,Deep Sleep,Ambient/Sleep,12
2495,2025-04-01,M12,Love Story,R&B,4
2495,2025-04-01,M09,Sunday Worship 2,Gospel,5
2495,2025-04-01,M10,Praise Medley,Gospel,7
2496,2025-06-21,M11,Heartbreak Ballad,R&B,4
2496,2025-06-21,M12,Love Story,R&B,4
2497,2025-05-22,M07,Deep Sleep,Ambient/Sleep,12
2497,2025-05-22,M10,Praise Medley,Gospel,7
2497,2025-05-22,M04,Study Focus 1,Instrumental,6
2497,2025-05-22,M05,Study Focus 2,Instrumental,5
2498,2025-01-21,M11,Heartbreak Ballad,R&B,4
2498,2025-01-21,M12,Love Story,R&B,4
2499,2025-05-02,M04,Study Focus 1,Instrumental,6
2499,2025-05-02,M05,Study Focus 2,Instrumental,5
2500,2025-05-11,M15,Amapiano Vibes,Amapiano/Afrobeat,5
2500,2025-05-11,M04,Study Focus 1,Instrumental,6
2500,2025-05-11,M06,Rain Sounds,Ambient/Sleep,10
2501,2025-05-22,M01,Workout Anthem,Fitness/EDM,3
2501,2025-05-22,M02,Pump It Up,Fitness/EDM,3
2501,2025-05-22,M03,Cardio Beats,Fitness/EDM,4
2501,2025-05-22,M10,Praise Medley,Gospel,7
2502,2025-03-04,M04,Study Focus 1,Instrumental,6
2502,2025-03-04,M05,Study Focus 2,Instrumental,5
2503,2025-04-08,M08,Sunday Worship 1,Gospel,5
2503,2025-04-08,M09,Sunday Worship 2,Gospel,5
2503,2025-04-08,M05,Study Focus 2,Instrumental,5
2504,2025-04-19,M11,Heartbreak Ballad,R&B,4
2504,2025-04-19,M12,Love Story,R&B,4
2505,2025-04-06,M01,Workout Anthem,Fitness/EDM,3
2505,2025-04-06,M02,Pump It Up,Fitness/EDM,3
2506,2025-02-08,M13,Hip Hop Anthem,Hip-Hop,3
2506,2025-02-08,M14,Street Beats,Hip-Hop,3
2507,2025-02-21,M15,Amapiano Vibes,Amapiano/Afrobeat,5
2507,2025-02-21,M16,Gengetone Hit,Amapiano/Afrobeat,4
2508,2025-03-10,M13,Hip Hop Anthem,Hip-Hop,3
2508,2025-03-10,M14,Street Beats,Hip-Hop,3
2509,2025-02-25,M15,Amapiano Vibes,Amapiano/Afrobeat,5
2509,2025-02-25,M16,Gengetone Hit,Amapiano/Afrobeat,4
2510,2025-03-09,M11,Heartbreak Ballad,R&B,4
2510,2025-03-09,M12,Love Story,R&B,4
2511,2025-04-16,M04,Study Focus 1,Instrumental,6
2512,2025-04-21,M01,Workout Anthem,Fitness/EDM,3
2513,2025-03-24,M16,Gengetone Hit,Amapiano/Afrobeat,4
2514,2025-01-14,M04,Study Focus 1,Instrumental,6
2514,2025-01-14,M05,Study Focus 2,Instrumental,5
2514,2025-01-14,M13,Hip Hop Anthem,Hip-Hop,3
2515,2025-02-15,M11,Heartbreak Ballad,R&B,4
2515,2025-02-15,M12,Love Story,R&B,4
2516,2025-04-07,M02,Pump It Up,Fitness/EDM,3
2516,2025-04-07,M14,Street Beats,Hip-Hop,3
2516,2025-04-07,M15,Amapiano Vibes,Amapiano/Afrobeat,5
2517,2025-02-16,M13,Hip Hop Anthem,Hip-Hop,3
2517,2025-02-16,M14,Street Beats,Hip-Hop,3
2517,2025-02-16,M15,Amapiano Vibes,Amapiano/Afrobeat,5
2518,2025-06-23,M06,Rain Sounds,Ambient/Sleep,10
2518,2025-06-23,M07,Deep Sleep,Ambient/Sleep,12
2519,2025-01-13,M15,Amapiano Vibes,Amapiano/Afrobeat,5
2520,2025-02-09,M11,Heartbreak Ballad,R&B,4
2520,2025-02-09,M12,Love Story,R&B,4
2521,2025-05-08,M15,Amapiano Vibes,Amapiano/Afrobeat,5
2521,2025-05-08,M16,Gengetone Hit,Amapiano/Afrobeat,4
2522,2025-01-04,M11,Heartbreak Ballad,R&B,4
2522,2025-01-04,M05,Study Focus 2,Instrumental,5
2523,2025-02-03,M03,Cardio Beats,Fitness/EDM,4
2523,2025-02-03,M09,Sunday Worship 2,Gospel,5
2524,2025-01-25,M14,Street Beats,Hip-Hop,3
2524,2025-01-25,M04,Study Focus 1,Instrumental,6
2524,2025-01-25,M01,Workout Anthem,Fitness/EDM,3
2525,2025-05-19,M06,Rain Sounds,Ambient/Sleep,10
2525,2025-05-19,M08,Sunday Worship 1,Gospel,5
2525,2025-05-19,M11,Heartbreak Ballad,R&B,4
2525,2025-05-19,M12,Love Story,R&B,4
2526,2025-05-09,M13,Hip Hop Anthem,Hip-Hop,3
2526,2025-05-09,M02,Pump It Up,Fitness/EDM,3
2526,2025-05-09,M01,Workout Anthem,Fitness/EDM,3
2527,2025-04-15,M08,Sunday Worship 1,Gospel,5
2527,2025-04-15,M09,Sunday Worship 2,Gospel,5
2527,2025-04-15,M10,Praise Medley,Gospel,7
2528,2025-01-02,M04,Study Focus 1,Instrumental,6
2528,2025-01-02,M05,Study Focus 2,Instrumental,5
2528,2025-01-02,M06,Rain Sounds,Ambient/Sleep,10
2529,2025-02-10,M06,Rain Sounds,Ambient/Sleep,10
2529,2025-02-10,M07,Deep Sleep,Ambient/Sleep,12
2530,2025-02-24,M02,Pump It Up,Fitness/EDM,3
2531,2025-05-07,M08,Sunday Worship 1,Gospel,5
2531,2025-05-07,M09,Sunday Worship 2,Gospel,5
2532,2025-06-14,M01,Workout Anthem,Fitness/EDM,3
2532,2025-06-14,M13,Hip Hop Anthem,Hip-Hop,3
2532,2025-06-14,M14,Street Beats,Hip-Hop,3
2532,2025-06-14,M05,Study Focus 2,Instrumental,5
2533,2025-03-07,M04,Study Focus 1,Instrumental,6
2533,2025-03-07,M05,Study Focus 2,Instrumental,5
2533,2025-03-07,M06,Rain Sounds,Ambient/Sleep,10
2534,2025-06-18,M13,Hip Hop Anthem,Hip-Hop,3
2534,2025-06-18,M14,Street Beats,Hip-Hop,3
2535,2025-03-03,M06,Rain Sounds,Ambient/Sleep,10
2535,2025-03-03,M07,Deep Sleep,Ambient/Sleep,12
2536,2025-02-01,M13,Hip Hop Anthem,Hip-Hop,3
2536,2025-02-01,M14,Street Beats,Hip-Hop,3
2537,2025-01-22,M01,Workout Anthem,Fitness/EDM,3
2537,2025-01-22,M02,Pump It Up,Fitness/EDM,3
2538,2025-05-18,M01,Workout Anthem,Fitness/EDM,3
2538,2025-05-18,M02,Pump It Up,Fitness/EDM,3
2538,2025-05-18,M03,Cardio Beats,Fitness/EDM,4
2539,2025-02-24,M04,Study Focus 1,Instrumental,6
2539,2025-02-24,M05,Study Focus 2,Instrumental,5
2539,2025-02-24,M06,Rain Sounds,Ambient/Sleep,10
2540,2025-01-19,M04,Study Focus 1,Instrumental,6
2540,2025-01-19,M11,Heartbreak Ballad,R&B,4
2541,2025-04-16,M13,Hip Hop Anthem,Hip-Hop,3
2541,2025-04-16,M07,Deep Sleep,Ambient/Sleep,12
2542,2025-03-10,M14,Street Beats,Hip-Hop,3
2542,2025-03-10,M04,Study Focus 1,Instrumental,6
2543,2025-02-12,M05,Study Focus 2,Instrumental,5
2543,2025-02-12,M09,Sunday Worship 2,Gospel,5
2543,2025-02-12,M13,Hip Hop Anthem,Hip-Hop,3
2544,2025-03-10,M04,Study Focus 1,Instrumental,6
2544,2025-03-10,M05,Study Focus 2,Instrumental,5
2545,2025-01-05,M11,Heartbreak Ballad,R&B,4
2545,2025-01-05,M12,Love Story,R&B,4
2546,2025-02-08,M13,Hip Hop Anthem,Hip-Hop,3
2546,2025-02-08,M16,Gengetone Hit,Amapiano/Afrobeat,4
2546,2025-02-08,M10,Praise Medley,Gospel,7
2546,2025-02-08,M09,Sunday Worship 2,Gospel,5
2547,2025-02-27,M15,Amapiano Vibes,Amapiano/Afrobeat,5
2547,2025-02-27,M16,Gengetone Hit,Amapiano/Afrobeat,4
2547,2025-02-27,M01,Workout Anthem,Fitness/EDM,3
2548,2025-03-14,M04,Study Focus 1,Instrumental,6
2548,2025-03-14,M05,Study Focus 2,Instrumental,5
2549,2025-05-01,M01,Workout Anthem,Fitness/EDM,3
2549,2025-05-01,M02,Pump It Up,Fitness/EDM,3
2550,2025-04-18,M14,Street Beats,Hip-Hop,3
2550,2025-04-18,M15,Amapiano Vibes,Amapiano/Afrobeat,5
2550,2025-04-18,M01,Workout Anthem,Fitness/EDM,3
2550,2025-04-18,M10,Praise Medley,Gospel,7
2551,2025-01-03,M11,Heartbreak Ballad,R&B,4
2552,2025-06-09,M14,Street Beats,Hip-Hop,3
2552,2025-06-09,M16,Gengetone Hit,Amapiano/Afrobeat,4
2553,2025-06-16,M11,Heartbreak Ballad,R&B,4
2554,2025-03-20,M15,Amapiano Vibes,Amapiano/Afrobeat,5
2554,2025-03-20,M16,Gengetone Hit,Amapiano/Afrobeat,4
2555,2025-01-15,M03,Cardio Beats,Fitness/EDM,4
2555,2025-01-15,M06,Rain Sounds,Ambient/Sleep,10
2556,2025-05-24,M04,Study Focus 1,Instrumental,6
2557,2025-01-24,M01,Workout Anthem,Fitness/EDM,3
2557,2025-01-24,M02,Pump It Up,Fitness/EDM,3
2558,2025-03-16,M06,Rain Sounds,Ambient/Sleep,10
2558,2025-03-16,M07,Deep Sleep,Ambient/Sleep,12
2559,2025-01-10,M13,Hip Hop Anthem,Hip-Hop,3
2559,2025-01-10,M14,Street Beats,Hip-Hop,3
2559,2025-01-10,M15,Amapiano Vibes,Amapiano/Afrobeat,5
2560,2025-05-24,M04,Study Focus 1,Instrumental,6
2560,2025-05-24,M05,Study Focus 2,Instrumental,5
2560,2025-05-24,M06,Rain Sounds,Ambient/Sleep,10
2561,2025-03-12,M04,Study Focus 1,Instrumental,6
2561,2025-03-12,M05,Study Focus 2,Instrumental,5
2561,2025-03-12,M06,Rain Sounds,Ambient/Sleep,10
2562,2025-01-10,M05,Study Focus 2,Instrumental,5
2562,2025-01-10,M16,Gengetone Hit,Amapiano/Afrobeat,4
2563,2025-01-16,M13,Hip Hop Anthem,Hip-Hop,3
2563,2025-01-16,M14,Street Beats,Hip-Hop,3
2564,2025-01-25,M05,Study Focus 2,Instrumental,5
2564,2025-01-25,M13,Hip Hop Anthem,Hip-Hop,3
2565,2025-03-08,M09,Sunday Worship 2,Gospel,5
2565,2025-03-08,M12,Love Story,R&B,4
2566,2025-03-30,M08,Sunday Worship 1,Gospel,5
2566,2025-03-30,M09,Sunday Worship 2,Gospel,5
2567,2025-02-19,M11,Heartbreak Ballad,R&B,4
2567,2025-02-19,M02,Pump It Up,Fitness/EDM,3
2567,2025-02-19,M08,Sunday Worship 1,Gospel,5
2568,2025-05-28,M01,Workout Anthem,Fitness/EDM,3
2568,2025-05-28,M02,Pump It Up,Fitness/EDM,3
2569,2025-02-02,M04,Study Focus 1,Instrumental,6
2569,2025-02-02,M05,Study Focus 2,Instrumental,5
2570,2025-05-26,M14,Street Beats,Hip-Hop,3
2570,2025-05-26,M06,Rain Sounds,Ambient/Sleep,10
2570,2025-05-26,M15,Amapiano Vibes,Amapiano/Afrobeat,5
2570,2025-05-26,M10,Praise Medley,Gospel,7
2571,2025-05-06,M06,Rain Sounds,Ambient/Sleep,10
2571,2025-05-06,M07,Deep Sleep,Ambient/Sleep,12
2571,2025-05-06,M11,Heartbreak Ballad,R&B,4
2572,2025-02-01,M06,Rain Sounds,Ambient/Sleep,10
2572,2025-02-01,M07,Deep Sleep,Ambient/Sleep,12
2573,2025-02-05,M01,Workout Anthem,Fitness/EDM,3
2573,2025-02-05,M16,Gengetone Hit,Amapiano/Afrobeat,4
2573,2025-02-05,M04,Study Focus 1,Instrumental,6
2573,2025-02-05,M12,Love Story,R&B,4
2574,2025-02-25,M16,Gengetone Hit,Amapiano/Afrobeat,4
2574,2025-02-25,M07,Deep Sleep,Ambient/Sleep,12
2575,2025-01-01,M06,Rain Sounds,Ambient/Sleep,10
2575,2025-01-01,M07,Deep Sleep,Ambient/Sleep,12
2576,2025-03-31,M06,Rain Sounds,Ambient/Sleep,10
2576,2025-03-31,M01,Workout Anthem,Fitness/EDM,3
2576,2025-03-31,M03,Cardio Beats,Fitness/EDM,4
2577,2025-04-24,M06,Rain Sounds,Ambient/Sleep,10
2577,2025-04-24,M07,Deep Sleep,Ambient/Sleep,12
2578,2025-05-21,M01,Workout Anthem,Fitness/EDM,3
2578,2025-05-21,M02,Pump It Up,Fitness/EDM,3
2578,2025-05-21,M03,Cardio Beats,Fitness/EDM,4
2579,2025-06-18,M11,Heartbreak Ballad,R&B,4
2579,2025-06-18,M16,Gengetone Hit,Amapiano/Afrobeat,4
2580,2025-04-15,M06,Rain Sounds,Ambient/Sleep,10
2580,2025-04-15,M07,Deep Sleep,Ambient/Sleep,12
2581,2025-06-18,M04,Study Focus 1,Instrumental,6
2581,2025-06-18,M05,Study Focus 2,Instrumental,5
2582,2025-03-22,M08,Sunday Worship 1,Gospel,5
2582,2025-03-22,M09,Sunday Worship 2,Gospel,5
2583,2025-01-12,M08,Sunday Worship 1,Gospel,5
2583,2025-01-12,M03,Cardio Beats,Fitness/EDM,4
2584,2025-01-23,M11,Heartbreak Ballad,R&B,4
2584,2025-01-23,M12,Love Story,R&B,4
2585,2025-04-07,M04,Study Focus 1,Instrumental,6
2585,2025-04-07,M05,Study Focus 2,Instrumental,5
2586,2025-06-01,M13,Hip Hop Anthem,Hip-Hop,3
2586,2025-06-01,M14,Street Beats,Hip-Hop,3
2587,2025-04-30,M11,Heartbreak Ballad,R&B,4
2587,2025-04-30,M12,Love Story,R&B,4
2588,2025-05-29,M01,Workout Anthem,Fitness/EDM,3
2588,2025-05-29,M02,Pump It Up,Fitness/EDM,3
2589,2025-02-16,M15,Amapiano Vibes,Amapiano/Afrobeat,5
2589,2025-02-16,M16,Gengetone Hit,Amapiano/Afrobeat,4
2590,2025-01-09,M11,Heartbreak Ballad,R&B,4
2590,2025-01-09,M12,Love Story,R&B,4
2590,2025-01-09,M02,Pump It Up,Fitness/EDM,3
2591,2025-01-24,M15,Amapiano Vibes,Amapiano/Afrobeat,5
2591,2025-01-24,M04,Study Focus 1,Instrumental,6
2591,2025-01-24,M14,Street Beats,Hip-Hop,3
2591,2025-01-24,M09,Sunday Worship 2,Gospel,5
2592,2025-04-11,M11,Heartbreak Ballad,R&B,4
2592,2025-04-11,M12,Love Story,R&B,4
2592,2025-04-11,M04,Study Focus 1,Instrumental,6
2593,2025-03-11,M16,Gengetone Hit,Amapiano/Afrobeat,4
2593,2025-03-11,M01,Workout Anthem,Fitness/EDM,3
2593,2025-03-11,M02,Pump It Up,Fitness/EDM,3
2594,2025-03-25,M05,Study Focus 2,Instrumental,5
2594,2025-03-25,M11,Heartbreak Ballad,R&B,4
2594,2025-03-25,M14,Street Beats,Hip-Hop,3
2594,2025-03-25,M10,Praise Medley,Gospel,7
2595,2025-03-08,M15,Amapiano Vibes,Amapiano/Afrobeat,5
2596,2025-01-26,M11,Heartbreak Ballad,R&B,4
2596,2025-01-26,M12,Love Story,R&B,4
2597,2025-05-11,M06,Rain Sounds,Ambient/Sleep,10
2597,2025-05-11,M07,Deep Sleep,Ambient/Sleep,12
2598,2025-03-08,M02,Pump It Up,Fitness/EDM,3
2598,2025-03-08,M05,Study Focus 2,Instrumental,5
2599,2025-06-29,M12,Love Story,R&B,4
2599,2025-06-29,M09,Sunday Worship 2,Gospel,5
2600,2025-06-24,M11,Heartbreak Ballad,R&B,4
2600,2025-06-24,M12,Love Story,R&B,4
2601,2025-01-14,M04,Study Focus 1,Instrumental,6
2601,2025-01-14,M07,Deep Sleep,Ambient/Sleep,12
2601,2025-01-14,M14,Street Beats,Hip-Hop,3
2601,2025-01-14,M10,Praise Medley,Gospel,7
2602,2025-03-08,M01,Workout Anthem,Fitness/EDM,3
2602,2025-03-08,M02,Pump It Up,Fitness/EDM,3
2603,2025-03-20,M06,Rain Sounds,Ambient/Sleep,10
2603,2025-03-20,M07,Deep Sleep,Ambient/Sleep,12
2604,2025-01-31,M06,Rain Sounds,Ambient/Sleep,10
2604,2025-01-31,M07,Deep Sleep,Ambient/Sleep,12
2605,2025-06-06,M13,Hip Hop Anthem,Hip-Hop,3
2605,2025-06-06,M09,Sunday Worship 2,Gospel,5
2605,2025-06-06,M04,Study Focus 1,Instrumental,6
2606,2025-05-08,M06,Rain Sounds,Ambient/Sleep,10
2606,2025-05-08,M07,Deep Sleep,Ambient/Sleep,12
2607,2025-06-09,M06,Rain Sounds,Ambient/Sleep,10
2608,2025-06-01,M08,Sunday Worship 1,Gospel,5
2608,2025-06-01,M09,Sunday Worship 2,Gospel,5
2608,2025-06-01,M10,Praise Medley,Gospel,7
2609,2025-01-18,M02,Pump It Up,Fitness/EDM,3
2609,2025-01-18,M11,Heartbreak Ballad,R&B,4
2609,2025-01-18,M05,Study Focus 2,Instrumental,5
2609,2025-01-18,M15,Amapiano Vibes,Amapiano/Afrobeat,5
2610,2025-05-21,M03,Cardio Beats,Fitness/EDM,4
2610,2025-05-21,M14,Street Beats,Hip-Hop,3
2611,2025-05-14,M08,Sunday Worship 1,Gospel,5
2611,2025-05-14,M09,Sunday Worship 2,Gospel,5
2612,2025-01-06,M08,Sunday Worship 1,Gospel,5
2612,2025-01-06,M09,Sunday Worship 2,Gospel,5
2613,2025-02-28,M12,Love Story,R&B,4
2613,2025-02-28,M14,Street Beats,Hip-Hop,3
2613,2025-02-28,M13,Hip Hop Anthem,Hip-Hop,3
2614,2025-04-21,M15,Amapiano Vibes,Amapiano/Afrobeat,5
2614,2025-04-21,M16,Gengetone Hit,Amapiano/Afrobeat,4
2614,2025-04-21,M02,Pump It Up,Fitness/EDM,3
2614,2025-04-21,M03,Cardio Beats,Fitness/EDM,4
2615,2025-04-06,M08,Sunday Worship 1,Gospel,5
2615,2025-04-06,M09,Sunday Worship 2,Gospel,5
2616,2025-05-13,M11,Heartbreak Ballad,R&B,4
2616,2025-05-13,M12,Love Story,R&B,4
2617,2025-06-15,M11,Heartbreak Ballad,R&B,4
2618,2025-04-14,M10,Praise Medley,Gospel,7
2619,2025-03-04,M15,Amapiano Vibes,Amapiano/Afrobeat,5
2619,2025-03-04,M16,Gengetone Hit,Amapiano/Afrobeat,4
2620,2025-06-19,M08,Sunday Worship 1,Gospel,5
2620,2025-06-19,M09,Sunday Worship 2,Gospel,5
2621,2025-04-14,M06,Rain Sounds,Ambient/Sleep,10
2621,2025-04-14,M07,Deep Sleep,Ambient/Sleep,12
2622,2025-06-04,M01,Workout Anthem,Fitness/EDM,3
2622,2025-06-04,M02,Pump It Up,Fitness/EDM,3
2623,2025-01-21,M11,Heartbreak Ballad,R&B,4
2623,2025-01-21,M12,Love Story,R&B,4
2624,2025-02-19,M04,Study Focus 1,Instrumental,6
2625,2025-04-11,M05,Study Focus 2,Instrumental,5
2626,2025-02-06,M05,Study Focus 2,Instrumental,5
2627,2025-03-30,M03,Cardio Beats,Fitness/EDM,4
2627,2025-03-30,M07,Deep Sleep,Ambient/Sleep,12
2627,2025-03-30,M16,Gengetone Hit,Amapiano/Afrobeat,4
2627,2025-03-30,M11,Heartbreak Ballad,R&B,4
2628,2025-06-02,M12,Love Story,R&B,4
2628,2025-06-02,M13,Hip Hop Anthem,Hip-Hop,3
2628,2025-06-02,M14,Street Beats,Hip-Hop,3
2628,2025-06-02,M15,Amapiano Vibes,Amapiano/Afrobeat,5
2629,2025-06-15,M04,Study Focus 1,Instrumental,6
2629,2025-06-15,M05,Study Focus 2,Instrumental,5
2630,2025-05-24,M12,Love Story,R&B,4
2630,2025-05-24,M13,Hip Hop Anthem,Hip-Hop,3
2630,2025-05-24,M14,Street Beats,Hip-Hop,3
2630,2025-05-24,M10,Praise Medley,Gospel,7
2631,2025-01-14,M13,Hip Hop Anthem,Hip-Hop,3
2631,2025-01-14,M14,Street Beats,Hip-Hop,3
2631,2025-01-14,M15,Amapiano Vibes,Amapiano/Afrobeat,5
2632,2025-01-11,M11,Heartbreak Ballad,R&B,4
2632,2025-01-11,M12,Love Story,R&B,4
2632,2025-01-11,M16,Gengetone Hit,Amapiano/Afrobeat,4
2633,2025-02-24,M04,Study Focus 1,Instrumental,6
2633,2025-02-24,M05,Study Focus 2,Instrumental,5
2633,2025-02-24,M06,Rain Sounds,Ambient/Sleep,10
2634,2025-02-08,M09,Sunday Worship 2,Gospel,5
2634,2025-02-08,M01,Workout Anthem,Fitness/EDM,3
2635,2025-02-14,M07,Deep Sleep,Ambient/Sleep,12
2636,2025-04-27,M06,Rain Sounds,Ambient/Sleep,10
2636,2025-04-27,M07,Deep Sleep,Ambient/Sleep,12
2637,2025-06-05,M11,Heartbreak Ballad,R&B,4
2637,2025-06-05,M12,Love Story,R&B,4
2638,2025-06-29,M08,Sunday Worship 1,Gospel,5
2638,2025-06-29,M16,Gengetone Hit,Amapiano/Afrobeat,4
2638,2025-06-29,M12,Love Story,R&B,4
2638,2025-06-29,M11,Heartbreak Ballad,R&B,4
2639,2025-04-23,M04,Study Focus 1,Instrumental,6
2639,2025-04-23,M05,Study Focus 2,Instrumental,5
2640,2025-02-21,M11,Heartbreak Ballad,R&B,4
2640,2025-02-21,M12,Love Story,R&B,4
2641,2025-03-27,M06,Rain Sounds,Ambient/Sleep,10
2641,2025-03-27,M07,Deep Sleep,Ambient/Sleep,12
2642,2025-03-10,M05,Study Focus 2,Instrumental,5
2642,2025-03-10,M11,Heartbreak Ballad,R&B,4
2642,2025-03-10,M15,Amapiano Vibes,Amapiano/Afrobeat,5
2642,2025-03-10,M02,Pump It Up,Fitness/EDM,3
2643,2025-04-10,M11,Heartbreak Ballad,R&B,4
2643,2025-04-10,M15,Amapiano Vibes,Amapiano/Afrobeat,5
2643,2025-04-10,M16,Gengetone Hit,Amapiano/Afrobeat,4
2643,2025-04-10,M04,Study Focus 1,Instrumental,6
2644,2025-03-11,M06,Rain Sounds,Ambient/Sleep,10
2644,2025-03-11,M07,Deep Sleep,Ambient/Sleep,12
2645,2025-05-31,M11,Heartbreak Ballad,R&B,4
2645,2025-05-31,M12,Love Story,R&B,4
2646,2025-06-01,M01,Workout Anthem,Fitness/EDM,3
2646,2025-06-01,M07,Deep Sleep,Ambient/Sleep,12
2646,2025-06-01,M03,Cardio Beats,Fitness/EDM,4
2646,2025-06-01,M10,Praise Medley,Gospel,7
2647,2025-04-05,M07,Deep Sleep,Ambient/Sleep,12
2647,2025-04-05,M06,Rain Sounds,Ambient/Sleep,10
2648,2025-04-24,M08,Sunday Worship 1,Gospel,5
2648,2025-04-24,M03,Cardio Beats,Fitness/EDM,4
2649,2025-05-19,M05,Study Focus 2,Instrumental,5
2650,2025-03-14,M08,Sunday Worship 1,Gospel,5
2650,2025-03-14,M09,Sunday Worship 2,Gospel,5
2650,2025-03-14,M10,Praise Medley,Gospel,7
2651,2025-03-30,M11,Heartbreak Ballad,R&B,4
2651,2025-03-30,M12,Love Story,R&B,4
2652,2025-02-02,M08,Sunday Worship 1,Gospel,5
2652,2025-02-02,M09,Sunday Worship 2,Gospel,5
2653,2025-01-28,M11,Heartbreak Ballad,R&B,4
2653,2025-01-28,M12,Love Story,R&B,4
2654,2025-06-25,M11,Heartbreak Ballad,R&B,4
2655,2025-02-25,M15,Amapiano Vibes,Amapiano/Afrobeat,5
2655,2025-02-25,M16,Gengetone Hit,Amapiano/Afrobeat,4
2656,2025-02-04,M06,Rain Sounds,Ambient/Sleep,10
2656,2025-02-04,M07,Deep Sleep,Ambient/Sleep,12
2657,2025-02-04,M15,Amapiano Vibes,Amapiano/Afrobeat,5
2657,2025-02-04,M16,Gengetone Hit,Amapiano/Afrobeat,4
2658,2025-06-25,M04,Study Focus 1,Instrumental,6
2658,2025-06-25,M16,Gengetone Hit,Amapiano/Afrobeat,4
2659,2025-04-01,M04,Study Focus 1,Instrumental,6
2659,2025-04-01,M05,Study Focus 2,Instrumental,5
2660,2025-05-02,M11,Heartbreak Ballad,R&B,4
2660,2025-05-02,M12,Love Story,R&B,4
2661,2025-01-25,M06,Rain Sounds,Ambient/Sleep,10
2661,2025-01-25,M07,Deep Sleep,Ambient/Sleep,12
2662,2025-03-20,M06,Rain Sounds,Ambient/Sleep,10
2662,2025-03-20,M07,Deep Sleep,Ambient/Sleep,12
2663,2025-05-03,M13,Hip Hop Anthem,Hip-Hop,3
2663,2025-05-03,M14,Street Beats,Hip-Hop,3
2664,2025-03-07,M06,Rain Sounds,Ambient/Sleep,10
2664,2025-03-07,M07,Deep Sleep,Ambient/Sleep,12
2665,2025-03-11,M01,Workout Anthem,Fitness/EDM,3
2665,2025-03-11,M02,Pump It Up,Fitness/EDM,3
2666,2025-02-20,M06,Rain Sounds,Ambient/Sleep,10
2666,2025-02-20,M07,Deep Sleep,Ambient/Sleep,12
2667,2025-04-23,M15,Amapiano Vibes,Amapiano/Afrobeat,5
2667,2025-04-23,M16,Gengetone Hit,Amapiano/Afrobeat,4
2667,2025-04-23,M08,Sunday Worship 1,Gospel,5
2668,2025-05-23,M07,Deep Sleep,Ambient/Sleep,12
2668,2025-05-23,M16,Gengetone Hit,Amapiano/Afrobeat,4
2669,2025-06-02,M06,Rain Sounds,Ambient/Sleep,10
2669,2025-06-02,M07,Deep Sleep,Ambient/Sleep,12
2670,2025-04-11,M04,Study Focus 1,Instrumental,6
2670,2025-04-11,M05,Study Focus 2,Instrumental,5
2671,2025-04-06,M11,Heartbreak Ballad,R&B,4
2671,2025-04-06,M12,Love Story,R&B,4
2672,2025-04-03,M13,Hip Hop Anthem,Hip-Hop,3
2672,2025-04-03,M14,Street Beats,Hip-Hop,3
2673,2025-06-23,M04,Study Focus 1,Instrumental,6
2673,2025-06-23,M05,Study Focus 2,Instrumental,5
2673,2025-06-23,M06,Rain Sounds,Ambient/Sleep,10
2674,2025-06-29,M01,Workout Anthem,Fitness/EDM,3
2675,2025-03-03,M06,Rain Sounds,Ambient/Sleep,10
2675,2025-03-03,M07,Deep Sleep,Ambient/Sleep,12
2676,2025-02-05,M06,Rain Sounds,Ambient/Sleep,10
2676,2025-02-05,M15,Amapiano Vibes,Amapiano/Afrobeat,5
2677,2025-03-21,M02,Pump It Up,Fitness/EDM,3
2677,2025-03-21,M13,Hip Hop Anthem,Hip-Hop,3
2678,2025-03-16,M01,Workout Anthem,Fitness/EDM,3
2678,2025-03-16,M13,Hip Hop Anthem,Hip-Hop,3
2678,2025-03-16,M12,Love Story,R&B,4
2679,2025-03-09,M04,Study Focus 1,Instrumental,6
2679,2025-03-09,M05,Study Focus 2,Instrumental,5
2679,2025-03-09,M06,Rain Sounds,Ambient/Sleep,10
2680,2025-02-01,M15,Amapiano Vibes,Amapiano/Afrobeat,5
2680,2025-02-01,M10,Praise Medley,Gospel,7
2680,2025-02-01,M01,Workout Anthem,Fitness/EDM,3
2681,2025-03-13,M06,Rain Sounds,Ambient/Sleep,10
2681,2025-03-13,M07,Deep Sleep,Ambient/Sleep,12
2682,2025-05-27,M15,Amapiano Vibes,Amapiano/Afrobeat,5
2682,2025-05-27,M16,Gengetone Hit,Amapiano/Afrobeat,4
2683,2025-01-24,M04,Study Focus 1,Instrumental,6
2683,2025-01-24,M05,Study Focus 2,Instrumental,5
2684,2025-04-23,M15,Amapiano Vibes,Amapiano/Afrobeat,5
2684,2025-04-23,M16,Gengetone Hit,Amapiano/Afrobeat,4
2685,2025-01-22,M11,Heartbreak Ballad,R&B,4
2685,2025-01-22,M12,Love Story,R&B,4
2686,2025-04-29,M11,Heartbreak Ballad,R&B,4
2686,2025-04-29,M08,Sunday Worship 1,Gospel,5
2686,2025-04-29,M10,Praise Medley,Gospel,7
2687,2025-02-05,M15,Amapiano Vibes,Amapiano/Afrobeat,5
2687,2025-02-05,M16,Gengetone Hit,Amapiano/Afrobeat,4
2688,2025-03-12,M11,Heartbreak Ballad,R&B,4
2688,2025-03-12,M12,Love Story,R&B,4
2689,2025-06-11,M15,Amapiano Vibes,Amapiano/Afrobeat,5
2689,2025-06-11,M16,Gengetone Hit,Amapiano/Afrobeat,4
2690,2025-06-09,M03,Cardio Beats,Fitness/EDM,4
2691,2025-05-26,M08,Sunday Worship 1,Gospel,5
2691,2025-05-26,M09,Sunday Worship 2,Gospel,5
2691,2025-05-26,M13,Hip Hop Anthem,Hip-Hop,3
2692,2025-03-12,M04,Study Focus 1,Instrumental,6
2692,2025-03-12,M08,Sunday Worship 1,Gospel,5
2692,2025-03-12,M10,Praise Medley,Gospel,7
2693,2025-04-25,M01,Workout Anthem,Fitness/EDM,3
2693,2025-04-25,M02,Pump It Up,Fitness/EDM,3
2694,2025-02-06,M11,Heartbreak Ballad,R&B,4
2694,2025-02-06,M12,Love Story,R&B,4
2695,2025-02-10,M10,Praise Medley,Gospel,7
2695,2025-02-10,M08,Sunday Worship 1,Gospel,5
2695,2025-02-10,M09,Sunday Worship 2,Gospel,5
2696,2025-02-01,M07,Deep Sleep,Ambient/Sleep,12
2696,2025-02-01,M12,Love Story,R&B,4
2696,2025-02-01,M13,Hip Hop Anthem,Hip-Hop,3
2696,2025-02-01,M16,Gengetone Hit,Amapiano/Afrobeat,4
2697,2025-03-16,M01,Workout Anthem,Fitness/EDM,3
2697,2025-03-16,M02,Pump It Up,Fitness/EDM,3
2697,2025-03-16,M03,Cardio Beats,Fitness/EDM,4
2698,2025-04-27,M06,Rain Sounds,Ambient/Sleep,10
2698,2025-04-27,M07,Deep Sleep,Ambient/Sleep,12
2699,2025-05-22,M10,Praise Medley,Gospel,7
2699,2025-05-22,M14,Street Beats,Hip-Hop,3
2699,2025-05-22,M08,Sunday Worship 1,Gospel,5
2699,2025-05-22,M15,Amapiano Vibes,Amapiano/Afrobeat,5
2700,2025-02-22,M06,Rain Sounds,Ambient/Sleep,10
2700,2025-02-22,M07,Deep Sleep,Ambient/Sleep,12
2701,2025-02-15,M08,Sunday Worship 1,Gospel,5
2702,2025-06-08,M15,Amapiano Vibes,Amapiano/Afrobeat,5
2702,2025-06-08,M16,Gengetone Hit,Amapiano/Afrobeat,4
2703,2025-04-15,M04,Study Focus 1,Instrumental,6
2703,2025-04-15,M05,Study Focus 2,Instrumental,5
2704,2025-04-11,M13,Hip Hop Anthem,Hip-Hop,3
2704,2025-04-11,M14,Street Beats,Hip-Hop,3
2704,2025-04-11,M15,Amapiano Vibes,Amapiano/Afrobeat,5
2705,2025-06-09,M11,Heartbreak Ballad,R&B,4
2705,2025-06-09,M05,Study Focus 2,Instrumental,5
2705,2025-06-09,M10,Praise Medley,Gospel,7
2705,2025-06-09,M12,Love Story,R&B,4
2706,2025-04-28,M08,Sunday Worship 1,Gospel,5
2706,2025-04-28,M09,Sunday Worship 2,Gospel,5
2707,2025-03-13,M15,Amapiano Vibes,Amapiano/Afrobeat,5
2707,2025-03-13,M16,Gengetone Hit,Amapiano/Afrobeat,4
2708,2025-06-06,M08,Sunday Worship 1,Gospel,5
2708,2025-06-06,M09,Sunday Worship 2,Gospel,5
2709,2025-03-03,M13,Hip Hop Anthem,Hip-Hop,3
2709,2025-03-03,M05,Study Focus 2,Instrumental,5
2709,2025-03-03,M08,Sunday Worship 1,Gospel,5
2709,2025-03-03,M14,Street Beats,Hip-Hop,3
2710,2025-05-30,M06,Rain Sounds,Ambient/Sleep,10
2710,2025-05-30,M07,Deep Sleep,Ambient/Sleep,12
2711,2025-03-30,M16,Gengetone Hit,Amapiano/Afrobeat,4
2711,2025-03-30,M11,Heartbreak Ballad,R&B,4
2711,2025-03-30,M01,Workout Anthem,Fitness/EDM,3
2712,2025-06-02,M01,Workout Anthem,Fitness/EDM,3
2712,2025-06-02,M02,Pump It Up,Fitness/EDM,3
2712,2025-06-02,M03,Cardio Beats,Fitness/EDM,4
2713,2025-05-12,M07,Deep Sleep,Ambient/Sleep,12
2713,2025-05-12,M03,Cardio Beats,Fitness/EDM,4
2714,2025-05-13,M13,Hip Hop Anthem,Hip-Hop,3
2714,2025-05-13,M14,Street Beats,Hip-Hop,3
2714,2025-05-13,M15,Amapiano Vibes,Amapiano/Afrobeat,5
2715,2025-04-11,M04,Study Focus 1,Instrumental,6
2716,2025-06-09,M07,Deep Sleep,Ambient/Sleep,12
2716,2025-06-09,M02,Pump It Up,Fitness/EDM,3
2717,2025-02-17,M03,Cardio Beats,Fitness/EDM,4
2717,2025-02-17,M11,Heartbreak Ballad,R&B,4
2717,2025-02-17,M10,Praise Medley,Gospel,7
2718,2025-04-27,M07,Deep Sleep,Ambient/Sleep,12
2718,2025-04-27,M04,Study Focus 1,Instrumental,6
2719,2025-01-22,M08,Sunday Worship 1,Gospel,5
2719,2025-01-22,M09,Sunday Worship 2,Gospel,5
2720,2025-04-07,M04,Study Focus 1,Instrumental,6
2720,2025-04-07,M05,Study Focus 2,Instrumental,5
2721,2025-05-20,M08,Sunday Worship 1,Gospel,5
2721,2025-05-20,M09,Sunday Worship 2,Gospel,5
2721,2025-05-20,M02,Pump It Up,Fitness/EDM,3
2722,2025-02-15,M01,Workout Anthem,Fitness/EDM,3
2722,2025-02-15,M02,Pump It Up,Fitness/EDM,3
2722,2025-02-15,M03,Cardio Beats,Fitness/EDM,4
2723,2025-01-24,M11,Heartbreak Ballad,R&B,4
2723,2025-01-24,M12,Love Story,R&B,4
2724,2025-03-05,M04,Study Focus 1,Instrumental,6
2724,2025-03-05,M05,Study Focus 2,Instrumental,5
2725,2025-02-04,M13,Hip Hop Anthem,Hip-Hop,3
2725,2025-02-04,M11,Heartbreak Ballad,R&B,4
2726,2025-04-09,M06,Rain Sounds,Ambient/Sleep,10
2726,2025-04-09,M07,Deep Sleep,Ambient/Sleep,12
2727,2025-05-10,M10,Praise Medley,Gospel,7
2727,2025-05-10,M09,Sunday Worship 2,Gospel,5
2728,2025-04-01,M04,Study Focus 1,Instrumental,6
2728,2025-04-01,M05,Study Focus 2,Instrumental,5
2729,2025-03-08,M06,Rain Sounds,Ambient/Sleep,10
2729,2025-03-08,M07,Deep Sleep,Ambient/Sleep,12
2730,2025-04-07,M08,Sunday Worship 1,Gospel,5
2730,2025-04-07,M09,Sunday Worship 2,Gospel,5
2731,2025-02-01,M08,Sunday Worship 1,Gospel,5
2731,2025-02-01,M09,Sunday Worship 2,Gospel,5
2732,2025-01-25,M10,Praise Medley,Gospel,7
2732,2025-01-25,M09,Sunday Worship 2,Gospel,5
2732,2025-01-25,M14,Street Beats,Hip-Hop,3
2733,2025-05-11,M09,Sunday Worship 2,Gospel,5
2733,2025-05-11,M10,Praise Medley,Gospel,7
2734,2025-02-23,M11,Heartbreak Ballad,R&B,4
2734,2025-02-23,M12,Love Story,R&B,4
2735,2025-05-13,M12,Love Story,R&B,4
2735,2025-05-13,M06,Rain Sounds,Ambient/Sleep,10
2735,2025-05-13,M16,Gengetone Hit,Amapiano/Afrobeat,4
2736,2025-03-23,M06,Rain Sounds,Ambient/Sleep,10
2736,2025-03-23,M07,Deep Sleep,Ambient/Sleep,12
2737,2025-03-20,M06,Rain Sounds,Ambient/Sleep,10
2737,2025-03-20,M11,Heartbreak Ballad,R&B,4
2738,2025-01-26,M01,Workout Anthem,Fitness/EDM,3
2738,2025-01-26,M02,Pump It Up,Fitness/EDM,3
2739,2025-01-01,M13,Hip Hop Anthem,Hip-Hop,3
2739,2025-01-01,M14,Street Beats,Hip-Hop,3
2739,2025-01-01,M15,Amapiano Vibes,Amapiano/Afrobeat,5
2740,2025-02-11,M07,Deep Sleep,Ambient/Sleep,12
2740,2025-02-11,M01,Workout Anthem,Fitness/EDM,3
2741,2025-06-27,M06,Rain Sounds,Ambient/Sleep,10
2741,2025-06-27,M07,Deep Sleep,Ambient/Sleep,12
2742,2025-04-25,M13,Hip Hop Anthem,Hip-Hop,3
2742,2025-04-25,M02,Pump It Up,Fitness/EDM,3
2743,2025-02-10,M04,Study Focus 1,Instrumental,6
2743,2025-02-10,M05,Study Focus 2,Instrumental,5
2743,2025-02-10,M06,Rain Sounds,Ambient/Sleep,10
2744,2025-03-24,M06,Rain Sounds,Ambient/Sleep,10
2744,2025-03-24,M07,Deep Sleep,Ambient/Sleep,12
2744,2025-03-24,M03,Cardio Beats,Fitness/EDM,4
2745,2025-02-26,M11,Heartbreak Ballad,R&B,4
2745,2025-02-26,M12,Love Story,R&B,4
2746,2025-04-02,M04,Study Focus 1,Instrumental,6
2746,2025-04-02,M05,Study Focus 2,Instrumental,5
2747,2025-06-29,M05,Study Focus 2,Instrumental,5
2748,2025-01-13,M05,Study Focus 2,Instrumental,5
2748,2025-01-13,M02,Pump It Up,Fitness/EDM,3
2748,2025-01-13,M03,Cardio Beats,Fitness/EDM,4
2749,2025-02-09,M01,Workout Anthem,Fitness/EDM,3
2749,2025-02-09,M02,Pump It Up,Fitness/EDM,3
2750,2025-03-11,M06,Rain Sounds,Ambient/Sleep,10
2750,2025-03-11,M07,Deep Sleep,Ambient/Sleep,12
2751,2025-01-21,M16,Gengetone Hit,Amapiano/Afrobeat,4
2751,2025-01-21,M11,Heartbreak Ballad,R&B,4
2752,2025-06-22,M04,Study Focus 1,Instrumental,6
2752,2025-06-22,M05,Study Focus 2,Instrumental,5
2753,2025-01-03,M09,Sunday Worship 2,Gospel,5
2753,2025-01-03,M02,Pump It Up,Fitness/EDM,3
2754,2025-06-06,M06,Rain Sounds,Ambient/Sleep,10
2754,2025-06-06,M02,Pump It Up,Fitness/EDM,3
2754,2025-06-06,M16,Gengetone Hit,Amapiano/Afrobeat,4
2754,2025-06-06,M15,Amapiano Vibes,Amapiano/Afrobeat,5
2755,2025-05-18,M04,Study Focus 1,Instrumental,6
2755,2025-05-18,M05,Study Focus 2,Instrumental,5
2756,2025-04-29,M06,Rain Sounds,Ambient/Sleep,10
2757,2025-04-08,M08,Sunday Worship 1,Gospel,5
2757,2025-04-08,M09,Sunday Worship 2,Gospel,5
2758,2025-04-25,M01,Workout Anthem,Fitness/EDM,3
2758,2025-04-25,M02,Pump It Up,Fitness/EDM,3
2758,2025-04-25,M03,Cardio Beats,Fitness/EDM,4
2759,2025-06-22,M13,Hip Hop Anthem,Hip-Hop,3
2759,2025-06-22,M09,Sunday Worship 2,Gospel,5
2760,2025-03-09,M06,Rain Sounds,Ambient/Sleep,10
2760,2025-03-09,M07,Deep Sleep,Ambient/Sleep,12
2760,2025-03-09,M08,Sunday Worship 1,Gospel,5
2761,2025-01-25,M08,Sunday Worship 1,Gospel,5
2761,2025-01-25,M09,Sunday Worship 2,Gospel,5
2761,2025-01-25,M10,Praise Medley,Gospel,7
2762,2025-02-02,M06,Rain Sounds,Ambient/Sleep,10
2762,2025-02-02,M07,Deep Sleep,Ambient/Sleep,12
2763,2025-05-17,M01,Workout Anthem,Fitness/EDM,3
2763,2025-05-17,M02,Pump It Up,Fitness/EDM,3
2764,2025-04-18,M06,Rain Sounds,Ambient/Sleep,10
2764,2025-04-18,M07,Deep Sleep,Ambient/Sleep,12
2765,2025-04-19,M14,Street Beats,Hip-Hop,3
2765,2025-04-19,M05,Study Focus 2,Instrumental,5
2765,2025-04-19,M06,Rain Sounds,Ambient/Sleep,10
2766,2025-05-03,M06,Rain Sounds,Ambient/Sleep,10
2766,2025-05-03,M15,Amapiano Vibes,Amapiano/Afrobeat,5
2766,2025-05-03,M07,Deep Sleep,Ambient/Sleep,12
2766,2025-05-03,M03,Cardio Beats,Fitness/EDM,4
2767,2025-06-22,M13,Hip Hop Anthem,Hip-Hop,3
2767,2025-06-22,M14,Street Beats,Hip-Hop,3
2768,2025-06-23,M08,Sunday Worship 1,Gospel,5
2768,2025-06-23,M09,Sunday Worship 2,Gospel,5
2768,2025-06-23,M10,Praise Medley,Gospel,7
2769,2025-01-08,M13,Hip Hop Anthem,Hip-Hop,3
2769,2025-01-08,M14,Street Beats,Hip-Hop,3
2770,2025-03-21,M08,Sunday Worship 1,Gospel,5
2770,2025-03-21,M09,Sunday Worship 2,Gospel,5
2771,2025-01-20,M01,Workout Anthem,Fitness/EDM,3
2771,2025-01-20,M08,Sunday Worship 1,Gospel,5
2771,2025-01-20,M09,Sunday Worship 2,Gospel,5
2771,2025-01-20,M10,Praise Medley,Gospel,7
2772,2025-02-21,M02,Pump It Up,Fitness/EDM,3
2772,2025-02-21,M07,Deep Sleep,Ambient/Sleep,12
2772,2025-02-21,M11,Heartbreak Ballad,R&B,4
2773,2025-01-13,M06,Rain Sounds,Ambient/Sleep,10
2773,2025-01-13,M07,Deep Sleep,Ambient/Sleep,12
2774,2025-05-05,M10,Praise Medley,Gospel,7
2774,2025-05-05,M08,Sunday Worship 1,Gospel,5
2774,2025-05-05,M01,Workout Anthem,Fitness/EDM,3
2774,2025-05-05,M04,Study Focus 1,Instrumental,6
2775,2025-03-28,M09,Sunday Worship 2,Gospel,5
2776,2025-03-14,M04,Study Focus 1,Instrumental,6
2776,2025-03-14,M05,Study Focus 2,Instrumental,5
2777,2025-06-12,M16,Gengetone Hit,Amapiano/Afrobeat,4
2777,2025-06-12,M11,Heartbreak Ballad,R&B,4
2777,2025-06-12,M05,Study Focus 2,Instrumental,5
2778,2025-01-29,M08,Sunday Worship 1,Gospel,5
2778,2025-01-29,M09,Sunday Worship 2,Gospel,5
2779,2025-04-03,M10,Praise Medley,Gospel,7
2779,2025-04-03,M03,Cardio Beats,Fitness/EDM,4
2779,2025-04-03,M16,Gengetone Hit,Amapiano/Afrobeat,4
2779,2025-04-03,M05,Study Focus 2,Instrumental,5
2780,2025-04-05,M08,Sunday Worship 1,Gospel,5
2780,2025-04-05,M09,Sunday Worship 2,Gospel,5
2781,2025-01-04,M11,Heartbreak Ballad,R&B,4
2781,2025-01-04,M12,Love Story,R&B,4
2782,2025-03-31,M04,Study Focus 1,Instrumental,6
2782,2025-03-31,M12,Love Story,R&B,4
2782,2025-03-31,M13,Hip Hop Anthem,Hip-Hop,3
2783,2025-03-11,M01,Workout Anthem,Fitness/EDM,3
2783,2025-03-11,M02,Pump It Up,Fitness/EDM,3
2784,2025-03-19,M08,Sunday Worship 1,Gospel,5
2784,2025-03-19,M09,Sunday Worship 2,Gospel,5
2784,2025-03-19,M10,Praise Medley,Gospel,7
2785,2025-04-10,M04,Study Focus 1,Instrumental,6
2785,2025-04-10,M02,Pump It Up,Fitness/EDM,3
2785,2025-04-10,M15,Amapiano Vibes,Amapiano/Afrobeat,5
2786,2025-05-20,M11,Heartbreak Ballad,R&B,4
2786,2025-05-20,M12,Love Story,R&B,4
2787,2025-04-14,M05,Study Focus 2,Instrumental,5
2788,2025-03-23,M15,Amapiano Vibes,Amapiano/Afrobeat,5
2788,2025-03-23,M16,Gengetone Hit,Amapiano/Afrobeat,4
2789,2025-03-12,M08,Sunday Worship 1,Gospel,5
2789,2025-03-12,M10,Praise Medley,Gospel,7
2789,2025-03-12,M05,Study Focus 2,Instrumental,5
2790,2025-05-24,M04,Study Focus 1,Instrumental,6
2790,2025-05-24,M12,Love Story,R&B,4
2791,2025-04-20,M02,Pump It Up,Fitness/EDM,3
2791,2025-04-20,M01,Workout Anthem,Fitness/EDM,3
2792,2025-04-05,M04,Study Focus 1,Instrumental,6
2792,2025-04-05,M05,Study Focus 2,Instrumental,5
2793,2025-05-22,M11,Heartbreak Ballad,R&B,4
2794,2025-04-21,M01,Workout Anthem,Fitness/EDM,3
2795,2025-03-12,M08,Sunday Worship 1,Gospel,5
2795,2025-03-12,M09,Sunday Worship 2,Gospel,5
2796,2025-03-10,M16,Gengetone Hit,Amapiano/Afrobeat,4
2796,2025-03-10,M05,Study Focus 2,Instrumental,5
2796,2025-03-10,M02,Pump It Up,Fitness/EDM,3
2797,2025-06-09,M13,Hip Hop Anthem,Hip-Hop,3
2797,2025-06-09,M14,Street Beats,Hip-Hop,3
2798,2025-03-30,M11,Heartbreak Ballad,R&B,4
2798,2025-03-30,M12,Love Story,R&B,4
2799,2025-06-25,M05,Study Focus 2,Instrumental,5
2800,2025-03-06,M13,Hip Hop Anthem,Hip-Hop,3
2800,2025-03-06,M02,Pump It Up,Fitness/EDM,3
2801,2025-06-20,M13,Hip Hop Anthem,Hip-Hop,3
2801,2025-06-20,M14,Street Beats,Hip-Hop,3
2802,2025-06-21,M02,Pump It Up,Fitness/EDM,3
2802,2025-06-21,M10,Praise Medley,Gospel,7
2803,2025-05-01,M01,Workout Anthem,Fitness/EDM,3
2803,2025-05-01,M02,Pump It Up,Fitness/EDM,3
2803,2025-05-01,M03,Cardio Beats,Fitness/EDM,4
2804,2025-06-25,M04,Study Focus 1,Instrumental,6
2804,2025-06-25,M05,Study Focus 2,Instrumental,5
2805,2025-05-31,M15,Amapiano Vibes,Amapiano/Afrobeat,5
2805,2025-05-31,M16,Gengetone Hit,Amapiano/Afrobeat,4
2805,2025-05-31,M10,Praise Medley,Gospel,7
2806,2025-01-27,M02,Pump It Up,Fitness/EDM,3
2806,2025-01-27,M14,Street Beats,Hip-Hop,3
2806,2025-01-27,M15,Amapiano Vibes,Amapiano/Afrobeat,5
2806,2025-01-27,M03,Cardio Beats,Fitness/EDM,4
2807,2025-03-25,M13,Hip Hop Anthem,Hip-Hop,3
2807,2025-03-25,M01,Workout Anthem,Fitness/EDM,3
2807,2025-03-25,M14,Street Beats,Hip-Hop,3
2808,2025-05-04,M11,Heartbreak Ballad,R&B,4
2808,2025-05-04,M12,Love Story,R&B,4
2808,2025-05-04,M10,Praise Medley,Gospel,7
2809,2025-05-10,M06,Rain Sounds,Ambient/Sleep,10
2809,2025-05-10,M07,Deep Sleep,Ambient/Sleep,12
2810,2025-02-03,M04,Study Focus 1,Instrumental,6
2810,2025-02-03,M05,Study Focus 2,Instrumental,5
2811,2025-03-29,M01,Workout Anthem,Fitness/EDM,3
2811,2025-03-29,M02,Pump It Up,Fitness/EDM,3
2812,2025-03-23,M06,Rain Sounds,Ambient/Sleep,10
2812,2025-03-23,M07,Deep Sleep,Ambient/Sleep,12
2813,2025-03-04,M06,Rain Sounds,Ambient/Sleep,10
2813,2025-03-04,M11,Heartbreak Ballad,R&B,4
2813,2025-03-04,M03,Cardio Beats,Fitness/EDM,4
2814,2025-01-21,M06,Rain Sounds,Ambient/Sleep,10
2814,2025-01-21,M07,Deep Sleep,Ambient/Sleep,12
2815,2025-05-10,M04,Study Focus 1,Instrumental,6
2815,2025-05-10,M05,Study Focus 2,Instrumental,5
2815,2025-05-10,M06,Rain Sounds,Ambient/Sleep,10
2816,2025-02-08,M15,Amapiano Vibes,Amapiano/Afrobeat,5
2816,2025-02-08,M16,Gengetone Hit,Amapiano/Afrobeat,4
2817,2025-03-25,M13,Hip Hop Anthem,Hip-Hop,3
2817,2025-03-25,M14,Street Beats,Hip-Hop,3
2818,2025-03-19,M11,Heartbreak Ballad,R&B,4
2818,2025-03-19,M09,Sunday Worship 2,Gospel,5
2818,2025-03-19,M13,Hip Hop Anthem,Hip-Hop,3
2818,2025-03-19,M12,Love Story,R&B,4
2819,2025-01-14,M03,Cardio Beats,Fitness/EDM,4
2819,2025-01-14,M13,Hip Hop Anthem,Hip-Hop,3
2819,2025-01-14,M01,Workout Anthem,Fitness/EDM,3
2819,2025-01-14,M11,Heartbreak Ballad,R&B,4
2820,2025-05-03,M02,Pump It Up,Fitness/EDM,3
2820,2025-05-03,M01,Workout Anthem,Fitness/EDM,3
2821,2025-03-29,M11,Heartbreak Ballad,R&B,4
2821,2025-03-29,M13,Hip Hop Anthem,Hip-Hop,3
2821,2025-03-29,M15,Amapiano Vibes,Amapiano/Afrobeat,5
2822,2025-05-29,M08,Sunday Worship 1,Gospel,5
2822,2025-05-29,M09,Sunday Worship 2,Gospel,5
2822,2025-05-29,M10,Praise Medley,Gospel,7
2823,2025-05-11,M01,Workout Anthem,Fitness/EDM,3
2823,2025-05-11,M02,Pump It Up,Fitness/EDM,3
2824,2025-01-31,M01,Workout Anthem,Fitness/EDM,3
2824,2025-01-31,M02,Pump It Up,Fitness/EDM,3
2824,2025-01-31,M03,Cardio Beats,Fitness/EDM,4
2825,2025-01-16,M11,Heartbreak Ballad,R&B,4
2825,2025-01-16,M12,Love Story,R&B,4
2826,2025-04-30,M16,Gengetone Hit,Amapiano/Afrobeat,4
2827,2025-05-04,M08,Sunday Worship 1,Gospel,5
2827,2025-05-04,M09,Sunday Worship 2,Gospel,5
2827,2025-05-04,M10,Praise Medley,Gospel,7
2828,2025-02-04,M13,Hip Hop Anthem,Hip-Hop,3
2828,2025-02-04,M12,Love Story,R&B,4
2829,2025-05-05,M14,Street Beats,Hip-Hop,3
2829,2025-05-05,M03,Cardio Beats,Fitness/EDM,4
2829,2025-05-05,M02,Pump It Up,Fitness/EDM,3
2829,2025-05-05,M12,Love Story,R&B,4
2830,2025-06-27,M08,Sunday Worship 1,Gospel,5
2830,2025-06-27,M09,Sunday Worship 2,Gospel,5
2831,2025-03-26,M15,Amapiano Vibes,Amapiano/Afrobeat,5
2831,2025-03-26,M01,Workout Anthem,Fitness/EDM,3
2832,2025-03-28,M08,Sunday Worship 1,Gospel,5
2832,2025-03-28,M09,Sunday Worship 2,Gospel,5
2832,2025-03-28,M10,Praise Medley,Gospel,7
2832,2025-03-28,M14,Street Beats,Hip-Hop,3
2833,2025-04-07,M11,Heartbreak Ballad,R&B,4
2833,2025-04-07,M12,Love Story,R&B,4
2834,2025-03-13,M11,Heartbreak Ballad,R&B,4
2834,2025-03-13,M12,Love Story,R&B,4
2835,2025-06-23,M11,Heartbreak Ballad,R&B,4
2835,2025-06-23,M12,Love Story,R&B,4
2836,2025-05-29,M15,Amapiano Vibes,Amapiano/Afrobeat,5
2836,2025-05-29,M14,Street Beats,Hip-Hop,3
2836,2025-05-29,M16,Gengetone Hit,Amapiano/Afrobeat,4
2837,2025-05-07,M06,Rain Sounds,Ambient/Sleep,10
2837,2025-05-07,M10,Praise Medley,Gospel,7
2838,2025-02-19,M06,Rain Sounds,Ambient/Sleep,10
2838,2025-02-19,M07,Deep Sleep,Ambient/Sleep,12
2838,2025-02-19,M15,Amapiano Vibes,Amapiano/Afrobeat,5
2839,2025-01-01,M02,Pump It Up,Fitness/EDM,3
2839,2025-01-01,M01,Workout Anthem,Fitness/EDM,3
2840,2025-03-03,M13,Hip Hop Anthem,Hip-Hop,3
2840,2025-03-03,M14,Street Beats,Hip-Hop,3
2840,2025-03-03,M15,Amapiano Vibes,Amapiano/Afrobeat,5
2841,2025-06-26,M01,Workout Anthem,Fitness/EDM,3
2841,2025-06-26,M02,Pump It Up,Fitness/EDM,3
2842,2025-04-16,M11,Heartbreak Ballad,R&B,4
2842,2025-04-16,M12,Love Story,R&B,4
2842,2025-04-16,M14,Street Beats,Hip-Hop,3
2843,2025-04-15,M04,Study Focus 1,Instrumental,6
2843,2025-04-15,M01,Workout Anthem,Fitness/EDM,3
2844,2025-02-13,M07,Deep Sleep,Ambient/Sleep,12
2845,2025-04-04,M11,Heartbreak Ballad,R&B,4
2845,2025-04-04,M06,Rain Sounds,Ambient/Sleep,10
2845,2025-04-04,M13,Hip Hop Anthem,Hip-Hop,3
2846,2025-03-27,M13,Hip Hop Anthem,Hip-Hop,3
2846,2025-03-27,M14,Street Beats,Hip-Hop,3
2846,2025-03-27,M15,Amapiano Vibes,Amapiano/Afrobeat,5
2847,2025-01-06,M14,Street Beats,Hip-Hop,3
2847,2025-01-06,M13,Hip Hop Anthem,Hip-Hop,3
2847,2025-01-06,M09,Sunday Worship 2,Gospel,5
2847,2025-01-06,M12,Love Story,R&B,4
2848,2025-04-18,M06,Rain Sounds,Ambient/Sleep,10
2848,2025-04-18,M07,Deep Sleep,Ambient/Sleep,12
2849,2025-01-28,M15,Amapiano Vibes,Amapiano/Afrobeat,5
2849,2025-01-28,M16,Gengetone Hit,Amapiano/Afrobeat,4
2850,2025-05-11,M12,Love Story,R&B,4
2850,2025-05-11,M05,Study Focus 2,Instrumental,5
2850,2025-05-11,M13,Hip Hop Anthem,Hip-Hop,3
2850,2025-05-11,M08,Sunday Worship 1,Gospel,5
2851,2025-04-26,M01,Workout Anthem,Fitness/EDM,3
2851,2025-04-26,M11,Heartbreak Ballad,R&B,4
2852,2025-06-23,M07,Deep Sleep,Ambient/Sleep,12
2853,2025-03-07,M11,Heartbreak Ballad,R&B,4
2853,2025-03-07,M12,Love Story,R&B,4
2854,2025-04-24,M04,Study Focus 1,Instrumental,6
2854,2025-04-24,M09,Sunday Worship 2,Gospel,5
2855,2025-05-24,M04,Study Focus 1,Instrumental,6
2855,2025-05-24,M05,Study Focus 2,Instrumental,5
2856,2025-01-12,M01,Workout Anthem,Fitness/EDM,3
2856,2025-01-12,M16,Gengetone Hit,Amapiano/Afrobeat,4
2856,2025-01-12,M10,Praise Medley,Gospel,7
2857,2025-03-12,M04,Study Focus 1,Instrumental,6
2857,2025-03-12,M05,Study Focus 2,Instrumental,5
2858,2025-04-01,M06,Rain Sounds,Ambient/Sleep,10
2858,2025-04-01,M07,Deep Sleep,Ambient/Sleep,12
2859,2025-02-24,M08,Sunday Worship 1,Gospel,5
2859,2025-02-24,M09,Sunday Worship 2,Gospel,5
2860,2025-01-25,M01,Workout Anthem,Fitness/EDM,3
2860,2025-01-25,M02,Pump It Up,Fitness/EDM,3
2861,2025-01-02,M06,Rain Sounds,Ambient/Sleep,10
2861,2025-01-02,M07,Deep Sleep,Ambient/Sleep,12
2862,2025-05-26,M13,Hip Hop Anthem,Hip-Hop,3
2862,2025-05-26,M14,Street Beats,Hip-Hop,3
2863,2025-06-07,M11,Heartbreak Ballad,R&B,4
2863,2025-06-07,M12,Love Story,R&B,4
2864,2025-03-01,M04,Study Focus 1,Instrumental,6
2864,2025-03-01,M05,Study Focus 2,Instrumental,5
2865,2025-05-18,M11,Heartbreak Ballad,R&B,4
2865,2025-05-18,M12,Love Story,R&B,4
2866,2025-05-08,M06,Rain Sounds,Ambient/Sleep,10
2866,2025-05-08,M15,Amapiano Vibes,Amapiano/Afrobeat,5
2867,2025-05-14,M01,Workout Anthem,Fitness/EDM,3
2867,2025-05-14,M02,Pump It Up,Fitness/EDM,3
2867,2025-05-14,M03,Cardio Beats,Fitness/EDM,4
2868,2025-03-03,M06,Rain Sounds,Ambient/Sleep,10
2868,2025-03-03,M07,Deep Sleep,Ambient/Sleep,12
2869,2025-02-08,M06,Rain Sounds,Ambient/Sleep,10
2869,2025-02-08,M07,Deep Sleep,Ambient/Sleep,12
2870,2025-01-06,M12,Love Story,R&B,4
2870,2025-01-06,M13,Hip Hop Anthem,Hip-Hop,3
2871,2025-03-10,M11,Heartbreak Ballad,R&B,4
2871,2025-03-10,M12,Love Story,R&B,4
2872,2025-05-15,M11,Heartbreak Ballad,R&B,4
2872,2025-05-15,M12,Love Story,R&B,4
2873,2025-01-23,M11,Heartbreak Ballad,R&B,4
2873,2025-01-23,M12,Love Story,R&B,4
2874,2025-02-28,M15,Amapiano Vibes,Amapiano/Afrobeat,5
2874,2025-02-28,M16,Gengetone Hit,Amapiano/Afrobeat,4
2875,2025-06-30,M04,Study Focus 1,Instrumental,6
2875,2025-06-30,M05,Study Focus 2,Instrumental,5
2875,2025-06-30,M06,Rain Sounds,Ambient/Sleep,10
2876,2025-06-02,M08,Sunday Worship 1,Gospel,5
2876,2025-06-02,M09,Sunday Worship 2,Gospel,5
2877,2025-04-04,M01,Workout Anthem,Fitness/EDM,3
2877,2025-04-04,M05,Study Focus 2,Instrumental,5
2877,2025-04-04,M06,Rain Sounds,Ambient/Sleep,10
2878,2025-01-19,M05,Study Focus 2,Instrumental,5
2878,2025-01-19,M08,Sunday Worship 1,Gospel,5
2878,2025-01-19,M07,Deep Sleep,Ambient/Sleep,12
2878,2025-01-19,M10,Praise Medley,Gospel,7
2879,2025-06-08,M08,Sunday Worship 1,Gospel,5
2879,2025-06-08,M09,Sunday Worship 2,Gospel,5
2879,2025-06-08,M10,Praise Medley,Gospel,7
2880,2025-05-24,M05,Study Focus 2,Instrumental,5
2881,2025-05-07,M01,Workout Anthem,Fitness/EDM,3
2881,2025-05-07,M02,Pump It Up,Fitness/EDM,3
2881,2025-05-07,M03,Cardio Beats,Fitness/EDM,4
2882,2025-01-23,M02,Pump It Up,Fitness/EDM,3
2883,2025-05-07,M01,Workout Anthem,Fitness/EDM,3
2883,2025-05-07,M04,Study Focus 1,Instrumental,6
2883,2025-05-07,M07,Deep Sleep,Ambient/Sleep,12
2883,2025-05-07,M12,Love Story,R&B,4
2884,2025-04-28,M04,Study Focus 1,Instrumental,6
2884,2025-04-28,M05,Study Focus 2,Instrumental,5
2884,2025-04-28,M06,Rain Sounds,Ambient/Sleep,10
2885,2025-01-28,M08,Sunday Worship 1,Gospel,5
2885,2025-01-28,M09,Sunday Worship 2,Gospel,5
2885,2025-01-28,M10,Praise Medley,Gospel,7
2886,2025-06-13,M01,Workout Anthem,Fitness/EDM,3
2886,2025-06-13,M02,Pump It Up,Fitness/EDM,3
2887,2025-01-25,M02,Pump It Up,Fitness/EDM,3
2887,2025-01-25,M16,Gengetone Hit,Amapiano/Afrobeat,4
2887,2025-01-25,M11,Heartbreak Ballad,R&B,4
2888,2025-02-12,M06,Rain Sounds,Ambient/Sleep,10
2888,2025-02-12,M07,Deep Sleep,Ambient/Sleep,12
2889,2025-06-26,M16,Gengetone Hit,Amapiano/Afrobeat,4
2889,2025-06-26,M04,Study Focus 1,Instrumental,6
2889,2025-06-26,M13,Hip Hop Anthem,Hip-Hop,3
2890,2025-01-05,M08,Sunday Worship 1,Gospel,5
2890,2025-01-05,M09,Sunday Worship 2,Gospel,5
2891,2025-06-29,M01,Workout Anthem,Fitness/EDM,3
2891,2025-06-29,M02,Pump It Up,Fitness/EDM,3
2891,2025-06-29,M03,Cardio Beats,Fitness/EDM,4
2891,2025-06-29,M13,Hip Hop Anthem,Hip-Hop,3
2892,2025-04-10,M15,Amapiano Vibes,Amapiano/Afrobeat,5
2892,2025-04-10,M16,Gengetone Hit,Amapiano/Afrobeat,4
2893,2025-01-18,M06,Rain Sounds,Ambient/Sleep,10
2893,2025-01-18,M14,Street Beats,Hip-Hop,3
2893,2025-01-18,M13,Hip Hop Anthem,Hip-Hop,3
2894,2025-03-18,M01,Workout Anthem,Fitness/EDM,3
2894,2025-03-18,M02,Pump It Up,Fitness/EDM,3
2895,2025-04-24,M13,Hip Hop Anthem,Hip-Hop,3
2895,2025-04-24,M14,Street Beats,Hip-Hop,3
2896,2025-05-19,M08,Sunday Worship 1,Gospel,5
2896,2025-05-19,M09,Sunday Worship 2,Gospel,5
2897,2025-05-10,M06,Rain Sounds,Ambient/Sleep,10
2897,2025-05-10,M07,Deep Sleep,Ambient/Sleep,12
2898,2025-03-21,M13,Hip Hop Anthem,Hip-Hop,3
2898,2025-03-21,M14,Street Beats,Hip-Hop,3
2899,2025-01-14,M06,Rain Sounds,Ambient/Sleep,10
2899,2025-01-14,M07,Deep Sleep,Ambient/Sleep,12
2900,2025-06-13,M13,Hip Hop Anthem,Hip-Hop,3
2900,2025-06-13,M14,Street Beats,Hip-Hop,3
2901,2025-04-21,M11,Heartbreak Ballad,R&B,4
2901,2025-04-21,M12,Love Story,R&B,4
2902,2025-04-22,M11,Heartbreak Ballad,R&B,4
2902,2025-04-22,M12,Love Story,R&B,4
2903,2025-01-07,M15,Amapiano Vibes,Amapiano/Afrobeat,5
2903,2025-01-07,M16,Gengetone Hit,Amapiano/Afrobeat,4
2904,2025-02-22,M06,Rain Sounds,Ambient/Sleep,10
2904,2025-02-22,M07,Deep Sleep,Ambient/Sleep,12
2905,2025-04-20,M13,Hip Hop Anthem,Hip-Hop,3
2905,2025-04-20,M14,Street Beats,Hip-Hop,3
2906,2025-03-25,M10,Praise Medley,Gospel,7
2906,2025-03-25,M14,Street Beats,Hip-Hop,3
2906,2025-03-25,M03,Cardio Beats,Fitness/EDM,4
2906,2025-03-25,M15,Amapiano Vibes,Amapiano/Afrobeat,5
2907,2025-03-01,M08,Sunday Worship 1,Gospel,5
2907,2025-03-01,M04,Study Focus 1,Instrumental,6
2907,2025-03-01,M06,Rain Sounds,Ambient/Sleep,10
2908,2025-03-31,M15,Amapiano Vibes,Amapiano/Afrobeat,5
2908,2025-03-31,M16,Gengetone Hit,Amapiano/Afrobeat,4
2909,2025-01-16,M04,Study Focus 1,Instrumental,6
2909,2025-01-16,M05,Study Focus 2,Instrumental,5
2909,2025-01-16,M07,Deep Sleep,Ambient/Sleep,12
2910,2025-05-10,M01,Workout Anthem,Fitness/EDM,3
2910,2025-05-10,M02,Pump It Up,Fitness/EDM,3
2910,2025-05-10,M03,Cardio Beats,Fitness/EDM,4
2911,2025-02-22,M08,Sunday Worship 1,Gospel,5
2911,2025-02-22,M09,Sunday Worship 2,Gospel,5
2911,2025-02-22,M10,Praise Medley,Gospel,7
2912,2025-02-04,M15,Amapiano Vibes,Amapiano/Afrobeat,5
2912,2025-02-04,M10,Praise Medley,Gospel,7
2913,2025-04-29,M08,Sunday Worship 1,Gospel,5
2913,2025-04-29,M11,Heartbreak Ballad,R&B,4
2914,2025-01-06,M09,Sunday Worship 2,Gospel,5
2915,2025-04-26,M06,Rain Sounds,Ambient/Sleep,10
2915,2025-04-26,M07,Deep Sleep,Ambient/Sleep,12
2916,2025-04-21,M01,Workout Anthem,Fitness/EDM,3
2916,2025-04-21,M02,Pump It Up,Fitness/EDM,3
2916,2025-04-21,M03,Cardio Beats,Fitness/EDM,4
2917,2025-06-26,M08,Sunday Worship 1,Gospel,5
2917,2025-06-26,M09,Sunday Worship 2,Gospel,5
2918,2025-01-24,M15,Amapiano Vibes,Amapiano/Afrobeat,5
2918,2025-01-24,M16,Gengetone Hit,Amapiano/Afrobeat,4
2919,2025-03-20,M06,Rain Sounds,Ambient/Sleep,10
2919,2025-03-20,M07,Deep Sleep,Ambient/Sleep,12
2920,2025-06-12,M11,Heartbreak Ballad,R&B,4
2921,2025-06-02,M03,Cardio Beats,Fitness/EDM,4
2921,2025-06-02,M06,Rain Sounds,Ambient/Sleep,10
2922,2025-05-11,M15,Amapiano Vibes,Amapiano/Afrobeat,5
2922,2025-05-11,M16,Gengetone Hit,Amapiano/Afrobeat,4
2923,2025-06-08,M08,Sunday Worship 1,Gospel,5
2924,2025-05-26,M05,Study Focus 2,Instrumental,5
2925,2025-02-09,M06,Rain Sounds,Ambient/Sleep,10
2925,2025-02-09,M07,Deep Sleep,Ambient/Sleep,12
2926,2025-05-10,M01,Workout Anthem,Fitness/EDM,3
2926,2025-05-10,M02,Pump It Up,Fitness/EDM,3
2927,2025-05-13,M15,Amapiano Vibes,Amapiano/Afrobeat,5
2927,2025-05-13,M10,Praise Medley,Gospel,7
2927,2025-05-13,M16,Gengetone Hit,Amapiano/Afrobeat,4
2928,2025-05-20,M01,Workout Anthem,Fitness/EDM,3
2928,2025-05-20,M07,Deep Sleep,Ambient/Sleep,12
2929,2025-05-12,M01,Workout Anthem,Fitness/EDM,3
2929,2025-05-12,M02,Pump It Up,Fitness/EDM,3
2929,2025-05-12,M03,Cardio Beats,Fitness/EDM,4
2930,2025-05-19,M07,Deep Sleep,Ambient/Sleep,12
2930,2025-05-19,M13,Hip Hop Anthem,Hip-Hop,3
2930,2025-05-19,M05,Study Focus 2,Instrumental,5
2931,2025-05-25,M16,Gengetone Hit,Amapiano/Afrobeat,4
2931,2025-05-25,M01,Workout Anthem,Fitness/EDM,3
2931,2025-05-25,M08,Sunday Worship 1,Gospel,5
2931,2025-05-25,M02,Pump It Up,Fitness/EDM,3
2932,2025-06-10,M03,Cardio Beats,Fitness/EDM,4
2932,2025-06-10,M05,Study Focus 2,Instrumental,5
2932,2025-06-10,M14,Street Beats,Hip-Hop,3
2932,2025-06-10,M16,Gengetone Hit,Amapiano/Afrobeat,4
2933,2025-05-03,M12,Love Story,R&B,4
2933,2025-05-03,M04,Study Focus 1,Instrumental,6
2934,2025-04-19,M01,Workout Anthem,Fitness/EDM,3
2934,2025-04-19,M02,Pump It Up,Fitness/EDM,3
2934,2025-04-19,M03,Cardio Beats,Fitness/EDM,4
2935,2025-05-30,M08,Sunday Worship 1,Gospel,5
2935,2025-05-30,M09,Sunday Worship 2,Gospel,5
2935,2025-05-30,M10,Praise Medley,Gospel,7
2936,2025-05-18,M06,Rain Sounds,Ambient/Sleep,10
2936,2025-05-18,M07,Deep Sleep,Ambient/Sleep,12
2937,2025-03-26,M06,Rain Sounds,Ambient/Sleep,10
2937,2025-03-26,M07,Deep Sleep,Ambient/Sleep,12
2938,2025-03-10,M04,Study Focus 1,Instrumental,6
2938,2025-03-10,M05,Study Focus 2,Instrumental,5
2939,2025-01-02,M08,Sunday Worship 1,Gospel,5
2939,2025-01-02,M09,Sunday Worship 2,Gospel,5
2939,2025-01-02,M10,Praise Medley,Gospel,7
2939,2025-01-02,M02,Pump It Up,Fitness/EDM,3
2940,2025-01-10,M08,Sunday Worship 1,Gospel,5
2940,2025-01-10,M13,Hip Hop Anthem,Hip-Hop,3
2941,2025-03-29,M04,Study Focus 1,Instrumental,6
2941,2025-03-29,M05,Study Focus 2,Instrumental,5
2941,2025-03-29,M06,Rain Sounds,Ambient/Sleep,10
2942,2025-01-16,M13,Hip Hop Anthem,Hip-Hop,3
2942,2025-01-16,M04,Study Focus 1,Instrumental,6
2942,2025-01-16,M07,Deep Sleep,Ambient/Sleep,12
2943,2025-04-12,M13,Hip Hop Anthem,Hip-Hop,3
2943,2025-04-12,M14,Street Beats,Hip-Hop,3
2944,2025-06-23,M01,Workout Anthem,Fitness/EDM,3
2944,2025-06-23,M02,Pump It Up,Fitness/EDM,3
2944,2025-06-23,M03,Cardio Beats,Fitness/EDM,4
2945,2025-02-07,M15,Amapiano Vibes,Amapiano/Afrobeat,5
2945,2025-02-07,M16,Gengetone Hit,Amapiano/Afrobeat,4
2946,2025-03-10,M08,Sunday Worship 1,Gospel,5
2946,2025-03-10,M09,Sunday Worship 2,Gospel,5
2946,2025-03-10,M10,Praise Medley,Gospel,7
2947,2025-05-10,M11,Heartbreak Ballad,R&B,4
2947,2025-05-10,M12,Love Story,R&B,4
2948,2025-06-24,M01,Workout Anthem,Fitness/EDM,3
2948,2025-06-24,M02,Pump It Up,Fitness/EDM,3
2949,2025-01-01,M13,Hip Hop Anthem,Hip-Hop,3
2949,2025-01-01,M14,Street Beats,Hip-Hop,3
2949,2025-01-01,M15,Amapiano Vibes,Amapiano/Afrobeat,5
2950,2025-04-25,M14,Street Beats,Hip-Hop,3
2950,2025-04-25,M03,Cardio Beats,Fitness/EDM,4
2951,2025-05-24,M11,Heartbreak Ballad,R&B,4
2951,2025-05-24,M12,Love Story,R&B,4
2952,2025-02-12,M06,Rain Sounds,Ambient/Sleep,10
2952,2025-02-12,M13,Hip Hop Anthem,Hip-Hop,3
2952,2025-02-12,M09,Sunday Worship 2,Gospel,5
2952,2025-02-12,M01,Workout Anthem,Fitness/EDM,3
2953,2025-04-27,M04,Study Focus 1,Instrumental,6
2953,2025-04-27,M05,Study Focus 2,Instrumental,5
2954,2025-01-10,M01,Workout Anthem,Fitness/EDM,3
2954,2025-01-10,M02,Pump It Up,Fitness/EDM,3
2954,2025-01-10,M03,Cardio Beats,Fitness/EDM,4
2955,2025-01-18,M13,Hip Hop Anthem,Hip-Hop,3
2955,2025-01-18,M14,Street Beats,Hip-Hop,3
2956,2025-03-06,M12,Love Story,R&B,4
2957,2025-05-21,M11,Heartbreak Ballad,R&B,4
2957,2025-05-21,M12,Love Story,R&B,4
2958,2025-03-17,M15,Amapiano Vibes,Amapiano/Afrobeat,5
2958,2025-03-17,M16,Gengetone Hit,Amapiano/Afrobeat,4
2959,2025-04-16,M08,Sunday Worship 1,Gospel,5
2959,2025-04-16,M09,Sunday Worship 2,Gospel,5
2960,2025-06-22,M08,Sunday Worship 1,Gospel,5
2960,2025-06-22,M09,Sunday Worship 2,Gospel,5
2960,2025-06-22,M10,Praise Medley,Gospel,7
2961,2025-04-30,M08,Sunday Worship 1,Gospel,5
2961,2025-04-30,M09,Sunday Worship 2,Gospel,5
2962,2025-05-11,M11,Heartbreak Ballad,R&B,4
2962,2025-05-11,M12,Love Story,R&B,4
2963,2025-03-20,M13,Hip Hop Anthem,Hip-Hop,3
2964,2025-03-01,M03,Cardio Beats,Fitness/EDM,4
2964,2025-03-01,M15,Amapiano Vibes,Amapiano/Afrobeat,5
2964,2025-03-01,M02,Pump It Up,Fitness/EDM,3
2964,2025-03-01,M01,Workout Anthem,Fitness/EDM,3
2965,2025-03-19,M15,Amapiano Vibes,Amapiano/Afrobeat,5
2965,2025-03-19,M16,Gengetone Hit,Amapiano/Afrobeat,4
2966,2025-06-04,M08,Sunday Worship 1,Gospel,5
2966,2025-06-04,M09,Sunday Worship 2,Gospel,5
2966,2025-06-04,M10,Praise Medley,Gospel,7
2966,2025-06-04,M03,Cardio Beats,Fitness/EDM,4
2967,2025-01-03,M11,Heartbreak Ballad,R&B,4
2967,2025-01-03,M12,Love Story,R&B,4
2967,2025-01-03,M16,Gengetone Hit,Amapiano/Afrobeat,4
2968,2025-03-24,M12,Love Story,R&B,4
2968,2025-03-24,M13,Hip Hop Anthem,Hip-Hop,3
2968,2025-03-24,M05,Study Focus 2,Instrumental,5
2969,2025-03-21,M15,Amapiano Vibes,Amapiano/Afrobeat,5
2969,2025-03-21,M16,Gengetone Hit,Amapiano/Afrobeat,4
2970,2025-06-30,M09,Sunday Worship 2,Gospel,5
2970,2025-06-30,M14,Street Beats,Hip-Hop,3
2970,2025-06-30,M08,Sunday Worship 1,Gospel,5
2971,2025-03-03,M15,Amapiano Vibes,Amapiano/Afrobeat,5
2971,2025-03-03,M16,Gengetone Hit,Amapiano/Afrobeat,4
2972,2025-04-19,M03,Cardio Beats,Fitness/EDM,4
2972,2025-04-19,M14,Street Beats,Hip-Hop,3
2972,2025-04-19,M16,Gengetone Hit,Amapiano/Afrobeat,4
2972,2025-04-19,M06,Rain Sounds,Ambient/Sleep,10
2973,2025-01-09,M13,Hip Hop Anthem,Hip-Hop,3
2973,2025-01-09,M14,Street Beats,Hip-Hop,3
2973,2025-01-09,M15,Amapiano Vibes,Amapiano/Afrobeat,5
2974,2025-04-14,M02,Pump It Up,Fitness/EDM,3
2974,2025-04-14,M07,Deep Sleep,Ambient/Sleep,12
2974,2025-04-14,M01,Workout Anthem,Fitness/EDM,3
2975,2025-01-10,M04,Study Focus 1,Instrumental,6
2975,2025-01-10,M05,Study Focus 2,Instrumental,5
2976,2025-02-13,M06,Rain Sounds,Ambient/Sleep,10
2977,2025-04-28,M02,Pump It Up,Fitness/EDM,3
2978,2025-05-05,M11,Heartbreak Ballad,R&B,4
2978,2025-05-05,M12,Love Story,R&B,4
2979,2025-06-15,M11,Heartbreak Ballad,R&B,4
2979,2025-06-15,M12,Love Story,R&B,4
2980,2025-04-20,M01,Workout Anthem,Fitness/EDM,3
2980,2025-04-20,M02,Pump It Up,Fitness/EDM,3
2980,2025-04-20,M03,Cardio Beats,Fitness/EDM,4
2981,2025-01-03,M04,Study Focus 1,Instrumental,6
2981,2025-01-03,M05,Study Focus 2,Instrumental,5
2982,2025-04-05,M15,Amapiano Vibes,Amapiano/Afrobeat,5
2982,2025-04-05,M16,Gengetone Hit,Amapiano/Afrobeat,4
2983,2025-03-06,M13,Hip Hop Anthem,Hip-Hop,3
2983,2025-03-06,M14,Street Beats,Hip-Hop,3
2983,2025-03-06,M15,Amapiano Vibes,Amapiano/Afrobeat,5
2984,2025-01-11,M11,Heartbreak Ballad,R&B,4
2984,2025-01-11,M12,Love Story,R&B,4
2985,2025-06-14,M08,Sunday Worship 1,Gospel,5
2985,2025-06-14,M09,Sunday Worship 2,Gospel,5
2986,2025-04-02,M13,Hip Hop Anthem,Hip-Hop,3
2986,2025-04-02,M16,Gengetone Hit,Amapiano/Afrobeat,4
2987,2025-01-15,M06,Rain Sounds,Ambient/Sleep,10
2988,2025-02-06,M09,Sunday Worship 2,Gospel,5
2988,2025-02-06,M06,Rain Sounds,Ambient/Sleep,10
2989,2025-01-30,M12,Love Story,R&B,4
2990,2025-06-01,M04,Study Focus 1,Instrumental,6
2990,2025-06-01,M05,Study Focus 2,Instrumental,5
2990,2025-06-01,M06,Rain Sounds,Ambient/Sleep,10
2991,2025-03-10,M09,Sunday Worship 2,Gospel,5
2991,2025-03-10,M03,Cardio Beats,Fitness/EDM,4
2992,2025-05-05,M15,Amapiano Vibes,Amapiano/Afrobeat,5
2992,2025-05-05,M16,Gengetone Hit,Amapiano/Afrobeat,4
2993,2025-06-11,M09,Sunday Worship 2,Gospel,5
2993,2025-06-11,M04,Study Focus 1,Instrumental,6
2994,2025-04-27,M01,Workout Anthem,Fitness/EDM,3
2994,2025-04-27,M02,Pump It Up,Fitness/EDM,3
2994,2025-04-27,M03,Cardio Beats,Fitness/EDM,4
2995,2025-05-30,M01,Workout Anthem,Fitness/EDM,3
2995,2025-05-30,M02,Pump It Up,Fitness/EDM,3
2995,2025-05-30,M03,Cardio Beats,Fitness/EDM,4
2996,2025-06-20,M11,Heartbreak Ballad,R&B,4
2996,2025-06-20,M12,Love Story,R&B,4
2997,2025-02-01,M13,Hip Hop Anthem,Hip-Hop,3
2997,2025-02-01,M14,Street Beats,Hip-Hop,3
2997,2025-02-01,M15,Amapiano Vibes,Amapiano/Afrobeat,5
2998,2025-04-03,M11,Heartbreak Ballad,R&B,4
2998,2025-04-03,M12,Love Story,R&B,4
2999,2025-01-02,M15,Amapiano Vibes,Amapiano/Afrobeat,5
2999,2025-01-02,M16,Gengetone Hit,Amapiano/Afrobeat,4
3000,2025-02-16,M12,Love Story,R&B,4
3001,2025-03-11,M12,Love Story,R&B,4
3001,2025-03-11,M10,Praise Medley,Gospel,7
3002,2025-03-05,M15,Amapiano Vibes,Amapiano/Afrobeat,5
3002,2025-03-05,M16,Gengetone Hit,Amapiano/Afrobeat,4
3003,2025-05-23,M15,Amapiano Vibes,Amapiano/Afrobeat,5
3003,2025-05-23,M16,Gengetone Hit,Amapiano/Afrobeat,4
3004,2025-06-17,M08,Sunday Worship 1,Gospel,5
3005,2025-03-02,M01,Workout Anthem,Fitness/EDM,3
3005,2025-03-02,M02,Pump It Up,Fitness/EDM,3
3005,2025-03-02,M03,Cardio Beats,Fitness/EDM,4
3006,2025-03-17,M15,Amapiano Vibes,Amapiano/Afrobeat,5
3006,2025-03-17,M16,Gengetone Hit,Amapiano/Afrobeat,4
3007,2025-06-20,M01,Workout Anthem,Fitness/EDM,3
3007,2025-06-20,M02,Pump It Up,Fitness/EDM,3
3008,2025-02-26,M01,Workout Anthem,Fitness/EDM,3
3008,2025-02-26,M02,Pump It Up,Fitness/EDM,3
3009,2025-05-28,M14,Street Beats,Hip-Hop,3
3009,2025-05-28,M04,Study Focus 1,Instrumental,6
3009,2025-05-28,M01,Workout Anthem,Fitness/EDM,3
3010,2025-06-26,M01,Workout Anthem,Fitness/EDM,3
3010,2025-06-26,M02,Pump It Up,Fitness/EDM,3
3010,2025-06-26,M03,Cardio Beats,Fitness/EDM,4
3011,2025-05-31,M11,Heartbreak Ballad,R&B,4
3011,2025-05-31,M12,Love Story,R&B,4
3012,2025-05-20,M06,Rain Sounds,Ambient/Sleep,10
3012,2025-05-20,M07,Deep Sleep,Ambient/Sleep,12
3013,2025-04-13,M06,Rain Sounds,Ambient/Sleep,10
3013,2025-04-13,M05,Study Focus 2,Instrumental,5
3013,2025-04-13,M13,Hip Hop Anthem,Hip-Hop,3
3013,2025-04-13,M07,Deep Sleep,Ambient/Sleep,12
3014,2025-01-16,M03,Cardio Beats,Fitness/EDM,4
3015,2025-06-24,M16,Gengetone Hit,Amapiano/Afrobeat,4
3015,2025-06-24,M14,Street Beats,Hip-Hop,3
3015,2025-06-24,M12,Love Story,R&B,4
3015,2025-06-24,M07,Deep Sleep,Ambient/Sleep,12
3016,2025-02-06,M10,Praise Medley,Gospel,7
3017,2025-05-22,M14,Street Beats,Hip-Hop,3
3017,2025-05-22,M08,Sunday Worship 1,Gospel,5
3017,2025-05-22,M15,Amapiano Vibes,Amapiano/Afrobeat,5
3017,2025-05-22,M12,Love Story,R&B,4
3018,2025-03-16,M07,Deep Sleep,Ambient/Sleep,12
3018,2025-03-16,M04,Study Focus 1,Instrumental,6
3018,2025-03-16,M06,Rain Sounds,Ambient/Sleep,10
3019,2025-03-06,M15,Amapiano Vibes,Amapiano/Afrobeat,5
3019,2025-03-06,M16,Gengetone Hit,Amapiano/Afrobeat,4
3020,2025-01-23,M06,Rain Sounds,Ambient/Sleep,10
3020,2025-01-23,M07,Deep Sleep,Ambient/Sleep,12
3020,2025-01-23,M15,Amapiano Vibes,Amapiano/Afrobeat,5
3021,2025-01-21,M04,Study Focus 1,Instrumental,6
3021,2025-01-21,M01,Workout Anthem,Fitness/EDM,3
3021,2025-01-21,M05,Study Focus 2,Instrumental,5
3021,2025-01-21,M06,Rain Sounds,Ambient/Sleep,10
3022,2025-01-27,M08,Sunday Worship 1,Gospel,5
3022,2025-01-27,M09,Sunday Worship 2,Gospel,5
3023,2025-05-02,M12,Love Story,R&B,4
3023,2025-05-02,M09,Sunday Worship 2,Gospel,5
3023,2025-05-02,M14,Street Beats,Hip-Hop,3
3023,2025-05-02,M15,Amapiano Vibes,Amapiano/Afrobeat,5
3024,2025-01-21,M04,Study Focus 1,Instrumental,6
3024,2025-01-21,M05,Study Focus 2,Instrumental,5
3024,2025-01-21,M06,Rain Sounds,Ambient/Sleep,10
3025,2025-03-05,M06,Rain Sounds,Ambient/Sleep,10
3026,2025-06-26,M06,Rain Sounds,Ambient/Sleep,10
3026,2025-06-26,M07,Deep Sleep,Ambient/Sleep,12
3027,2025-06-09,M06,Rain Sounds,Ambient/Sleep,10
3027,2025-06-09,M07,Deep Sleep,Ambient/Sleep,12
3028,2025-04-30,M04,Study Focus 1,Instrumental,6
3028,2025-04-30,M05,Study Focus 2,Instrumental,5
3029,2025-06-12,M02,Pump It Up,Fitness/EDM,3
3030,2025-06-26,M02,Pump It Up,Fitness/EDM,3
3030,2025-06-26,M12,Love Story,R&B,4
3030,2025-06-26,M04,Study Focus 1,Instrumental,6
3030,2025-06-26,M13,Hip Hop Anthem,Hip-Hop,3
3031,2025-04-14,M11,Heartbreak Ballad,R&B,4
3031,2025-04-14,M10,Praise Medley,Gospel,7
3032,2025-03-08,M08,Sunday Worship 1,Gospel,5
3032,2025-03-08,M09,Sunday Worship 2,Gospel,5
3033,2025-01-29,M04,Study Focus 1,Instrumental,6
3033,2025-01-29,M05,Study Focus 2,Instrumental,5
3033,2025-01-29,M15,Amapiano Vibes,Amapiano/Afrobeat,5
3034,2025-02-05,M09,Sunday Worship 2,Gospel,5
3035,2025-04-23,M08,Sunday Worship 1,Gospel,5
3035,2025-04-23,M09,Sunday Worship 2,Gospel,5
3036,2025-03-29,M06,Rain Sounds,Ambient/Sleep,10
3036,2025-03-29,M07,Deep Sleep,Ambient/Sleep,12
3037,2025-03-22,M11,Heartbreak Ballad,R&B,4
3037,2025-03-22,M12,Love Story,R&B,4
3038,2025-04-10,M03,Cardio Beats,Fitness/EDM,4
3038,2025-04-10,M01,Workout Anthem,Fitness/EDM,3
3039,2025-02-04,M01,Workout Anthem,Fitness/EDM,3
3039,2025-02-04,M02,Pump It Up,Fitness/EDM,3
3039,2025-02-04,M03,Cardio Beats,Fitness/EDM,4
3040,2025-04-21,M01,Workout Anthem,Fitness/EDM,3
3040,2025-04-21,M02,Pump It Up,Fitness/EDM,3
3041,2025-06-19,M04,Study Focus 1,Instrumental,6
3041,2025-06-19,M07,Deep Sleep,Ambient/Sleep,12
3042,2025-02-18,M16,Gengetone Hit,Amapiano/Afrobeat,4
3043,2025-03-12,M13,Hip Hop Anthem,Hip-Hop,3
3043,2025-03-12,M12,Love Story,R&B,4
3044,2025-04-11,M12,Love Story,R&B,4
3045,2025-04-05,M06,Rain Sounds,Ambient/Sleep,10
3045,2025-04-05,M07,Deep Sleep,Ambient/Sleep,12
3046,2025-01-30,M07,Deep Sleep,Ambient/Sleep,12
3046,2025-01-30,M12,Love Story,R&B,4
3047,2025-04-30,M04,Study Focus 1,Instrumental,6
3047,2025-04-30,M05,Study Focus 2,Instrumental,5
3048,2025-04-05,M10,Praise Medley,Gospel,7
3049,2025-03-24,M04,Study Focus 1,Instrumental,6
3049,2025-03-24,M05,Study Focus 2,Instrumental,5
3050,2025-03-08,M07,Deep Sleep,Ambient/Sleep,12
3050,2025-03-08,M08,Sunday Worship 1,Gospel,5
3050,2025-03-08,M09,Sunday Worship 2,Gospel,5
3051,2025-01-30,M15,Amapiano Vibes,Amapiano/Afrobeat,5
3051,2025-01-30,M16,Gengetone Hit,Amapiano/Afrobeat,4
3052,2025-01-13,M04,Study Focus 1,Instrumental,6
3052,2025-01-13,M05,Study Focus 2,Instrumental,5
3053,2025-02-15,M03,Cardio Beats,Fitness/EDM,4
3053,2025-02-15,M05,Study Focus 2,Instrumental,5
3054,2025-02-27,M01,Workout Anthem,Fitness/EDM,3
3054,2025-02-27,M02,Pump It Up,Fitness/EDM,3
3054,2025-02-27,M03,Cardio Beats,Fitness/EDM,4
3055,2025-05-24,M04,Study Focus 1,Instrumental,6
3055,2025-05-24,M05,Study Focus 2,Instrumental,5
3056,2025-06-02,M15,Amapiano Vibes,Amapiano/Afrobeat,5
3056,2025-06-02,M10,Praise Medley,Gospel,7
3056,2025-06-02,M11,Heartbreak Ballad,R&B,4
3056,2025-06-02,M12,Love Story,R&B,4
3057,2025-03-21,M06,Rain Sounds,Ambient/Sleep,10
3057,2025-03-21,M07,Deep Sleep,Ambient/Sleep,12
3057,2025-03-21,M15,Amapiano Vibes,Amapiano/Afrobeat,5
3058,2025-04-12,M11,Heartbreak Ballad,R&B,4
3058,2025-04-12,M12,Love Story,R&B,4
3059,2025-03-02,M04,Study Focus 1,Instrumental,6
3059,2025-03-02,M05,Study Focus 2,Instrumental,5
3060,2025-02-28,M09,Sunday Worship 2,Gospel,5
3060,2025-02-28,M13,Hip Hop Anthem,Hip-Hop,3
3061,2025-04-12,M11,Heartbreak Ballad,R&B,4
3061,2025-04-12,M12,Love Story,R&B,4
3062,2025-04-09,M08,Sunday Worship 1,Gospel,5
3062,2025-04-09,M09,Sunday Worship 2,Gospel,5
3063,2025-02-15,M08,Sunday Worship 1,Gospel,5
3063,2025-02-15,M09,Sunday Worship 2,Gospel,5
3063,2025-02-15,M10,Praise Medley,Gospel,7
3064,2025-06-01,M15,Amapiano Vibes,Amapiano/Afrobeat,5
3064,2025-06-01,M16,Gengetone Hit,Amapiano/Afrobeat,4
3065,2025-04-08,M06,Rain Sounds,Ambient/Sleep,10
3065,2025-04-08,M07,Deep Sleep,Ambient/Sleep,12
3066,2025-02-06,M06,Rain Sounds,Ambient/Sleep,10
3066,2025-02-06,M07,Deep Sleep,Ambient/Sleep,12
3067,2025-05-30,M01,Workout Anthem,Fitness/EDM,3
3067,2025-05-30,M02,Pump It Up,Fitness/EDM,3
3068,2025-03-08,M12,Love Story,R&B,4
3068,2025-03-08,M16,Gengetone Hit,Amapiano/Afrobeat,4
3068,2025-03-08,M11,Heartbreak Ballad,R&B,4
3069,2025-01-28,M08,Sunday Worship 1,Gospel,5
3069,2025-01-28,M09,Sunday Worship 2,Gospel,5
3069,2025-01-28,M10,Praise Medley,Gospel,7
3070,2025-05-16,M14,Street Beats,Hip-Hop,3
3070,2025-05-16,M05,Study Focus 2,Instrumental,5
3071,2025-02-27,M01,Workout Anthem,Fitness/EDM,3
3071,2025-02-27,M02,Pump It Up,Fitness/EDM,3
3071,2025-02-27,M03,Cardio Beats,Fitness/EDM,4
3072,2025-01-02,M06,Rain Sounds,Ambient/Sleep,10
3072,2025-01-02,M07,Deep Sleep,Ambient/Sleep,12
3073,2025-05-07,M06,Rain Sounds,Ambient/Sleep,10
3073,2025-05-07,M07,Deep Sleep,Ambient/Sleep,12
3073,2025-05-07,M08,Sunday Worship 1,Gospel,5
3074,2025-06-18,M07,Deep Sleep,Ambient/Sleep,12
3075,2025-03-29,M04,Study Focus 1,Instrumental,6
3076,2025-06-26,M12,Love Story,R&B,4
3076,2025-06-26,M09,Sunday Worship 2,Gospel,5
3077,2025-02-28,M09,Sunday Worship 2,Gospel,5
3078,2025-05-13,M11,Heartbreak Ballad,R&B,4
3078,2025-05-13,M12,Love Story,R&B,4
3079,2025-01-16,M08,Sunday Worship 1,Gospel,5
3079,2025-01-16,M05,Study Focus 2,Instrumental,5
3080,2025-03-08,M15,Amapiano Vibes,Amapiano/Afrobeat,5
3080,2025-03-08,M16,Gengetone Hit,Amapiano/Afrobeat,4
3081,2025-01-06,M16,Gengetone Hit,Amapiano/Afrobeat,4
3082,2025-05-24,M08,Sunday Worship 1,Gospel,5
3082,2025-05-24,M09,Sunday Worship 2,Gospel,5
3082,2025-05-24,M10,Praise Medley,Gospel,7
3083,2025-06-23,M14,Street Beats,Hip-Hop,3
3083,2025-06-23,M08,Sunday Worship 1,Gospel,5
3083,2025-06-23,M16,Gengetone Hit,Amapiano/Afrobeat,4
3084,2025-01-30,M01,Workout Anthem,Fitness/EDM,3
3084,2025-01-30,M02,Pump It Up,Fitness/EDM,3
3084,2025-01-30,M03,Cardio Beats,Fitness/EDM,4
3085,2025-04-05,M15,Amapiano Vibes,Amapiano/Afrobeat,5
3085,2025-04-05,M16,Gengetone Hit,Amapiano/Afrobeat,4
3086,2025-02-19,M04,Study Focus 1,Instrumental,6
3086,2025-02-19,M05,Study Focus 2,Instrumental,5
3087,2025-02-09,M02,Pump It Up,Fitness/EDM,3
3087,2025-02-09,M01,Workout Anthem,Fitness/EDM,3
3087,2025-02-09,M04,Study Focus 1,Instrumental,6
3087,2025-02-09,M06,Rain Sounds,Ambient/Sleep,10
3088,2025-05-11,M07,Deep Sleep,Ambient/Sleep,12
3088,2025-05-11,M14,Street Beats,Hip-Hop,3
3088,2025-05-11,M04,Study Focus 1,Instrumental,6
3088,2025-05-11,M11,Heartbreak Ballad,R&B,4
3089,2025-01-14,M08,Sunday Worship 1,Gospel,5
3089,2025-01-14,M09,Sunday Worship 2,Gospel,5
3089,2025-01-14,M10,Praise Medley,Gospel,7
3090,2025-01-27,M02,Pump It Up,Fitness/EDM,3
3091,2025-05-24,M11,Heartbreak Ballad,R&B,4
3091,2025-05-24,M12,Love Story,R&B,4
3092,2025-04-09,M10,Praise Medley,Gospel,7
3093,2025-05-05,M01,Workout Anthem,Fitness/EDM,3
3093,2025-05-05,M05,Study Focus 2,Instrumental,5
3093,2025-05-05,M04,Study Focus 1,Instrumental,6
3093,2025-05-05,M09,Sunday Worship 2,Gospel,5
3094,2025-02-03,M11,Heartbreak Ballad,R&B,4
3094,2025-02-03,M12,Love Story,R&B,4
3095,2025-05-11,M10,Praise Medley,Gospel,7
3096,2025-03-23,M02,Pump It Up,Fitness/EDM,3
3096,2025-03-23,M01,Workout Anthem,Fitness/EDM,3
3096,2025-03-23,M07,Deep Sleep,Ambient/Sleep,12
3097,2025-01-20,M14,Street Beats,Hip-Hop,3
3097,2025-01-20,M02,Pump It Up,Fitness/EDM,3
3098,2025-06-01,M13,Hip Hop Anthem,Hip-Hop,3
3098,2025-06-01,M08,Sunday Worship 1,Gospel,5
3098,2025-06-01,M10,Praise Medley,Gospel,7
3098,2025-06-01,M12,Love Story,R&B,4
3099,2025-03-17,M13,Hip Hop Anthem,Hip-Hop,3
3099,2025-03-17,M14,Street Beats,Hip-Hop,3
3099,2025-03-17,M15,Amapiano Vibes,Amapiano/Afrobeat,5
3100,2025-01-28,M04,Study Focus 1,Instrumental,6
3101,2025-06-30,M13,Hip Hop Anthem,Hip-Hop,3
3101,2025-06-30,M05,Study Focus 2,Instrumental,5
3102,2025-01-09,M15,Amapiano Vibes,Amapiano/Afrobeat,5
3102,2025-01-09,M16,Gengetone Hit,Amapiano/Afrobeat,4
3103,2025-04-16,M06,Rain Sounds,Ambient/Sleep,10
3103,2025-04-16,M07,Deep Sleep,Ambient/Sleep,12
3104,2025-05-16,M13,Hip Hop Anthem,Hip-Hop,3
3104,2025-05-16,M14,Street Beats,Hip-Hop,3
3105,2025-05-21,M01,Workout Anthem,Fitness/EDM,3
3105,2025-05-21,M02,Pump It Up,Fitness/EDM,3
3105,2025-05-21,M03,Cardio Beats,Fitness/EDM,4
3106,2025-05-12,M13,Hip Hop Anthem,Hip-Hop,3
3106,2025-05-12,M14,Street Beats,Hip-Hop,3
3107,2025-01-16,M11,Heartbreak Ballad,R&B,4
3107,2025-01-16,M12,Love Story,R&B,4
3108,2025-05-15,M07,Deep Sleep,Ambient/Sleep,12
3108,2025-05-15,M13,Hip Hop Anthem,Hip-Hop,3
3108,2025-05-15,M04,Study Focus 1,Instrumental,6
3108,2025-05-15,M09,Sunday Worship 2,Gospel,5
3109,2025-01-22,M13,Hip Hop Anthem,Hip-Hop,3
3109,2025-01-22,M14,Street Beats,Hip-Hop,3
3109,2025-01-22,M15,Amapiano Vibes,Amapiano/Afrobeat,5
3109,2025-01-22,M02,Pump It Up,Fitness/EDM,3
3110,2025-05-02,M06,Rain Sounds,Ambient/Sleep,10
3110,2025-05-02,M07,Deep Sleep,Ambient/Sleep,12
3111,2025-01-15,M08,Sunday Worship 1,Gospel,5
3111,2025-01-15,M09,Sunday Worship 2,Gospel,5
3111,2025-01-15,M10,Praise Medley,Gospel,7
3112,2025-03-14,M04,Study Focus 1,Instrumental,6
3112,2025-03-14,M05,Study Focus 2,Instrumental,5
3112,2025-03-14,M06,Rain Sounds,Ambient/Sleep,10
3113,2025-02-08,M15,Amapiano Vibes,Amapiano/Afrobeat,5
3113,2025-02-08,M16,Gengetone Hit,Amapiano/Afrobeat,4
3114,2025-02-19,M01,Workout Anthem,Fitness/EDM,3
3114,2025-02-19,M02,Pump It Up,Fitness/EDM,3
3115,2025-05-05,M01,Workout Anthem,Fitness/EDM,3
3115,2025-05-05,M10,Praise Medley,Gospel,7
3115,2025-05-05,M05,Study Focus 2,Instrumental,5
3116,2025-03-23,M04,Study Focus 1,Instrumental,6
3116,2025-03-23,M05,Study Focus 2,Instrumental,5
3116,2025-03-23,M06,Rain Sounds,Ambient/Sleep,10
3116,2025-03-23,M07,Deep Sleep,Ambient/Sleep,12
3117,2025-01-30,M08,Sunday Worship 1,Gospel,5
3117,2025-01-30,M09,Sunday Worship 2,Gospel,5
3118,2025-06-09,M03,Cardio Beats,Fitness/EDM,4
3118,2025-06-09,M12,Love Story,R&B,4
3118,2025-06-09,M15,Amapiano Vibes,Amapiano/Afrobeat,5
3119,2025-02-01,M08,Sunday Worship 1,Gospel,5
3119,2025-02-01,M09,Sunday Worship 2,Gospel,5
3120,2025-01-12,M01,Workout Anthem,Fitness/EDM,3
3120,2025-01-12,M02,Pump It Up,Fitness/EDM,3
3121,2025-02-05,M12,Love Story,R&B,4
3121,2025-02-05,M01,Workout Anthem,Fitness/EDM,3
3122,2025-03-16,M06,Rain Sounds,Ambient/Sleep,10
3122,2025-03-16,M07,Deep Sleep,Ambient/Sleep,12
3123,2025-02-11,M08,Sunday Worship 1,Gospel,5
3123,2025-02-11,M09,Sunday Worship 2,Gospel,5
3124,2025-05-17,M11,Heartbreak Ballad,R&B,4
3124,2025-05-17,M15,Amapiano Vibes,Amapiano/Afrobeat,5
3124,2025-05-17,M09,Sunday Worship 2,Gospel,5
3124,2025-05-17,M08,Sunday Worship 1,Gospel,5
3125,2025-06-16,M15,Amapiano Vibes,Amapiano/Afrobeat,5
3125,2025-06-16,M16,Gengetone Hit,Amapiano/Afrobeat,4
3126,2025-05-04,M11,Heartbreak Ballad,R&B,4
3126,2025-05-04,M12,Love Story,R&B,4
3127,2025-03-21,M04,Study Focus 1,Instrumental,6
3127,2025-03-21,M05,Study Focus 2,Instrumental,5
3128,2025-04-30,M12,Love Story,R&B,4
3129,2025-03-10,M08,Sunday Worship 1,Gospel,5
3129,2025-03-10,M09,Sunday Worship 2,Gospel,5
3129,2025-03-10,M10,Praise Medley,Gospel,7
3130,2025-05-29,M15,Amapiano Vibes,Amapiano/Afrobeat,5
3130,2025-05-29,M05,Study Focus 2,Instrumental,5
3130,2025-05-29,M09,Sunday Worship 2,Gospel,5
3130,2025-05-29,M10,Praise Medley,Gospel,7
3131,2025-06-12,M04,Study Focus 1,Instrumental,6
3131,2025-06-12,M05,Study Focus 2,Instrumental,5
3132,2025-01-04,M14,Street Beats,Hip-Hop,3
3132,2025-01-04,M06,Rain Sounds,Ambient/Sleep,10
3133,2025-05-26,M09,Sunday Worship 2,Gospel,5
3133,2025-05-26,M06,Rain Sounds,Ambient/Sleep,10
3133,2025-05-26,M07,Deep Sleep,Ambient/Sleep,12
3133,2025-05-26,M10,Praise Medley,Gospel,7
3134,2025-01-19,M13,Hip Hop Anthem,Hip-Hop,3
3134,2025-01-19,M03,Cardio Beats,Fitness/EDM,4
3134,2025-01-19,M15,Amapiano Vibes,Amapiano/Afrobeat,5
3134,2025-01-19,M09,Sunday Worship 2,Gospel,5
3135,2025-04-22,M01,Workout Anthem,Fitness/EDM,3
3135,2025-04-22,M02,Pump It Up,Fitness/EDM,3
3135,2025-04-22,M03,Cardio Beats,Fitness/EDM,4
3136,2025-02-27,M15,Amapiano Vibes,Amapiano/Afrobeat,5
3136,2025-02-27,M16,Gengetone Hit,Amapiano/Afrobeat,4
3137,2025-01-27,M08,Sunday Worship 1,Gospel,5
3137,2025-01-27,M09,Sunday Worship 2,Gospel,5
3137,2025-01-27,M10,Praise Medley,Gospel,7
3138,2025-03-17,M08,Sunday Worship 1,Gospel,5
3138,2025-03-17,M01,Workout Anthem,Fitness/EDM,3
3139,2025-06-18,M02,Pump It Up,Fitness/EDM,3
3139,2025-06-18,M13,Hip Hop Anthem,Hip-Hop,3
3140,2025-04-18,M01,Workout Anthem,Fitness/EDM,3
3140,2025-04-18,M02,Pump It Up,Fitness/EDM,3
3141,2025-02-20,M01,Workout Anthem,Fitness/EDM,3
3141,2025-02-20,M02,Pump It Up,Fitness/EDM,3
3141,2025-02-20,M09,Sunday Worship 2,Gospel,5
3142,2025-02-05,M15,Amapiano Vibes,Amapiano/Afrobeat,5
3142,2025-02-05,M16,Gengetone Hit,Amapiano/Afrobeat,4
3143,2025-04-13,M04,Study Focus 1,Instrumental,6
3143,2025-04-13,M05,Study Focus 2,Instrumental,5
3144,2025-01-02,M06,Rain Sounds,Ambient/Sleep,10
3144,2025-01-02,M05,Study Focus 2,Instrumental,5
3145,2025-03-16,M01,Workout Anthem,Fitness/EDM,3
3145,2025-03-16,M02,Pump It Up,Fitness/EDM,3
3145,2025-03-16,M16,Gengetone Hit,Amapiano/Afrobeat,4
3146,2025-03-25,M15,Amapiano Vibes,Amapiano/Afrobeat,5
3146,2025-03-25,M14,Street Beats,Hip-Hop,3
3146,2025-03-25,M09,Sunday Worship 2,Gospel,5
3146,2025-03-25,M04,Study Focus 1,Instrumental,6
3147,2025-05-10,M11,Heartbreak Ballad,R&B,4
3147,2025-05-10,M12,Love Story,R&B,4
3148,2025-01-09,M01,Workout Anthem,Fitness/EDM,3
3148,2025-01-09,M09,Sunday Worship 2,Gospel,5
3149,2025-01-19,M09,Sunday Worship 2,Gospel,5
3149,2025-01-19,M13,Hip Hop Anthem,Hip-Hop,3
3149,2025-01-19,M10,Praise Medley,Gospel,7
3150,2025-06-11,M02,Pump It Up,Fitness/EDM,3
3150,2025-06-11,M06,Rain Sounds,Ambient/Sleep,10
3151,2025-05-28,M13,Hip Hop Anthem,Hip-Hop,3
3151,2025-05-28,M14,Street Beats,Hip-Hop,3
3152,2025-02-20,M13,Hip Hop Anthem,Hip-Hop,3
3152,2025-02-20,M14,Street Beats,Hip-Hop,3
3153,2025-06-13,M13,Hip Hop Anthem,Hip-Hop,3
3153,2025-06-13,M14,Street Beats,Hip-Hop,3
3154,2025-05-06,M05,Study Focus 2,Instrumental,5
3154,2025-05-06,M04,Study Focus 1,Instrumental,6
3154,2025-05-06,M15,Amapiano Vibes,Amapiano/Afrobeat,5
3155,2025-01-11,M08,Sunday Worship 1,Gospel,5
3155,2025-01-11,M09,Sunday Worship 2,Gospel,5
3156,2025-03-30,M15,Amapiano Vibes,Amapiano/Afrobeat,5
3156,2025-03-30,M16,Gengetone Hit,Amapiano/Afrobeat,4
3157,2025-05-04,M06,Rain Sounds,Ambient/Sleep,10
3158,2025-02-02,M15,Amapiano Vibes,Amapiano/Afrobeat,5
3158,2025-02-02,M16,Gengetone Hit,Amapiano/Afrobeat,4
3159,2025-02-26,M06,Rain Sounds,Ambient/Sleep,10
3159,2025-02-26,M07,Deep Sleep,Ambient/Sleep,12
3159,2025-02-26,M01,Workout Anthem,Fitness/EDM,3
3160,2025-03-02,M12,Love Story,R&B,4
3161,2025-04-08,M15,Amapiano Vibes,Amapiano/Afrobeat,5
3162,2025-01-31,M11,Heartbreak Ballad,R&B,4
3163,2025-05-05,M08,Sunday Worship 1,Gospel,5
3163,2025-05-05,M09,Sunday Worship 2,Gospel,5
3163,2025-05-05,M10,Praise Medley,Gospel,7
3164,2025-02-23,M11,Heartbreak Ballad,R&B,4
3164,2025-02-23,M12,Love Story,R&B,4
3164,2025-02-23,M08,Sunday Worship 1,Gospel,5
3165,2025-05-25,M08,Sunday Worship 1,Gospel,5
3165,2025-05-25,M14,Street Beats,Hip-Hop,3
3165,2025-05-25,M01,Workout Anthem,Fitness/EDM,3
3166,2025-03-13,M15,Amapiano Vibes,Amapiano/Afrobeat,5
3167,2025-04-17,M13,Hip Hop Anthem,Hip-Hop,3
3168,2025-05-18,M11,Heartbreak Ballad,R&B,4
3168,2025-05-18,M12,Love Story,R&B,4
3169,2025-03-13,M15,Amapiano Vibes,Amapiano/Afrobeat,5
3169,2025-03-13,M16,Gengetone Hit,Amapiano/Afrobeat,4
3170,2025-05-04,M06,Rain Sounds,Ambient/Sleep,10
3170,2025-05-04,M07,Deep Sleep,Ambient/Sleep,12
3170,2025-05-04,M11,Heartbreak Ballad,R&B,4
3171,2025-06-19,M02,Pump It Up,Fitness/EDM,3
3171,2025-06-19,M06,Rain Sounds,Ambient/Sleep,10
3171,2025-06-19,M01,Workout Anthem,Fitness/EDM,3
3172,2025-02-19,M09,Sunday Worship 2,Gospel,5
3173,2025-06-21,M12,Love Story,R&B,4
3174,2025-04-13,M11,Heartbreak Ballad,R&B,4
3174,2025-04-13,M12,Love Story,R&B,4
3175,2025-05-18,M08,Sunday Worship 1,Gospel,5
3175,2025-05-18,M09,Sunday Worship 2,Gospel,5
3176,2025-05-03,M15,Amapiano Vibes,Amapiano/Afrobeat,5
3176,2025-05-03,M16,Gengetone Hit,Amapiano/Afrobeat,4
3177,2025-06-09,M11,Heartbreak Ballad,R&B,4
3177,2025-06-09,M12,Love Story,R&B,4
3178,2025-02-27,M11,Heartbreak Ballad,R&B,4
3178,2025-02-27,M12,Love Story,R&B,4
3179,2025-01-18,M05,Study Focus 2,Instrumental,5
3179,2025-01-18,M03,Cardio Beats,Fitness/EDM,4
3180,2025-02-20,M05,Study Focus 2,Instrumental,5
3180,2025-02-20,M13,Hip Hop Anthem,Hip-Hop,3
3181,2025-03-24,M09,Sunday Worship 2,Gospel,5
3181,2025-03-24,M15,Amapiano Vibes,Amapiano/Afrobeat,5
3182,2025-03-26,M03,Cardio Beats,Fitness/EDM,4
3182,2025-03-26,M04,Study Focus 1,Instrumental,6
3183,2025-03-01,M12,Love Story,R&B,4
3183,2025-03-01,M15,Amapiano Vibes,Amapiano/Afrobeat,5
3183,2025-03-01,M07,Deep Sleep,Ambient/Sleep,12
3184,2025-01-04,M06,Rain Sounds,Ambient/Sleep,10
3184,2025-01-04,M07,Deep Sleep,Ambient/Sleep,12
3185,2025-04-10,M04,Study Focus 1,Instrumental,6
3185,2025-04-10,M05,Study Focus 2,Instrumental,5
3186,2025-02-14,M15,Amapiano Vibes,Amapiano/Afrobeat,5
3186,2025-02-14,M06,Rain Sounds,Ambient/Sleep,10
3186,2025-02-14,M12,Love Story,R&B,4
3186,2025-02-14,M02,Pump It Up,Fitness/EDM,3
3187,2025-01-14,M06,Rain Sounds,Ambient/Sleep,10
3187,2025-01-14,M07,Deep Sleep,Ambient/Sleep,12
3188,2025-02-20,M01,Workout Anthem,Fitness/EDM,3
3188,2025-02-20,M02,Pump It Up,Fitness/EDM,3
3189,2025-02-28,M15,Amapiano Vibes,Amapiano/Afrobeat,5
3189,2025-02-28,M16,Gengetone Hit,Amapiano/Afrobeat,4
3190,2025-02-06,M15,Amapiano Vibes,Amapiano/Afrobeat,5
3190,2025-02-06,M16,Gengetone Hit,Amapiano/Afrobeat,4
3191,2025-05-01,M11,Heartbreak Ballad,R&B,4
3191,2025-05-01,M12,Love Story,R&B,4
3192,2025-06-30,M07,Deep Sleep,Ambient/Sleep,12
3193,2025-05-02,M15,Amapiano Vibes,Amapiano/Afrobeat,5
3193,2025-05-02,M16,Gengetone Hit,Amapiano/Afrobeat,4
3194,2025-01-02,M01,Workout Anthem,Fitness/EDM,3
3194,2025-01-02,M02,Pump It Up,Fitness/EDM,3
3195,2025-01-04,M16,Gengetone Hit,Amapiano/Afrobeat,4
3195,2025-01-04,M03,Cardio Beats,Fitness/EDM,4
3196,2025-05-03,M04,Study Focus 1,Instrumental,6
3196,2025-05-03,M05,Study Focus 2,Instrumental,5
3196,2025-05-03,M08,Sunday Worship 1,Gospel,5
3197,2025-04-03,M04,Study Focus 1,Instrumental,6
3197,2025-04-03,M05,Study Focus 2,Instrumental,5
3198,2025-06-23,M13,Hip Hop Anthem,Hip-Hop,3
3198,2025-06-23,M16,Gengetone Hit,Amapiano/Afrobeat,4
3198,2025-06-23,M01,Workout Anthem,Fitness/EDM,3
3198,2025-06-23,M05,Study Focus 2,Instrumental,5
3199,2025-02-19,M11,Heartbreak Ballad,R&B,4
3199,2025-02-19,M12,Love Story,R&B,4
3200,2025-06-25,M11,Heartbreak Ballad,R&B,4
3201,2025-05-21,M06,Rain Sounds,Ambient/Sleep,10
3201,2025-05-21,M07,Deep Sleep,Ambient/Sleep,12
3202,2025-03-27,M04,Study Focus 1,Instrumental,6
3202,2025-03-27,M05,Study Focus 2,Instrumental,5
3203,2025-05-25,M08,Sunday Worship 1,Gospel,5
3204,2025-06-26,M04,Study Focus 1,Instrumental,6
3204,2025-06-26,M02,Pump It Up,Fitness/EDM,3
3204,2025-06-26,M01,Workout Anthem,Fitness/EDM,3
3204,2025-06-26,M10,Praise Medley,Gospel,7
3205,2025-02-18,M15,Amapiano Vibes,Amapiano/Afrobeat,5
3205,2025-02-18,M16,Gengetone Hit,Amapiano/Afrobeat,4
3206,2025-06-26,M06,Rain Sounds,Ambient/Sleep,10
3206,2025-06-26,M07,Deep Sleep,Ambient/Sleep,12
3207,2025-01-25,M13,Hip Hop Anthem,Hip-Hop,3
3207,2025-01-25,M14,Street Beats,Hip-Hop,3
3208,2025-02-07,M06,Rain Sounds,Ambient/Sleep,10
3208,2025-02-07,M07,Deep Sleep,Ambient/Sleep,12
3209,2025-02-25,M01,Workout Anthem,Fitness/EDM,3
3209,2025-02-25,M02,Pump It Up,Fitness/EDM,3
3210,2025-01-31,M04,Study Focus 1,Instrumental,6
3210,2025-01-31,M02,Pump It Up,Fitness/EDM,3
3210,2025-01-31,M08,Sunday Worship 1,Gospel,5
3211,2025-04-27,M08,Sunday Worship 1,Gospel,5
3211,2025-04-27,M09,Sunday Worship 2,Gospel,5
3212,2025-05-09,M03,Cardio Beats,Fitness/EDM,4
3213,2025-02-11,M11,Heartbreak Ballad,R&B,4
3214,2025-02-20,M15,Amapiano Vibes,Amapiano/Afrobeat,5
3214,2025-02-20,M16,Gengetone Hit,Amapiano/Afrobeat,4
3215,2025-01-18,M03,Cardio Beats,Fitness/EDM,4
3215,2025-01-18,M08,Sunday Worship 1,Gospel,5
3215,2025-01-18,M16,Gengetone Hit,Amapiano/Afrobeat,4
3215,2025-01-18,M05,Study Focus 2,Instrumental,5
3216,2025-03-27,M01,Workout Anthem,Fitness/EDM,3
3216,2025-03-27,M03,Cardio Beats,Fitness/EDM,4
3216,2025-03-27,M05,Study Focus 2,Instrumental,5
3216,2025-03-27,M10,Praise Medley,Gospel,7
3217,2025-05-22,M04,Study Focus 1,Instrumental,6
3218,2025-03-31,M11,Heartbreak Ballad,R&B,4
3218,2025-03-31,M12,Love Story,R&B,4
3219,2025-01-04,M05,Study Focus 2,Instrumental,5
3219,2025-01-04,M16,Gengetone Hit,Amapiano/Afrobeat,4
3219,2025-01-04,M03,Cardio Beats,Fitness/EDM,4
3219,2025-01-04,M09,Sunday Worship 2,Gospel,5
3220,2025-01-29,M06,Rain Sounds,Ambient/Sleep,10
3220,2025-01-29,M07,Deep Sleep,Ambient/Sleep,12
3221,2025-04-20,M13,Hip Hop Anthem,Hip-Hop,3
3221,2025-04-20,M14,Street Beats,Hip-Hop,3
3222,2025-04-16,M08,Sunday Worship 1,Gospel,5
3222,2025-04-16,M09,Sunday Worship 2,Gospel,5
3222,2025-04-16,M15,Amapiano Vibes,Amapiano/Afrobeat,5
3223,2025-06-24,M03,Cardio Beats,Fitness/EDM,4
3224,2025-02-17,M04,Study Focus 1,Instrumental,6
3224,2025-02-17,M05,Study Focus 2,Instrumental,5
3225,2025-02-22,M11,Heartbreak Ballad,R&B,4
3225,2025-02-22,M12,Love Story,R&B,4
3226,2025-02-09,M11,Heartbreak Ballad,R&B,4
3226,2025-02-09,M12,Love Story,R&B,4
3227,2025-02-08,M01,Workout Anthem,Fitness/EDM,3
3227,2025-02-08,M02,Pump It Up,Fitness/EDM,3
3228,2025-02-15,M15,Amapiano Vibes,Amapiano/Afrobeat,5
3228,2025-02-15,M16,Gengetone Hit,Amapiano/Afrobeat,4
3229,2025-06-19,M05,Study Focus 2,Instrumental,5
3229,2025-06-19,M16,Gengetone Hit,Amapiano/Afrobeat,4
3229,2025-06-19,M03,Cardio Beats,Fitness/EDM,4
3229,2025-06-19,M08,Sunday Worship 1,Gospel,5
3230,2025-03-18,M11,Heartbreak Ballad,R&B,4
3230,2025-03-18,M12,Love Story,R&B,4
3231,2025-02-07,M04,Study Focus 1,Instrumental,6
3231,2025-02-07,M08,Sunday Worship 1,Gospel,5
3231,2025-02-07,M15,Amapiano Vibes,Amapiano/Afrobeat,5
3232,2025-01-20,M04,Study Focus 1,Instrumental,6
3232,2025-01-20,M05,Study Focus 2,Instrumental,5
3232,2025-01-20,M06,Rain Sounds,Ambient/Sleep,10
3233,2025-06-20,M06,Rain Sounds,Ambient/Sleep,10
3233,2025-06-20,M07,Deep Sleep,Ambient/Sleep,12
3234,2025-05-14,M04,Study Focus 1,Instrumental,6
3234,2025-05-14,M05,Study Focus 2,Instrumental,5
3235,2025-03-12,M01,Workout Anthem,Fitness/EDM,3
3236,2025-04-20,M08,Sunday Worship 1,Gospel,5
3236,2025-04-20,M16,Gengetone Hit,Amapiano/Afrobeat,4
3236,2025-04-20,M02,Pump It Up,Fitness/EDM,3
3236,2025-04-20,M07,Deep Sleep,Ambient/Sleep,12
3237,2025-01-15,M01,Workout Anthem,Fitness/EDM,3
3237,2025-01-15,M02,Pump It Up,Fitness/EDM,3
3237,2025-01-15,M03,Cardio Beats,Fitness/EDM,4
3238,2025-03-10,M08,Sunday Worship 1,Gospel,5
3238,2025-03-10,M14,Street Beats,Hip-Hop,3
3238,2025-03-10,M06,Rain Sounds,Ambient/Sleep,10
3238,2025-03-10,M04,Study Focus 1,Instrumental,6
3239,2025-03-15,M01,Workout Anthem,Fitness/EDM,3
3239,2025-03-15,M02,Pump It Up,Fitness/EDM,3
3240,2025-04-01,M01,Workout Anthem,Fitness/EDM,3
3241,2025-03-24,M15,Amapiano Vibes,Amapiano/Afrobeat,5
3241,2025-03-24,M16,Gengetone Hit,Amapiano/Afrobeat,4
3242,2025-03-18,M13,Hip Hop Anthem,Hip-Hop,3
3242,2025-03-18,M14,Street Beats,Hip-Hop,3
3242,2025-03-18,M15,Amapiano Vibes,Amapiano/Afrobeat,5
3242,2025-03-18,M09,Sunday Worship 2,Gospel,5
3243,2025-04-03,M08,Sunday Worship 1,Gospel,5
3244,2025-03-16,M08,Sunday Worship 1,Gospel,5
3244,2025-03-16,M09,Sunday Worship 2,Gospel,5
3245,2025-03-26,M02,Pump It Up,Fitness/EDM,3
3245,2025-03-26,M10,Praise Medley,Gospel,7
3245,2025-03-26,M11,Heartbreak Ballad,R&B,4
3246,2025-02-01,M06,Rain Sounds,Ambient/Sleep,10
3246,2025-02-01,M01,Workout Anthem,Fitness/EDM,3
3246,2025-02-01,M13,Hip Hop Anthem,Hip-Hop,3
3247,2025-01-23,M11,Heartbreak Ballad,R&B,4
3247,2025-01-23,M12,Love Story,R&B,4
3248,2025-03-18,M15,Amapiano Vibes,Amapiano/Afrobeat,5
3248,2025-03-18,M16,Gengetone Hit,Amapiano/Afrobeat,4
3249,2025-06-05,M06,Rain Sounds,Ambient/Sleep,10
3250,2025-02-28,M06,Rain Sounds,Ambient/Sleep,10
3250,2025-02-28,M07,Deep Sleep,Ambient/Sleep,12
3251,2025-03-21,M08,Sunday Worship 1,Gospel,5
3251,2025-03-21,M09,Sunday Worship 2,Gospel,5
3251,2025-03-21,M10,Praise Medley,Gospel,7
3252,2025-06-12,M08,Sunday Worship 1,Gospel,5
3252,2025-06-12,M09,Sunday Worship 2,Gospel,5
3253,2025-03-24,M06,Rain Sounds,Ambient/Sleep,10
3253,2025-03-24,M07,Deep Sleep,Ambient/Sleep,12
3254,2025-05-23,M04,Study Focus 1,Instrumental,6
3254,2025-05-23,M05,Study Focus 2,Instrumental,5
3254,2025-05-23,M06,Rain Sounds,Ambient/Sleep,10
3255,2025-06-05,M02,Pump It Up,Fitness/EDM,3
3255,2025-06-05,M07,Deep Sleep,Ambient/Sleep,12
3255,2025-06-05,M10,Praise Medley,Gospel,7
3256,2025-03-25,M11,Heartbreak Ballad,R&B,4
3256,2025-03-25,M12,Love Story,R&B,4
3256,2025-03-25,M14,Street Beats,Hip-Hop,3
3256,2025-03-25,M09,Sunday Worship 2,Gospel,5
3257,2025-04-13,M11,Heartbreak Ballad,R&B,4
3257,2025-04-13,M12,Love Story,R&B,4
3258,2025-05-19,M08,Sunday Worship 1,Gospel,5
3258,2025-05-19,M09,Sunday Worship 2,Gospel,5
3258,2025-05-19,M10,Praise Medley,Gospel,7
3259,2025-04-30,M16,Gengetone Hit,Amapiano/Afrobeat,4
3259,2025-04-30,M09,Sunday Worship 2,Gospel,5
3259,2025-04-30,M01,Workout Anthem,Fitness/EDM,3
3260,2025-06-07,M04,Study Focus 1,Instrumental,6
3260,2025-06-07,M05,Study Focus 2,Instrumental,5
3260,2025-06-07,M06,Rain Sounds,Ambient/Sleep,10
3261,2025-06-01,M13,Hip Hop Anthem,Hip-Hop,3
3261,2025-06-01,M14,Street Beats,Hip-Hop,3
3262,2025-02-13,M11,Heartbreak Ballad,R&B,4
3262,2025-02-13,M12,Love Story,R&B,4
3263,2025-04-16,M04,Study Focus 1,Instrumental,6
3263,2025-04-16,M05,Study Focus 2,Instrumental,5
3264,2025-06-13,M04,Study Focus 1,Instrumental,6
3264,2025-06-13,M05,Study Focus 2,Instrumental,5
3265,2025-06-25,M08,Sunday Worship 1,Gospel,5
3265,2025-06-25,M09,Sunday Worship 2,Gospel,5
3266,2025-06-12,M01,Workout Anthem,Fitness/EDM,3
3267,2025-06-26,M11,Heartbreak Ballad,R&B,4
3267,2025-06-26,M12,Love Story,R&B,4
3268,2025-06-15,M08,Sunday Worship 1,Gospel,5
3268,2025-06-15,M09,Sunday Worship 2,Gospel,5
3268,2025-06-15,M10,Praise Medley,Gospel,7
3268,2025-06-15,M16,Gengetone Hit,Amapiano/Afrobeat,4
3269,2025-01-21,M08,Sunday Worship 1,Gospel,5
3269,2025-01-21,M09,Sunday Worship 2,Gospel,5
3269,2025-01-21,M10,Praise Medley,Gospel,7
3270,2025-01-18,M15,Amapiano Vibes,Amapiano/Afrobeat,5
3270,2025-01-18,M16,Gengetone Hit,Amapiano/Afrobeat,4
3271,2025-06-09,M13,Hip Hop Anthem,Hip-Hop,3
3271,2025-06-09,M14,Street Beats,Hip-Hop,3
3272,2025-06-13,M02,Pump It Up,Fitness/EDM,3
3272,2025-06-13,M03,Cardio Beats,Fitness/EDM,4
3272,2025-06-13,M01,Workout Anthem,Fitness/EDM,3
3273,2025-06-21,M09,Sunday Worship 2,Gospel,5
3273,2025-06-21,M14,Street Beats,Hip-Hop,3
3273,2025-06-21,M02,Pump It Up,Fitness/EDM,3
3273,2025-06-21,M13,Hip Hop Anthem,Hip-Hop,3
3274,2025-06-28,M15,Amapiano Vibes,Amapiano/Afrobeat,5
3274,2025-06-28,M16,Gengetone Hit,Amapiano/Afrobeat,4
3275,2025-03-30,M07,Deep Sleep,Ambient/Sleep,12
3275,2025-03-30,M13,Hip Hop Anthem,Hip-Hop,3
3275,2025-03-30,M15,Amapiano Vibes,Amapiano/Afrobeat,5
3276,2025-04-22,M06,Rain Sounds,Ambient/Sleep,10
3276,2025-04-22,M07,Deep Sleep,Ambient/Sleep,12
3277,2025-01-25,M11,Heartbreak Ballad,R&B,4
3277,2025-01-25,M12,Love Story,R&B,4
3278,2025-06-08,M11,Heartbreak Ballad,R&B,4
3278,2025-06-08,M12,Love Story,R&B,4
3279,2025-01-23,M15,Amapiano Vibes,Amapiano/Afrobeat,5
3279,2025-01-23,M16,Gengetone Hit,Amapiano/Afrobeat,4
3280,2025-02-02,M10,Praise Medley,Gospel,7
3281,2025-01-16,M14,Street Beats,Hip-Hop,3
3281,2025-01-16,M02,Pump It Up,Fitness/EDM,3
3282,2025-05-25,M01,Workout Anthem,Fitness/EDM,3
3282,2025-05-25,M02,Pump It Up,Fitness/EDM,3
3282,2025-05-25,M03,Cardio Beats,Fitness/EDM,4
3283,2025-01-06,M11,Heartbreak Ballad,R&B,4
3283,2025-01-06,M12,Love Story,R&B,4
3284,2025-01-02,M04,Study Focus 1,Instrumental,6
3284,2025-01-02,M05,Study Focus 2,Instrumental,5
3284,2025-01-02,M06,Rain Sounds,Ambient/Sleep,10
3285,2025-05-26,M01,Workout Anthem,Fitness/EDM,3
3285,2025-05-26,M02,Pump It Up,Fitness/EDM,3
3286,2025-03-23,M08,Sunday Worship 1,Gospel,5
3286,2025-03-23,M10,Praise Medley,Gospel,7
3286,2025-03-23,M04,Study Focus 1,Instrumental,6
3286,2025-03-23,M13,Hip Hop Anthem,Hip-Hop,3
3287,2025-04-02,M15,Amapiano Vibes,Amapiano/Afrobeat,5
3287,2025-04-02,M16,Gengetone Hit,Amapiano/Afrobeat,4
3288,2025-05-23,M16,Gengetone Hit,Amapiano/Afrobeat,4
3288,2025-05-23,M05,Study Focus 2,Instrumental,5
3289,2025-06-20,M03,Cardio Beats,Fitness/EDM,4
3289,2025-06-20,M01,Workout Anthem,Fitness/EDM,3
3289,2025-06-20,M09,Sunday Worship 2,Gospel,5
3290,2025-04-30,M06,Rain Sounds,Ambient/Sleep,10
3290,2025-04-30,M11,Heartbreak Ballad,R&B,4
3291,2025-02-27,M11,Heartbreak Ballad,R&B,4
3291,2025-02-27,M12,Love Story,R&B,4
3292,2025-04-09,M08,Sunday Worship 1,Gospel,5
3293,2025-02-23,M08,Sunday Worship 1,Gospel,5
3293,2025-02-23,M13,Hip Hop Anthem,Hip-Hop,3
3293,2025-02-23,M01,Workout Anthem,Fitness/EDM,3
3294,2025-05-23,M07,Deep Sleep,Ambient/Sleep,12
3294,2025-05-23,M09,Sunday Worship 2,Gospel,5
3294,2025-05-23,M01,Workout Anthem,Fitness/EDM,3
3295,2025-03-31,M04,Study Focus 1,Instrumental,6
3295,2025-03-31,M05,Study Focus 2,Instrumental,5
3296,2025-04-28,M13,Hip Hop Anthem,Hip-Hop,3
3296,2025-04-28,M14,Street Beats,Hip-Hop,3
3296,2025-04-28,M04,Study Focus 1,Instrumental,6
3297,2025-03-23,M02,Pump It Up,Fitness/EDM,3
3297,2025-03-23,M12,Love Story,R&B,4
3297,2025-03-23,M07,Deep Sleep,Ambient/Sleep,12
3297,2025-03-23,M06,Rain Sounds,Ambient/Sleep,10
3298,2025-01-18,M13,Hip Hop Anthem,Hip-Hop,3
3298,2025-01-18,M14,Street Beats,Hip-Hop,3
3298,2025-01-18,M15,Amapiano Vibes,Amapiano/Afrobeat,5
3299,2025-03-20,M15,Amapiano Vibes,Amapiano/Afrobeat,5
3299,2025-03-20,M16,Gengetone Hit,Amapiano/Afrobeat,4
3300,2025-02-21,M15,Amapiano Vibes,Amapiano/Afrobeat,5
3300,2025-02-21,M16,Gengetone Hit,Amapiano/Afrobeat,4
3301,2025-02-05,M06,Rain Sounds,Ambient/Sleep,10
3301,2025-02-05,M07,Deep Sleep,Ambient/Sleep,12
3301,2025-02-05,M11,Heartbreak Ballad,R&B,4
3302,2025-04-04,M11,Heartbreak Ballad,R&B,4
3302,2025-04-04,M12,Love Story,R&B,4
3303,2025-03-03,M15,Amapiano Vibes,Amapiano/Afrobeat,5
3303,2025-03-03,M16,Gengetone Hit,Amapiano/Afrobeat,4
3304,2025-06-15,M08,Sunday Worship 1,Gospel,5
3304,2025-06-15,M07,Deep Sleep,Ambient/Sleep,12
3304,2025-06-15,M11,Heartbreak Ballad,R&B,4
3305,2025-01-05,M11,Heartbreak Ballad,R&B,4
3305,2025-01-05,M12,Love Story,R&B,4
3306,2025-05-27,M01,Workout Anthem,Fitness/EDM,3
3306,2025-05-27,M02,Pump It Up,Fitness/EDM,3
3307,2025-02-09,M01,Workout Anthem,Fitness/EDM,3
3307,2025-02-09,M10,Praise Medley,Gospel,7
3308,2025-04-08,M08,Sunday Worship 1,Gospel,5
3308,2025-04-08,M09,Sunday Worship 2,Gospel,5
3308,2025-04-08,M10,Praise Medley,Gospel,7
3309,2025-01-25,M11,Heartbreak Ballad,R&B,4
3309,2025-01-25,M12,Love Story,R&B,4
3310,2025-06-07,M15,Amapiano Vibes,Amapiano/Afrobeat,5
3310,2025-06-07,M16,Gengetone Hit,Amapiano/Afrobeat,4
3311,2025-05-30,M12,Love Story,R&B,4
3311,2025-05-30,M01,Workout Anthem,Fitness/EDM,3
3312,2025-01-17,M04,Study Focus 1,Instrumental,6
3312,2025-01-17,M05,Study Focus 2,Instrumental,5
3312,2025-01-17,M06,Rain Sounds,Ambient/Sleep,10
3313,2025-03-09,M11,Heartbreak Ballad,R&B,4
3313,2025-03-09,M12,Love Story,R&B,4
3314,2025-03-31,M06,Rain Sounds,Ambient/Sleep,10
3314,2025-03-31,M07,Deep Sleep,Ambient/Sleep,12
3314,2025-03-31,M02,Pump It Up,Fitness/EDM,3
3315,2025-01-27,M07,Deep Sleep,Ambient/Sleep,12
3315,2025-01-27,M08,Sunday Worship 1,Gospel,5
3315,2025-01-27,M10,Praise Medley,Gospel,7
3315,2025-01-27,M14,Street Beats,Hip-Hop,3
3316,2025-01-14,M04,Study Focus 1,Instrumental,6
3316,2025-01-14,M05,Study Focus 2,Instrumental,5
3317,2025-03-16,M13,Hip Hop Anthem,Hip-Hop,3
3317,2025-03-16,M01,Workout Anthem,Fitness/EDM,3
3318,2025-01-20,M01,Workout Anthem,Fitness/EDM,3
3318,2025-01-20,M15,Amapiano Vibes,Amapiano/Afrobeat,5
3318,2025-01-20,M04,Study Focus 1,Instrumental,6
3319,2025-06-29,M06,Rain Sounds,Ambient/Sleep,10
3319,2025-06-29,M07,Deep Sleep,Ambient/Sleep,12
3320,2025-06-13,M01,Workout Anthem,Fitness/EDM,3
3320,2025-06-13,M02,Pump It Up,Fitness/EDM,3
3321,2025-06-09,M04,Study Focus 1,Instrumental,6
3321,2025-06-09,M05,Study Focus 2,Instrumental,5
3321,2025-06-09,M06,Rain Sounds,Ambient/Sleep,10
3321,2025-06-09,M03,Cardio Beats,Fitness/EDM,4
3322,2025-03-22,M08,Sunday Worship 1,Gospel,5
3322,2025-03-22,M09,Sunday Worship 2,Gospel,5
3323,2025-05-29,M11,Heartbreak Ballad,R&B,4
3323,2025-05-29,M12,Love Story,R&B,4
3324,2025-05-27,M04,Study Focus 1,Instrumental,6
3324,2025-05-27,M05,Study Focus 2,Instrumental,5
3325,2025-01-02,M06,Rain Sounds,Ambient/Sleep,10
3325,2025-01-02,M07,Deep Sleep,Ambient/Sleep,12
3326,2025-06-16,M10,Praise Medley,Gospel,7
3327,2025-03-12,M01,Workout Anthem,Fitness/EDM,3
3327,2025-03-12,M02,Pump It Up,Fitness/EDM,3
3328,2025-04-23,M09,Sunday Worship 2,Gospel,5
3328,2025-04-23,M05,Study Focus 2,Instrumental,5
3328,2025-04-23,M01,Workout Anthem,Fitness/EDM,3
3328,2025-04-23,M16,Gengetone Hit,Amapiano/Afrobeat,4
3329,2025-04-14,M13,Hip Hop Anthem,Hip-Hop,3
3329,2025-04-14,M14,Street Beats,Hip-Hop,3
3330,2025-01-05,M09,Sunday Worship 2,Gospel,5
3330,2025-01-05,M06,Rain Sounds,Ambient/Sleep,10
3331,2025-06-07,M15,Amapiano Vibes,Amapiano/Afrobeat,5
3331,2025-06-07,M08,Sunday Worship 1,Gospel,5
3332,2025-05-10,M13,Hip Hop Anthem,Hip-Hop,3
3332,2025-05-10,M14,Street Beats,Hip-Hop,3
3333,2025-05-06,M07,Deep Sleep,Ambient/Sleep,12
3333,2025-05-06,M12,Love Story,R&B,4
3333,2025-05-06,M13,Hip Hop Anthem,Hip-Hop,3
3333,2025-05-06,M09,Sunday Worship 2,Gospel,5
3334,2025-03-14,M15,Amapiano Vibes,Amapiano/Afrobeat,5
3334,2025-03-14,M16,Gengetone Hit,Amapiano/Afrobeat,4
3335,2025-03-10,M08,Sunday Worship 1,Gospel,5
3335,2025-03-10,M15,Amapiano Vibes,Amapiano/Afrobeat,5
3335,2025-03-10,M03,Cardio Beats,Fitness/EDM,4
3335,2025-03-10,M11,Heartbreak Ballad,R&B,4
3336,2025-02-18,M13,Hip Hop Anthem,Hip-Hop,3
3336,2025-02-18,M14,Street Beats,Hip-Hop,3
3337,2025-06-14,M13,Hip Hop Anthem,Hip-Hop,3
3337,2025-06-14,M14,Street Beats,Hip-Hop,3
3337,2025-06-14,M15,Amapiano Vibes,Amapiano/Afrobeat,5
3338,2025-06-26,M15,Amapiano Vibes,Amapiano/Afrobeat,5
3338,2025-06-26,M16,Gengetone Hit,Amapiano/Afrobeat,4
3339,2025-04-30,M09,Sunday Worship 2,Gospel,5
3339,2025-04-30,M12,Love Story,R&B,4
3339,2025-04-30,M01,Workout Anthem,Fitness/EDM,3
3340,2025-04-26,M03,Cardio Beats,Fitness/EDM,4
3340,2025-04-26,M05,Study Focus 2,Instrumental,5
3340,2025-04-26,M11,Heartbreak Ballad,R&B,4
3340,2025-04-26,M04,Study Focus 1,Instrumental,6
3341,2025-03-11,M16,Gengetone Hit,Amapiano/Afrobeat,4
3341,2025-03-11,M06,Rain Sounds,Ambient/Sleep,10
3342,2025-01-25,M04,Study Focus 1,Instrumental,6
3342,2025-01-25,M05,Study Focus 2,Instrumental,5
3343,2025-06-10,M04,Study Focus 1,Instrumental,6
3343,2025-06-10,M13,Hip Hop Anthem,Hip-Hop,3
3344,2025-05-19,M06,Rain Sounds,Ambient/Sleep,10
3344,2025-05-19,M07,Deep Sleep,Ambient/Sleep,12
3345,2025-04-16,M08,Sunday Worship 1,Gospel,5
3345,2025-04-16,M09,Sunday Worship 2,Gospel,5
3345,2025-04-16,M10,Praise Medley,Gospel,7
3346,2025-06-13,M08,Sunday Worship 1,Gospel,5
3346,2025-06-13,M09,Sunday Worship 2,Gospel,5
3347,2025-06-07,M11,Heartbreak Ballad,R&B,4
3347,2025-06-07,M12,Love Story,R&B,4
3348,2025-03-28,M06,Rain Sounds,Ambient/Sleep,10
3348,2025-03-28,M07,Deep Sleep,Ambient/Sleep,12
3349,2025-02-09,M11,Heartbreak Ballad,R&B,4
3349,2025-02-09,M12,Love Story,R&B,4
3350,2025-04-13,M06,Rain Sounds,Ambient/Sleep,10
3350,2025-04-13,M07,Deep Sleep,Ambient/Sleep,12
3351,2025-04-30,M13,Hip Hop Anthem,Hip-Hop,3
3351,2025-04-30,M02,Pump It Up,Fitness/EDM,3
3352,2025-02-16,M09,Sunday Worship 2,Gospel,5
3353,2025-03-31,M01,Workout Anthem,Fitness/EDM,3
3353,2025-03-31,M13,Hip Hop Anthem,Hip-Hop,3
3353,2025-03-31,M03,Cardio Beats,Fitness/EDM,4
3354,2025-02-22,M15,Amapiano Vibes,Amapiano/Afrobeat,5
3354,2025-02-22,M05,Study Focus 2,Instrumental,5
3354,2025-02-22,M08,Sunday Worship 1,Gospel,5
3354,2025-02-22,M09,Sunday Worship 2,Gospel,5
3355,2025-06-24,M12,Love Story,R&B,4
3355,2025-06-24,M08,Sunday Worship 1,Gospel,5
3356,2025-01-10,M13,Hip Hop Anthem,Hip-Hop,3
3356,2025-01-10,M14,Street Beats,Hip-Hop,3
3357,2025-01-11,M09,Sunday Worship 2,Gospel,5
3357,2025-01-11,M10,Praise Medley,Gospel,7
3357,2025-01-11,M11,Heartbreak Ballad,R&B,4
3358,2025-05-31,M06,Rain Sounds,Ambient/Sleep,10
3358,2025-05-31,M07,Deep Sleep,Ambient/Sleep,12
3359,2025-03-20,M13,Hip Hop Anthem,Hip-Hop,3
3359,2025-03-20,M14,Street Beats,Hip-Hop,3
3359,2025-03-20,M15,Amapiano Vibes,Amapiano/Afrobeat,5
3360,2025-05-28,M15,Amapiano Vibes,Amapiano/Afrobeat,5
3360,2025-05-28,M16,Gengetone Hit,Amapiano/Afrobeat,4
3360,2025-05-28,M06,Rain Sounds,Ambient/Sleep,10
3361,2025-01-06,M08,Sunday Worship 1,Gospel,5
3361,2025-01-06,M09,Sunday Worship 2,Gospel,5
3362,2025-01-23,M05,Study Focus 2,Instrumental,5
3362,2025-01-23,M02,Pump It Up,Fitness/EDM,3
3363,2025-04-21,M06,Rain Sounds,Ambient/Sleep,10
3364,2025-06-16,M01,Workout Anthem,Fitness/EDM,3
3364,2025-06-16,M02,Pump It Up,Fitness/EDM,3
3365,2025-06-01,M06,Rain Sounds,Ambient/Sleep,10
3365,2025-06-01,M07,Deep Sleep,Ambient/Sleep,12
3366,2025-06-10,M06,Rain Sounds,Ambient/Sleep,10
3366,2025-06-10,M07,Deep Sleep,Ambient/Sleep,12
3367,2025-01-13,M16,Gengetone Hit,Amapiano/Afrobeat,4
3367,2025-01-13,M10,Praise Medley,Gospel,7
3368,2025-03-10,M15,Amapiano Vibes,Amapiano/Afrobeat,5
3368,2025-03-10,M16,Gengetone Hit,Amapiano/Afrobeat,4
3368,2025-03-10,M05,Study Focus 2,Instrumental,5
3369,2025-05-12,M01,Workout Anthem,Fitness/EDM,3
3369,2025-05-12,M02,Pump It Up,Fitness/EDM,3
3370,2025-03-19,M06,Rain Sounds,Ambient/Sleep,10
3370,2025-03-19,M07,Deep Sleep,Ambient/Sleep,12
3371,2025-03-19,M15,Amapiano Vibes,Amapiano/Afrobeat,5
3371,2025-03-19,M16,Gengetone Hit,Amapiano/Afrobeat,4
3372,2025-03-31,M02,Pump It Up,Fitness/EDM,3
3373,2025-04-30,M13,Hip Hop Anthem,Hip-Hop,3
3373,2025-04-30,M14,Street Beats,Hip-Hop,3
3374,2025-03-25,M06,Rain Sounds,Ambient/Sleep,10
3374,2025-03-25,M07,Deep Sleep,Ambient/Sleep,12
3375,2025-02-26,M01,Workout Anthem,Fitness/EDM,3
3375,2025-02-26,M02,Pump It Up,Fitness/EDM,3
3376,2025-06-15,M16,Gengetone Hit,Amapiano/Afrobeat,4
3376,2025-06-15,M13,Hip Hop Anthem,Hip-Hop,3
3376,2025-06-15,M10,Praise Medley,Gospel,7
3377,2025-04-20,M05,Study Focus 2,Instrumental,5
3378,2025-05-07,M04,Study Focus 1,Instrumental,6
3378,2025-05-07,M05,Study Focus 2,Instrumental,5
3379,2025-05-07,M13,Hip Hop Anthem,Hip-Hop,3
3379,2025-05-07,M14,Street Beats,Hip-Hop,3
3380,2025-04-28,M13,Hip Hop Anthem,Hip-Hop,3
3380,2025-04-28,M14,Street Beats,Hip-Hop,3
3381,2025-03-25,M16,Gengetone Hit,Amapiano/Afrobeat,4
3381,2025-03-25,M03,Cardio Beats,Fitness/EDM,4
3381,2025-03-25,M08,Sunday Worship 1,Gospel,5
3382,2025-01-08,M04,Study Focus 1,Instrumental,6
3382,2025-01-08,M08,Sunday Worship 1,Gospel,5
3382,2025-01-08,M01,Workout Anthem,Fitness/EDM,3
3382,2025-01-08,M14,Street Beats,Hip-Hop,3
3383,2025-05-22,M16,Gengetone Hit,Amapiano/Afrobeat,4
3383,2025-05-22,M07,Deep Sleep,Ambient/Sleep,12
3383,2025-05-22,M08,Sunday Worship 1,Gospel,5
3384,2025-04-18,M06,Rain Sounds,Ambient/Sleep,10
3384,2025-04-18,M07,Deep Sleep,Ambient/Sleep,12
3385,2025-01-22,M08,Sunday Worship 1,Gospel,5
3385,2025-01-22,M01,Workout Anthem,Fitness/EDM,3
3385,2025-01-22,M16,Gengetone Hit,Amapiano/Afrobeat,4
3386,2025-03-04,M13,Hip Hop Anthem,Hip-Hop,3
3386,2025-03-04,M14,Street Beats,Hip-Hop,3
3387,2025-04-30,M13,Hip Hop Anthem,Hip-Hop,3
3387,2025-04-30,M14,Street Beats,Hip-Hop,3
3388,2025-04-21,M09,Sunday Worship 2,Gospel,5
3389,2025-06-14,M11,Heartbreak Ballad,R&B,4
3389,2025-06-14,M12,Love Story,R&B,4
3389,2025-06-14,M04,Study Focus 1,Instrumental,6
3390,2025-02-13,M10,Praise Medley,Gospel,7
3391,2025-04-06,M08,Sunday Worship 1,Gospel,5
3391,2025-04-06,M09,Sunday Worship 2,Gospel,5
3392,2025-03-23,M04,Study Focus 1,Instrumental,6
3392,2025-03-23,M05,Study Focus 2,Instrumental,5
3392,2025-03-23,M06,Rain Sounds,Ambient/Sleep,10
3393,2025-03-22,M01,Workout Anthem,Fitness/EDM,3
3393,2025-03-22,M02,Pump It Up,Fitness/EDM,3
3393,2025-03-22,M06,Rain Sounds,Ambient/Sleep,10
3394,2025-05-12,M08,Sunday Worship 1,Gospel,5
3394,2025-05-12,M09,Sunday Worship 2,Gospel,5
3395,2025-03-12,M06,Rain Sounds,Ambient/Sleep,10
3395,2025-03-12,M07,Deep Sleep,Ambient/Sleep,12
3396,2025-02-12,M12,Love Story,R&B,4
3396,2025-02-12,M03,Cardio Beats,Fitness/EDM,4
3396,2025-02-12,M01,Workout Anthem,Fitness/EDM,3
3396,2025-02-12,M06,Rain Sounds,Ambient/Sleep,10
3397,2025-01-02,M13,Hip Hop Anthem,Hip-Hop,3
3398,2025-03-10,M11,Heartbreak Ballad,R&B,4
3398,2025-03-10,M12,Love Story,R&B,4
3399,2025-03-06,M06,Rain Sounds,Ambient/Sleep,10
3399,2025-03-06,M07,Deep Sleep,Ambient/Sleep,12
3400,2025-03-01,M16,Gengetone Hit,Amapiano/Afrobeat,4
3400,2025-03-01,M08,Sunday Worship 1,Gospel,5
3400,2025-03-01,M01,Workout Anthem,Fitness/EDM,3
3400,2025-03-01,M05,Study Focus 2,Instrumental,5
3401,2025-01-19,M04,Study Focus 1,Instrumental,6
3401,2025-01-19,M05,Study Focus 2,Instrumental,5
3402,2025-03-15,M08,Sunday Worship 1,Gospel,5
3402,2025-03-15,M09,Sunday Worship 2,Gospel,5
3403,2025-01-31,M06,Rain Sounds,Ambient/Sleep,10
3403,2025-01-31,M07,Deep Sleep,Ambient/Sleep,12
3404,2025-04-21,M04,Study Focus 1,Instrumental,6
3404,2025-04-21,M05,Study Focus 2,Instrumental,5
3405,2025-01-29,M13,Hip Hop Anthem,Hip-Hop,3
3405,2025-01-29,M14,Street Beats,Hip-Hop,3
3406,2025-06-06,M07,Deep Sleep,Ambient/Sleep,12
3407,2025-06-14,M13,Hip Hop Anthem,Hip-Hop,3
3407,2025-06-14,M12,Love Story,R&B,4
3408,2025-05-04,M04,Study Focus 1,Instrumental,6
3409,2025-04-09,M06,Rain Sounds,Ambient/Sleep,10
3409,2025-04-09,M09,Sunday Worship 2,Gospel,5
3409,2025-04-09,M07,Deep Sleep,Ambient/Sleep,12
3410,2025-06-13,M10,Praise Medley,Gospel,7
3411,2025-02-27,M08,Sunday Worship 1,Gospel,5
3411,2025-02-27,M09,Sunday Worship 2,Gospel,5
3411,2025-02-27,M10,Praise Medley,Gospel,7
3412,2025-03-27,M08,Sunday Worship 1,Gospel,5
3412,2025-03-27,M09,Sunday Worship 2,Gospel,5
3413,2025-01-22,M02,Pump It Up,Fitness/EDM,3
3413,2025-01-22,M13,Hip Hop Anthem,Hip-Hop,3
3413,2025-01-22,M06,Rain Sounds,Ambient/Sleep,10
3414,2025-01-14,M15,Amapiano Vibes,Amapiano/Afrobeat,5
3414,2025-01-14,M16,Gengetone Hit,Amapiano/Afrobeat,4
3414,2025-01-14,M11,Heartbreak Ballad,R&B,4
3415,2025-04-17,M15,Amapiano Vibes,Amapiano/Afrobeat,5
3415,2025-04-17,M16,Gengetone Hit,Amapiano/Afrobeat,4
3415,2025-04-17,M14,Street Beats,Hip-Hop,3
3416,2025-02-10,M03,Cardio Beats,Fitness/EDM,4
3416,2025-02-10,M10,Praise Medley,Gospel,7
3417,2025-06-21,M09,Sunday Worship 2,Gospel,5
3418,2025-06-23,M08,Sunday Worship 1,Gospel,5
3418,2025-06-23,M09,Sunday Worship 2,Gospel,5
3418,2025-06-23,M10,Praise Medley,Gospel,7
3419,2025-06-11,M01,Workout Anthem,Fitness/EDM,3
3419,2025-06-11,M02,Pump It Up,Fitness/EDM,3
3420,2025-02-19,M04,Study Focus 1,Instrumental,6
3420,2025-02-19,M05,Study Focus 2,Instrumental,5
3421,2025-02-22,M14,Street Beats,Hip-Hop,3
3421,2025-02-22,M01,Workout Anthem,Fitness/EDM,3
3421,2025-02-22,M16,Gengetone Hit,Amapiano/Afrobeat,4
3421,2025-02-22,M03,Cardio Beats,Fitness/EDM,4
3422,2025-05-24,M01,Workout Anthem,Fitness/EDM,3
3422,2025-05-24,M02,Pump It Up,Fitness/EDM,3
3423,2025-06-03,M10,Praise Medley,Gospel,7
3423,2025-06-03,M16,Gengetone Hit,Amapiano/Afrobeat,4
3423,2025-06-03,M14,Street Beats,Hip-Hop,3
3423,2025-06-03,M12,Love Story,R&B,4
3424,2025-01-30,M15,Amapiano Vibes,Amapiano/Afrobeat,5
3424,2025-01-30,M16,Gengetone Hit,Amapiano/Afrobeat,4
3425,2025-04-13,M06,Rain Sounds,Ambient/Sleep,10
3425,2025-04-13,M07,Deep Sleep,Ambient/Sleep,12
3426,2025-03-07,M11,Heartbreak Ballad,R&B,4
3426,2025-03-07,M07,Deep Sleep,Ambient/Sleep,12
3427,2025-01-12,M03,Cardio Beats,Fitness/EDM,4
3428,2025-05-21,M14,Street Beats,Hip-Hop,3
3428,2025-05-21,M05,Study Focus 2,Instrumental,5
3428,2025-05-21,M13,Hip Hop Anthem,Hip-Hop,3
3428,2025-05-21,M16,Gengetone Hit,Amapiano/Afrobeat,4
3429,2025-01-28,M08,Sunday Worship 1,Gospel,5
3429,2025-01-28,M09,Sunday Worship 2,Gospel,5
3429,2025-01-28,M10,Praise Medley,Gospel,7
3429,2025-01-28,M07,Deep Sleep,Ambient/Sleep,12
3430,2025-05-19,M06,Rain Sounds,Ambient/Sleep,10
3430,2025-05-19,M07,Deep Sleep,Ambient/Sleep,12
3431,2025-05-26,M01,Workout Anthem,Fitness/EDM,3
3431,2025-05-26,M02,Pump It Up,Fitness/EDM,3
3432,2025-06-12,M11,Heartbreak Ballad,R&B,4
3432,2025-06-12,M12,Love Story,R&B,4
3432,2025-06-12,M03,Cardio Beats,Fitness/EDM,4
3433,2025-02-02,M08,Sunday Worship 1,Gospel,5
3433,2025-02-02,M04,Study Focus 1,Instrumental,6
3433,2025-02-02,M01,Workout Anthem,Fitness/EDM,3
3433,2025-02-02,M02,Pump It Up,Fitness/EDM,3
3434,2025-02-14,M01,Workout Anthem,Fitness/EDM,3
3434,2025-02-14,M02,Pump It Up,Fitness/EDM,3
3434,2025-02-14,M03,Cardio Beats,Fitness/EDM,4
3435,2025-03-24,M13,Hip Hop Anthem,Hip-Hop,3
3435,2025-03-24,M14,Street Beats,Hip-Hop,3
3435,2025-03-24,M15,Amapiano Vibes,Amapiano/Afrobeat,5
3436,2025-04-27,M06,Rain Sounds,Ambient/Sleep,10
3436,2025-04-27,M07,Deep Sleep,Ambient/Sleep,12
3436,2025-04-27,M11,Heartbreak Ballad,R&B,4
3437,2025-01-14,M04,Study Focus 1,Instrumental,6
3437,2025-01-14,M05,Study Focus 2,Instrumental,5
3437,2025-01-14,M06,Rain Sounds,Ambient/Sleep,10
3438,2025-05-23,M08,Sunday Worship 1,Gospel,5
3438,2025-05-23,M09,Sunday Worship 2,Gospel,5
3439,2025-03-01,M07,Deep Sleep,Ambient/Sleep,12
3439,2025-03-01,M02,Pump It Up,Fitness/EDM,3
3439,2025-03-01,M11,Heartbreak Ballad,R&B,4
3440,2025-02-21,M03,Cardio Beats,Fitness/EDM,4
3440,2025-02-21,M14,Street Beats,Hip-Hop,3
3441,2025-03-20,M04,Study Focus 1,Instrumental,6
3442,2025-03-26,M11,Heartbreak Ballad,R&B,4
3442,2025-03-26,M12,Love Story,R&B,4
3442,2025-03-26,M04,Study Focus 1,Instrumental,6
3442,2025-03-26,M13,Hip Hop Anthem,Hip-Hop,3
3443,2025-03-16,M06,Rain Sounds,Ambient/Sleep,10
3443,2025-03-16,M05,Study Focus 2,Instrumental,5
3443,2025-03-16,M10,Praise Medley,Gospel,7
3444,2025-04-19,M03,Cardio Beats,Fitness/EDM,4
3444,2025-04-19,M13,Hip Hop Anthem,Hip-Hop,3
3444,2025-04-19,M06,Rain Sounds,Ambient/Sleep,10
3445,2025-04-13,M11,Heartbreak Ballad,R&B,4
3445,2025-04-13,M12,Love Story,R&B,4
3446,2025-06-24,M15,Amapiano Vibes,Amapiano/Afrobeat,5
3446,2025-06-24,M16,Gengetone Hit,Amapiano/Afrobeat,4
3447,2025-03-03,M13,Hip Hop Anthem,Hip-Hop,3
3447,2025-03-03,M14,Street Beats,Hip-Hop,3
3447,2025-03-03,M15,Amapiano Vibes,Amapiano/Afrobeat,5
3448,2025-04-03,M15,Amapiano Vibes,Amapiano/Afrobeat,5
3448,2025-04-03,M16,Gengetone Hit,Amapiano/Afrobeat,4
3449,2025-05-24,M16,Gengetone Hit,Amapiano/Afrobeat,4
3450,2025-03-30,M13,Hip Hop Anthem,Hip-Hop,3
3450,2025-03-30,M14,Street Beats,Hip-Hop,3
3451,2025-01-28,M02,Pump It Up,Fitness/EDM,3
3451,2025-01-28,M11,Heartbreak Ballad,R&B,4
3452,2025-02-17,M13,Hip Hop Anthem,Hip-Hop,3
3452,2025-02-17,M14,Street Beats,Hip-Hop,3
3453,2025-01-12,M15,Amapiano Vibes,Amapiano/Afrobeat,5
3453,2025-01-12,M16,Gengetone Hit,Amapiano/Afrobeat,4
3454,2025-01-20,M11,Heartbreak Ballad,R&B,4
3454,2025-01-20,M03,Cardio Beats,Fitness/EDM,4
3455,2025-02-24,M16,Gengetone Hit,Amapiano/Afrobeat,4
3455,2025-02-24,M08,Sunday Worship 1,Gospel,5
3456,2025-02-14,M11,Heartbreak Ballad,R&B,4
3456,2025-02-14,M12,Love Story,R&B,4
3457,2025-03-15,M11,Heartbreak Ballad,R&B,4
3457,2025-03-15,M12,Love Story,R&B,4
3458,2025-04-07,M13,Hip Hop Anthem,Hip-Hop,3
3459,2025-01-05,M16,Gengetone Hit,Amapiano/Afrobeat,4
3459,2025-01-05,M02,Pump It Up,Fitness/EDM,3
3460,2025-03-08,M15,Amapiano Vibes,Amapiano/Afrobeat,5
3460,2025-03-08,M16,Gengetone Hit,Amapiano/Afrobeat,4
3461,2025-04-16,M12,Love Story,R&B,4
3461,2025-04-16,M03,Cardio Beats,Fitness/EDM,4
3461,2025-04-16,M15,Amapiano Vibes,Amapiano/Afrobeat,5
3462,2025-05-30,M13,Hip Hop Anthem,Hip-Hop,3
3462,2025-05-30,M14,Street Beats,Hip-Hop,3
3462,2025-05-30,M04,Study Focus 1,Instrumental,6
3463,2025-02-21,M08,Sunday Worship 1,Gospel,5
3463,2025-02-21,M09,Sunday Worship 2,Gospel,5
3463,2025-02-21,M10,Praise Medley,Gospel,7
3464,2025-04-22,M14,Street Beats,Hip-Hop,3
3464,2025-04-22,M04,Study Focus 1,Instrumental,6
3464,2025-04-22,M06,Rain Sounds,Ambient/Sleep,10
3464,2025-04-22,M03,Cardio Beats,Fitness/EDM,4
3465,2025-04-07,M06,Rain Sounds,Ambient/Sleep,10
3465,2025-04-07,M07,Deep Sleep,Ambient/Sleep,12
3466,2025-04-26,M04,Study Focus 1,Instrumental,6
3466,2025-04-26,M05,Study Focus 2,Instrumental,5
3467,2025-06-09,M09,Sunday Worship 2,Gospel,5
3467,2025-06-09,M11,Heartbreak Ballad,R&B,4
3467,2025-06-09,M10,Praise Medley,Gospel,7
3467,2025-06-09,M03,Cardio Beats,Fitness/EDM,4
3468,2025-06-13,M13,Hip Hop Anthem,Hip-Hop,3
3468,2025-06-13,M07,Deep Sleep,Ambient/Sleep,12
3468,2025-06-13,M05,Study Focus 2,Instrumental,5
3469,2025-06-18,M04,Study Focus 1,Instrumental,6
3469,2025-06-18,M05,Study Focus 2,Instrumental,5
3469,2025-06-18,M06,Rain Sounds,Ambient/Sleep,10
3470,2025-02-25,M08,Sunday Worship 1,Gospel,5
3470,2025-02-25,M09,Sunday Worship 2,Gospel,5
3470,2025-02-25,M10,Praise Medley,Gospel,7
3471,2025-04-06,M11,Heartbreak Ballad,R&B,4
3471,2025-04-06,M12,Love Story,R&B,4
3472,2025-04-17,M10,Praise Medley,Gospel,7
3473,2025-05-30,M02,Pump It Up,Fitness/EDM,3
3473,2025-05-30,M05,Study Focus 2,Instrumental,5
3473,2025-05-30,M15,Amapiano Vibes,Amapiano/Afrobeat,5
3473,2025-05-30,M13,Hip Hop Anthem,Hip-Hop,3
3474,2025-02-12,M06,Rain Sounds,Ambient/Sleep,10
3474,2025-02-12,M09,Sunday Worship 2,Gospel,5
3475,2025-03-05,M01,Workout Anthem,Fitness/EDM,3
3475,2025-03-05,M02,Pump It Up,Fitness/EDM,3
3476,2025-04-25,M04,Study Focus 1,Instrumental,6
3476,2025-04-25,M05,Study Focus 2,Instrumental,5
3477,2025-05-30,M08,Sunday Worship 1,Gospel,5
3477,2025-05-30,M09,Sunday Worship 2,Gospel,5
3478,2025-06-28,M11,Heartbreak Ballad,R&B,4
3478,2025-06-28,M12,Love Story,R&B,4
3479,2025-01-21,M04,Study Focus 1,Instrumental,6
3479,2025-01-21,M05,Study Focus 2,Instrumental,5
3480,2025-04-04,M01,Workout Anthem,Fitness/EDM,3
3480,2025-04-04,M02,Pump It Up,Fitness/EDM,3
3480,2025-04-04,M03,Cardio Beats,Fitness/EDM,4
3481,2025-03-08,M03,Cardio Beats,Fitness/EDM,4
3481,2025-03-08,M02,Pump It Up,Fitness/EDM,3
3482,2025-02-25,M12,Love Story,R&B,4
3482,2025-02-25,M07,Deep Sleep,Ambient/Sleep,12
3482,2025-02-25,M09,Sunday Worship 2,Gospel,5
3482,2025-02-25,M14,Street Beats,Hip-Hop,3
3483,2025-06-24,M11,Heartbreak Ballad,R&B,4
3483,2025-06-24,M12,Love Story,R&B,4
3484,2025-05-10,M13,Hip Hop Anthem,Hip-Hop,3
3484,2025-05-10,M14,Street Beats,Hip-Hop,3
3484,2025-05-10,M15,Amapiano Vibes,Amapiano/Afrobeat,5
3485,2025-03-29,M01,Workout Anthem,Fitness/EDM,3
3485,2025-03-29,M02,Pump It Up,Fitness/EDM,3
3485,2025-03-29,M03,Cardio Beats,Fitness/EDM,4
3486,2025-02-16,M04,Study Focus 1,Instrumental,6
3486,2025-02-16,M05,Study Focus 2,Instrumental,5
3487,2025-03-25,M11,Heartbreak Ballad,R&B,4
3487,2025-03-25,M12,Love Story,R&B,4
3488,2025-06-23,M08,Sunday Worship 1,Gospel,5
3488,2025-06-23,M09,Sunday Worship 2,Gospel,5
3488,2025-06-23,M10,Praise Medley,Gospel,7
3489,2025-03-03,M12,Love Story,R&B,4
3489,2025-03-03,M10,Praise Medley,Gospel,7
3489,2025-03-03,M03,Cardio Beats,Fitness/EDM,4
3489,2025-03-03,M05,Study Focus 2,Instrumental,5
3490,2025-01-31,M11,Heartbreak Ballad,R&B,4
3490,2025-01-31,M12,Love Story,R&B,4
3491,2025-02-24,M06,Rain Sounds,Ambient/Sleep,10
3491,2025-02-24,M07,Deep Sleep,Ambient/Sleep,12
3492,2025-01-28,M04,Study Focus 1,Instrumental,6
3492,2025-01-28,M05,Study Focus 2,Instrumental,5
3493,2025-03-10,M13,Hip Hop Anthem,Hip-Hop,3
3493,2025-03-10,M14,Street Beats,Hip-Hop,3
3493,2025-03-10,M07,Deep Sleep,Ambient/Sleep,12
3494,2025-01-17,M01,Workout Anthem,Fitness/EDM,3
3494,2025-01-17,M02,Pump It Up,Fitness/EDM,3
3494,2025-01-17,M03,Cardio Beats,Fitness/EDM,4
3495,2025-05-04,M05,Study Focus 2,Instrumental,5
3495,2025-05-04,M13,Hip Hop Anthem,Hip-Hop,3
3496,2025-02-21,M11,Heartbreak Ballad,R&B,4
3496,2025-02-21,M12,Love Story,R&B,4
3496,2025-02-21,M02,Pump It Up,Fitness/EDM,3
3497,2025-02-01,M07,Deep Sleep,Ambient/Sleep,12
3498,2025-04-16,M15,Amapiano Vibes,Amapiano/Afrobeat,5
3499,2025-03-16,M06,Rain Sounds,Ambient/Sleep,10
3499,2025-03-16,M08,Sunday Worship 1,Gospel,5
3499,2025-03-16,M10,Praise Medley,Gospel,7
3500,2025-05-13,M01,Workout Anthem,Fitness/EDM,3
3500,2025-05-13,M02,Pump It Up,Fitness/EDM,3
3500,2025-05-13,M03,Cardio Beats,Fitness/EDM,4
3501,2025-05-16,M08,Sunday Worship 1,Gospel,5
3501,2025-05-16,M09,Sunday Worship 2,Gospel,5
3502,2025-06-09,M01,Workout Anthem,Fitness/EDM,3
3502,2025-06-09,M02,Pump It Up,Fitness/EDM,3
3502,2025-06-09,M03,Cardio Beats,Fitness/EDM,4
3503,2025-01-28,M13,Hip Hop Anthem,Hip-Hop,3
3503,2025-01-28,M14,Street Beats,Hip-Hop,3
3503,2025-01-28,M15,Amapiano Vibes,Amapiano/Afrobeat,5
3504,2025-01-19,M05,Study Focus 2,Instrumental,5
3504,2025-01-19,M01,Workout Anthem,Fitness/EDM,3
3504,2025-01-19,M16,Gengetone Hit,Amapiano/Afrobeat,4
3504,2025-01-19,M12,Love Story,R&B,4
3505,2025-01-28,M12,Love Story,R&B,4
3505,2025-01-28,M04,Study Focus 1,Instrumental,6
3505,2025-01-28,M06,Rain Sounds,Ambient/Sleep,10
3506,2025-01-27,M11,Heartbreak Ballad,R&B,4
3506,2025-01-27,M03,Cardio Beats,Fitness/EDM,4
3506,2025-01-27,M06,Rain Sounds,Ambient/Sleep,10
3506,2025-01-27,M08,Sunday Worship 1,Gospel,5
3507,2025-06-05,M08,Sunday Worship 1,Gospel,5
3507,2025-06-05,M09,Sunday Worship 2,Gospel,5
3507,2025-06-05,M10,Praise Medley,Gospel,7
3508,2025-05-21,M13,Hip Hop Anthem,Hip-Hop,3
3508,2025-05-21,M14,Street Beats,Hip-Hop,3
3509,2025-01-23,M13,Hip Hop Anthem,Hip-Hop,3
3509,2025-01-23,M14,Street Beats,Hip-Hop,3
3509,2025-01-23,M15,Amapiano Vibes,Amapiano/Afrobeat,5
3510,2025-01-25,M13,Hip Hop Anthem,Hip-Hop,3
3510,2025-01-25,M16,Gengetone Hit,Amapiano/Afrobeat,4
3511,2025-01-19,M06,Rain Sounds,Ambient/Sleep,10
3511,2025-01-19,M10,Praise Medley,Gospel,7
3512,2025-01-14,M16,Gengetone Hit,Amapiano/Afrobeat,4
3512,2025-01-14,M06,Rain Sounds,Ambient/Sleep,10
3512,2025-01-14,M05,Study Focus 2,Instrumental,5
3513,2025-01-04,M04,Study Focus 1,Instrumental,6
3513,2025-01-04,M05,Study Focus 2,Instrumental,5
3514,2025-02-06,M03,Cardio Beats,Fitness/EDM,4
3514,2025-02-06,M08,Sunday Worship 1,Gospel,5
3514,2025-02-06,M02,Pump It Up,Fitness/EDM,3
3515,2025-01-05,M13,Hip Hop Anthem,Hip-Hop,3
3515,2025-01-05,M14,Street Beats,Hip-Hop,3
3515,2025-01-05,M15,Amapiano Vibes,Amapiano/Afrobeat,5
3516,2025-02-05,M06,Rain Sounds,Ambient/Sleep,10
3516,2025-02-05,M07,Deep Sleep,Ambient/Sleep,12
3517,2025-06-15,M08,Sunday Worship 1,Gospel,5
3517,2025-06-15,M09,Sunday Worship 2,Gospel,5
3518,2025-04-20,M06,Rain Sounds,Ambient/Sleep,10
3518,2025-04-20,M07,Deep Sleep,Ambient/Sleep,12
3519,2025-06-05,M06,Rain Sounds,Ambient/Sleep,10
3519,2025-06-05,M07,Deep Sleep,Ambient/Sleep,12
3520,2025-01-12,M12,Love Story,R&B,4
3520,2025-01-12,M14,Street Beats,Hip-Hop,3
3520,2025-01-12,M05,Study Focus 2,Instrumental,5
3520,2025-01-12,M16,Gengetone Hit,Amapiano/Afrobeat,4
3521,2025-04-29,M06,Rain Sounds,Ambient/Sleep,10
3521,2025-04-29,M07,Deep Sleep,Ambient/Sleep,12
3522,2025-05-02,M08,Sunday Worship 1,Gospel,5
3522,2025-05-02,M09,Sunday Worship 2,Gospel,5
3522,2025-05-02,M10,Praise Medley,Gospel,7
3523,2025-05-28,M13,Hip Hop Anthem,Hip-Hop,3
3523,2025-05-28,M14,Street Beats,Hip-Hop,3
3524,2025-06-15,M12,Love Story,R&B,4
3524,2025-06-15,M08,Sunday Worship 1,Gospel,5
3524,2025-06-15,M09,Sunday Worship 2,Gospel,5
3524,2025-06-15,M01,Workout Anthem,Fitness/EDM,3
3525,2025-04-24,M06,Rain Sounds,Ambient/Sleep,10
3525,2025-04-24,M07,Deep Sleep,Ambient/Sleep,12
3525,2025-04-24,M13,Hip Hop Anthem,Hip-Hop,3
3526,2025-01-06,M04,Study Focus 1,Instrumental,6
3527,2025-02-13,M01,Workout Anthem,Fitness/EDM,3
3528,2025-06-11,M12,Love Story,R&B,4
3528,2025-06-11,M04,Study Focus 1,Instrumental,6
3528,2025-06-11,M16,Gengetone Hit,Amapiano/Afrobeat,4
3528,2025-06-11,M06,Rain Sounds,Ambient/Sleep,10
3529,2025-03-12,M01,Workout Anthem,Fitness/EDM,3
3529,2025-03-12,M02,Pump It Up,Fitness/EDM,3
3530,2025-05-26,M15,Amapiano Vibes,Amapiano/Afrobeat,5
3530,2025-05-26,M16,Gengetone Hit,Amapiano/Afrobeat,4
3531,2025-05-11,M14,Street Beats,Hip-Hop,3
3531,2025-05-11,M12,Love Story,R&B,4
3531,2025-05-11,M15,Amapiano Vibes,Amapiano/Afrobeat,5
3531,2025-05-11,M06,Rain Sounds,Ambient/Sleep,10
3532,2025-03-15,M11,Heartbreak Ballad,R&B,4
3532,2025-03-15,M12,Love Story,R&B,4
3533,2025-04-26,M01,Workout Anthem,Fitness/EDM,3
3533,2025-04-26,M02,Pump It Up,Fitness/EDM,3
3534,2025-06-14,M01,Workout Anthem,Fitness/EDM,3
3534,2025-06-14,M02,Pump It Up,Fitness/EDM,3
3535,2025-05-06,M07,Deep Sleep,Ambient/Sleep,12
3535,2025-05-06,M11,Heartbreak Ballad,R&B,4
3535,2025-05-06,M10,Praise Medley,Gospel,7
3536,2025-01-11,M01,Workout Anthem,Fitness/EDM,3
3536,2025-01-11,M02,Pump It Up,Fitness/EDM,3
3537,2025-01-29,M08,Sunday Worship 1,Gospel,5
3537,2025-01-29,M09,Sunday Worship 2,Gospel,5
3538,2025-05-19,M06,Rain Sounds,Ambient/Sleep,10
3538,2025-05-19,M07,Deep Sleep,Ambient/Sleep,12
3538,2025-05-19,M04,Study Focus 1,Instrumental,6
3539,2025-01-07,M15,Amapiano Vibes,Amapiano/Afrobeat,5
3539,2025-01-07,M16,Gengetone Hit,Amapiano/Afrobeat,4
3540,2025-02-06,M09,Sunday Worship 2,Gospel,5
3540,2025-02-06,M13,Hip Hop Anthem,Hip-Hop,3
3540,2025-02-06,M08,Sunday Worship 1,Gospel,5
3541,2025-06-08,M07,Deep Sleep,Ambient/Sleep,12
3541,2025-06-08,M16,Gengetone Hit,Amapiano/Afrobeat,4
3541,2025-06-08,M10,Praise Medley,Gospel,7
3542,2025-04-06,M16,Gengetone Hit,Amapiano/Afrobeat,4
3543,2025-03-22,M13,Hip Hop Anthem,Hip-Hop,3
3543,2025-03-22,M14,Street Beats,Hip-Hop,3
3544,2025-05-28,M01,Workout Anthem,Fitness/EDM,3
3544,2025-05-28,M02,Pump It Up,Fitness/EDM,3
3544,2025-05-28,M03,Cardio Beats,Fitness/EDM,4
3545,2025-06-27,M15,Amapiano Vibes,Amapiano/Afrobeat,5
3545,2025-06-27,M10,Praise Medley,Gospel,7
3545,2025-06-27,M14,Street Beats,Hip-Hop,3
3546,2025-06-29,M06,Rain Sounds,Ambient/Sleep,10
3546,2025-06-29,M07,Deep Sleep,Ambient/Sleep,12
3547,2025-03-04,M16,Gengetone Hit,Amapiano/Afrobeat,4
3547,2025-03-04,M05,Study Focus 2,Instrumental,5
3547,2025-03-04,M12,Love Story,R&B,4
3548,2025-01-25,M13,Hip Hop Anthem,Hip-Hop,3
3548,2025-01-25,M14,Street Beats,Hip-Hop,3
3548,2025-01-25,M05,Study Focus 2,Instrumental,5
3549,2025-01-03,M03,Cardio Beats,Fitness/EDM,4
3550,2025-02-25,M15,Amapiano Vibes,Amapiano/Afrobeat,5
3550,2025-02-25,M01,Workout Anthem,Fitness/EDM,3
3550,2025-02-25,M04,Study Focus 1,Instrumental,6
3551,2025-04-24,M13,Hip Hop Anthem,Hip-Hop,3
3551,2025-04-24,M16,Gengetone Hit,Amapiano/Afrobeat,4
3551,2025-04-24,M08,Sunday Worship 1,Gospel,5
3551,2025-04-24,M04,Study Focus 1,Instrumental,6
3552,2025-05-17,M08,Sunday Worship 1,Gospel,5
3552,2025-05-17,M09,Sunday Worship 2,Gospel,5
3552,2025-05-17,M10,Praise Medley,Gospel,7
3553,2025-02-17,M15,Amapiano Vibes,Amapiano/Afrobeat,5
3553,2025-02-17,M16,Gengetone Hit,Amapiano/Afrobeat,4
3554,2025-02-08,M03,Cardio Beats,Fitness/EDM,4
3554,2025-02-08,M12,Love Story,R&B,4
3554,2025-02-08,M02,Pump It Up,Fitness/EDM,3
3554,2025-02-08,M11,Heartbreak Ballad,R&B,4
3555,2025-03-14,M06,Rain Sounds,Ambient/Sleep,10
3555,2025-03-14,M07,Deep Sleep,Ambient/Sleep,12
3555,2025-03-14,M01,Workout Anthem,Fitness/EDM,3
3556,2025-04-15,M16,Gengetone Hit,Amapiano/Afrobeat,4
3556,2025-04-15,M14,Street Beats,Hip-Hop,3
3556,2025-04-15,M15,Amapiano Vibes,Amapiano/Afrobeat,5
3557,2025-05-14,M07,Deep Sleep,Ambient/Sleep,12
3558,2025-02-22,M04,Study Focus 1,Instrumental,6
3558,2025-02-22,M05,Study Focus 2,Instrumental,5
3559,2025-02-27,M03,Cardio Beats,Fitness/EDM,4
3559,2025-02-27,M06,Rain Sounds,Ambient/Sleep,10
3559,2025-02-27,M14,Street Beats,Hip-Hop,3
3559,2025-02-27,M07,Deep Sleep,Ambient/Sleep,12
3560,2025-01-26,M08,Sunday Worship 1,Gospel,5
3560,2025-01-26,M09,Sunday Worship 2,Gospel,5
3561,2025-06-09,M06,Rain Sounds,Ambient/Sleep,10
3561,2025-06-09,M07,Deep Sleep,Ambient/Sleep,12
3562,2025-02-14,M15,Amapiano Vibes,Amapiano/Afrobeat,5
3563,2025-05-12,M13,Hip Hop Anthem,Hip-Hop,3
3563,2025-05-12,M14,Street Beats,Hip-Hop,3
3564,2025-05-20,M01,Workout Anthem,Fitness/EDM,3
3564,2025-05-20,M02,Pump It Up,Fitness/EDM,3
3565,2025-02-24,M05,Study Focus 2,Instrumental,5
3565,2025-02-24,M16,Gengetone Hit,Amapiano/Afrobeat,4
3566,2025-05-19,M08,Sunday Worship 1,Gospel,5
3566,2025-05-19,M05,Study Focus 2,Instrumental,5
3566,2025-05-19,M01,Workout Anthem,Fitness/EDM,3
3567,2025-02-17,M08,Sunday Worship 1,Gospel,5
3567,2025-02-17,M09,Sunday Worship 2,Gospel,5
3568,2025-04-23,M13,Hip Hop Anthem,Hip-Hop,3
3568,2025-04-23,M14,Street Beats,Hip-Hop,3
3569,2025-03-11,M04,Study Focus 1,Instrumental,6
3569,2025-03-11,M05,Study Focus 2,Instrumental,5
3570,2025-03-08,M15,Amapiano Vibes,Amapiano/Afrobeat,5
3570,2025-03-08,M16,Gengetone Hit,Amapiano/Afrobeat,4
3570,2025-03-08,M11,Heartbreak Ballad,R&B,4
3571,2025-05-06,M15,Amapiano Vibes,Amapiano/Afrobeat,5
3571,2025-05-06,M16,Gengetone Hit,Amapiano/Afrobeat,4
3572,2025-02-18,M13,Hip Hop Anthem,Hip-Hop,3
3572,2025-02-18,M14,Street Beats,Hip-Hop,3
3573,2025-06-15,M01,Workout Anthem,Fitness/EDM,3
3573,2025-06-15,M02,Pump It Up,Fitness/EDM,3
3574,2025-03-08,M04,Study Focus 1,Instrumental,6
3574,2025-03-08,M05,Study Focus 2,Instrumental,5
3574,2025-03-08,M06,Rain Sounds,Ambient/Sleep,10
3575,2025-06-07,M02,Pump It Up,Fitness/EDM,3
3575,2025-06-07,M13,Hip Hop Anthem,Hip-Hop,3
3576,2025-06-07,M04,Study Focus 1,Instrumental,6
3576,2025-06-07,M13,Hip Hop Anthem,Hip-Hop,3
3576,2025-06-07,M10,Praise Medley,Gospel,7
3577,2025-03-10,M07,Deep Sleep,Ambient/Sleep,12
3577,2025-03-10,M06,Rain Sounds,Ambient/Sleep,10
3578,2025-03-29,M06,Rain Sounds,Ambient/Sleep,10
3578,2025-03-29,M07,Deep Sleep,Ambient/Sleep,12
3579,2025-02-17,M14,Street Beats,Hip-Hop,3
3579,2025-02-17,M08,Sunday Worship 1,Gospel,5
3579,2025-02-17,M10,Praise Medley,Gospel,7
3579,2025-02-17,M12,Love Story,R&B,4
3580,2025-04-13,M01,Workout Anthem,Fitness/EDM,3
3580,2025-04-13,M02,Pump It Up,Fitness/EDM,3
3581,2025-01-11,M06,Rain Sounds,Ambient/Sleep,10
3581,2025-01-11,M07,Deep Sleep,Ambient/Sleep,12
3582,2025-01-28,M15,Amapiano Vibes,Amapiano/Afrobeat,5
3583,2025-01-13,M11,Heartbreak Ballad,R&B,4
3583,2025-01-13,M12,Love Story,R&B,4
3584,2025-04-28,M04,Study Focus 1,Instrumental,6
3584,2025-04-28,M05,Study Focus 2,Instrumental,5
3585,2025-03-11,M01,Workout Anthem,Fitness/EDM,3
3585,2025-03-11,M02,Pump It Up,Fitness/EDM,3
3585,2025-03-11,M03,Cardio Beats,Fitness/EDM,4
3586,2025-02-21,M05,Study Focus 2,Instrumental,5
3586,2025-02-21,M08,Sunday Worship 1,Gospel,5
3586,2025-02-21,M15,Amapiano Vibes,Amapiano/Afrobeat,5
3587,2025-06-21,M01,Workout Anthem,Fitness/EDM,3
3587,2025-06-21,M02,Pump It Up,Fitness/EDM,3
3588,2025-05-13,M09,Sunday Worship 2,Gospel,5
3588,2025-05-13,M02,Pump It Up,Fitness/EDM,3
3588,2025-05-13,M12,Love Story,R&B,4
3589,2025-02-15,M04,Study Focus 1,Instrumental,6
3589,2025-02-15,M05,Study Focus 2,Instrumental,5
3589,2025-02-15,M06,Rain Sounds,Ambient/Sleep,10
3590,2025-06-10,M03,Cardio Beats,Fitness/EDM,4
3590,2025-06-10,M02,Pump It Up,Fitness/EDM,3
3591,2025-05-08,M01,Workout Anthem,Fitness/EDM,3
3591,2025-05-08,M02,Pump It Up,Fitness/EDM,3
3592,2025-02-21,M01,Workout Anthem,Fitness/EDM,3
3592,2025-02-21,M16,Gengetone Hit,Amapiano/Afrobeat,4
3592,2025-02-21,M08,Sunday Worship 1,Gospel,5
3593,2025-06-20,M15,Amapiano Vibes,Amapiano/Afrobeat,5
3593,2025-06-20,M16,Gengetone Hit,Amapiano/Afrobeat,4
3594,2025-06-24,M11,Heartbreak Ballad,R&B,4
3594,2025-06-24,M12,Love Story,R&B,4
3595,2025-01-31,M10,Praise Medley,Gospel,7
3595,2025-01-31,M14,Street Beats,Hip-Hop,3
3595,2025-01-31,M15,Amapiano Vibes,Amapiano/Afrobeat,5
3595,2025-01-31,M04,Study Focus 1,Instrumental,6
3596,2025-06-09,M11,Heartbreak Ballad,R&B,4
3596,2025-06-09,M12,Love Story,R&B,4
3597,2025-06-28,M04,Study Focus 1,Instrumental,6
3597,2025-06-28,M05,Study Focus 2,Instrumental,5
3598,2025-02-09,M04,Study Focus 1,Instrumental,6
3598,2025-02-09,M15,Amapiano Vibes,Amapiano/Afrobeat,5
3598,2025-02-09,M14,Street Beats,Hip-Hop,3
3598,2025-02-09,M13,Hip Hop Anthem,Hip-Hop,3
3599,2025-03-20,M01,Workout Anthem,Fitness/EDM,3
3599,2025-03-20,M02,Pump It Up,Fitness/EDM,3
3599,2025-03-20,M03,Cardio Beats,Fitness/EDM,4
3600,2025-04-02,M15,Amapiano Vibes,Amapiano/Afrobeat,5
3600,2025-04-02,M05,Study Focus 2,Instrumental,5
3600,2025-04-02,M02,Pump It Up,Fitness/EDM,3
3601,2025-05-25,M16,Gengetone Hit,Amapiano/Afrobeat,4
3601,2025-05-25,M15,Amapiano Vibes,Amapiano/Afrobeat,5
3601,2025-05-25,M14,Street Beats,Hip-Hop,3
3602,2025-06-14,M15,Amapiano Vibes,Amapiano/Afrobeat,5
3602,2025-06-14,M16,Gengetone Hit,Amapiano/Afrobeat,4
3603,2025-06-27,M04,Study Focus 1,Instrumental,6
3603,2025-06-27,M11,Heartbreak Ballad,R&B,4
3603,2025-06-27,M16,Gengetone Hit,Amapiano/Afrobeat,4
3604,2025-05-25,M01,Workout Anthem,Fitness/EDM,3
3604,2025-05-25,M14,Street Beats,Hip-Hop,3
3605,2025-01-14,M08,Sunday Worship 1,Gospel,5
3605,2025-01-14,M09,Sunday Worship 2,Gospel,5
3605,2025-01-14,M10,Praise Medley,Gospel,7
3606,2025-05-03,M12,Love Story,R&B,4
3606,2025-05-03,M02,Pump It Up,Fitness/EDM,3
3606,2025-05-03,M09,Sunday Worship 2,Gospel,5
3606,2025-05-03,M06,Rain Sounds,Ambient/Sleep,10
3607,2025-01-06,M01,Workout Anthem,Fitness/EDM,3
3607,2025-01-06,M02,Pump It Up,Fitness/EDM,3
3607,2025-01-06,M03,Cardio Beats,Fitness/EDM,4
3608,2025-02-18,M11,Heartbreak Ballad,R&B,4
3608,2025-02-18,M12,Love Story,R&B,4
3608,2025-02-18,M03,Cardio Beats,Fitness/EDM,4
3609,2025-05-07,M11,Heartbreak Ballad,R&B,4
3609,2025-05-07,M12,Love Story,R&B,4
3610,2025-02-28,M15,Amapiano Vibes,Amapiano/Afrobeat,5
3610,2025-02-28,M07,Deep Sleep,Ambient/Sleep,12
3611,2025-05-21,M01,Workout Anthem,Fitness/EDM,3
3611,2025-05-21,M02,Pump It Up,Fitness/EDM,3
3611,2025-05-21,M03,Cardio Beats,Fitness/EDM,4
3612,2025-04-05,M13,Hip Hop Anthem,Hip-Hop,3
3612,2025-04-05,M14,Street Beats,Hip-Hop,3
3613,2025-04-06,M04,Study Focus 1,Instrumental,6
3613,2025-04-06,M09,Sunday Worship 2,Gospel,5
3613,2025-04-06,M10,Praise Medley,Gospel,7
3613,2025-04-06,M07,Deep Sleep,Ambient/Sleep,12
3614,2025-04-30,M06,Rain Sounds,Ambient/Sleep,10
3614,2025-04-30,M07,Deep Sleep,Ambient/Sleep,12
3615,2025-04-26,M11,Heartbreak Ballad,R&B,4
3615,2025-04-26,M12,Love Story,R&B,4
3616,2025-03-17,M15,Amapiano Vibes,Amapiano/Afrobeat,5
3616,2025-03-17,M16,Gengetone Hit,Amapiano/Afrobeat,4
3617,2025-03-03,M15,Amapiano Vibes,Amapiano/Afrobeat,5
3617,2025-03-03,M16,Gengetone Hit,Amapiano/Afrobeat,4
3618,2025-01-14,M11,Heartbreak Ballad,R&B,4
3618,2025-01-14,M12,Love Story,R&B,4
3619,2025-04-29,M07,Deep Sleep,Ambient/Sleep,12
3619,2025-04-29,M03,Cardio Beats,Fitness/EDM,4
3619,2025-04-29,M12,Love Story,R&B,4
3620,2025-02-08,M15,Amapiano Vibes,Amapiano/Afrobeat,5
3620,2025-02-08,M16,Gengetone Hit,Amapiano/Afrobeat,4
3621,2025-03-26,M08,Sunday Worship 1,Gospel,5
3621,2025-03-26,M09,Sunday Worship 2,Gospel,5
3621,2025-03-26,M10,Praise Medley,Gospel,7
3622,2025-05-12,M08,Sunday Worship 1,Gospel,5
3622,2025-05-12,M09,Sunday Worship 2,Gospel,5
3622,2025-05-12,M10,Praise Medley,Gospel,7
3623,2025-05-21,M06,Rain Sounds,Ambient/Sleep,10
3623,2025-05-21,M07,Deep Sleep,Ambient/Sleep,12
3624,2025-02-25,M10,Praise Medley,Gospel,7
3624,2025-02-25,M05,Study Focus 2,Instrumental,5
3625,2025-05-06,M04,Study Focus 1,Instrumental,6
3626,2025-05-02,M14,Street Beats,Hip-Hop,3
3626,2025-05-02,M02,Pump It Up,Fitness/EDM,3
3627,2025-05-20,M15,Amapiano Vibes,Amapiano/Afrobeat,5
3627,2025-05-20,M13,Hip Hop Anthem,Hip-Hop,3
3627,2025-05-20,M11,Heartbreak Ballad,R&B,4
3627,2025-05-20,M08,Sunday Worship 1,Gospel,5
3628,2025-02-25,M10,Praise Medley,Gospel,7
3628,2025-02-25,M12,Love Story,R&B,4
3629,2025-01-13,M14,Street Beats,Hip-Hop,3
3629,2025-01-13,M09,Sunday Worship 2,Gospel,5
3630,2025-02-27,M12,Love Story,R&B,4
3630,2025-02-27,M01,Workout Anthem,Fitness/EDM,3
3630,2025-02-27,M11,Heartbreak Ballad,R&B,4
3631,2025-02-23,M11,Heartbreak Ballad,R&B,4
3631,2025-02-23,M12,Love Story,R&B,4
3632,2025-03-23,M13,Hip Hop Anthem,Hip-Hop,3
3632,2025-03-23,M14,Street Beats,Hip-Hop,3
3632,2025-03-23,M15,Amapiano Vibes,Amapiano/Afrobeat,5
3633,2025-06-18,M08,Sunday Worship 1,Gospel,5
3633,2025-06-18,M09,Sunday Worship 2,Gospel,5
3633,2025-06-18,M10,Praise Medley,Gospel,7
3634,2025-06-07,M10,Praise Medley,Gospel,7
3634,2025-06-07,M16,Gengetone Hit,Amapiano/Afrobeat,4
3635,2025-01-06,M04,Study Focus 1,Instrumental,6
3635,2025-01-06,M09,Sunday Worship 2,Gospel,5
3636,2025-04-27,M06,Rain Sounds,Ambient/Sleep,10
3636,2025-04-27,M07,Deep Sleep,Ambient/Sleep,12
3637,2025-01-31,M05,Study Focus 2,Instrumental,5
3637,2025-01-31,M01,Workout Anthem,Fitness/EDM,3
3637,2025-01-31,M09,Sunday Worship 2,Gospel,5
3637,2025-01-31,M06,Rain Sounds,Ambient/Sleep,10
3638,2025-03-07,M13,Hip Hop Anthem,Hip-Hop,3
3638,2025-03-07,M11,Heartbreak Ballad,R&B,4
3638,2025-03-07,M06,Rain Sounds,Ambient/Sleep,10
3639,2025-06-14,M09,Sunday Worship 2,Gospel,5
3639,2025-06-14,M10,Praise Medley,Gospel,7
3639,2025-06-14,M16,Gengetone Hit,Amapiano/Afrobeat,4
3639,2025-06-14,M14,Street Beats,Hip-Hop,3
3640,2025-06-25,M01,Workout Anthem,Fitness/EDM,3
3640,2025-06-25,M02,Pump It Up,Fitness/EDM,3
3641,2025-05-04,M01,Workout Anthem,Fitness/EDM,3
3641,2025-05-04,M02,Pump It Up,Fitness/EDM,3
3642,2025-05-23,M12,Love Story,R&B,4
3642,2025-05-23,M05,Study Focus 2,Instrumental,5
3642,2025-05-23,M02,Pump It Up,Fitness/EDM,3
3643,2025-05-09,M04,Study Focus 1,Instrumental,6
3643,2025-05-09,M05,Study Focus 2,Instrumental,5
3644,2025-03-08,M08,Sunday Worship 1,Gospel,5
3644,2025-03-08,M09,Sunday Worship 2,Gospel,5
3644,2025-03-08,M10,Praise Medley,Gospel,7
3645,2025-05-08,M01,Workout Anthem,Fitness/EDM,3
3645,2025-05-08,M02,Pump It Up,Fitness/EDM,3
3646,2025-04-12,M15,Amapiano Vibes,Amapiano/Afrobeat,5
3646,2025-04-12,M07,Deep Sleep,Ambient/Sleep,12
3646,2025-04-12,M05,Study Focus 2,Instrumental,5
3647,2025-01-30,M11,Heartbreak Ballad,R&B,4
3647,2025-01-30,M12,Love Story,R&B,4
3648,2025-01-07,M04,Study Focus 1,Instrumental,6
3648,2025-01-07,M05,Study Focus 2,Instrumental,5
3649,2025-03-25,M04,Study Focus 1,Instrumental,6
3649,2025-03-25,M05,Study Focus 2,Instrumental,5
3650,2025-02-28,M08,Sunday Worship 1,Gospel,5
3650,2025-02-28,M09,Sunday Worship 2,Gospel,5
3651,2025-05-14,M13,Hip Hop Anthem,Hip-Hop,3
3651,2025-05-14,M14,Street Beats,Hip-Hop,3
3651,2025-05-14,M15,Amapiano Vibes,Amapiano/Afrobeat,5
3652,2025-04-27,M12,Love Story,R&B,4
3653,2025-06-27,M04,Study Focus 1,Instrumental,6
3653,2025-06-27,M05,Study Focus 2,Instrumental,5
3654,2025-01-06,M04,Study Focus 1,Instrumental,6
3654,2025-01-06,M05,Study Focus 2,Instrumental,5
3655,2025-04-08,M04,Study Focus 1,Instrumental,6
3655,2025-04-08,M01,Workout Anthem,Fitness/EDM,3
3656,2025-02-11,M15,Amapiano Vibes,Amapiano/Afrobeat,5
3656,2025-02-11,M16,Gengetone Hit,Amapiano/Afrobeat,4
3657,2025-04-04,M08,Sunday Worship 1,Gospel,5
3658,2025-06-30,M04,Study Focus 1,Instrumental,6
3658,2025-06-30,M05,Study Focus 2,Instrumental,5
3659,2025-04-01,M09,Sunday Worship 2,Gospel,5
3659,2025-04-01,M06,Rain Sounds,Ambient/Sleep,10
3660,2025-05-30,M11,Heartbreak Ballad,R&B,4
3660,2025-05-30,M12,Love Story,R&B,4
3661,2025-02-01,M13,Hip Hop Anthem,Hip-Hop,3
3661,2025-02-01,M04,Study Focus 1,Instrumental,6
3661,2025-02-01,M07,Deep Sleep,Ambient/Sleep,12
3661,2025-02-01,M14,Street Beats,Hip-Hop,3
3662,2025-02-09,M15,Amapiano Vibes,Amapiano/Afrobeat,5
3662,2025-02-09,M16,Gengetone Hit,Amapiano/Afrobeat,4
3663,2025-04-22,M04,Study Focus 1,Instrumental,6
3663,2025-04-22,M05,Study Focus 2,Instrumental,5
3664,2025-01-05,M13,Hip Hop Anthem,Hip-Hop,3
3664,2025-01-05,M14,Street Beats,Hip-Hop,3
3665,2025-02-05,M13,Hip Hop Anthem,Hip-Hop,3
3665,2025-02-05,M14,Street Beats,Hip-Hop,3
3665,2025-02-05,M15,Amapiano Vibes,Amapiano/Afrobeat,5
3666,2025-04-08,M11,Heartbreak Ballad,R&B,4
3666,2025-04-08,M12,Love Story,R&B,4
3667,2025-04-02,M15,Amapiano Vibes,Amapiano/Afrobeat,5
3667,2025-04-02,M16,Gengetone Hit,Amapiano/Afrobeat,4
3668,2025-01-24,M01,Workout Anthem,Fitness/EDM,3
3669,2025-03-17,M01,Workout Anthem,Fitness/EDM,3
3669,2025-03-17,M07,Deep Sleep,Ambient/Sleep,12
3669,2025-03-17,M11,Heartbreak Ballad,R&B,4
3669,2025-03-17,M09,Sunday Worship 2,Gospel,5
3670,2025-04-18,M14,Street Beats,Hip-Hop,3
3670,2025-04-18,M09,Sunday Worship 2,Gospel,5
3670,2025-04-18,M06,Rain Sounds,Ambient/Sleep,10
3671,2025-05-09,M06,Rain Sounds,Ambient/Sleep,10
3671,2025-05-09,M07,Deep Sleep,Ambient/Sleep,12
3672,2025-04-21,M01,Workout Anthem,Fitness/EDM,3
3672,2025-04-21,M07,Deep Sleep,Ambient/Sleep,12
3672,2025-04-21,M02,Pump It Up,Fitness/EDM,3
3673,2025-03-03,M01,Workout Anthem,Fitness/EDM,3
3673,2025-03-03,M16,Gengetone Hit,Amapiano/Afrobeat,4
3673,2025-03-03,M06,Rain Sounds,Ambient/Sleep,10
3673,2025-03-03,M08,Sunday Worship 1,Gospel,5
3674,2025-05-27,M08,Sunday Worship 1,Gospel,5
3674,2025-05-27,M09,Sunday Worship 2,Gospel,5
3674,2025-05-27,M10,Praise Medley,Gospel,7
3675,2025-06-01,M08,Sunday Worship 1,Gospel,5
3675,2025-06-01,M09,Sunday Worship 2,Gospel,5
3675,2025-06-01,M10,Praise Medley,Gospel,7
3676,2025-02-02,M01,Workout Anthem,Fitness/EDM,3
3676,2025-02-02,M02,Pump It Up,Fitness/EDM,3
3676,2025-02-02,M03,Cardio Beats,Fitness/EDM,4
3677,2025-05-02,M14,Street Beats,Hip-Hop,3
3677,2025-05-02,M11,Heartbreak Ballad,R&B,4
3677,2025-05-02,M13,Hip Hop Anthem,Hip-Hop,3
3678,2025-05-09,M11,Heartbreak Ballad,R&B,4
3678,2025-05-09,M12,Love Story,R&B,4
3679,2025-06-19,M01,Workout Anthem,Fitness/EDM,3
3679,2025-06-19,M02,Pump It Up,Fitness/EDM,3
3680,2025-06-18,M08,Sunday Worship 1,Gospel,5
3680,2025-06-18,M09,Sunday Worship 2,Gospel,5
3681,2025-04-21,M05,Study Focus 2,Instrumental,5
3682,2025-02-06,M11,Heartbreak Ballad,R&B,4
3682,2025-02-06,M12,Love Story,R&B,4
3683,2025-01-07,M06,Rain Sounds,Ambient/Sleep,10
3683,2025-01-07,M07,Deep Sleep,Ambient/Sleep,12
3684,2025-02-23,M08,Sunday Worship 1,Gospel,5
3684,2025-02-23,M09,Sunday Worship 2,Gospel,5
3685,2025-06-06,M11,Heartbreak Ballad,R&B,4
3685,2025-06-06,M12,Love Story,R&B,4
3686,2025-03-11,M13,Hip Hop Anthem,Hip-Hop,3
3686,2025-03-11,M04,Study Focus 1,Instrumental,6
3686,2025-03-11,M01,Workout Anthem,Fitness/EDM,3
3687,2025-06-06,M04,Study Focus 1,Instrumental,6
3687,2025-06-06,M05,Study Focus 2,Instrumental,5
3687,2025-06-06,M06,Rain Sounds,Ambient/Sleep,10
3688,2025-06-18,M02,Pump It Up,Fitness/EDM,3
3688,2025-06-18,M08,Sunday Worship 1,Gospel,5
3688,2025-06-18,M16,Gengetone Hit,Amapiano/Afrobeat,4
3689,2025-01-18,M13,Hip Hop Anthem,Hip-Hop,3
3689,2025-01-18,M14,Street Beats,Hip-Hop,3
3690,2025-03-13,M08,Sunday Worship 1,Gospel,5
3690,2025-03-13,M03,Cardio Beats,Fitness/EDM,4
3691,2025-05-27,M07,Deep Sleep,Ambient/Sleep,12
3692,2025-03-10,M12,Love Story,R&B,4
3692,2025-03-10,M16,Gengetone Hit,Amapiano/Afrobeat,4
3692,2025-03-10,M01,Workout Anthem,Fitness/EDM,3
3693,2025-02-01,M11,Heartbreak Ballad,R&B,4
3693,2025-02-01,M12,Love Story,R&B,4
3694,2025-03-09,M08,Sunday Worship 1,Gospel,5
3694,2025-03-09,M09,Sunday Worship 2,Gospel,5
3694,2025-03-09,M10,Praise Medley,Gospel,7
3695,2025-02-24,M12,Love Story,R&B,4
3696,2025-05-31,M06,Rain Sounds,Ambient/Sleep,10
3696,2025-05-31,M07,Deep Sleep,Ambient/Sleep,12
3697,2025-02-16,M04,Study Focus 1,Instrumental,6
3697,2025-02-16,M05,Study Focus 2,Instrumental,5
3697,2025-02-16,M06,Rain Sounds,Ambient/Sleep,10
3698,2025-02-25,M01,Workout Anthem,Fitness/EDM,3
3698,2025-02-25,M02,Pump It Up,Fitness/EDM,3
3699,2025-02-11,M06,Rain Sounds,Ambient/Sleep,10
3699,2025-02-11,M07,Deep Sleep,Ambient/Sleep,12
3700,2025-06-14,M04,Study Focus 1,Instrumental,6
3700,2025-06-14,M05,Study Focus 2,Instrumental,5
3700,2025-06-14,M06,Rain Sounds,Ambient/Sleep,10
3701,2025-04-21,M06,Rain Sounds,Ambient/Sleep,10
3702,2025-01-21,M06,Rain Sounds,Ambient/Sleep,10
3702,2025-01-21,M07,Deep Sleep,Ambient/Sleep,12
3703,2025-01-13,M02,Pump It Up,Fitness/EDM,3
3703,2025-01-13,M03,Cardio Beats,Fitness/EDM,4
3703,2025-01-13,M11,Heartbreak Ballad,R&B,4
3703,2025-01-13,M06,Rain Sounds,Ambient/Sleep,10
3704,2025-05-30,M01,Workout Anthem,Fitness/EDM,3
3704,2025-05-30,M02,Pump It Up,Fitness/EDM,3
3704,2025-05-30,M03,Cardio Beats,Fitness/EDM,4
3705,2025-02-21,M03,Cardio Beats,Fitness/EDM,4
3705,2025-02-21,M07,Deep Sleep,Ambient/Sleep,12
3705,2025-02-21,M08,Sunday Worship 1,Gospel,5
3706,2025-02-26,M13,Hip Hop Anthem,Hip-Hop,3
3706,2025-02-26,M10,Praise Medley,Gospel,7
3706,2025-02-26,M02,Pump It Up,Fitness/EDM,3
3706,2025-02-26,M14,Street Beats,Hip-Hop,3
3707,2025-05-17,M01,Workout Anthem,Fitness/EDM,3
3707,2025-05-17,M02,Pump It Up,Fitness/EDM,3
3707,2025-05-17,M03,Cardio Beats,Fitness/EDM,4
3708,2025-03-06,M15,Amapiano Vibes,Amapiano/Afrobeat,5
3708,2025-03-06,M16,Gengetone Hit,Amapiano/Afrobeat,4
3708,2025-03-06,M14,Street Beats,Hip-Hop,3
3709,2025-03-05,M04,Study Focus 1,Instrumental,6
3709,2025-03-05,M05,Study Focus 2,Instrumental,5
3710,2025-06-25,M13,Hip Hop Anthem,Hip-Hop,3
3711,2025-05-07,M04,Study Focus 1,Instrumental,6
3711,2025-05-07,M05,Study Focus 2,Instrumental,5
3712,2025-03-22,M11,Heartbreak Ballad,R&B,4
3712,2025-03-22,M01,Workout Anthem,Fitness/EDM,3
3713,2025-06-19,M04,Study Focus 1,Instrumental,6
3713,2025-06-19,M05,Study Focus 2,Instrumental,5
3713,2025-06-19,M06,Rain Sounds,Ambient/Sleep,10
3714,2025-01-06,M01,Workout Anthem,Fitness/EDM,3
3714,2025-01-06,M02,Pump It Up,Fitness/EDM,3
3715,2025-02-17,M11,Heartbreak Ballad,R&B,4
3715,2025-02-17,M12,Love Story,R&B,4
3716,2025-03-03,M04,Study Focus 1,Instrumental,6
3716,2025-03-03,M05,Study Focus 2,Instrumental,5
3717,2025-04-19,M15,Amapiano Vibes,Amapiano/Afrobeat,5
3717,2025-04-19,M16,Gengetone Hit,Amapiano/Afrobeat,4
3718,2025-01-12,M08,Sunday Worship 1,Gospel,5
3718,2025-01-12,M09,Sunday Worship 2,Gospel,5
3718,2025-01-12,M10,Praise Medley,Gospel,7
3719,2025-02-02,M15,Amapiano Vibes,Amapiano/Afrobeat,5
3720,2025-06-04,M06,Rain Sounds,Ambient/Sleep,10
3720,2025-06-04,M13,Hip Hop Anthem,Hip-Hop,3
3720,2025-06-04,M12,Love Story,R&B,4
3720,2025-06-04,M15,Amapiano Vibes,Amapiano/Afrobeat,5
3721,2025-06-29,M16,Gengetone Hit,Amapiano/Afrobeat,4
3722,2025-01-20,M08,Sunday Worship 1,Gospel,5
3722,2025-01-20,M05,Study Focus 2,Instrumental,5
3722,2025-01-20,M10,Praise Medley,Gospel,7
3723,2025-01-10,M03,Cardio Beats,Fitness/EDM,4
3723,2025-01-10,M11,Heartbreak Ballad,R&B,4
3723,2025-01-10,M09,Sunday Worship 2,Gospel,5
3723,2025-01-10,M12,Love Story,R&B,4
3724,2025-05-01,M09,Sunday Worship 2,Gospel,5
3724,2025-05-01,M04,Study Focus 1,Instrumental,6
3724,2025-05-01,M16,Gengetone Hit,Amapiano/Afrobeat,4
3725,2025-01-27,M13,Hip Hop Anthem,Hip-Hop,3
3725,2025-01-27,M14,Street Beats,Hip-Hop,3
3725,2025-01-27,M15,Amapiano Vibes,Amapiano/Afrobeat,5
3726,2025-03-27,M04,Study Focus 1,Instrumental,6
3726,2025-03-27,M05,Study Focus 2,Instrumental,5
3727,2025-01-06,M09,Sunday Worship 2,Gospel,5
3728,2025-06-10,M13,Hip Hop Anthem,Hip-Hop,3
3728,2025-06-10,M02,Pump It Up,Fitness/EDM,3
3728,2025-06-10,M08,Sunday Worship 1,Gospel,5
3729,2025-03-09,M04,Study Focus 1,Instrumental,6
3729,2025-03-09,M05,Study Focus 2,Instrumental,5
3730,2025-04-25,M01,Workout Anthem,Fitness/EDM,3
3730,2025-04-25,M02,Pump It Up,Fitness/EDM,3
3730,2025-04-25,M03,Cardio Beats,Fitness/EDM,4
3731,2025-01-12,M08,Sunday Worship 1,Gospel,5
3731,2025-01-12,M09,Sunday Worship 2,Gospel,5
3732,2025-05-10,M06,Rain Sounds,Ambient/Sleep,10
3732,2025-05-10,M07,Deep Sleep,Ambient/Sleep,12
3733,2025-01-06,M09,Sunday Worship 2,Gospel,5
3733,2025-01-06,M14,Street Beats,Hip-Hop,3
3733,2025-01-06,M15,Amapiano Vibes,Amapiano/Afrobeat,5
3733,2025-01-06,M06,Rain Sounds,Ambient/Sleep,10
3734,2025-04-24,M08,Sunday Worship 1,Gospel,5
3734,2025-04-24,M09,Sunday Worship 2,Gospel,5
3735,2025-01-16,M15,Amapiano Vibes,Amapiano/Afrobeat,5
3735,2025-01-16,M16,Gengetone Hit,Amapiano/Afrobeat,4
3735,2025-01-16,M10,Praise Medley,Gospel,7
3736,2025-04-14,M05,Study Focus 2,Instrumental,5
3736,2025-04-14,M08,Sunday Worship 1,Gospel,5
3737,2025-06-15,M04,Study Focus 1,Instrumental,6
3737,2025-06-15,M05,Study Focus 2,Instrumental,5
3738,2025-05-23,M04,Study Focus 1,Instrumental,6
3738,2025-05-23,M05,Study Focus 2,Instrumental,5
3739,2025-02-17,M04,Study Focus 1,Instrumental,6
3739,2025-02-17,M05,Study Focus 2,Instrumental,5
3740,2025-04-02,M15,Amapiano Vibes,Amapiano/Afrobeat,5
3740,2025-04-02,M16,Gengetone Hit,Amapiano/Afrobeat,4
3741,2025-03-28,M13,Hip Hop Anthem,Hip-Hop,3
3741,2025-03-28,M14,Street Beats,Hip-Hop,3
3742,2025-01-31,M09,Sunday Worship 2,Gospel,5
3742,2025-01-31,M07,Deep Sleep,Ambient/Sleep,12
3742,2025-01-31,M03,Cardio Beats,Fitness/EDM,4
3743,2025-01-09,M04,Study Focus 1,Instrumental,6
3743,2025-01-09,M05,Study Focus 2,Instrumental,5
3744,2025-05-05,M05,Study Focus 2,Instrumental,5
3744,2025-05-05,M10,Praise Medley,Gospel,7
3745,2025-01-01,M11,Heartbreak Ballad,R&B,4
3745,2025-01-01,M12,Love Story,R&B,4
3746,2025-05-03,M16,Gengetone Hit,Amapiano/Afrobeat,4
3746,2025-05-03,M06,Rain Sounds,Ambient/Sleep,10
3747,2025-02-06,M15,Amapiano Vibes,Amapiano/Afrobeat,5
3747,2025-02-06,M16,Gengetone Hit,Amapiano/Afrobeat,4
3748,2025-06-13,M01,Workout Anthem,Fitness/EDM,3
3748,2025-06-13,M02,Pump It Up,Fitness/EDM,3
3748,2025-06-13,M03,Cardio Beats,Fitness/EDM,4
3749,2025-03-08,M01,Workout Anthem,Fitness/EDM,3
3749,2025-03-08,M02,Pump It Up,Fitness/EDM,3
3749,2025-03-08,M03,Cardio Beats,Fitness/EDM,4
3750,2025-05-17,M11,Heartbreak Ballad,R&B,4
3750,2025-05-17,M12,Love Story,R&B,4
3751,2025-01-21,M13,Hip Hop Anthem,Hip-Hop,3
3751,2025-01-21,M14,Street Beats,Hip-Hop,3
3752,2025-03-03,M11,Heartbreak Ballad,R&B,4
3752,2025-03-03,M12,Love Story,R&B,4
3753,2025-03-06,M15,Amapiano Vibes,Amapiano/Afrobeat,5
3753,2025-03-06,M16,Gengetone Hit,Amapiano/Afrobeat,4
3754,2025-03-11,M08,Sunday Worship 1,Gospel,5
3754,2025-03-11,M12,Love Story,R&B,4
3754,2025-03-11,M02,Pump It Up,Fitness/EDM,3
3755,2025-02-08,M13,Hip Hop Anthem,Hip-Hop,3
3755,2025-02-08,M14,Street Beats,Hip-Hop,3
3755,2025-02-08,M15,Amapiano Vibes,Amapiano/Afrobeat,5
3756,2025-01-12,M13,Hip Hop Anthem,Hip-Hop,3
3756,2025-01-12,M14,Street Beats,Hip-Hop,3
3757,2025-06-23,M03,Cardio Beats,Fitness/EDM,4
3758,2025-03-12,M04,Study Focus 1,Instrumental,6
3758,2025-03-12,M05,Study Focus 2,Instrumental,5
3758,2025-03-12,M10,Praise Medley,Gospel,7
3759,2025-02-17,M09,Sunday Worship 2,Gospel,5
3760,2025-05-22,M11,Heartbreak Ballad,R&B,4
3760,2025-05-22,M05,Study Focus 2,Instrumental,5
3760,2025-05-22,M04,Study Focus 1,Instrumental,6
3760,2025-05-22,M06,Rain Sounds,Ambient/Sleep,10
3761,2025-03-13,M04,Study Focus 1,Instrumental,6
3761,2025-03-13,M05,Study Focus 2,Instrumental,5
3762,2025-05-06,M04,Study Focus 1,Instrumental,6
3762,2025-05-06,M05,Study Focus 2,Instrumental,5
3763,2025-03-22,M15,Amapiano Vibes,Amapiano/Afrobeat,5
3763,2025-03-22,M16,Gengetone Hit,Amapiano/Afrobeat,4
3764,2025-03-25,M13,Hip Hop Anthem,Hip-Hop,3
3764,2025-03-25,M09,Sunday Worship 2,Gospel,5
3764,2025-03-25,M06,Rain Sounds,Ambient/Sleep,10
3765,2025-06-29,M06,Rain Sounds,Ambient/Sleep,10
3765,2025-06-29,M07,Deep Sleep,Ambient/Sleep,12
3766,2025-03-09,M01,Workout Anthem,Fitness/EDM,3
3766,2025-03-09,M02,Pump It Up,Fitness/EDM,3
3767,2025-02-22,M08,Sunday Worship 1,Gospel,5
3767,2025-02-22,M09,Sunday Worship 2,Gospel,5
3768,2025-02-14,M04,Study Focus 1,Instrumental,6
3768,2025-02-14,M13,Hip Hop Anthem,Hip-Hop,3
3768,2025-02-14,M07,Deep Sleep,Ambient/Sleep,12
3768,2025-02-14,M02,Pump It Up,Fitness/EDM,3
3769,2025-03-11,M12,Love Story,R&B,4
3770,2025-03-15,M15,Amapiano Vibes,Amapiano/Afrobeat,5
3770,2025-03-15,M16,Gengetone Hit,Amapiano/Afrobeat,4
3770,2025-03-15,M02,Pump It Up,Fitness/EDM,3
3771,2025-04-11,M01,Workout Anthem,Fitness/EDM,3
3771,2025-04-11,M02,Pump It Up,Fitness/EDM,3
3771,2025-04-11,M03,Cardio Beats,Fitness/EDM,4
3772,2025-06-17,M13,Hip Hop Anthem,Hip-Hop,3
3772,2025-06-17,M14,Street Beats,Hip-Hop,3
3772,2025-06-17,M15,Amapiano Vibes,Amapiano/Afrobeat,5
3773,2025-03-02,M06,Rain Sounds,Ambient/Sleep,10
3773,2025-03-02,M07,Deep Sleep,Ambient/Sleep,12
3774,2025-02-17,M05,Study Focus 2,Instrumental,5
3774,2025-02-17,M03,Cardio Beats,Fitness/EDM,4
3774,2025-02-17,M07,Deep Sleep,Ambient/Sleep,12
3775,2025-01-26,M08,Sunday Worship 1,Gospel,5
3775,2025-01-26,M09,Sunday Worship 2,Gospel,5
3775,2025-01-26,M10,Praise Medley,Gospel,7
3776,2025-02-15,M16,Gengetone Hit,Amapiano/Afrobeat,4
3776,2025-02-15,M12,Love Story,R&B,4
3776,2025-02-15,M08,Sunday Worship 1,Gospel,5
3776,2025-02-15,M07,Deep Sleep,Ambient/Sleep,12
3777,2025-03-17,M02,Pump It Up,Fitness/EDM,3
3777,2025-03-17,M11,Heartbreak Ballad,R&B,4
3777,2025-03-17,M15,Amapiano Vibes,Amapiano/Afrobeat,5
3777,2025-03-17,M06,Rain Sounds,Ambient/Sleep,10
3778,2025-05-09,M01,Workout Anthem,Fitness/EDM,3
3778,2025-05-09,M02,Pump It Up,Fitness/EDM,3
3778,2025-05-09,M03,Cardio Beats,Fitness/EDM,4
3779,2025-02-14,M08,Sunday Worship 1,Gospel,5
3779,2025-02-14,M09,Sunday Worship 2,Gospel,5
3780,2025-01-11,M02,Pump It Up,Fitness/EDM,3
3781,2025-01-18,M11,Heartbreak Ballad,R&B,4
3781,2025-01-18,M12,Love Story,R&B,4
3782,2025-05-22,M14,Street Beats,Hip-Hop,3
3782,2025-05-22,M02,Pump It Up,Fitness/EDM,3
3782,2025-05-22,M12,Love Story,R&B,4
3783,2025-02-06,M14,Street Beats,Hip-Hop,3
3783,2025-02-06,M10,Praise Medley,Gospel,7
3783,2025-02-06,M01,Workout Anthem,Fitness/EDM,3
3783,2025-02-06,M09,Sunday Worship 2,Gospel,5
3784,2025-02-14,M05,Study Focus 2,Instrumental,5
3784,2025-02-14,M15,Amapiano Vibes,Amapiano/Afrobeat,5
3785,2025-04-24,M09,Sunday Worship 2,Gospel,5
3786,2025-03-08,M08,Sunday Worship 1,Gospel,5
3786,2025-03-08,M09,Sunday Worship 2,Gospel,5
3786,2025-03-08,M02,Pump It Up,Fitness/EDM,3
3787,2025-05-07,M01,Workout Anthem,Fitness/EDM,3
3787,2025-05-07,M02,Pump It Up,Fitness/EDM,3
3788,2025-06-06,M08,Sunday Worship 1,Gospel,5
3788,2025-06-06,M09,Sunday Worship 2,Gospel,5
3789,2025-03-30,M01,Workout Anthem,Fitness/EDM,3
3789,2025-03-30,M02,Pump It Up,Fitness/EDM,3
3789,2025-03-30,M03,Cardio Beats,Fitness/EDM,4
3789,2025-03-30,M06,Rain Sounds,Ambient/Sleep,10
3790,2025-05-11,M08,Sunday Worship 1,Gospel,5
3790,2025-05-11,M09,Sunday Worship 2,Gospel,5
3790,2025-05-11,M10,Praise Medley,Gospel,7
3791,2025-03-31,M04,Study Focus 1,Instrumental,6
3791,2025-03-31,M05,Study Focus 2,Instrumental,5
3792,2025-01-13,M04,Study Focus 1,Instrumental,6
3792,2025-01-13,M05,Study Focus 2,Instrumental,5
3793,2025-04-22,M12,Love Story,R&B,4
3794,2025-03-24,M15,Amapiano Vibes,Amapiano/Afrobeat,5
3794,2025-03-24,M16,Gengetone Hit,Amapiano/Afrobeat,4
3795,2025-03-19,M13,Hip Hop Anthem,Hip-Hop,3
3795,2025-03-19,M14,Street Beats,Hip-Hop,3
3796,2025-03-26,M13,Hip Hop Anthem,Hip-Hop,3
3796,2025-03-26,M14,Street Beats,Hip-Hop,3
3796,2025-03-26,M15,Amapiano Vibes,Amapiano/Afrobeat,5
3797,2025-02-28,M05,Study Focus 2,Instrumental,5
3797,2025-02-28,M10,Praise Medley,Gospel,7
3797,2025-02-28,M01,Workout Anthem,Fitness/EDM,3
3797,2025-02-28,M12,Love Story,R&B,4
3798,2025-06-28,M06,Rain Sounds,Ambient/Sleep,10
3798,2025-06-28,M07,Deep Sleep,Ambient/Sleep,12
3799,2025-02-28,M10,Praise Medley,Gospel,7
3800,2025-02-11,M11,Heartbreak Ballad,R&B,4
3800,2025-02-11,M12,Love Story,R&B,4
3801,2025-03-10,M06,Rain Sounds,Ambient/Sleep,10
3801,2025-03-10,M07,Deep Sleep,Ambient/Sleep,12
3802,2025-02-16,M15,Amapiano Vibes,Amapiano/Afrobeat,5
3802,2025-02-16,M16,Gengetone Hit,Amapiano/Afrobeat,4
3803,2025-01-08,M16,Gengetone Hit,Amapiano/Afrobeat,4
3803,2025-01-08,M01,Workout Anthem,Fitness/EDM,3
3803,2025-01-08,M04,Study Focus 1,Instrumental,6
3804,2025-01-02,M06,Rain Sounds,Ambient/Sleep,10
3804,2025-01-02,M07,Deep Sleep,Ambient/Sleep,12
3805,2025-01-26,M04,Study Focus 1,Instrumental,6
3805,2025-01-26,M05,Study Focus 2,Instrumental,5
3806,2025-03-31,M08,Sunday Worship 1,Gospel,5
3806,2025-03-31,M09,Sunday Worship 2,Gospel,5
3806,2025-03-31,M10,Praise Medley,Gospel,7
3807,2025-04-19,M04,Study Focus 1,Instrumental,6
3807,2025-04-19,M05,Study Focus 2,Instrumental,5
3808,2025-01-20,M12,Love Story,R&B,4
3808,2025-01-20,M10,Praise Medley,Gospel,7
3808,2025-01-20,M01,Workout Anthem,Fitness/EDM,3
3809,2025-05-17,M08,Sunday Worship 1,Gospel,5
3810,2025-02-28,M04,Study Focus 1,Instrumental,6
3810,2025-02-28,M11,Heartbreak Ballad,R&B,4
3811,2025-01-03,M11,Heartbreak Ballad,R&B,4
3811,2025-01-03,M12,Love Story,R&B,4
3812,2025-04-06,M02,Pump It Up,Fitness/EDM,3
3813,2025-01-15,M06,Rain Sounds,Ambient/Sleep,10
3813,2025-01-15,M07,Deep Sleep,Ambient/Sleep,12
3814,2025-01-26,M12,Love Story,R&B,4
3815,2025-06-15,M11,Heartbreak Ballad,R&B,4
3815,2025-06-15,M12,Love Story,R&B,4
3816,2025-01-14,M15,Amapiano Vibes,Amapiano/Afrobeat,5
3816,2025-01-14,M16,Gengetone Hit,Amapiano/Afrobeat,4
3817,2025-06-25,M06,Rain Sounds,Ambient/Sleep,10
3817,2025-06-25,M07,Deep Sleep,Ambient/Sleep,12
3818,2025-01-10,M13,Hip Hop Anthem,Hip-Hop,3
3819,2025-03-28,M14,Street Beats,Hip-Hop,3
3819,2025-03-28,M02,Pump It Up,Fitness/EDM,3
3819,2025-03-28,M11,Heartbreak Ballad,R&B,4
3820,2025-04-13,M02,Pump It Up,Fitness/EDM,3
3820,2025-04-13,M14,Street Beats,Hip-Hop,3
3820,2025-04-13,M09,Sunday Worship 2,Gospel,5
3820,2025-04-13,M11,Heartbreak Ballad,R&B,4
3821,2025-05-22,M04,Study Focus 1,Instrumental,6
3821,2025-05-22,M05,Study Focus 2,Instrumental,5
3822,2025-02-06,M04,Study Focus 1,Instrumental,6
3822,2025-02-06,M05,Study Focus 2,Instrumental,5
3822,2025-02-06,M06,Rain Sounds,Ambient/Sleep,10
3823,2025-01-27,M15,Amapiano Vibes,Amapiano/Afrobeat,5
3823,2025-01-27,M16,Gengetone Hit,Amapiano/Afrobeat,4
3824,2025-05-31,M04,Study Focus 1,Instrumental,6
3824,2025-05-31,M02,Pump It Up,Fitness/EDM,3
3824,2025-05-31,M16,Gengetone Hit,Amapiano/Afrobeat,4
3824,2025-05-31,M07,Deep Sleep,Ambient/Sleep,12
3825,2025-02-02,M01,Workout Anthem,Fitness/EDM,3
3825,2025-02-02,M02,Pump It Up,Fitness/EDM,3
3826,2025-03-10,M10,Praise Medley,Gospel,7
3826,2025-03-10,M05,Study Focus 2,Instrumental,5
3826,2025-03-10,M15,Amapiano Vibes,Amapiano/Afrobeat,5
3827,2025-02-25,M11,Heartbreak Ballad,R&B,4
3827,2025-02-25,M12,Love Story,R&B,4
3828,2025-06-15,M08,Sunday Worship 1,Gospel,5
3829,2025-04-03,M01,Workout Anthem,Fitness/EDM,3
3829,2025-04-03,M02,Pump It Up,Fitness/EDM,3
3830,2025-01-05,M15,Amapiano Vibes,Amapiano/Afrobeat,5
3830,2025-01-05,M16,Gengetone Hit,Amapiano/Afrobeat,4
3831,2025-05-16,M11,Heartbreak Ballad,R&B,4
3831,2025-05-16,M12,Love Story,R&B,4
3832,2025-02-19,M09,Sunday Worship 2,Gospel,5
3832,2025-02-19,M01,Workout Anthem,Fitness/EDM,3
3832,2025-02-19,M07,Deep Sleep,Ambient/Sleep,12
3833,2025-02-02,M06,Rain Sounds,Ambient/Sleep,10
3833,2025-02-02,M07,Deep Sleep,Ambient/Sleep,12
3834,2025-03-17,M03,Cardio Beats,Fitness/EDM,4
3835,2025-01-15,M15,Amapiano Vibes,Amapiano/Afrobeat,5
3835,2025-01-15,M05,Study Focus 2,Instrumental,5
3835,2025-01-15,M12,Love Story,R&B,4
3836,2025-04-28,M04,Study Focus 1,Instrumental,6
3836,2025-04-28,M02,Pump It Up,Fitness/EDM,3
3836,2025-04-28,M01,Workout Anthem,Fitness/EDM,3
3837,2025-05-26,M13,Hip Hop Anthem,Hip-Hop,3
3837,2025-05-26,M14,Street Beats,Hip-Hop,3
3837,2025-05-26,M15,Amapiano Vibes,Amapiano/Afrobeat,5
3838,2025-02-05,M13,Hip Hop Anthem,Hip-Hop,3
3838,2025-02-05,M14,Street Beats,Hip-Hop,3
3839,2025-01-27,M06,Rain Sounds,Ambient/Sleep,10
3839,2025-01-27,M07,Deep Sleep,Ambient/Sleep,12
3840,2025-05-31,M08,Sunday Worship 1,Gospel,5
3840,2025-05-31,M09,Sunday Worship 2,Gospel,5
3840,2025-05-31,M10,Praise Medley,Gospel,7
3841,2025-03-18,M08,Sunday Worship 1,Gospel,5
3841,2025-03-18,M14,Street Beats,Hip-Hop,3
3842,2025-05-15,M07,Deep Sleep,Ambient/Sleep,12
3843,2025-03-14,M15,Amapiano Vibes,Amapiano/Afrobeat,5
3843,2025-03-14,M16,Gengetone Hit,Amapiano/Afrobeat,4
3844,2025-06-22,M04,Study Focus 1,Instrumental,6
3844,2025-06-22,M05,Study Focus 2,Instrumental,5
3845,2025-03-28,M08,Sunday Worship 1,Gospel,5
3845,2025-03-28,M09,Sunday Worship 2,Gospel,5
3846,2025-03-31,M08,Sunday Worship 1,Gospel,5
3846,2025-03-31,M09,Sunday Worship 2,Gospel,5
3846,2025-03-31,M10,Praise Medley,Gospel,7
3847,2025-02-03,M11,Heartbreak Ballad,R&B,4
3847,2025-02-03,M12,Love Story,R&B,4
3848,2025-03-22,M15,Amapiano Vibes,Amapiano/Afrobeat,5
3848,2025-03-22,M16,Gengetone Hit,Amapiano/Afrobeat,4
3848,2025-03-22,M04,Study Focus 1,Instrumental,6
3849,2025-01-18,M15,Amapiano Vibes,Amapiano/Afrobeat,5
3849,2025-01-18,M16,Gengetone Hit,Amapiano/Afrobeat,4
3850,2025-06-02,M13,Hip Hop Anthem,Hip-Hop,3
3850,2025-06-02,M14,Street Beats,Hip-Hop,3
3851,2025-02-22,M10,Praise Medley,Gospel,7
3851,2025-02-22,M12,Love Story,R&B,4
3851,2025-02-22,M16,Gengetone Hit,Amapiano/Afrobeat,4
3852,2025-04-23,M06,Rain Sounds,Ambient/Sleep,10
3852,2025-04-23,M07,Deep Sleep,Ambient/Sleep,12
3852,2025-04-23,M13,Hip Hop Anthem,Hip-Hop,3
3853,2025-02-22,M08,Sunday Worship 1,Gospel,5
3853,2025-02-22,M09,Sunday Worship 2,Gospel,5
3853,2025-02-22,M10,Praise Medley,Gospel,7
3854,2025-01-18,M01,Workout Anthem,Fitness/EDM,3
3854,2025-01-18,M02,Pump It Up,Fitness/EDM,3
3855,2025-06-04,M02,Pump It Up,Fitness/EDM,3
3855,2025-06-04,M11,Heartbreak Ballad,R&B,4
3856,2025-02-14,M13,Hip Hop Anthem,Hip-Hop,3
3856,2025-02-14,M14,Street Beats,Hip-Hop,3
3857,2025-06-12,M06,Rain Sounds,Ambient/Sleep,10
3857,2025-06-12,M07,Deep Sleep,Ambient/Sleep,12
3858,2025-04-19,M08,Sunday Worship 1,Gospel,5
3858,2025-04-19,M09,Sunday Worship 2,Gospel,5
3859,2025-02-23,M04,Study Focus 1,Instrumental,6
3859,2025-02-23,M05,Study Focus 2,Instrumental,5
3860,2025-06-29,M06,Rain Sounds,Ambient/Sleep,10
3860,2025-06-29,M08,Sunday Worship 1,Gospel,5
3860,2025-06-29,M01,Workout Anthem,Fitness/EDM,3
3860,2025-06-29,M15,Amapiano Vibes,Amapiano/Afrobeat,5
3861,2025-02-16,M03,Cardio Beats,Fitness/EDM,4
3861,2025-02-16,M13,Hip Hop Anthem,Hip-Hop,3
3861,2025-02-16,M10,Praise Medley,Gospel,7
3861,2025-02-16,M05,Study Focus 2,Instrumental,5
3862,2025-05-31,M01,Workout Anthem,Fitness/EDM,3
3862,2025-05-31,M02,Pump It Up,Fitness/EDM,3
3863,2025-03-07,M15,Amapiano Vibes,Amapiano/Afrobeat,5
3863,2025-03-07,M14,Street Beats,Hip-Hop,3
3864,2025-05-27,M06,Rain Sounds,Ambient/Sleep,10
3864,2025-05-27,M13,Hip Hop Anthem,Hip-Hop,3
3865,2025-03-22,M13,Hip Hop Anthem,Hip-Hop,3
3865,2025-03-22,M01,Workout Anthem,Fitness/EDM,3
3866,2025-05-14,M06,Rain Sounds,Ambient/Sleep,10
3866,2025-05-14,M07,Deep Sleep,Ambient/Sleep,12
3867,2025-01-08,M02,Pump It Up,Fitness/EDM,3
3868,2025-02-28,M06,Rain Sounds,Ambient/Sleep,10
3868,2025-02-28,M07,Deep Sleep,Ambient/Sleep,12
3869,2025-03-12,M11,Heartbreak Ballad,R&B,4
3869,2025-03-12,M12,Love Story,R&B,4
3870,2025-01-03,M12,Love Story,R&B,4
3870,2025-01-03,M15,Amapiano Vibes,Amapiano/Afrobeat,5
3870,2025-01-03,M09,Sunday Worship 2,Gospel,5
3871,2025-03-03,M11,Heartbreak Ballad,R&B,4
3871,2025-03-03,M12,Love Story,R&B,4
3871,2025-03-03,M09,Sunday Worship 2,Gospel,5
3872,2025-04-11,M02,Pump It Up,Fitness/EDM,3
3872,2025-04-11,M08,Sunday Worship 1,Gospel,5
3872,2025-04-11,M04,Study Focus 1,Instrumental,6
3873,2025-03-28,M15,Amapiano Vibes,Amapiano/Afrobeat,5
3873,2025-03-28,M16,Gengetone Hit,Amapiano/Afrobeat,4
3874,2025-02-05,M14,Street Beats,Hip-Hop,3
3874,2025-02-05,M13,Hip Hop Anthem,Hip-Hop,3
3874,2025-02-05,M15,Amapiano Vibes,Amapiano/Afrobeat,5
3875,2025-02-18,M11,Heartbreak Ballad,R&B,4
3875,2025-02-18,M12,Love Story,R&B,4
3876,2025-04-09,M03,Cardio Beats,Fitness/EDM,4
3877,2025-03-27,M13,Hip Hop Anthem,Hip-Hop,3
3877,2025-03-27,M14,Street Beats,Hip-Hop,3
3878,2025-04-04,M12,Love Story,R&B,4
3878,2025-04-04,M02,Pump It Up,Fitness/EDM,3
3878,2025-04-04,M10,Praise Medley,Gospel,7
3878,2025-04-04,M16,Gengetone Hit,Amapiano/Afrobeat,4
3879,2025-06-28,M11,Heartbreak Ballad,R&B,4
3879,2025-06-28,M12,Love Story,R&B,4
3880,2025-02-20,M06,Rain Sounds,Ambient/Sleep,10
3880,2025-02-20,M04,Study Focus 1,Instrumental,6
3880,2025-02-20,M01,Workout Anthem,Fitness/EDM,3
3880,2025-02-20,M11,Heartbreak Ballad,R&B,4
3881,2025-06-01,M06,Rain Sounds,Ambient/Sleep,10
3881,2025-06-01,M07,Deep Sleep,Ambient/Sleep,12
3882,2025-03-23,M14,Street Beats,Hip-Hop,3
3882,2025-03-23,M16,Gengetone Hit,Amapiano/Afrobeat,4
3883,2025-05-13,M15,Amapiano Vibes,Amapiano/Afrobeat,5
3883,2025-05-13,M16,Gengetone Hit,Amapiano/Afrobeat,4
3884,2025-06-29,M04,Study Focus 1,Instrumental,6
3884,2025-06-29,M05,Study Focus 2,Instrumental,5
3884,2025-06-29,M06,Rain Sounds,Ambient/Sleep,10
3885,2025-04-06,M08,Sunday Worship 1,Gospel,5
3885,2025-04-06,M09,Sunday Worship 2,Gospel,5
3886,2025-04-02,M06,Rain Sounds,Ambient/Sleep,10
3886,2025-04-02,M07,Deep Sleep,Ambient/Sleep,12
3887,2025-05-29,M01,Workout Anthem,Fitness/EDM,3
3887,2025-05-29,M11,Heartbreak Ballad,R&B,4
3887,2025-05-29,M16,Gengetone Hit,Amapiano/Afrobeat,4
3887,2025-05-29,M12,Love Story,R&B,4
3888,2025-01-03,M11,Heartbreak Ballad,R&B,4
3888,2025-01-03,M12,Love Story,R&B,4
3889,2025-05-11,M09,Sunday Worship 2,Gospel,5
3889,2025-05-11,M14,Street Beats,Hip-Hop,3
3890,2025-06-22,M06,Rain Sounds,Ambient/Sleep,10
3890,2025-06-22,M07,Deep Sleep,Ambient/Sleep,12
3891,2025-03-08,M11,Heartbreak Ballad,R&B,4
3891,2025-03-08,M12,Love Story,R&B,4
3892,2025-01-21,M05,Study Focus 2,Instrumental,5
3892,2025-01-21,M01,Workout Anthem,Fitness/EDM,3
3892,2025-01-21,M06,Rain Sounds,Ambient/Sleep,10
3893,2025-04-07,M12,Love Story,R&B,4
3893,2025-04-07,M09,Sunday Worship 2,Gospel,5
3893,2025-04-07,M08,Sunday Worship 1,Gospel,5
3893,2025-04-07,M10,Praise Medley,Gospel,7
3894,2025-03-13,M15,Amapiano Vibes,Amapiano/Afrobeat,5
3894,2025-03-13,M16,Gengetone Hit,Amapiano/Afrobeat,4
3895,2025-01-16,M15,Amapiano Vibes,Amapiano/Afrobeat,5
3895,2025-01-16,M01,Workout Anthem,Fitness/EDM,3
3896,2025-06-16,M13,Hip Hop Anthem,Hip-Hop,3
3896,2025-06-16,M14,Street Beats,Hip-Hop,3
3897,2025-01-24,M15,Amapiano Vibes,Amapiano/Afrobeat,5
3897,2025-01-24,M16,Gengetone Hit,Amapiano/Afrobeat,4
3897,2025-01-24,M01,Workout Anthem,Fitness/EDM,3
3898,2025-04-15,M11,Heartbreak Ballad,R&B,4
3898,2025-04-15,M05,Study Focus 2,Instrumental,5
3899,2025-03-26,M13,Hip Hop Anthem,Hip-Hop,3
3899,2025-03-26,M14,Street Beats,Hip-Hop,3
3900,2025-06-23,M13,Hip Hop Anthem,Hip-Hop,3
3900,2025-06-23,M16,Gengetone Hit,Amapiano/Afrobeat,4
3901,2025-05-28,M01,Workout Anthem,Fitness/EDM,3
3901,2025-05-28,M02,Pump It Up,Fitness/EDM,3
3902,2025-04-06,M07,Deep Sleep,Ambient/Sleep,12
3902,2025-04-06,M03,Cardio Beats,Fitness/EDM,4
3902,2025-04-06,M14,Street Beats,Hip-Hop,3
3902,2025-04-06,M01,Workout Anthem,Fitness/EDM,3
3903,2025-03-25,M08,Sunday Worship 1,Gospel,5
3903,2025-03-25,M09,Sunday Worship 2,Gospel,5
3904,2025-05-31,M04,Study Focus 1,Instrumental,6
3904,2025-05-31,M05,Study Focus 2,Instrumental,5
3905,2025-02-09,M06,Rain Sounds,Ambient/Sleep,10
3905,2025-02-09,M13,Hip Hop Anthem,Hip-Hop,3
3905,2025-02-09,M15,Amapiano Vibes,Amapiano/Afrobeat,5
3905,2025-02-09,M10,Praise Medley,Gospel,7
3906,2025-05-07,M12,Love Story,R&B,4
3906,2025-05-07,M08,Sunday Worship 1,Gospel,5
3906,2025-05-07,M06,Rain Sounds,Ambient/Sleep,10
3907,2025-02-01,M04,Study Focus 1,Instrumental,6
3907,2025-02-01,M05,Study Focus 2,Instrumental,5
3908,2025-06-06,M06,Rain Sounds,Ambient/Sleep,10
3908,2025-06-06,M07,Deep Sleep,Ambient/Sleep,12
3909,2025-04-15,M12,Love Story,R&B,4
3910,2025-05-29,M15,Amapiano Vibes,Amapiano/Afrobeat,5
3910,2025-05-29,M16,Gengetone Hit,Amapiano/Afrobeat,4
3910,2025-05-29,M14,Street Beats,Hip-Hop,3
3911,2025-06-27,M08,Sunday Worship 1,Gospel,5
3911,2025-06-27,M09,Sunday Worship 2,Gospel,5
3912,2025-05-14,M06,Rain Sounds,Ambient/Sleep,10
3912,2025-05-14,M12,Love Story,R&B,4
3912,2025-05-14,M03,Cardio Beats,Fitness/EDM,4
3912,2025-05-14,M09,Sunday Worship 2,Gospel,5
3913,2025-05-29,M15,Amapiano Vibes,Amapiano/Afrobeat,5
3913,2025-05-29,M16,Gengetone Hit,Amapiano/Afrobeat,4
3914,2025-05-19,M02,Pump It Up,Fitness/EDM,3
3914,2025-05-19,M13,Hip Hop Anthem,Hip-Hop,3
3914,2025-05-19,M04,Study Focus 1,Instrumental,6
3915,2025-06-06,M04,Study Focus 1,Instrumental,6
3915,2025-06-06,M05,Study Focus 2,Instrumental,5
3916,2025-03-16,M10,Praise Medley,Gospel,7
3916,2025-03-16,M01,Workout Anthem,Fitness/EDM,3
3916,2025-03-16,M12,Love Story,R&B,4
3917,2025-06-19,M01,Workout Anthem,Fitness/EDM,3
3917,2025-06-19,M02,Pump It Up,Fitness/EDM,3
3918,2025-01-15,M06,Rain Sounds,Ambient/Sleep,10
3918,2025-01-15,M07,Deep Sleep,Ambient/Sleep,12
3919,2025-05-05,M11,Heartbreak Ballad,R&B,4
3919,2025-05-05,M12,Love Story,R&B,4
3920,2025-05-25,M06,Rain Sounds,Ambient/Sleep,10
3920,2025-05-25,M07,Deep Sleep,Ambient/Sleep,12
3921,2025-04-27,M01,Workout Anthem,Fitness/EDM,3
3921,2025-04-27,M02,Pump It Up,Fitness/EDM,3
3921,2025-04-27,M04,Study Focus 1,Instrumental,6
3922,2025-06-27,M04,Study Focus 1,Instrumental,6
3922,2025-06-27,M05,Study Focus 2,Instrumental,5
3923,2025-06-19,M13,Hip Hop Anthem,Hip-Hop,3
3923,2025-06-19,M15,Amapiano Vibes,Amapiano/Afrobeat,5
3923,2025-06-19,M02,Pump It Up,Fitness/EDM,3
3923,2025-06-19,M14,Street Beats,Hip-Hop,3
3924,2025-05-27,M08,Sunday Worship 1,Gospel,5
3924,2025-05-27,M09,Sunday Worship 2,Gospel,5
3925,2025-05-15,M14,Street Beats,Hip-Hop,3
3925,2025-05-15,M11,Heartbreak Ballad,R&B,4
3926,2025-06-26,M13,Hip Hop Anthem,Hip-Hop,3
3926,2025-06-26,M14,Street Beats,Hip-Hop,3
3927,2025-03-06,M15,Amapiano Vibes,Amapiano/Afrobeat,5
3927,2025-03-06,M16,Gengetone Hit,Amapiano/Afrobeat,4
3928,2025-02-22,M01,Workout Anthem,Fitness/EDM,3
3928,2025-02-22,M02,Pump It Up,Fitness/EDM,3
3928,2025-02-22,M03,Cardio Beats,Fitness/EDM,4
3929,2025-04-19,M11,Heartbreak Ballad,R&B,4
3929,2025-04-19,M12,Love Story,R&B,4
3930,2025-01-05,M14,Street Beats,Hip-Hop,3
3931,2025-01-05,M11,Heartbreak Ballad,R&B,4
3931,2025-01-05,M12,Love Story,R&B,4
3932,2025-04-17,M13,Hip Hop Anthem,Hip-Hop,3
3932,2025-04-17,M15,Amapiano Vibes,Amapiano/Afrobeat,5
3932,2025-04-17,M05,Study Focus 2,Instrumental,5
3933,2025-03-03,M16,Gengetone Hit,Amapiano/Afrobeat,4
3934,2025-03-18,M08,Sunday Worship 1,Gospel,5
3934,2025-03-18,M02,Pump It Up,Fitness/EDM,3
3934,2025-03-18,M09,Sunday Worship 2,Gospel,5
3934,2025-03-18,M03,Cardio Beats,Fitness/EDM,4
3935,2025-01-10,M06,Rain Sounds,Ambient/Sleep,10
3935,2025-01-10,M07,Deep Sleep,Ambient/Sleep,12
3936,2025-03-13,M08,Sunday Worship 1,Gospel,5
3936,2025-03-13,M09,Sunday Worship 2,Gospel,5
3936,2025-03-13,M10,Praise Medley,Gospel,7
3937,2025-02-22,M15,Amapiano Vibes,Amapiano/Afrobeat,5
3937,2025-02-22,M02,Pump It Up,Fitness/EDM,3
3938,2025-04-18,M15,Amapiano Vibes,Amapiano/Afrobeat,5
3938,2025-04-18,M16,Gengetone Hit,Amapiano/Afrobeat,4
3939,2025-06-02,M08,Sunday Worship 1,Gospel,5
3939,2025-06-02,M09,Sunday Worship 2,Gospel,5
3940,2025-04-19,M15,Amapiano Vibes,Amapiano/Afrobeat,5
3940,2025-04-19,M16,Gengetone Hit,Amapiano/Afrobeat,4
3941,2025-01-23,M04,Study Focus 1,Instrumental,6
3941,2025-01-23,M05,Study Focus 2,Instrumental,5
3942,2025-05-16,M08,Sunday Worship 1,Gospel,5
3942,2025-05-16,M09,Sunday Worship 2,Gospel,5
3942,2025-05-16,M10,Praise Medley,Gospel,7
3943,2025-03-03,M15,Amapiano Vibes,Amapiano/Afrobeat,5
3943,2025-03-03,M16,Gengetone Hit,Amapiano/Afrobeat,4
3944,2025-02-14,M11,Heartbreak Ballad,R&B,4
3944,2025-02-14,M12,Love Story,R&B,4
3945,2025-04-11,M01,Workout Anthem,Fitness/EDM,3
3945,2025-04-11,M02,Pump It Up,Fitness/EDM,3
3945,2025-04-11,M03,Cardio Beats,Fitness/EDM,4
3946,2025-04-14,M06,Rain Sounds,Ambient/Sleep,10
3946,2025-04-14,M16,Gengetone Hit,Amapiano/Afrobeat,4
3946,2025-04-14,M15,Amapiano Vibes,Amapiano/Afrobeat,5
3946,2025-04-14,M09,Sunday Worship 2,Gospel,5
3947,2025-01-13,M15,Amapiano Vibes,Amapiano/Afrobeat,5
3947,2025-01-13,M16,Gengetone Hit,Amapiano/Afrobeat,4
3948,2025-04-13,M15,Amapiano Vibes,Amapiano/Afrobeat,5
3948,2025-04-13,M16,Gengetone Hit,Amapiano/Afrobeat,4
3948,2025-04-13,M01,Workout Anthem,Fitness/EDM,3
3949,2025-03-22,M01,Workout Anthem,Fitness/EDM,3
3949,2025-03-22,M02,Pump It Up,Fitness/EDM,3
3950,2025-02-08,M14,Street Beats,Hip-Hop,3
3951,2025-05-03,M12,Love Story,R&B,4
3951,2025-05-03,M03,Cardio Beats,Fitness/EDM,4
3951,2025-05-03,M04,Study Focus 1,Instrumental,6
3952,2025-03-12,M15,Amapiano Vibes,Amapiano/Afrobeat,5
3952,2025-03-12,M16,Gengetone Hit,Amapiano/Afrobeat,4
3953,2025-05-09,M08,Sunday Worship 1,Gospel,5
3953,2025-05-09,M09,Sunday Worship 2,Gospel,5
3954,2025-02-25,M04,Study Focus 1,Instrumental,6
3954,2025-02-25,M05,Study Focus 2,Instrumental,5
3955,2025-05-23,M04,Study Focus 1,Instrumental,6
3955,2025-05-23,M05,Study Focus 2,Instrumental,5
3955,2025-05-23,M06,Rain Sounds,Ambient/Sleep,10
3956,2025-02-15,M08,Sunday Worship 1,Gospel,5
3956,2025-02-15,M09,Sunday Worship 2,Gospel,5
3956,2025-02-15,M10,Praise Medley,Gospel,7
3956,2025-02-15,M05,Study Focus 2,Instrumental,5
3957,2025-05-01,M05,Study Focus 2,Instrumental,5
3957,2025-05-01,M12,Love Story,R&B,4
3958,2025-01-26,M06,Rain Sounds,Ambient/Sleep,10
3958,2025-01-26,M07,Deep Sleep,Ambient/Sleep,12
3959,2025-03-27,M02,Pump It Up,Fitness/EDM,3
3959,2025-03-27,M08,Sunday Worship 1,Gospel,5
3960,2025-01-30,M11,Heartbreak Ballad,R&B,4
3960,2025-01-30,M12,Love Story,R&B,4
3961,2025-01-05,M06,Rain Sounds,Ambient/Sleep,10
3961,2025-01-05,M04,Study Focus 1,Instrumental,6
3961,2025-01-05,M15,Amapiano Vibes,Amapiano/Afrobeat,5
3962,2025-04-20,M15,Amapiano Vibes,Amapiano/Afrobeat,5
3962,2025-04-20,M16,Gengetone Hit,Amapiano/Afrobeat,4
3963,2025-04-14,M10,Praise Medley,Gospel,7
3963,2025-04-14,M11,Heartbreak Ballad,R&B,4
3963,2025-04-14,M12,Love Story,R&B,4
3963,2025-04-14,M16,Gengetone Hit,Amapiano/Afrobeat,4
3964,2025-01-03,M01,Workout Anthem,Fitness/EDM,3
3964,2025-01-03,M02,Pump It Up,Fitness/EDM,3
3965,2025-02-06,M12,Love Story,R&B,4
3965,2025-02-06,M09,Sunday Worship 2,Gospel,5
3965,2025-02-06,M07,Deep Sleep,Ambient/Sleep,12
3965,2025-02-06,M06,Rain Sounds,Ambient/Sleep,10
3966,2025-06-03,M02,Pump It Up,Fitness/EDM,3
3967,2025-05-24,M01,Workout Anthem,Fitness/EDM,3
3967,2025-05-24,M02,Pump It Up,Fitness/EDM,3
3968,2025-03-08,M05,Study Focus 2,Instrumental,5
3968,2025-03-08,M09,Sunday Worship 2,Gospel,5
3969,2025-02-12,M01,Workout Anthem,Fitness/EDM,3
3969,2025-02-12,M02,Pump It Up,Fitness/EDM,3
3969,2025-02-12,M03,Cardio Beats,Fitness/EDM,4
3970,2025-01-03,M15,Amapiano Vibes,Amapiano/Afrobeat,5
3970,2025-01-03,M16,Gengetone Hit,Amapiano/Afrobeat,4
3971,2025-05-13,M05,Study Focus 2,Instrumental,5
3971,2025-05-13,M04,Study Focus 1,Instrumental,6
3971,2025-05-13,M16,Gengetone Hit,Amapiano/Afrobeat,4
3971,2025-05-13,M01,Workout Anthem,Fitness/EDM,3
3972,2025-06-12,M08,Sunday Worship 1,Gospel,5
3972,2025-06-12,M09,Sunday Worship 2,Gospel,5
3973,2025-02-24,M01,Workout Anthem,Fitness/EDM,3
3973,2025-02-24,M02,Pump It Up,Fitness/EDM,3
3974,2025-02-10,M08,Sunday Worship 1,Gospel,5
3974,2025-02-10,M11,Heartbreak Ballad,R&B,4
3975,2025-02-24,M08,Sunday Worship 1,Gospel,5
3975,2025-02-24,M09,Sunday Worship 2,Gospel,5
3975,2025-02-24,M10,Praise Medley,Gospel,7
3976,2025-01-28,M12,Love Story,R&B,4
3976,2025-01-28,M16,Gengetone Hit,Amapiano/Afrobeat,4
3977,2025-01-30,M06,Rain Sounds,Ambient/Sleep,10
3977,2025-01-30,M07,Deep Sleep,Ambient/Sleep,12
3978,2025-06-02,M01,Workout Anthem,Fitness/EDM,3
3978,2025-06-02,M02,Pump It Up,Fitness/EDM,3
3979,2025-05-09,M12,Love Story,R&B,4
3980,2025-06-09,M15,Amapiano Vibes,Amapiano/Afrobeat,5
3980,2025-06-09,M16,Gengetone Hit,Amapiano/Afrobeat,4
3980,2025-06-09,M13,Hip Hop Anthem,Hip-Hop,3
3980,2025-06-09,M03,Cardio Beats,Fitness/EDM,4
3981,2025-06-19,M11,Heartbreak Ballad,R&B,4
3981,2025-06-19,M12,Love Story,R&B,4
3982,2025-06-19,M04,Study Focus 1,Instrumental,6
3982,2025-06-19,M05,Study Focus 2,Instrumental,5
3982,2025-06-19,M06,Rain Sounds,Ambient/Sleep,10
3983,2025-04-02,M03,Cardio Beats,Fitness/EDM,4
3983,2025-04-02,M08,Sunday Worship 1,Gospel,5
3983,2025-04-02,M01,Workout Anthem,Fitness/EDM,3
3984,2025-05-07,M08,Sunday Worship 1,Gospel,5
3984,2025-05-07,M09,Sunday Worship 2,Gospel,5
3985,2025-06-05,M15,Amapiano Vibes,Amapiano/Afrobeat,5
3985,2025-06-05,M16,Gengetone Hit,Amapiano/Afrobeat,4
3986,2025-01-30,M04,Study Focus 1,Instrumental,6
3986,2025-01-30,M05,Study Focus 2,Instrumental,5
3986,2025-01-30,M01,Workout Anthem,Fitness/EDM,3
3987,2025-01-07,M08,Sunday Worship 1,Gospel,5
3987,2025-01-07,M09,Sunday Worship 2,Gospel,5
3987,2025-01-07,M10,Praise Medley,Gospel,7
3988,2025-03-20,M13,Hip Hop Anthem,Hip-Hop,3
3988,2025-03-20,M14,Street Beats,Hip-Hop,3
3988,2025-03-20,M15,Amapiano Vibes,Amapiano/Afrobeat,5
3989,2025-01-02,M08,Sunday Worship 1,Gospel,5
3989,2025-01-02,M09,Sunday Worship 2,Gospel,5
3989,2025-01-02,M10,Praise Medley,Gospel,7
3990,2025-01-24,M06,Rain Sounds,Ambient/Sleep,10
3990,2025-01-24,M07,Deep Sleep,Ambient/Sleep,12
3991,2025-04-27,M06,Rain Sounds,Ambient/Sleep,10
3991,2025-04-27,M07,Deep Sleep,Ambient/Sleep,12
3992,2025-05-28,M01,Workout Anthem,Fitness/EDM,3
3992,2025-05-28,M05,Study Focus 2,Instrumental,5
3993,2025-06-28,M13,Hip Hop Anthem,Hip-Hop,3
3993,2025-06-28,M14,Street Beats,Hip-Hop,3
3994,2025-03-04,M08,Sunday Worship 1,Gospel,5
3994,2025-03-04,M09,Sunday Worship 2,Gospel,5
3995,2025-03-02,M06,Rain Sounds,Ambient/Sleep,10
3995,2025-03-02,M07,Deep Sleep,Ambient/Sleep,12
3996,2025-06-26,M13,Hip Hop Anthem,Hip-Hop,3
3996,2025-06-26,M14,Street Beats,Hip-Hop,3
3997,2025-03-29,M10,Praise Medley,Gospel,7
3997,2025-03-29,M14,Street Beats,Hip-Hop,3
3997,2025-03-29,M05,Study Focus 2,Instrumental,5
3997,2025-03-29,M08,Sunday Worship 1,Gospel,5
3998,2025-01-04,M15,Amapiano Vibes,Amapiano/Afrobeat,5
3998,2025-01-04,M16,Gengetone Hit,Amapiano/Afrobeat,4
3999,2025-06-14,M06,Rain Sounds,Ambient/Sleep,10
3999,2025-06-14,M10,Praise Medley,Gospel,7
3999,2025-06-14,M12,Love Story,R&B,4
4000,2025-02-02,M02,Pump It Up,Fitness/EDM,3
4000,2025-02-02,M15,Amapiano Vibes,Amapiano/Afrobeat,5
4000,2025-02-02,M03,Cardio Beats,Fitness/EDM,4
4000,2025-02-02,M06,Rain Sounds,Ambient/Sleep,10
4001,2025-03-19,M13,Hip Hop Anthem,Hip-Hop,3
4001,2025-03-19,M14,Street Beats,Hip-Hop,3
4002,2025-04-21,M06,Rain Sounds,Ambient/Sleep,10
4002,2025-04-21,M07,Deep Sleep,Ambient/Sleep,12
4003,2025-01-18,M12,Love Story,R&B,4
4003,2025-01-18,M03,Cardio Beats,Fitness/EDM,4
4004,2025-05-08,M06,Rain Sounds,Ambient/Sleep,10
4004,2025-05-08,M07,Deep Sleep,Ambient/Sleep,12
4005,2025-01-21,M06,Rain Sounds,Ambient/Sleep,10
4005,2025-01-21,M07,Deep Sleep,Ambient/Sleep,12
4006,2025-05-25,M15,Amapiano Vibes,Amapiano/Afrobeat,5
4006,2025-05-25,M16,Gengetone Hit,Amapiano/Afrobeat,4
4007,2025-06-05,M12,Love Story,R&B,4
4008,2025-05-16,M05,Study Focus 2,Instrumental,5
4009,2025-01-23,M15,Amapiano Vibes,Amapiano/Afrobeat,5
4009,2025-01-23,M16,Gengetone Hit,Amapiano/Afrobeat,4
4010,2025-03-28,M14,Street Beats,Hip-Hop,3
4011,2025-02-11,M04,Study Focus 1,Instrumental,6
4011,2025-02-11,M05,Study Focus 2,Instrumental,5
4011,2025-02-11,M06,Rain Sounds,Ambient/Sleep,10
4012,2025-01-07,M08,Sunday Worship 1,Gospel,5
4012,2025-01-07,M09,Sunday Worship 2,Gospel,5
4013,2025-02-10,M12,Love Story,R&B,4
4013,2025-02-10,M13,Hip Hop Anthem,Hip-Hop,3
4014,2025-02-15,M13,Hip Hop Anthem,Hip-Hop,3
4014,2025-02-15,M16,Gengetone Hit,Amapiano/Afrobeat,4
4014,2025-02-15,M14,Street Beats,Hip-Hop,3
4014,2025-02-15,M09,Sunday Worship 2,Gospel,5
4015,2025-01-23,M13,Hip Hop Anthem,Hip-Hop,3
4015,2025-01-23,M14,Street Beats,Hip-Hop,3
4016,2025-06-15,M01,Workout Anthem,Fitness/EDM,3
4016,2025-06-15,M10,Praise Medley,Gospel,7
4016,2025-06-15,M06,Rain Sounds,Ambient/Sleep,10
4017,2025-03-31,M03,Cardio Beats,Fitness/EDM,4
4017,2025-03-31,M15,Amapiano Vibes,Amapiano/Afrobeat,5
4018,2025-04-18,M11,Heartbreak Ballad,R&B,4
4018,2025-04-18,M12,Love Story,R&B,4
4018,2025-04-18,M04,Study Focus 1,Instrumental,6
4019,2025-02-12,M06,Rain Sounds,Ambient/Sleep,10
4019,2025-02-12,M12,Love Story,R&B,4
4019,2025-02-12,M04,Study Focus 1,Instrumental,6
4020,2025-03-17,M05,Study Focus 2,Instrumental,5
4021,2025-03-03,M04,Study Focus 1,Instrumental,6
4021,2025-03-03,M05,Study Focus 2,Instrumental,5
4021,2025-03-03,M06,Rain Sounds,Ambient/Sleep,10
4022,2025-05-12,M06,Rain Sounds,Ambient/Sleep,10
4022,2025-05-12,M07,Deep Sleep,Ambient/Sleep,12
4023,2025-03-08,M04,Study Focus 1,Instrumental,6
4023,2025-03-08,M05,Study Focus 2,Instrumental,5
4024,2025-05-13,M01,Workout Anthem,Fitness/EDM,3
4024,2025-05-13,M02,Pump It Up,Fitness/EDM,3
4025,2025-02-12,M11,Heartbreak Ballad,R&B,4
4025,2025-02-12,M12,Love Story,R&B,4
4025,2025-02-12,M03,Cardio Beats,Fitness/EDM,4
4026,2025-06-04,M06,Rain Sounds,Ambient/Sleep,10
4026,2025-06-04,M04,Study Focus 1,Instrumental,6
4026,2025-06-04,M07,Deep Sleep,Ambient/Sleep,12
4026,2025-06-04,M03,Cardio Beats,Fitness/EDM,4
4027,2025-02-28,M10,Praise Medley,Gospel,7
4028,2025-06-03,M05,Study Focus 2,Instrumental,5
4028,2025-06-03,M08,Sunday Worship 1,Gospel,5
4028,2025-06-03,M16,Gengetone Hit,Amapiano/Afrobeat,4
4029,2025-05-29,M13,Hip Hop Anthem,Hip-Hop,3
4029,2025-05-29,M14,Street Beats,Hip-Hop,3
4029,2025-05-29,M08,Sunday Worship 1,Gospel,5
4030,2025-05-23,M08,Sunday Worship 1,Gospel,5
4030,2025-05-23,M15,Amapiano Vibes,Amapiano/Afrobeat,5
4030,2025-05-23,M16,Gengetone Hit,Amapiano/Afrobeat,4
4031,2025-05-06,M04,Study Focus 1,Instrumental,6
4031,2025-05-06,M01,Workout Anthem,Fitness/EDM,3
4031,2025-05-06,M09,Sunday Worship 2,Gospel,5
4031,2025-05-06,M02,Pump It Up,Fitness/EDM,3
4032,2025-05-18,M06,Rain Sounds,Ambient/Sleep,10
4032,2025-05-18,M02,Pump It Up,Fitness/EDM,3
4033,2025-04-22,M12,Love Story,R&B,4
4033,2025-04-22,M09,Sunday Worship 2,Gospel,5
4033,2025-04-22,M10,Praise Medley,Gospel,7
4033,2025-04-22,M13,Hip Hop Anthem,Hip-Hop,3
4034,2025-05-02,M13,Hip Hop Anthem,Hip-Hop,3
4034,2025-05-02,M14,Street Beats,Hip-Hop,3
4034,2025-05-02,M15,Amapiano Vibes,Amapiano/Afrobeat,5
4035,2025-01-22,M03,Cardio Beats,Fitness/EDM,4
4036,2025-06-22,M15,Amapiano Vibes,Amapiano/Afrobeat,5
4036,2025-06-22,M16,Gengetone Hit,Amapiano/Afrobeat,4
4037,2025-05-27,M02,Pump It Up,Fitness/EDM,3
4038,2025-04-23,M08,Sunday Worship 1,Gospel,5
4038,2025-04-23,M09,Sunday Worship 2,Gospel,5
4038,2025-04-23,M10,Praise Medley,Gospel,7
4038,2025-04-23,M03,Cardio Beats,Fitness/EDM,4
4039,2025-03-21,M08,Sunday Worship 1,Gospel,5
4039,2025-03-21,M09,Sunday Worship 2,Gospel,5
4039,2025-03-21,M10,Praise Medley,Gospel,7
4040,2025-02-05,M16,Gengetone Hit,Amapiano/Afrobeat,4
4040,2025-02-05,M01,Workout Anthem,Fitness/EDM,3
4040,2025-02-05,M08,Sunday Worship 1,Gospel,5
4040,2025-02-05,M14,Street Beats,Hip-Hop,3
4041,2025-02-18,M13,Hip Hop Anthem,Hip-Hop,3
4041,2025-02-18,M14,Street Beats,Hip-Hop,3
4042,2025-04-19,M07,Deep Sleep,Ambient/Sleep,12
4043,2025-01-22,M15,Amapiano Vibes,Amapiano/Afrobeat,5
4043,2025-01-22,M16,Gengetone Hit,Amapiano/Afrobeat,4
4044,2025-03-31,M01,Workout Anthem,Fitness/EDM,3
4044,2025-03-31,M15,Amapiano Vibes,Amapiano/Afrobeat,5
4044,2025-03-31,M14,Street Beats,Hip-Hop,3
4045,2025-01-11,M08,Sunday Worship 1,Gospel,5
4045,2025-01-11,M09,Sunday Worship 2,Gospel,5
4045,2025-01-11,M10,Praise Medley,Gospel,7
4046,2025-06-25,M14,Street Beats,Hip-Hop,3
4047,2025-04-20,M01,Workout Anthem,Fitness/EDM,3
4047,2025-04-20,M02,Pump It Up,Fitness/EDM,3
4047,2025-04-20,M03,Cardio Beats,Fitness/EDM,4
4048,2025-05-22,M14,Street Beats,Hip-Hop,3
4048,2025-05-22,M06,Rain Sounds,Ambient/Sleep,10
4049,2025-01-18,M04,Study Focus 1,Instrumental,6
4049,2025-01-18,M05,Study Focus 2,Instrumental,5
4049,2025-01-18,M15,Amapiano Vibes,Amapiano/Afrobeat,5
4050,2025-01-29,M06,Rain Sounds,Ambient/Sleep,10
4050,2025-01-29,M07,Deep Sleep,Ambient/Sleep,12
4051,2025-04-02,M13,Hip Hop Anthem,Hip-Hop,3
4051,2025-04-02,M14,Street Beats,Hip-Hop,3
4052,2025-06-15,M04,Study Focus 1,Instrumental,6
4052,2025-06-15,M05,Study Focus 2,Instrumental,5
4052,2025-06-15,M06,Rain Sounds,Ambient/Sleep,10
4053,2025-03-18,M01,Workout Anthem,Fitness/EDM,3
4053,2025-03-18,M03,Cardio Beats,Fitness/EDM,4
4053,2025-03-18,M11,Heartbreak Ballad,R&B,4
4053,2025-03-18,M05,Study Focus 2,Instrumental,5
4054,2025-02-22,M06,Rain Sounds,Ambient/Sleep,10
4054,2025-02-22,M07,Deep Sleep,Ambient/Sleep,12
4055,2025-03-22,M01,Workout Anthem,Fitness/EDM,3
4055,2025-03-22,M02,Pump It Up,Fitness/EDM,3
4056,2025-04-27,M05,Study Focus 2,Instrumental,5
4056,2025-04-27,M04,Study Focus 1,Instrumental,6
4057,2025-05-08,M15,Amapiano Vibes,Amapiano/Afrobeat,5
4057,2025-05-08,M14,Street Beats,Hip-Hop,3
4057,2025-05-08,M16,Gengetone Hit,Amapiano/Afrobeat,4
4058,2025-01-23,M13,Hip Hop Anthem,Hip-Hop,3
4058,2025-01-23,M14,Street Beats,Hip-Hop,3
4058,2025-01-23,M15,Amapiano Vibes,Amapiano/Afrobeat,5
4059,2025-06-22,M03,Cardio Beats,Fitness/EDM,4
4059,2025-06-22,M09,Sunday Worship 2,Gospel,5
4060,2025-01-14,M13,Hip Hop Anthem,Hip-Hop,3
4060,2025-01-14,M14,Street Beats,Hip-Hop,3
4061,2025-01-19,M12,Love Story,R&B,4
4062,2025-06-26,M13,Hip Hop Anthem,Hip-Hop,3
4062,2025-06-26,M14,Street Beats,Hip-Hop,3
4063,2025-04-27,M11,Heartbreak Ballad,R&B,4
4063,2025-04-27,M07,Deep Sleep,Ambient/Sleep,12
4063,2025-04-27,M16,Gengetone Hit,Amapiano/Afrobeat,4
4064,2025-03-11,M06,Rain Sounds,Ambient/Sleep,10
4064,2025-03-11,M07,Deep Sleep,Ambient/Sleep,12
4064,2025-03-11,M12,Love Story,R&B,4
4065,2025-01-13,M15,Amapiano Vibes,Amapiano/Afrobeat,5
4065,2025-01-13,M16,Gengetone Hit,Amapiano/Afrobeat,4
4066,2025-05-17,M14,Street Beats,Hip-Hop,3
4066,2025-05-17,M01,Workout Anthem,Fitness/EDM,3
4067,2025-02-20,M15,Amapiano Vibes,Amapiano/Afrobeat,5
4067,2025-02-20,M16,Gengetone Hit,Amapiano/Afrobeat,4
4068,2025-01-27,M13,Hip Hop Anthem,Hip-Hop,3
4068,2025-01-27,M14,Street Beats,Hip-Hop,3
4069,2025-04-03,M08,Sunday Worship 1,Gospel,5
4069,2025-04-03,M09,Sunday Worship 2,Gospel,5
4069,2025-04-03,M10,Praise Medley,Gospel,7
4069,2025-04-03,M15,Amapiano Vibes,Amapiano/Afrobeat,5
4070,2025-04-04,M15,Amapiano Vibes,Amapiano/Afrobeat,5
4070,2025-04-04,M16,Gengetone Hit,Amapiano/Afrobeat,4
4071,2025-03-18,M08,Sunday Worship 1,Gospel,5
4071,2025-03-18,M14,Street Beats,Hip-Hop,3
4071,2025-03-18,M01,Workout Anthem,Fitness/EDM,3
4071,2025-03-18,M09,Sunday Worship 2,Gospel,5
4072,2025-05-07,M04,Study Focus 1,Instrumental,6
4072,2025-05-07,M05,Study Focus 2,Instrumental,5
4072,2025-05-07,M06,Rain Sounds,Ambient/Sleep,10
4073,2025-01-21,M01,Workout Anthem,Fitness/EDM,3
4073,2025-01-21,M02,Pump It Up,Fitness/EDM,3
4074,2025-02-01,M06,Rain Sounds,Ambient/Sleep,10
4074,2025-02-01,M07,Deep Sleep,Ambient/Sleep,12
4075,2025-06-01,M08,Sunday Worship 1,Gospel,5
4075,2025-06-01,M09,Sunday Worship 2,Gospel,5
4076,2025-02-26,M09,Sunday Worship 2,Gospel,5
4077,2025-05-18,M12,Love Story,R&B,4
4077,2025-05-18,M08,Sunday Worship 1,Gospel,5
4077,2025-05-18,M13,Hip Hop Anthem,Hip-Hop,3
4077,2025-05-18,M01,Workout Anthem,Fitness/EDM,3
4078,2025-02-08,M10,Praise Medley,Gospel,7
4078,2025-02-08,M02,Pump It Up,Fitness/EDM,3
4079,2025-06-30,M06,Rain Sounds,Ambient/Sleep,10
4079,2025-06-30,M07,Deep Sleep,Ambient/Sleep,12
4080,2025-04-09,M15,Amapiano Vibes,Amapiano/Afrobeat,5
4080,2025-04-09,M16,Gengetone Hit,Amapiano/Afrobeat,4
4081,2025-05-03,M13,Hip Hop Anthem,Hip-Hop,3
4081,2025-05-03,M14,Street Beats,Hip-Hop,3
4082,2025-01-13,M12,Love Story,R&B,4
4082,2025-01-13,M07,Deep Sleep,Ambient/Sleep,12
4083,2025-04-20,M13,Hip Hop Anthem,Hip-Hop,3
4083,2025-04-20,M14,Street Beats,Hip-Hop,3
4083,2025-04-20,M15,Amapiano Vibes,Amapiano/Afrobeat,5
4084,2025-06-24,M10,Praise Medley,Gospel,7
4084,2025-06-24,M11,Heartbreak Ballad,R&B,4
4084,2025-06-24,M08,Sunday Worship 1,Gospel,5
4085,2025-01-15,M01,Workout Anthem,Fitness/EDM,3
4085,2025-01-15,M02,Pump It Up,Fitness/EDM,3
4086,2025-05-06,M15,Amapiano Vibes,Amapiano/Afrobeat,5
4086,2025-05-06,M16,Gengetone Hit,Amapiano/Afrobeat,4
4087,2025-04-19,M08,Sunday Worship 1,Gospel,5
4087,2025-04-19,M09,Sunday Worship 2,Gospel,5
4087,2025-04-19,M10,Praise Medley,Gospel,7
4088,2025-04-23,M08,Sunday Worship 1,Gospel,5
4088,2025-04-23,M09,Sunday Worship 2,Gospel,5
4088,2025-04-23,M10,Praise Medley,Gospel,7
4089,2025-04-28,M15,Amapiano Vibes,Amapiano/Afrobeat,5
4089,2025-04-28,M06,Rain Sounds,Ambient/Sleep,10
4090,2025-03-15,M04,Study Focus 1,Instrumental,6
4090,2025-03-15,M05,Study Focus 2,Instrumental,5
4091,2025-06-10,M06,Rain Sounds,Ambient/Sleep,10
4091,2025-06-10,M07,Deep Sleep,Ambient/Sleep,12
4092,2025-05-05,M13,Hip Hop Anthem,Hip-Hop,3
4092,2025-05-05,M14,Street Beats,Hip-Hop,3
4092,2025-05-05,M02,Pump It Up,Fitness/EDM,3
4093,2025-03-06,M11,Heartbreak Ballad,R&B,4
4093,2025-03-06,M12,Love Story,R&B,4
4093,2025-03-06,M14,Street Beats,Hip-Hop,3
4094,2025-01-27,M07,Deep Sleep,Ambient/Sleep,12
4094,2025-01-27,M03,Cardio Beats,Fitness/EDM,4
4094,2025-01-27,M08,Sunday Worship 1,Gospel,5
4094,2025-01-27,M02,Pump It Up,Fitness/EDM,3
4095,2025-01-07,M13,Hip Hop Anthem,Hip-Hop,3
4095,2025-01-07,M09,Sunday Worship 2,Gospel,5
4096,2025-01-28,M13,Hip Hop Anthem,Hip-Hop,3
4096,2025-01-28,M14,Street Beats,Hip-Hop,3
4096,2025-01-28,M15,Amapiano Vibes,Amapiano/Afrobeat,5
4097,2025-01-10,M15,Amapiano Vibes,Amapiano/Afrobeat,5
4098,2025-03-05,M11,Heartbreak Ballad,R&B,4
4098,2025-03-05,M12,Love Story,R&B,4
4099,2025-01-02,M08,Sunday Worship 1,Gospel,5
4099,2025-01-02,M09,Sunday Worship 2,Gospel,5
4099,2025-01-02,M10,Praise Medley,Gospel,7
4100,2025-03-15,M11,Heartbreak Ballad,R&B,4
4100,2025-03-15,M12,Love Story,R&B,4
4101,2025-03-21,M02,Pump It Up,Fitness/EDM,3
4102,2025-04-03,M08,Sunday Worship 1,Gospel,5
4102,2025-04-03,M09,Sunday Worship 2,Gospel,5
4102,2025-04-03,M10,Praise Medley,Gospel,7
4103,2025-02-14,M13,Hip Hop Anthem,Hip-Hop,3
4103,2025-02-14,M14,Street Beats,Hip-Hop,3
4103,2025-02-14,M15,Amapiano Vibes,Amapiano/Afrobeat,5
4104,2025-03-11,M04,Study Focus 1,Instrumental,6
4104,2025-03-11,M05,Study Focus 2,Instrumental,5
4105,2025-02-02,M01,Workout Anthem,Fitness/EDM,3
4105,2025-02-02,M02,Pump It Up,Fitness/EDM,3
4105,2025-02-02,M03,Cardio Beats,Fitness/EDM,4
4106,2025-03-02,M13,Hip Hop Anthem,Hip-Hop,3
4106,2025-03-02,M14,Street Beats,Hip-Hop,3
4106,2025-03-02,M15,Amapiano Vibes,Amapiano/Afrobeat,5
4107,2025-06-07,M13,Hip Hop Anthem,Hip-Hop,3
4107,2025-06-07,M14,Street Beats,Hip-Hop,3
4108,2025-01-02,M08,Sunday Worship 1,Gospel,5
4108,2025-01-02,M09,Sunday Worship 2,Gospel,5
4108,2025-01-02,M10,Praise Medley,Gospel,7
4109,2025-03-23,M06,Rain Sounds,Ambient/Sleep,10
4109,2025-03-23,M15,Amapiano Vibes,Amapiano/Afrobeat,5
4110,2025-01-31,M12,Love Story,R&B,4
4110,2025-01-31,M16,Gengetone Hit,Amapiano/Afrobeat,4
4111,2025-02-10,M01,Workout Anthem,Fitness/EDM,3
4111,2025-02-10,M02,Pump It Up,Fitness/EDM,3
4112,2025-01-12,M04,Study Focus 1,Instrumental,6
4112,2025-01-12,M05,Study Focus 2,Instrumental,5
4112,2025-01-12,M06,Rain Sounds,Ambient/Sleep,10
4112,2025-01-12,M11,Heartbreak Ballad,R&B,4
4113,2025-05-07,M07,Deep Sleep,Ambient/Sleep,12
4114,2025-03-14,M08,Sunday Worship 1,Gospel,5
4114,2025-03-14,M09,Sunday Worship 2,Gospel,5
4114,2025-03-14,M10,Praise Medley,Gospel,7
4114,2025-03-14,M16,Gengetone Hit,Amapiano/Afrobeat,4
4115,2025-01-17,M13,Hip Hop Anthem,Hip-Hop,3
4115,2025-01-17,M14,Street Beats,Hip-Hop,3
4116,2025-03-21,M15,Amapiano Vibes,Amapiano/Afrobeat,5
4116,2025-03-21,M16,Gengetone Hit,Amapiano/Afrobeat,4
4117,2025-05-09,M04,Study Focus 1,Instrumental,6
4117,2025-05-09,M05,Study Focus 2,Instrumental,5
4117,2025-05-09,M06,Rain Sounds,Ambient/Sleep,10
4118,2025-03-30,M11,Heartbreak Ballad,R&B,4
4118,2025-03-30,M12,Love Story,R&B,4
4119,2025-02-25,M08,Sunday Worship 1,Gospel,5
4119,2025-02-25,M09,Sunday Worship 2,Gospel,5
4120,2025-03-06,M06,Rain Sounds,Ambient/Sleep,10
4120,2025-03-06,M07,Deep Sleep,Ambient/Sleep,12
4121,2025-02-21,M08,Sunday Worship 1,Gospel,5
4121,2025-02-21,M09,Sunday Worship 2,Gospel,5
4122,2025-01-07,M16,Gengetone Hit,Amapiano/Afrobeat,4
4122,2025-01-07,M01,Workout Anthem,Fitness/EDM,3
4123,2025-04-16,M11,Heartbreak Ballad,R&B,4
4123,2025-04-16,M12,Love Story,R&B,4
4124,2025-02-05,M07,Deep Sleep,Ambient/Sleep,12
4124,2025-02-05,M05,Study Focus 2,Instrumental,5
4124,2025-02-05,M16,Gengetone Hit,Amapiano/Afrobeat,4
4125,2025-03-27,M15,Amapiano Vibes,Amapiano/Afrobeat,5
4125,2025-03-27,M16,Gengetone Hit,Amapiano/Afrobeat,4
4126,2025-02-05,M01,Workout Anthem,Fitness/EDM,3
4126,2025-02-05,M06,Rain Sounds,Ambient/Sleep,10
4126,2025-02-05,M08,Sunday Worship 1,Gospel,5
4126,2025-02-05,M16,Gengetone Hit,Amapiano/Afrobeat,4
4127,2025-02-17,M15,Amapiano Vibes,Amapiano/Afrobeat,5
4127,2025-02-17,M02,Pump It Up,Fitness/EDM,3
4128,2025-06-22,M15,Amapiano Vibes,Amapiano/Afrobeat,5
4128,2025-06-22,M16,Gengetone Hit,Amapiano/Afrobeat,4
4129,2025-05-04,M01,Workout Anthem,Fitness/EDM,3
4129,2025-05-04,M02,Pump It Up,Fitness/EDM,3
4129,2025-05-04,M03,Cardio Beats,Fitness/EDM,4
4130,2025-03-11,M06,Rain Sounds,Ambient/Sleep,10
4130,2025-03-11,M07,Deep Sleep,Ambient/Sleep,12
4130,2025-03-11,M09,Sunday Worship 2,Gospel,5
4131,2025-02-24,M04,Study Focus 1,Instrumental,6
4131,2025-02-24,M05,Study Focus 2,Instrumental,5
4132,2025-03-16,M08,Sunday Worship 1,Gospel,5
4132,2025-03-16,M09,Sunday Worship 2,Gospel,5
4132,2025-03-16,M10,Praise Medley,Gospel,7
4133,2025-02-18,M04,Study Focus 1,Instrumental,6
4133,2025-02-18,M03,Cardio Beats,Fitness/EDM,4
4133,2025-02-18,M14,Street Beats,Hip-Hop,3
4133,2025-02-18,M06,Rain Sounds,Ambient/Sleep,10
4134,2025-05-19,M06,Rain Sounds,Ambient/Sleep,10
4134,2025-05-19,M07,Deep Sleep,Ambient/Sleep,12
4135,2025-06-19,M11,Heartbreak Ballad,R&B,4
4135,2025-06-19,M12,Love Story,R&B,4
4136,2025-03-10,M07,Deep Sleep,Ambient/Sleep,12
4136,2025-03-10,M06,Rain Sounds,Ambient/Sleep,10
4136,2025-03-10,M03,Cardio Beats,Fitness/EDM,4
4137,2025-01-05,M08,Sunday Worship 1,Gospel,5
4137,2025-01-05,M09,Sunday Worship 2,Gospel,5
4137,2025-01-05,M10,Praise Medley,Gospel,7
4138,2025-03-16,M14,Street Beats,Hip-Hop,3
4138,2025-03-16,M01,Workout Anthem,Fitness/EDM,3
4138,2025-03-16,M12,Love Story,R&B,4
4138,2025-03-16,M02,Pump It Up,Fitness/EDM,3
4139,2025-02-27,M11,Heartbreak Ballad,R&B,4
4139,2025-02-27,M12,Love Story,R&B,4
4140,2025-04-30,M06,Rain Sounds,Ambient/Sleep,10
4140,2025-04-30,M07,Deep Sleep,Ambient/Sleep,12
4141,2025-02-05,M15,Amapiano Vibes,Amapiano/Afrobeat,5
4141,2025-02-05,M16,Gengetone Hit,Amapiano/Afrobeat,4
4142,2025-06-07,M06,Rain Sounds,Ambient/Sleep,10
4142,2025-06-07,M07,Deep Sleep,Ambient/Sleep,12
4143,2025-03-06,M09,Sunday Worship 2,Gospel,5
4143,2025-03-06,M15,Amapiano Vibes,Amapiano/Afrobeat,5
4144,2025-01-28,M04,Study Focus 1,Instrumental,6
4144,2025-01-28,M05,Study Focus 2,Instrumental,5
4145,2025-02-19,M06,Rain Sounds,Ambient/Sleep,10
4145,2025-02-19,M07,Deep Sleep,Ambient/Sleep,12
4146,2025-02-24,M08,Sunday Worship 1,Gospel,5
4146,2025-02-24,M09,Sunday Worship 2,Gospel,5
4147,2025-04-09,M11,Heartbreak Ballad,R&B,4
4147,2025-04-09,M12,Love Story,R&B,4
4148,2025-03-23,M10,Praise Medley,Gospel,7
4148,2025-03-23,M13,Hip Hop Anthem,Hip-Hop,3
4148,2025-03-23,M03,Cardio Beats,Fitness/EDM,4
4148,2025-03-23,M12,Love Story,R&B,4
4149,2025-03-12,M06,Rain Sounds,Ambient/Sleep,10
4149,2025-03-12,M05,Study Focus 2,Instrumental,5
4149,2025-03-12,M10,Praise Medley,Gospel,7
4150,2025-02-13,M04,Study Focus 1,Instrumental,6
4150,2025-02-13,M05,Study Focus 2,Instrumental,5
4151,2025-03-11,M02,Pump It Up,Fitness/EDM,3
4151,2025-03-11,M06,Rain Sounds,Ambient/Sleep,10
4152,2025-06-16,M01,Workout Anthem,Fitness/EDM,3
4153,2025-04-12,M13,Hip Hop Anthem,Hip-Hop,3
4153,2025-04-12,M14,Street Beats,Hip-Hop,3
4153,2025-04-12,M06,Rain Sounds,Ambient/Sleep,10
4154,2025-01-26,M01,Workout Anthem,Fitness/EDM,3
4155,2025-04-01,M04,Study Focus 1,Instrumental,6
4155,2025-04-01,M09,Sunday Worship 2,Gospel,5
4155,2025-04-01,M13,Hip Hop Anthem,Hip-Hop,3
4155,2025-04-01,M03,Cardio Beats,Fitness/EDM,4
4156,2025-01-18,M08,Sunday Worship 1,Gospel,5
4156,2025-01-18,M09,Sunday Worship 2,Gospel,5
4157,2025-05-28,M06,Rain Sounds,Ambient/Sleep,10
4157,2025-05-28,M07,Deep Sleep,Ambient/Sleep,12
4158,2025-06-08,M11,Heartbreak Ballad,R&B,4
4158,2025-06-08,M12,Love Story,R&B,4
4159,2025-02-20,M06,Rain Sounds,Ambient/Sleep,10
4159,2025-02-20,M07,Deep Sleep,Ambient/Sleep,12
4160,2025-06-20,M06,Rain Sounds,Ambient/Sleep,10
4160,2025-06-20,M07,Deep Sleep,Ambient/Sleep,12
4161,2025-04-27,M08,Sunday Worship 1,Gospel,5
4161,2025-04-27,M09,Sunday Worship 2,Gospel,5
4162,2025-01-27,M03,Cardio Beats,Fitness/EDM,4
4163,2025-06-23,M13,Hip Hop Anthem,Hip-Hop,3
4163,2025-06-23,M14,Street Beats,Hip-Hop,3
4164,2025-03-06,M03,Cardio Beats,Fitness/EDM,4
4164,2025-03-06,M08,Sunday Worship 1,Gospel,5
4165,2025-06-22,M08,Sunday Worship 1,Gospel,5
4166,2025-05-16,M16,Gengetone Hit,Amapiano/Afrobeat,4
4166,2025-05-16,M06,Rain Sounds,Ambient/Sleep,10
4166,2025-05-16,M05,Study Focus 2,Instrumental,5
4167,2025-03-07,M15,Amapiano Vibes,Amapiano/Afrobeat,5
4167,2025-03-07,M13,Hip Hop Anthem,Hip-Hop,3
4167,2025-03-07,M09,Sunday Worship 2,Gospel,5
4168,2025-06-28,M01,Workout Anthem,Fitness/EDM,3
4168,2025-06-28,M02,Pump It Up,Fitness/EDM,3
4169,2025-06-17,M01,Workout Anthem,Fitness/EDM,3
4169,2025-06-17,M02,Pump It Up,Fitness/EDM,3
4170,2025-06-10,M11,Heartbreak Ballad,R&B,4
4170,2025-06-10,M12,Love Story,R&B,4
4171,2025-04-17,M04,Study Focus 1,Instrumental,6
4171,2025-04-17,M05,Study Focus 2,Instrumental,5
4172,2025-05-24,M02,Pump It Up,Fitness/EDM,3
4172,2025-05-24,M11,Heartbreak Ballad,R&B,4
4172,2025-05-24,M04,Study Focus 1,Instrumental,6
4173,2025-04-12,M11,Heartbreak Ballad,R&B,4
4173,2025-04-12,M12,Love Story,R&B,4
4174,2025-06-24,M11,Heartbreak Ballad,R&B,4
4174,2025-06-24,M12,Love Story,R&B,4
4175,2025-04-13,M06,Rain Sounds,Ambient/Sleep,10
4175,2025-04-13,M07,Deep Sleep,Ambient/Sleep,12
4176,2025-04-01,M03,Cardio Beats,Fitness/EDM,4
4176,2025-04-01,M08,Sunday Worship 1,Gospel,5
4176,2025-04-01,M02,Pump It Up,Fitness/EDM,3
4176,2025-04-01,M13,Hip Hop Anthem,Hip-Hop,3
4177,2025-06-24,M13,Hip Hop Anthem,Hip-Hop,3
4177,2025-06-24,M14,Street Beats,Hip-Hop,3
4178,2025-05-27,M06,Rain Sounds,Ambient/Sleep,10
4178,2025-05-27,M07,Deep Sleep,Ambient/Sleep,12
4179,2025-04-15,M11,Heartbreak Ballad,R&B,4
4179,2025-04-15,M12,Love Story,R&B,4
4180,2025-05-30,M15,Amapiano Vibes,Amapiano/Afrobeat,5
4180,2025-05-30,M16,Gengetone Hit,Amapiano/Afrobeat,4
4181,2025-05-03,M06,Rain Sounds,Ambient/Sleep,10
4181,2025-05-03,M07,Deep Sleep,Ambient/Sleep,12
4182,2025-06-23,M04,Study Focus 1,Instrumental,6
4183,2025-02-24,M15,Amapiano Vibes,Amapiano/Afrobeat,5
4183,2025-02-24,M16,Gengetone Hit,Amapiano/Afrobeat,4
4184,2025-03-18,M04,Study Focus 1,Instrumental,6
4184,2025-03-18,M05,Study Focus 2,Instrumental,5
4185,2025-04-09,M07,Deep Sleep,Ambient/Sleep,12
4185,2025-04-09,M12,Love Story,R&B,4
4185,2025-04-09,M14,Street Beats,Hip-Hop,3
4186,2025-05-06,M06,Rain Sounds,Ambient/Sleep,10
4187,2025-02-03,M11,Heartbreak Ballad,R&B,4
4187,2025-02-03,M12,Love Story,R&B,4
4188,2025-02-15,M02,Pump It Up,Fitness/EDM,3
4188,2025-02-15,M08,Sunday Worship 1,Gospel,5
4188,2025-02-15,M15,Amapiano Vibes,Amapiano/Afrobeat,5
4188,2025-02-15,M05,Study Focus 2,Instrumental,5
4189,2025-04-03,M14,Street Beats,Hip-Hop,3
4189,2025-04-03,M02,Pump It Up,Fitness/EDM,3
4189,2025-04-03,M06,Rain Sounds,Ambient/Sleep,10
4189,2025-04-03,M16,Gengetone Hit,Amapiano/Afrobeat,4
4190,2025-05-21,M11,Heartbreak Ballad,R&B,4
4190,2025-05-21,M12,Love Story,R&B,4
4190,2025-05-21,M14,Street Beats,Hip-Hop,3
4191,2025-04-21,M05,Study Focus 2,Instrumental,5
4191,2025-04-21,M10,Praise Medley,Gospel,7
4192,2025-06-16,M04,Study Focus 1,Instrumental,6
4192,2025-06-16,M05,Study Focus 2,Instrumental,5
4193,2025-06-12,M15,Amapiano Vibes,Amapiano/Afrobeat,5
4193,2025-06-12,M16,Gengetone Hit,Amapiano/Afrobeat,4
4194,2025-03-20,M01,Workout Anthem,Fitness/EDM,3
4194,2025-03-20,M02,Pump It Up,Fitness/EDM,3
4195,2025-05-31,M15,Amapiano Vibes,Amapiano/Afrobeat,5
4195,2025-05-31,M16,Gengetone Hit,Amapiano/Afrobeat,4
4195,2025-05-31,M08,Sunday Worship 1,Gospel,5
4196,2025-05-19,M06,Rain Sounds,Ambient/Sleep,10
4196,2025-05-19,M07,Deep Sleep,Ambient/Sleep,12
4197,2025-06-23,M09,Sunday Worship 2,Gospel,5
4197,2025-06-23,M01,Workout Anthem,Fitness/EDM,3
4197,2025-06-23,M15,Amapiano Vibes,Amapiano/Afrobeat,5
4197,2025-06-23,M03,Cardio Beats,Fitness/EDM,4
4198,2025-01-15,M11,Heartbreak Ballad,R&B,4
4198,2025-01-15,M14,Street Beats,Hip-Hop,3
4199,2025-02-19,M01,Workout Anthem,Fitness/EDM,3
4199,2025-02-19,M02,Pump It Up,Fitness/EDM,3
4200,2025-04-13,M15,Amapiano Vibes,Amapiano/Afrobeat,5
4200,2025-04-13,M16,Gengetone Hit,Amapiano/Afrobeat,4
