receipt_id,transaction_date,item_id,item_name,category,price_kes
1,2025-03-31,D10,Reading Glasses,Vision,600
1,2025-03-31,D17,Reading Puzzle Book,Stationery/Leisure,300
1,2025-03-31,D11,Eye Drops,Vision,250
2,2025-05-02,D14,Baby Lotion,Baby Care,350
2,2025-05-02,D15,Baby Diapers,Baby Care,1200
3,2025-05-21,D06,Hand Sanitizer,Hygiene,150
3,2025-05-21,D07,Face Masks,Hygiene,200
4,2025-05-25,D14,Baby Lotion,Baby Care,350
4,2025-05-25,D15,Baby Diapers,Baby Care,1200
5,2025-02-07,D03,Cold & Flu Syrup,Cold Remedy,350
5,2025-02-07,D04,Tissues,Cold Remedy,100
5,2025-02-07,D05,Vitamin C Tablets,Supplements,400
6,2025-04-13,D05,Vitamin C Tablets,Supplements,400
6,2025-04-13,D16,Multivitamin Gummies,Supplements,500
7,2025-01-08,D12,Bandages,First Aid,150
7,2025-01-08,D17,Reading Puzzle Book,Stationery/Leisure,300
8,2025-04-03,D12,Bandages,First Aid,150
8,2025-04-03,D10,Reading Glasses,Vision,600
8,2025-04-03,D05,Vitamin C Tablets,Supplements,400
8,2025-04-03,D04,Tissues,Cold Remedy,100
9,2025-06-20,D02,Ibuprofen,Pain Relief,150
9,2025-06-20,D04,Tissues,Cold Remedy,100
9,2025-06-20,D03,Cold & Flu Syrup,Cold Remedy,350
10,2025-02-06,D11,Eye Drops,Vision,250
10,2025-02-06,D08,Sunscreen SPF50,Skincare,800
11,2025-04-09,D08,Sunscreen SPF50,Skincare,800
12,2025-01-13,D07,Face Masks,Hygiene,200
13,2025-05-06,D12,Bandages,First Aid,150
13,2025-05-06,D13,Antiseptic Cream,First Aid,200
14,2025-03-15,D14,Baby Lotion,Baby Care,350
14,2025-03-15,D04,Tissues,Cold Remedy,100
15,2025-05-15,D06,Hand Sanitizer,Hygiene,150
15,2025-05-15,D07,Face Masks,Hygiene,200
16,2025-01-31,D06,Hand Sanitizer,Hygiene,150
16,2025-01-31,D07,Face Masks,Hygiene,200
17,2025-03-07,D10,Reading Glasses,Vision,600
17,2025-03-07,D17,Reading Puzzle Book,Stationery/Leisure,300
17,2025-03-07,D11,Eye Drops,Vision,250
18,2025-02-28,D06,Hand Sanitizer,Hygiene,150
19,2025-02-16,D09,Aloe Vera Gel,Skincare,350
20,2025-01-06,D10,Reading Glasses,Vision,600
21,2025-05-06,D09,Aloe Vera Gel,Skincare,350
21,2025-05-06,D04,Tissues,Cold Remedy,100
22,2025-05-16,D10,Reading Glasses,Vision,600
22,2025-05-16,D11,Eye Drops,Vision,250
23,2025-03-13,D12,Bandages,First Aid,150
23,2025-03-13,D13,Antiseptic Cream,First Aid,200
24,2025-06-16,D12,Bandages,First Aid,150
24,2025-06-16,D13,Antiseptic Cream,First Aid,200
25,2025-01-22,D03,Cold & Flu Syrup,Cold Remedy,350
25,2025-01-22,D04,Tissues,Cold Remedy,100
26,2025-03-31,D02,Ibuprofen,Pain Relief,150
26,2025-03-31,D13,Antiseptic Cream,First Aid,200
27,2025-02-13,D17,Reading Puzzle Book,Stationery/Leisure,300
27,2025-02-13,D13,Antiseptic Cream,First Aid,200
27,2025-02-13,D16,Multivitamin Gummies,Supplements,500
28,2025-04-22,D16,Multivitamin Gummies,Supplements,500
29,2025-06-09,D08,Sunscreen SPF50,Skincare,800
29,2025-06-09,D09,Aloe Vera Gel,Skincare,350
30,2025-02-02,D06,Hand Sanitizer,Hygiene,150
30,2025-02-02,D07,Face Masks,Hygiene,200
31,2025-05-07,D14,Baby Lotion,Baby Care,350
31,2025-05-07,D09,Aloe Vera Gel,Skincare,350
31,2025-05-07,D01,Paracetamol,Pain Relief,100
31,2025-05-07,D11,Eye Drops,Vision,250
32,2025-05-08,D13,Antiseptic Cream,First Aid,200
32,2025-05-08,D12,Bandages,First Aid,150
32,2025-05-08,D16,Multivitamin Gummies,Supplements,500
33,2025-06-30,D12,Bandages,First Aid,150
33,2025-06-30,D13,Antiseptic Cream,First Aid,200
34,2025-05-22,D08,Sunscreen SPF50,Skincare,800
34,2025-05-22,D09,Aloe Vera Gel,Skincare,350
34,2025-05-22,D16,Multivitamin Gummies,Supplements,500
35,2025-05-09,D12,Bandages,First Aid,150
36,2025-01-11,D02,Ibuprofen,Pain Relief,150
37,2025-06-13,D06,Hand Sanitizer,Hygiene,150
37,2025-06-13,D07,Face Masks,Hygiene,200
38,2025-02-20,D17,Reading Puzzle Book,Stationery/Leisure,300
38,2025-02-20,D13,Antiseptic Cream,First Aid,200
38,2025-02-20,D14,Baby Lotion,Baby Care,350
39,2025-03-26,D02,Ibuprofen,Pain Relief,150
39,2025-03-26,D05,Vitamin C Tablets,Supplements,400
40,2025-05-22,D14,Baby Lotion,Baby Care,350
40,2025-05-22,D15,Baby Diapers,Baby Care,1200
41,2025-05-10,D06,Hand Sanitizer,Hygiene,150
42,2025-05-14,D13,Antiseptic Cream,First Aid,200
42,2025-05-14,D09,Aloe Vera Gel,Skincare,350
43,2025-01-06,D02,Ibuprofen,Pain Relief,150
43,2025-01-06,D07,Face Masks,Hygiene,200
44,2025-05-13,D06,Hand Sanitizer,Hygiene,150
44,2025-05-13,D07,Face Masks,Hygiene,200
45,2025-03-11,D02,Ibuprofen,Pain Relief,150
45,2025-03-11,D05,Vitamin C Tablets,Supplements,400
46,2025-05-11,D12,Bandages,First Aid,150
46,2025-05-11,D13,Antiseptic Cream,First Aid,200
46,2025-05-11,D09,Aloe Vera Gel,Skincare,350
47,2025-04-02,D06,Hand Sanitizer,Hygiene,150
47,2025-04-02,D07,Face Masks,Hygiene,200
48,2025-04-09,D04,Tissues,Cold Remedy,100
48,2025-04-09,D07,Face Masks,Hygiene,200
49,2025-06-02,D12,Bandages,First Aid,150
49,2025-06-02,D13,Antiseptic Cream,First Aid,200
50,2025-06-27,D13,Antiseptic Cream,First Aid,200
51,2025-04-08,D14,Baby Lotion,Baby Care,350
52,2025-06-09,D14,Baby Lotion,Baby Care,350
52,2025-06-09,D15,Baby Diapers,Baby Care,1200
53,2025-05-30,D10,Reading Glasses,Vision,600
53,2025-05-30,D17,Reading Puzzle Book,Stationery/Leisure,300
54,2025-05-13,D17,Reading Puzzle Book,Stationery/Leisure,300
54,2025-05-13,D04,Tissues,Cold Remedy,100
54,2025-05-13,D10,Reading Glasses,Vision,600
54,2025-05-13,D12,Bandages,First Aid,150
55,2025-01-19,D01,Paracetamol,Pain Relief,100
55,2025-01-19,D17,Reading Puzzle Book,Stationery/Leisure,300
56,2025-06-09,D10,Reading Glasses,Vision,600
56,2025-06-09,D17,Reading Puzzle Book,Stationery/Leisure,300
57,2025-01-12,D05,Vitamin C Tablets,Supplements,400
58,2025-04-25,D03,Cold & Flu Syrup,Cold Remedy,350
58,2025-04-25,D04,Tissues,Cold Remedy,100
59,2025-02-15,D06,Hand Sanitizer,Hygiene,150
59,2025-02-15,D07,Face Masks,Hygiene,200
60,2025-03-19,D14,Baby Lotion,Baby Care,350
60,2025-03-19,D15,Baby Diapers,Baby Care,1200
61,2025-03-25,D08,Sunscreen SPF50,Skincare,800
61,2025-03-25,D09,Aloe Vera Gel,Skincare,350
62,2025-03-12,D12,Bandages,First Aid,150
62,2025-03-12,D13,Antiseptic Cream,First Aid,200
63,2025-05-18,D17,Reading Puzzle Book,Stationery/Leisure,300
64,2025-03-31,D05,Vitamin C Tablets,Supplements,400
64,2025-03-31,D16,Multivitamin Gummies,Supplements,500
65,2025-03-14,D16,Multivitamin Gummies,Supplements,500
66,2025-02-28,D02,Ibuprofen,Pain Relief,150
67,2025-05-20,D04,Tissues,Cold Remedy,100
68,2025-02-14,D11,Eye Drops,Vision,250
68,2025-02-14,D01,Paracetamol,Pain Relief,100
68,2025-02-14,D15,Baby Diapers,Baby Care,1200
69,2025-06-19,D03,Cold & Flu Syrup,Cold Remedy,350
69,2025-06-19,D04,Tissues,Cold Remedy,100
69,2025-06-19,D05,Vitamin C Tablets,Supplements,400
70,2025-03-20,D14,Baby Lotion,Baby Care,350
70,2025-03-20,D15,Baby Diapers,Baby Care,1200
71,2025-05-27,D15,Baby Diapers,Baby Care,1200
71,2025-05-27,D08,Sunscreen SPF50,Skincare,800
72,2025-04-28,D08,Sunscreen SPF50,Skincare,800
72,2025-04-28,D09,Aloe Vera Gel,Skincare,350
73,2025-06-20,D04,Tissues,Cold Remedy,100
74,2025-02-21,D14,Baby Lotion,Baby Care,350
74,2025-02-21,D17,Reading Puzzle Book,Stationery/Leisure,300
75,2025-02-23,D14,Baby Lotion,Baby Care,350
75,2025-02-23,D15,Baby Diapers,Baby Care,1200
76,2025-02-17,D10,Reading Glasses,Vision,600
76,2025-02-17,D17,Reading Puzzle Book,Stationery/Leisure,300
77,2025-03-01,D06,Hand Sanitizer,Hygiene,150
77,2025-03-01,D07,Face Masks,Hygiene,200
78,2025-02-22,D05,Vitamin C Tablets,Supplements,400
78,2025-02-22,D16,Multivitamin Gummies,Supplements,500
79,2025-02-11,D09,Aloe Vera Gel,Skincare,350
80,2025-05-14,D10,Reading Glasses,Vision,600
80,2025-05-14,D17,Reading Puzzle Book,Stationery/Leisure,300
80,2025-05-14,D11,Eye Drops,Vision,250
81,2025-03-28,D06,Hand Sanitizer,Hygiene,150
81,2025-03-28,D07,Face Masks,Hygiene,200
81,2025-03-28,D08,Sunscreen SPF50,Skincare,800
82,2025-05-17,D14,Baby Lotion,Baby Care,350
83,2025-01-25,D01,Paracetamol,Pain Relief,100
83,2025-01-25,D14,Baby Lotion,Baby Care,350
83,2025-01-25,D12,Bandages,First Aid,150
83,2025-01-25,D11,Eye Drops,Vision,250
84,2025-02-27,D12,Bandages,First Aid,150
84,2025-02-27,D13,Antiseptic Cream,First Aid,200
85,2025-04-27,D03,Cold & Flu Syrup,Cold Remedy,350
85,2025-04-27,D04,Tissues,Cold Remedy,100
85,2025-04-27,D05,Vitamin C Tablets,Supplements,400
86,2025-03-23,D03,Cold & Flu Syrup,Cold Remedy,350
86,2025-03-23,D04,Tissues,Cold Remedy,100
86,2025-03-23,D11,Eye Drops,Vision,250
87,2025-06-04,D13,Antiseptic Cream,First Aid,200
87,2025-06-04,D11,Eye Drops,Vision,250
88,2025-06-13,D06,Hand Sanitizer,Hygiene,150
88,2025-06-13,D02,Ibuprofen,Pain Relief,150
88,2025-06-13,D01,Paracetamol,Pain Relief,100
88,2025-06-13,D14,Baby Lotion,Baby Care,350
89,2025-03-20,D03,Cold & Flu Syrup,Cold Remedy,350
89,2025-03-20,D04,Tissues,Cold Remedy,100
90,2025-05-21,D12,Bandages,First Aid,150
90,2025-05-21,D13,Antiseptic Cream,First Aid,200
91,2025-05-08,D08,Sunscreen SPF50,Skincare,800
91,2025-05-08,D12,Bandages,First Aid,150
91,2025-05-08,D02,Ibuprofen,Pain Relief,150
92,2025-05-17,D17,Reading Puzzle Book,Stationery/Leisure,300
92,2025-05-17,D10,Reading Glasses,Vision,600
92,2025-05-17,D09,Aloe Vera Gel,Skincare,350
93,2025-02-03,D06,Hand Sanitizer,Hygiene,150
93,2025-02-03,D07,Face Masks,Hygiene,200
94,2025-06-18,D09,Aloe Vera Gel,Skincare,350
95,2025-01-11,D16,Multivitamin Gummies,Supplements,500
95,2025-01-11,D14,Baby Lotion,Baby Care,350
95,2025-01-11,D09,Aloe Vera Gel,Skincare,350
95,2025-01-11,D02,Ibuprofen,Pain Relief,150
96,2025-04-06,D03,Cold & Flu Syrup,Cold Remedy,350
96,2025-04-06,D04,Tissues,Cold Remedy,100
97,2025-03-16,D15,Baby Diapers,Baby Care,1200
97,2025-03-16,D14,Baby Lotion,Baby Care,350
97,2025-03-16,D13,Antiseptic Cream,First Aid,200
97,2025-03-16,D07,Face Masks,Hygiene,200
98,2025-06-09,D11,Eye Drops,Vision,250
98,2025-06-09,D14,Baby Lotion,Baby Care,350
99,2025-05-26,D15,Baby Diapers,Baby Care,1200
99,2025-05-26,D11,Eye Drops,Vision,250
99,2025-05-26,D04,Tissues,Cold Remedy,100
100,2025-06-29,D14,Baby Lotion,Baby Care,350
100,2025-06-29,D15,Baby Diapers,Baby Care,1200
101,2025-02-13,D12,Bandages,First Aid,150
101,2025-02-13,D13,Antiseptic Cream,First Aid,200
102,2025-04-27,D02,Ibuprofen,Pain Relief,150
103,2025-02-03,D11,Eye Drops,Vision,250
104,2025-02-13,D03,Cold & Flu Syrup,Cold Remedy,350
105,2025-04-08,D12,Bandages,First Aid,150
105,2025-04-08,D13,Antiseptic Cream,First Aid,200
106,2025-02-16,D07,Face Masks,Hygiene,200
106,2025-02-16,D17,Reading Puzzle Book,Stationery/Leisure,300
107,2025-05-12,D06,Hand Sanitizer,Hygiene,150
107,2025-05-12,D07,Face Masks,Hygiene,200
107,2025-05-12,D13,Antiseptic Cream,First Aid,200
108,2025-01-23,D08,Sunscreen SPF50,Skincare,800
108,2025-01-23,D09,Aloe Vera Gel,Skincare,350
109,2025-03-30,D12,Bandages,First Aid,150
109,2025-03-30,D13,Antiseptic Cream,First Aid,200
110,2025-04-11,D06,Hand Sanitizer,Hygiene,150
110,2025-04-11,D07,Face Masks,Hygiene,200
111,2025-03-07,D03,Cold & Flu Syrup,Cold Remedy,350
111,2025-03-07,D04,Tissues,Cold Remedy,100
112,2025-05-06,D11,Eye Drops,Vision,250
113,2025-05-11,D10,Reading Glasses,Vision,600
113,2025-05-11,D17,Reading Puzzle Book,Stationery/Leisure,300
113,2025-05-11,D11,Eye Drops,Vision,250
114,2025-01-18,D08,Sunscreen SPF50,Skincare,800
114,2025-01-18,D09,Aloe Vera Gel,Skincare,350
115,2025-05-10,D10,Reading Glasses,Vision,600
115,2025-05-10,D17,Reading Puzzle Book,Stationery/Leisure,300
115,2025-05-10,D11,Eye Drops,Vision,250
116,2025-01-12,D12,Bandages,First Aid,150
116,2025-01-12,D13,Antiseptic Cream,First Aid,200
117,2025-02-28,D17,Reading Puzzle Book,Stationery/Leisure,300
118,2025-01-03,D14,Baby Lotion,Baby Care,350
118,2025-01-03,D15,Baby Diapers,Baby Care,1200
119,2025-06-28,D03,Cold & Flu Syrup,Cold Remedy,350
119,2025-06-28,D04,Tissues,Cold Remedy,100
120,2025-06-15,D16,Multivitamin Gummies,Supplements,500
121,2025-06-22,D08,Sunscreen SPF50,Skincare,800
121,2025-06-22,D09,Aloe Vera Gel,Skincare,350
122,2025-01-23,D06,Hand Sanitizer,Hygiene,150
122,2025-01-23,D01,Paracetamol,Pain Relief,100
122,2025-01-23,D03,Cold & Flu Syrup,Cold Remedy,350
123,2025-01-22,D10,Reading Glasses,Vision,600
123,2025-01-22,D17,Reading Puzzle Book,Stationery/Leisure,300
124,2025-03-22,D10,Reading Glasses,Vision,600
124,2025-03-22,D17,Reading Puzzle Book,Stationery/Leisure,300
125,2025-06-13,D03,Cold & Flu Syrup,Cold Remedy,350
125,2025-06-13,D04,Tissues,Cold Remedy,100
125,2025-06-13,D05,Vitamin C Tablets,Supplements,400
126,2025-05-23,D05,Vitamin C Tablets,Supplements,400
126,2025-05-23,D02,Ibuprofen,Pain Relief,150
126,2025-05-23,D17,Reading Puzzle Book,Stationery/Leisure,300
127,2025-04-10,D03,Cold & Flu Syrup,Cold Remedy,350
127,2025-04-10,D01,Paracetamol,Pain Relief,100
128,2025-02-19,D12,Bandages,First Aid,150
128,2025-02-19,D13,Antiseptic Cream,First Aid,200
129,2025-05-23,D08,Sunscreen SPF50,Skincare,800
129,2025-05-23,D09,Aloe Vera Gel,Skincare,350
130,2025-02-12,D04,Tissues,Cold Remedy,100
131,2025-01-20,D14,Baby Lotion,Baby Care,350
131,2025-01-20,D15,Baby Diapers,Baby Care,1200
132,2025-03-25,D12,Bandages,First Aid,150
132,2025-03-25,D13,Antiseptic Cream,First Aid,200
132,2025-03-25,D11,Eye Drops,Vision,250
133,2025-03-19,D11,Eye Drops,Vision,250
134,2025-03-08,D14,Baby Lotion,Baby Care,350
134,2025-03-08,D15,Baby Diapers,Baby Care,1200
135,2025-06-25,D11,Eye Drops,Vision,250
136,2025-02-07,D09,Aloe Vera Gel,Skincare,350
136,2025-02-07,D14,Baby Lotion,Baby Care,350
136,2025-02-07,D06,Hand Sanitizer,Hygiene,150
137,2025-02-26,D12,Bandages,First Aid,150
137,2025-02-26,D16,Multivitamin Gummies,Supplements,500
137,2025-02-26,D05,Vitamin C Tablets,Supplements,400
138,2025-01-19,D16,Multivitamin Gummies,Supplements,500
138,2025-01-19,D03,Cold & Flu Syrup,Cold Remedy,350
139,2025-06-28,D15,Baby Diapers,Baby Care,1200
140,2025-01-08,D10,Reading Glasses,Vision,600
140,2025-01-08,D04,Tissues,Cold Remedy,100
140,2025-01-08,D13,Antiseptic Cream,First Aid,200
141,2025-03-01,D03,Cold & Flu Syrup,Cold Remedy,350
141,2025-03-01,D04,Tissues,Cold Remedy,100
141,2025-03-01,D05,Vitamin C Tablets,Supplements,400
142,2025-03-10,D03,Cold & Flu Syrup,Cold Remedy,350
142,2025-03-10,D04,Tissues,Cold Remedy,100
142,2025-03-10,D05,Vitamin C Tablets,Supplements,400
143,2025-06-23,D03,Cold & Flu Syrup,Cold Remedy,350
143,2025-06-23,D17,Reading Puzzle Book,Stationery/Leisure,300
143,2025-06-23,D10,Reading Glasses,Vision,600
143,2025-06-23,D14,Baby Lotion,Baby Care,350
144,2025-05-13,D02,Ibuprofen,Pain Relief,150
144,2025-05-13,D09,Aloe Vera Gel,Skincare,350
144,2025-05-13,D06,Hand Sanitizer,Hygiene,150
144,2025-05-13,D03,Cold & Flu Syrup,Cold Remedy,350
145,2025-05-01,D05,Vitamin C Tablets,Supplements,400
145,2025-05-01,D16,Multivitamin Gummies,Supplements,500
146,2025-03-06,D09,Aloe Vera Gel,Skincare,350
147,2025-05-22,D14,Baby Lotion,Baby Care,350
147,2025-05-22,D13,Antiseptic Cream,First Aid,200
147,2025-05-22,D08,Sunscreen SPF50,Skincare,800
147,2025-05-22,D03,Cold & Flu Syrup,Cold Remedy,350
148,2025-06-22,D10,Reading Glasses,Vision,600
148,2025-06-22,D02,Ibuprofen,Pain Relief,150
148,2025-06-22,D05,Vitamin C Tablets,Supplements,400
149,2025-04-29,D05,Vitamin C Tablets,Supplements,400
149,2025-04-29,D16,Multivitamin Gummies,Supplements,500
149,2025-04-29,D12,Bandages,First Aid,150
150,2025-04-19,D08,Sunscreen SPF50,Skincare,800
150,2025-04-19,D09,Aloe Vera Gel,Skincare,350
151,2025-06-17,D04,Tissues,Cold Remedy,100
152,2025-04-27,D05,Vitamin C Tablets,Supplements,400
152,2025-04-27,D16,Multivitamin Gummies,Supplements,500
153,2025-02-16,D08,Sunscreen SPF50,Skincare,800
153,2025-02-16,D09,Aloe Vera Gel,Skincare,350
154,2025-02-10,D03,Cold & Flu Syrup,Cold Remedy,350
155,2025-05-24,D10,Reading Glasses,Vision,600
155,2025-05-24,D17,Reading Puzzle Book,Stationery/Leisure,300
155,2025-05-24,D03,Cold & Flu Syrup,Cold Remedy,350
156,2025-05-28,D07,Face Masks,Hygiene,200
156,2025-05-28,D01,Paracetamol,Pain Relief,100
157,2025-01-01,D14,Baby Lotion,Baby Care,350
157,2025-01-01,D15,Baby Diapers,Baby Care,1200
157,2025-01-01,D11,Eye Drops,Vision,250
158,2025-03-30,D06,Hand Sanitizer,Hygiene,150
158,2025-03-30,D07,Face Masks,Hygiene,200
159,2025-03-03,D07,Face Masks,Hygiene,200
159,2025-03-03,D10,Reading Glasses,Vision,600
160,2025-01-10,D09,Aloe Vera Gel,Skincare,350
160,2025-01-10,D15,Baby Diapers,Baby Care,1200
160,2025-01-10,D16,Multivitamin Gummies,Supplements,500
161,2025-06-01,D06,Hand Sanitizer,Hygiene,150
161,2025-06-01,D07,Face Masks,Hygiene,200
162,2025-05-27,D11,Eye Drops,Vision,250
163,2025-04-30,D09,Aloe Vera Gel,Skincare,350
164,2025-06-08,D08,Sunscreen SPF50,Skincare,800
164,2025-06-08,D14,Baby Lotion,Baby Care,350
164,2025-06-08,D13,Antiseptic Cream,First Aid,200
164,2025-06-08,D12,Bandages,First Aid,150
165,2025-06-28,D03,Cold & Flu Syrup,Cold Remedy,350
165,2025-06-28,D04,Tissues,Cold Remedy,100
165,2025-06-28,D05,Vitamin C Tablets,Supplements,400
166,2025-04-17,D05,Vitamin C Tablets,Supplements,400
166,2025-04-17,D16,Multivitamin Gummies,Supplements,500
166,2025-04-17,D09,Aloe Vera Gel,Skincare,350
167,2025-03-12,D03,Cold & Flu Syrup,Cold Remedy,350
167,2025-03-12,D04,Tissues,Cold Remedy,100
168,2025-06-08,D17,Reading Puzzle Book,Stationery/Leisure,300
168,2025-06-08,D02,Ibuprofen,Pain Relief,150
168,2025-06-08,D16,Multivitamin Gummies,Supplements,500
168,2025-06-08,D08,Sunscreen SPF50,Skincare,800
169,2025-02-11,D12,Bandages,First Aid,150
169,2025-02-11,D13,Antiseptic Cream,First Aid,200
170,2025-06-13,D01,Paracetamol,Pain Relief,100
171,2025-03-22,D09,Aloe Vera Gel,Skincare,350
171,2025-03-22,D13,Antiseptic Cream,First Aid,200
171,2025-03-22,D08,Sunscreen SPF50,Skincare,800
171,2025-03-22,D04,Tissues,Cold Remedy,100
172,2025-01-27,D08,Sunscreen SPF50,Skincare,800
172,2025-01-27,D09,Aloe Vera Gel,Skincare,350
173,2025-02-20,D16,Multivitamin Gummies,Supplements,500
174,2025-03-16,D03,Cold & Flu Syrup,Cold Remedy,350
174,2025-03-16,D04,Tissues,Cold Remedy,100
175,2025-01-17,D07,Face Masks,Hygiene,200
176,2025-01-16,D05,Vitamin C Tablets,Supplements,400
176,2025-01-16,D16,Multivitamin Gummies,Supplements,500
177,2025-04-16,D03,Cold & Flu Syrup,Cold Remedy,350
177,2025-04-16,D14,Baby Lotion,Baby Care,350
177,2025-04-16,D04,Tissues,Cold Remedy,100
177,2025-04-16,D09,Aloe Vera Gel,Skincare,350
178,2025-02-22,D04,Tissues,Cold Remedy,100
178,2025-02-22,D12,Bandages,First Aid,150
178,2025-02-22,D13,Antiseptic Cream,First Aid,200
179,2025-06-19,D03,Cold & Flu Syrup,Cold Remedy,350
179,2025-06-19,D04,Tissues,Cold Remedy,100
180,2025-01-10,D03,Cold & Flu Syrup,Cold Remedy,350
180,2025-01-10,D16,Multivitamin Gummies,Supplements,500
181,2025-04-09,D10,Reading Glasses,Vision,600
182,2025-04-11,D14,Baby Lotion,Baby Care,350
182,2025-04-11,D15,Baby Diapers,Baby Care,1200
183,2025-06-12,D14,Baby Lotion,Baby Care,350
184,2025-04-11,D03,Cold & Flu Syrup,Cold Remedy,350
184,2025-04-11,D04,Tissues,Cold Remedy,100
185,2025-02-01,D06,Hand Sanitizer,Hygiene,150
185,2025-02-01,D07,Face Masks,Hygiene,200
186,2025-01-18,D05,Vitamin C Tablets,Supplements,400
186,2025-01-18,D16,Multivitamin Gummies,Supplements,500
186,2025-01-18,D11,Eye Drops,Vision,250
187,2025-06-10,D09,Aloe Vera Gel,Skincare,350
187,2025-06-10,D02,Ibuprofen,Pain Relief,150
187,2025-06-10,D05,Vitamin C Tablets,Supplements,400
188,2025-04-24,D10,Reading Glasses,Vision,600
188,2025-04-24,D02,Ibuprofen,Pain Relief,150
189,2025-01-02,D05,Vitamin C Tablets,Supplements,400
189,2025-01-02,D16,Multivitamin Gummies,Supplements,500
190,2025-04-24,D12,Bandages,First Aid,150
190,2025-04-24,D13,Antiseptic Cream,First Aid,200
191,2025-05-09,D14,Baby Lotion,Baby Care,350
191,2025-05-09,D15,Baby Diapers,Baby Care,1200
192,2025-05-23,D08,Sunscreen SPF50,Skincare,800
192,2025-05-23,D15,Baby Diapers,Baby Care,1200
192,2025-05-23,D02,Ibuprofen,Pain Relief,150
192,2025-05-23,D01,Paracetamol,Pain Relief,100
193,2025-01-23,D06,Hand Sanitizer,Hygiene,150
193,2025-01-23,D10,Reading Glasses,Vision,600
194,2025-04-23,D15,Baby Diapers,Baby Care,1200
195,2025-05-12,D09,Aloe Vera Gel,Skincare,350
196,2025-06-06,D08,Sunscreen SPF50,Skincare,800
196,2025-06-06,D10,Reading Glasses,Vision,600
196,2025-06-06,D03,Cold & Flu Syrup,Cold Remedy,350
197,2025-04-07,D12,Bandages,First Aid,150
197,2025-04-07,D13,Antiseptic Cream,First Aid,200
198,2025-03-19,D01,Paracetamol,Pain Relief,100
198,2025-03-19,D09,Aloe Vera Gel,Skincare,350
198,2025-03-19,D04,Tissues,Cold Remedy,100
199,2025-01-09,D12,Bandages,First Aid,150
199,2025-01-09,D13,Antiseptic Cream,First Aid,200
200,2025-01-24,D05,Vitamin C Tablets,Supplements,400
200,2025-01-24,D02,Ibuprofen,Pain Relief,150
200,2025-01-24,D07,Face Masks,Hygiene,200
201,2025-05-01,D13,Antiseptic Cream,First Aid,200
201,2025-05-01,D11,Eye Drops,Vision,250
201,2025-05-01,D10,Reading Glasses,Vision,600
201,2025-05-01,D05,Vitamin C Tablets,Supplements,400
202,2025-03-15,D08,Sunscreen SPF50,Skincare,800
202,2025-03-15,D09,Aloe Vera Gel,Skincare,350
203,2025-02-16,D04,Tissues,Cold Remedy,100
203,2025-02-16,D12,Bandages,First Aid,150
204,2025-06-06,D02,Ibuprofen,Pain Relief,150
204,2025-06-06,D05,Vitamin C Tablets,Supplements,400
205,2025-02-22,D02,Ibuprofen,Pain Relief,150
205,2025-02-22,D08,Sunscreen SPF50,Skincare,800
206,2025-01-20,D12,Bandages,First Aid,150
206,2025-01-20,D13,Antiseptic Cream,First Aid,200
207,2025-05-21,D10,Reading Glasses,Vision,600
207,2025-05-21,D17,Reading Puzzle Book,Stationery/Leisure,300
208,2025-03-01,D11,Eye Drops,Vision,250
208,2025-03-01,D15,Baby Diapers,Baby Care,1200
209,2025-03-07,D09,Aloe Vera Gel,Skincare,350
210,2025-04-18,D03,Cold & Flu Syrup,Cold Remedy,350
210,2025-04-18,D04,Tissues,Cold Remedy,100
210,2025-04-18,D05,Vitamin C Tablets,Supplements,400
211,2025-04-26,D08,Sunscreen SPF50,Skincare,800
211,2025-04-26,D05,Vitamin C Tablets,Supplements,400
211,2025-04-26,D09,Aloe Vera Gel,Skincare,350
212,2025-01-02,D05,Vitamin C Tablets,Supplements,400
212,2025-01-02,D16,Multivitamin Gummies,Supplements,500
213,2025-05-15,D12,Bandages,First Aid,150
214,2025-03-31,D12,Bandages,First Aid,150
214,2025-03-31,D13,Antiseptic Cream,First Aid,200
215,2025-04-17,D15,Baby Diapers,Baby Care,1200
216,2025-06-25,D12,Bandages,First Aid,150
216,2025-06-25,D13,Antiseptic Cream,First Aid,200
217,2025-02-12,D15,Baby Diapers,Baby Care,1200
217,2025-02-12,D08,Sunscreen SPF50,Skincare,800
218,2025-05-29,D15,Baby Diapers,Baby Care,1200
219,2025-01-05,D09,Aloe Vera Gel,Skincare,350
219,2025-01-05,D15,Baby Diapers,Baby Care,1200
220,2025-04-15,D01,Paracetamol,Pain Relief,100
221,2025-02-01,D14,Baby Lotion,Baby Care,350
221,2025-02-01,D15,Baby Diapers,Baby Care,1200
222,2025-01-16,D08,Sunscreen SPF50,Skincare,800
222,2025-01-16,D09,Aloe Vera Gel,Skincare,350
223,2025-04-01,D06,Hand Sanitizer,Hygiene,150
223,2025-04-01,D07,Face Masks,Hygiene,200
224,2025-01-10,D05,Vitamin C Tablets,Supplements,400
224,2025-01-10,D16,Multivitamin Gummies,Supplements,500
225,2025-01-14,D12,Bandages,First Aid,150
225,2025-01-14,D13,Antiseptic Cream,First Aid,200
226,2025-01-01,D14,Baby Lotion,Baby Care,350
226,2025-01-01,D15,Baby Diapers,Baby Care,1200
227,2025-04-13,D08,Sunscreen SPF50,Skincare,800
227,2025-04-13,D04,Tissues,Cold Remedy,100
228,2025-03-27,D08,Sunscreen SPF50,Skincare,800
228,2025-03-27,D09,Aloe Vera Gel,Skincare,350
229,2025-06-27,D11,Eye Drops,Vision,250
230,2025-04-10,D05,Vitamin C Tablets,Supplements,400
230,2025-04-10,D16,Multivitamin Gummies,Supplements,500
230,2025-04-10,D13,Antiseptic Cream,First Aid,200
231,2025-05-28,D14,Baby Lotion,Baby Care,350
231,2025-05-28,D15,Baby Diapers,Baby Care,1200
232,2025-01-16,D10,Reading Glasses,Vision,600
232,2025-01-16,D17,Reading Puzzle Book,Stationery/Leisure,300
233,2025-01-26,D02,Ibuprofen,Pain Relief,150
233,2025-01-26,D05,Vitamin C Tablets,Supplements,400
233,2025-01-26,D16,Multivitamin Gummies,Supplements,500
233,2025-01-26,D01,Paracetamol,Pain Relief,100
234,2025-03-20,D17,Reading Puzzle Book,Stationery/Leisure,300
235,2025-03-27,D05,Vitamin C Tablets,Supplements,400
235,2025-03-27,D16,Multivitamin Gummies,Supplements,500
236,2025-03-29,D10,Reading Glasses,Vision,600
236,2025-03-29,D17,Reading Puzzle Book,Stationery/Leisure,300
237,2025-05-07,D06,Hand Sanitizer,Hygiene,150
237,2025-05-07,D07,Face Masks,Hygiene,200
238,2025-02-07,D05,Vitamin C Tablets,Supplements,400
239,2025-01-02,D05,Vitamin C Tablets,Supplements,400
239,2025-01-02,D01,Paracetamol,Pain Relief,100
239,2025-01-02,D02,Ibuprofen,Pain Relief,150
239,2025-01-02,D09,Aloe Vera Gel,Skincare,350
240,2025-03-31,D14,Baby Lotion,Baby Care,350
240,2025-03-31,D02,Ibuprofen,Pain Relief,150
241,2025-05-12,D03,Cold & Flu Syrup,Cold Remedy,350
242,2025-06-21,D06,Hand Sanitizer,Hygiene,150
242,2025-06-21,D07,Face Masks,Hygiene,200
243,2025-06-24,D03,Cold & Flu Syrup,Cold Remedy,350
243,2025-06-24,D04,Tissues,Cold Remedy,100
244,2025-06-26,D16,Multivitamin Gummies,Supplements,500
244,2025-06-26,D13,Antiseptic Cream,First Aid,200
244,2025-06-26,D11,Eye Drops,Vision,250
245,2025-03-03,D06,Hand Sanitizer,Hygiene,150
245,2025-03-03,D07,Face Masks,Hygiene,200
245,2025-03-03,D17,Reading Puzzle Book,Stationery/Leisure,300
246,2025-03-27,D12,Bandages,First Aid,150
246,2025-03-27,D13,Antiseptic Cream,First Aid,200
247,2025-06-17,D07,Face Masks,Hygiene,200
248,2025-03-29,D02,Ibuprofen,Pain Relief,150
249,2025-04-14,D15,Baby Diapers,Baby Care,1200
249,2025-04-14,D17,Reading Puzzle Book,Stationery/Leisure,300
249,2025-04-14,D01,Paracetamol,Pain Relief,100
250,2025-02-24,D03,Cold & Flu Syrup,Cold Remedy,350
250,2025-02-24,D04,Tissues,Cold Remedy,100
251,2025-01-08,D05,Vitamin C Tablets,Supplements,400
251,2025-01-08,D16,Multivitamin Gummies,Supplements,500
252,2025-05-19,D06,Hand Sanitizer,Hygiene,150
252,2025-05-19,D07,Face Masks,Hygiene,200
253,2025-04-29,D02,Ibuprofen,Pain Relief,150
253,2025-04-29,D09,Aloe Vera Gel,Skincare,350
254,2025-03-19,D11,Eye Drops,Vision,250
254,2025-03-19,D15,Baby Diapers,Baby Care,1200
254,2025-03-19,D12,Bandages,First Aid,150
255,2025-01-25,D05,Vitamin C Tablets,Supplements,400
255,2025-01-25,D16,Multivitamin Gummies,Supplements,500
256,2025-02-16,D10,Reading Glasses,Vision,600
256,2025-02-16,D17,Reading Puzzle Book,Stationery/Leisure,300
256,2025-02-16,D11,Eye Drops,Vision,250
256,2025-02-16,D04,Tissues,Cold Remedy,100
257,2025-03-13,D16,Multivitamin Gummies,Supplements,500
257,2025-03-13,D01,Paracetamol,Pain Relief,100
257,2025-03-13,D07,Face Masks,Hygiene,200
258,2025-01-30,D10,Reading Glasses,Vision,600
259,2025-05-26,D10,Reading Glasses,Vision,600
259,2025-05-26,D12,Bandages,First Aid,150
259,2025-05-26,D02,Ibuprofen,Pain Relief,150
259,2025-05-26,D03,Cold & Flu Syrup,Cold Remedy,350
260,2025-06-07,D13,Antiseptic Cream,First Aid,200
261,2025-05-17,D12,Bandages,First Aid,150
262,2025-03-11,D12,Bandages,First Aid,150
262,2025-03-11,D17,Reading Puzzle Book,Stationery/Leisure,300
263,2025-01-02,D05,Vitamin C Tablets,Supplements,400
264,2025-03-26,D05,Vitamin C Tablets,Supplements,400
264,2025-03-26,D16,Multivitamin Gummies,Supplements,500
264,2025-03-26,D03,Cold & Flu Syrup,Cold Remedy,350
264,2025-03-26,D11,Eye Drops,Vision,250
265,2025-01-11,D07,Face Masks,Hygiene,200
265,2025-01-11,D09,Aloe Vera Gel,Skincare,350
265,2025-01-11,D12,Bandages,First Aid,150
265,2025-01-11,D05,Vitamin C Tablets,Supplements,400
266,2025-05-31,D10,Reading Glasses,Vision,600
266,2025-05-31,D16,Multivitamin Gummies,Supplements,500
266,2025-05-31,D05,Vitamin C Tablets,Supplements,400
267,2025-06-06,D03,Cold & Flu Syrup,Cold Remedy,350
268,2025-01-22,D10,Reading Glasses,Vision,600
268,2025-01-22,D03,Cold & Flu Syrup,Cold Remedy,350
268,2025-01-22,D01,Paracetamol,Pain Relief,100
269,2025-04-23,D14,Baby Lotion,Baby Care,350
269,2025-04-23,D15,Baby Diapers,Baby Care,1200
270,2025-01-25,D14,Baby Lotion,Baby Care,350
270,2025-01-25,D08,Sunscreen SPF50,Skincare,800
270,2025-01-25,D15,Baby Diapers,Baby Care,1200
271,2025-02-25,D14,Baby Lotion,Baby Care,350
271,2025-02-25,D15,Baby Diapers,Baby Care,1200
272,2025-04-18,D05,Vitamin C Tablets,Supplements,400
272,2025-04-18,D16,Multivitamin Gummies,Supplements,500
273,2025-02-06,D10,Reading Glasses,Vision,600
274,2025-02-20,D11,Eye Drops,Vision,250
274,2025-02-20,D12,Bandages,First Aid,150
275,2025-03-31,D07,Face Masks,Hygiene,200
276,2025-01-07,D05,Vitamin C Tablets,Supplements,400
276,2025-01-07,D16,Multivitamin Gummies,Supplements,500
276,2025-01-07,D02,Ibuprofen,Pain Relief,150
277,2025-05-12,D01,Paracetamol,Pain Relief,100
277,2025-05-12,D04,Tissues,Cold Remedy,100
278,2025-03-29,D14,Baby Lotion,Baby Care,350
278,2025-03-29,D12,Bandages,First Aid,150
278,2025-03-29,D10,Reading Glasses,Vision,600
278,2025-03-29,D03,Cold & Flu Syrup,Cold Remedy,350
279,2025-01-08,D06,Hand Sanitizer,Hygiene,150
279,2025-01-08,D07,Face Masks,Hygiene,200
280,2025-06-08,D06,Hand Sanitizer,Hygiene,150
280,2025-06-08,D07,Face Masks,Hygiene,200
281,2025-05-15,D10,Reading Glasses,Vision,600
281,2025-05-15,D17,Reading Puzzle Book,Stationery/Leisure,300
282,2025-05-13,D07,Face Masks,Hygiene,200
282,2025-05-13,D09,Aloe Vera Gel,Skincare,350
283,2025-01-14,D03,Cold & Flu Syrup,Cold Remedy,350
283,2025-01-14,D04,Tissues,Cold Remedy,100
284,2025-05-23,D03,Cold & Flu Syrup,Cold Remedy,350
285,2025-05-04,D05,Vitamin C Tablets,Supplements,400
285,2025-05-04,D16,Multivitamin Gummies,Supplements,500
286,2025-02-12,D04,Tissues,Cold Remedy,100
286,2025-02-12,D14,Baby Lotion,Baby Care,350
286,2025-02-12,D17,Reading Puzzle Book,Stationery/Leisure,300
287,2025-02-08,D10,Reading Glasses,Vision,600
287,2025-02-08,D17,Reading Puzzle Book,Stationery/Leisure,300
287,2025-02-08,D11,Eye Drops,Vision,250
288,2025-04-30,D05,Vitamin C Tablets,Supplements,400
288,2025-04-30,D16,Multivitamin Gummies,Supplements,500
289,2025-03-31,D12,Bandages,First Aid,150
289,2025-03-31,D01,Paracetamol,Pain Relief,100
290,2025-03-12,D04,Tissues,Cold Remedy,100
290,2025-03-12,D05,Vitamin C Tablets,Supplements,400
291,2025-03-29,D12,Bandages,First Aid,150
292,2025-03-12,D03,Cold & Flu Syrup,Cold Remedy,350
292,2025-03-12,D04,Tissues,Cold Remedy,100
293,2025-01-18,D10,Reading Glasses,Vision,600
293,2025-01-18,D17,Reading Puzzle Book,Stationery/Leisure,300
294,2025-06-26,D03,Cold & Flu Syrup,Cold Remedy,350
294,2025-06-26,D04,Tissues,Cold Remedy,100
294,2025-06-26,D05,Vitamin C Tablets,Supplements,400
295,2025-03-08,D17,Reading Puzzle Book,Stationery/Leisure,300
295,2025-03-08,D12,Bandages,First Aid,150
296,2025-03-11,D10,Reading Glasses,Vision,600
296,2025-03-11,D17,Reading Puzzle Book,Stationery/Leisure,300
296,2025-03-11,D11,Eye Drops,Vision,250
297,2025-05-23,D11,Eye Drops,Vision,250
298,2025-06-07,D12,Bandages,First Aid,150
298,2025-06-07,D13,Antiseptic Cream,First Aid,200
299,2025-01-10,D14,Baby Lotion,Baby Care,350
299,2025-01-10,D15,Baby Diapers,Baby Care,1200
300,2025-01-15,D04,Tissues,Cold Remedy,100
300,2025-01-15,D01,Paracetamol,Pain Relief,100
300,2025-01-15,D07,Face Masks,Hygiene,200
300,2025-01-15,D13,Antiseptic Cream,First Aid,200
301,2025-01-29,D05,Vitamin C Tablets,Supplements,400
301,2025-01-29,D16,Multivitamin Gummies,Supplements,500
302,2025-02-23,D10,Reading Glasses,Vision,600
302,2025-02-23,D17,Reading Puzzle Book,Stationery/Leisure,300
303,2025-03-24,D05,Vitamin C Tablets,Supplements,400
304,2025-05-27,D08,Sunscreen SPF50,Skincare,800
304,2025-05-27,D09,Aloe Vera Gel,Skincare,350
305,2025-06-06,D08,Sunscreen SPF50,Skincare,800
305,2025-06-06,D09,Aloe Vera Gel,Skincare,350
306,2025-03-11,D12,Bandages,First Aid,150
306,2025-03-11,D13,Antiseptic Cream,First Aid,200
306,2025-03-11,D15,Baby Diapers,Baby Care,1200
307,2025-04-02,D08,Sunscreen SPF50,Skincare,800
307,2025-04-02,D09,Aloe Vera Gel,Skincare,350
308,2025-02-20,D02,Ibuprofen,Pain Relief,150
308,2025-02-20,D08,Sunscreen SPF50,Skincare,800
308,2025-02-20,D12,Bandages,First Aid,150
309,2025-03-17,D12,Bandages,First Aid,150
310,2025-03-14,D06,Hand Sanitizer,Hygiene,150
310,2025-03-14,D07,Face Masks,Hygiene,200
311,2025-01-17,D11,Eye Drops,Vision,250
312,2025-03-01,D13,Antiseptic Cream,First Aid,200
313,2025-06-06,D05,Vitamin C Tablets,Supplements,400
313,2025-06-06,D09,Aloe Vera Gel,Skincare,350
313,2025-06-06,D11,Eye Drops,Vision,250
314,2025-05-21,D16,Multivitamin Gummies,Supplements,500
315,2025-02-23,D10,Reading Glasses,Vision,600
315,2025-02-23,D17,Reading Puzzle Book,Stationery/Leisure,300
316,2025-01-10,D08,Sunscreen SPF50,Skincare,800
316,2025-01-10,D09,Aloe Vera Gel,Skincare,350
317,2025-06-23,D14,Baby Lotion,Baby Care,350
317,2025-06-23,D13,Antiseptic Cream,First Aid,200
317,2025-06-23,D04,Tissues,Cold Remedy,100
317,2025-06-23,D16,Multivitamin Gummies,Supplements,500
318,2025-01-11,D01,Paracetamol,Pain Relief,100
319,2025-01-30,D08,Sunscreen SPF50,Skincare,800
319,2025-01-30,D09,Aloe Vera Gel,Skincare,350
320,2025-04-28,D12,Bandages,First Aid,150
320,2025-04-28,D15,Baby Diapers,Baby Care,1200
320,2025-04-28,D13,Antiseptic Cream,First Aid,200
321,2025-02-11,D10,Reading Glasses,Vision,600
321,2025-02-11,D12,Bandages,First Aid,150
321,2025-02-11,D17,Reading Puzzle Book,Stationery/Leisure,300
322,2025-02-22,D06,Hand Sanitizer,Hygiene,150
322,2025-02-22,D07,Face Masks,Hygiene,200
323,2025-05-10,D15,Baby Diapers,Baby Care,1200
323,2025-05-10,D04,Tissues,Cold Remedy,100
324,2025-02-12,D14,Baby Lotion,Baby Care,350
324,2025-02-12,D15,Baby Diapers,Baby Care,1200
325,2025-03-16,D12,Bandages,First Aid,150
325,2025-03-16,D13,Antiseptic Cream,First Aid,200
326,2025-06-22,D05,Vitamin C Tablets,Supplements,400
326,2025-06-22,D16,Multivitamin Gummies,Supplements,500
327,2025-06-19,D15,Baby Diapers,Baby Care,1200
327,2025-06-19,D17,Reading Puzzle Book,Stationery/Leisure,300
327,2025-06-19,D12,Bandages,First Aid,150
327,2025-06-19,D16,Multivitamin Gummies,Supplements,500
328,2025-01-09,D10,Reading Glasses,Vision,600
328,2025-01-09,D17,Reading Puzzle Book,Stationery/Leisure,300
329,2025-02-02,D14,Baby Lotion,Baby Care,350
329,2025-02-02,D15,Baby Diapers,Baby Care,1200
330,2025-06-09,D08,Sunscreen SPF50,Skincare,800
330,2025-06-09,D09,Aloe Vera Gel,Skincare,350
331,2025-05-27,D14,Baby Lotion,Baby Care,350
331,2025-05-27,D15,Baby Diapers,Baby Care,1200
332,2025-05-19,D03,Cold & Flu Syrup,Cold Remedy,350
332,2025-05-19,D02,Ibuprofen,Pain Relief,150
333,2025-05-19,D08,Sunscreen SPF50,Skincare,800
333,2025-05-19,D09,Aloe Vera Gel,Skincare,350
334,2025-01-20,D14,Baby Lotion,Baby Care,350
334,2025-01-20,D15,Baby Diapers,Baby Care,1200
335,2025-04-19,D14,Baby Lotion,Baby Care,350
335,2025-04-19,D15,Baby Diapers,Baby Care,1200
336,2025-05-24,D12,Bandages,First Aid,150
336,2025-05-24,D07,Face Masks,Hygiene,200
336,2025-05-24,D04,Tissues,Cold Remedy,100
337,2025-04-02,D16,Multivitamin Gummies,Supplements,500
337,2025-04-02,D10,Reading Glasses,Vision,600
338,2025-02-04,D03,Cold & Flu Syrup,Cold Remedy,350
339,2025-05-05,D14,Baby Lotion,Baby Care,350
339,2025-05-05,D15,Baby Diapers,Baby Care,1200
340,2025-02-27,D05,Vitamin C Tablets,Supplements,400
341,2025-03-22,D08,Sunscreen SPF50,Skincare,800
341,2025-03-22,D09,Aloe Vera Gel,Skincare,350
342,2025-04-29,D10,Reading Glasses,Vision,600
342,2025-04-29,D17,Reading Puzzle Book,Stationery/Leisure,300
343,2025-02-18,D03,Cold & Flu Syrup,Cold Remedy,350
343,2025-02-18,D04,Tissues,Cold Remedy,100
343,2025-02-18,D05,Vitamin C Tablets,Supplements,400
344,2025-06-25,D10,Reading Glasses,Vision,600
344,2025-06-25,D08,Sunscreen SPF50,Skincare,800
344,2025-06-25,D02,Ibuprofen,Pain Relief,150
345,2025-04-23,D02,Ibuprofen,Pain Relief,150
345,2025-04-23,D09,Aloe Vera Gel,Skincare,350
345,2025-04-23,D11,Eye Drops,Vision,250
345,2025-04-23,D10,Reading Glasses,Vision,600
346,2025-03-16,D08,Sunscreen SPF50,Skincare,800
346,2025-03-16,D09,Aloe Vera Gel,Skincare,350
346,2025-03-16,D11,Eye Drops,Vision,250
347,2025-01-15,D13,Antiseptic Cream,First Aid,200
348,2025-04-08,D08,Sunscreen SPF50,Skincare,800
348,2025-04-08,D09,Aloe Vera Gel,Skincare,350
348,2025-04-08,D01,Paracetamol,Pain Relief,100
348,2025-04-08,D02,Ibuprofen,Pain Relief,150
349,2025-04-21,D03,Cold & Flu Syrup,Cold Remedy,350
349,2025-04-21,D04,Tissues,Cold Remedy,100
350,2025-02-20,D07,Face Masks,Hygiene,200
351,2025-04-20,D03,Cold & Flu Syrup,Cold Remedy,350
351,2025-04-20,D09,Aloe Vera Gel,Skincare,350
351,2025-04-20,D14,Baby Lotion,Baby Care,350
351,2025-04-20,D15,Baby Diapers,Baby Care,1200
352,2025-01-27,D12,Bandages,First Aid,150
352,2025-01-27,D13,Antiseptic Cream,First Aid,200
353,2025-02-22,D17,Reading Puzzle Book,Stationery/Leisure,300
353,2025-02-22,D09,Aloe Vera Gel,Skincare,350
353,2025-02-22,D06,Hand Sanitizer,Hygiene,150
354,2025-02-22,D13,Antiseptic Cream,First Aid,200
355,2025-03-09,D08,Sunscreen SPF50,Skincare,800
355,2025-03-09,D09,Aloe Vera Gel,Skincare,350
356,2025-06-06,D15,Baby Diapers,Baby Care,1200
356,2025-06-06,D07,Face Masks,Hygiene,200
356,2025-06-06,D10,Reading Glasses,Vision,600
356,2025-06-06,D03,Cold & Flu Syrup,Cold Remedy,350
357,2025-06-10,D10,Reading Glasses,Vision,600
357,2025-06-10,D17,Reading Puzzle Book,Stationery/Leisure,300
357,2025-06-10,D11,Eye Drops,Vision,250
358,2025-02-26,D06,Hand Sanitizer,Hygiene,150
358,2025-02-26,D07,Face Masks,Hygiene,200
359,2025-03-27,D14,Baby Lotion,Baby Care,350
359,2025-03-27,D15,Baby Diapers,Baby Care,1200
360,2025-02-11,D05,Vitamin C Tablets,Supplements,400
360,2025-02-11,D16,Multivitamin Gummies,Supplements,500
361,2025-05-03,D05,Vitamin C Tablets,Supplements,400
361,2025-05-03,D13,Antiseptic Cream,First Aid,200
362,2025-06-13,D15,Baby Diapers,Baby Care,1200
363,2025-03-22,D10,Reading Glasses,Vision,600
363,2025-03-22,D08,Sunscreen SPF50,Skincare,800
364,2025-03-27,D05,Vitamin C Tablets,Supplements,400
364,2025-03-27,D10,Reading Glasses,Vision,600
365,2025-05-25,D10,Reading Glasses,Vision,600
365,2025-05-25,D17,Reading Puzzle Book,Stationery/Leisure,300
366,2025-01-11,D07,Face Masks,Hygiene,200
367,2025-01-17,D14,Baby Lotion,Baby Care,350
367,2025-01-17,D15,Baby Diapers,Baby Care,1200
368,2025-04-07,D03,Cold & Flu Syrup,Cold Remedy,350
368,2025-04-07,D04,Tissues,Cold Remedy,100
368,2025-04-07,D05,Vitamin C Tablets,Supplements,400
369,2025-02-09,D14,Baby Lotion,Baby Care,350
369,2025-02-09,D15,Baby Diapers,Baby Care,1200
370,2025-02-25,D04,Tissues,Cold Remedy,100
371,2025-01-10,D08,Sunscreen SPF50,Skincare,800
371,2025-01-10,D09,Aloe Vera Gel,Skincare,350
372,2025-02-11,D03,Cold & Flu Syrup,Cold Remedy,350
372,2025-02-11,D04,Tissues,Cold Remedy,100
372,2025-02-11,D05,Vitamin C Tablets,Supplements,400
373,2025-04-11,D08,Sunscreen SPF50,Skincare,800
373,2025-04-11,D09,Aloe Vera Gel,Skincare,350
374,2025-01-16,D06,Hand Sanitizer,Hygiene,150
374,2025-01-16,D07,Face Masks,Hygiene,200
375,2025-04-13,D05,Vitamin C Tablets,Supplements,400
375,2025-04-13,D16,Multivitamin Gummies,Supplements,500
376,2025-02-03,D12,Bandages,First Aid,150
376,2025-02-03,D05,Vitamin C Tablets,Supplements,400
376,2025-02-03,D14,Baby Lotion,Baby Care,350
377,2025-05-10,D05,Vitamin C Tablets,Supplements,400
377,2025-05-10,D16,Multivitamin Gummies,Supplements,500
378,2025-01-24,D04,Tissues,Cold Remedy,100
378,2025-01-24,D07,Face Masks,Hygiene,200
379,2025-04-16,D16,Multivitamin Gummies,Supplements,500
379,2025-04-16,D03,Cold & Flu Syrup,Cold Remedy,350
380,2025-02-21,D09,Aloe Vera Gel,Skincare,350
380,2025-02-21,D05,Vitamin C Tablets,Supplements,400
380,2025-02-21,D02,Ibuprofen,Pain Relief,150
380,2025-02-21,D08,Sunscreen SPF50,Skincare,800
381,2025-02-17,D11,Eye Drops,Vision,250
381,2025-02-17,D15,Baby Diapers,Baby Care,1200
381,2025-02-17,D14,Baby Lotion,Baby Care,350
381,2025-02-17,D05,Vitamin C Tablets,Supplements,400
382,2025-06-29,D14,Baby Lotion,Baby Care,350
382,2025-06-29,D15,Baby Diapers,Baby Care,1200
383,2025-03-09,D03,Cold & Flu Syrup,Cold Remedy,350
383,2025-03-09,D04,Tissues,Cold Remedy,100
383,2025-03-09,D05,Vitamin C Tablets,Supplements,400
384,2025-06-09,D03,Cold & Flu Syrup,Cold Remedy,350
384,2025-06-09,D04,Tissues,Cold Remedy,100
385,2025-04-10,D10,Reading Glasses,Vision,600
385,2025-04-10,D17,Reading Puzzle Book,Stationery/Leisure,300
386,2025-02-10,D03,Cold & Flu Syrup,Cold Remedy,350
387,2025-02-06,D12,Bandages,First Aid,150
387,2025-02-06,D13,Antiseptic Cream,First Aid,200
388,2025-05-09,D04,Tissues,Cold Remedy,100
388,2025-05-09,D13,Antiseptic Cream,First Aid,200
389,2025-01-07,D14,Baby Lotion,Baby Care,350
390,2025-01-06,D03,Cold & Flu Syrup,Cold Remedy,350
390,2025-01-06,D04,Tissues,Cold Remedy,100
390,2025-01-06,D05,Vitamin C Tablets,Supplements,400
391,2025-01-29,D10,Reading Glasses,Vision,600
391,2025-01-29,D17,Reading Puzzle Book,Stationery/Leisure,300
391,2025-01-29,D11,Eye Drops,Vision,250
392,2025-05-27,D05,Vitamin C Tablets,Supplements,400
392,2025-05-27,D11,Eye Drops,Vision,250
392,2025-05-27,D15,Baby Diapers,Baby Care,1200
392,2025-05-27,D10,Reading Glasses,Vision,600
393,2025-03-12,D07,Face Masks,Hygiene,200
394,2025-02-26,D05,Vitamin C Tablets,Supplements,400
394,2025-02-26,D16,Multivitamin Gummies,Supplements,500
395,2025-05-01,D12,Bandages,First Aid,150
395,2025-05-01,D13,Antiseptic Cream,First Aid,200
396,2025-03-11,D04,Tissues,Cold Remedy,100
396,2025-03-11,D14,Baby Lotion,Baby Care,350
396,2025-03-11,D06,Hand Sanitizer,Hygiene,150
396,2025-03-11,D12,Bandages,First Aid,150
397,2025-05-22,D06,Hand Sanitizer,Hygiene,150
397,2025-05-22,D07,Face Masks,Hygiene,200
398,2025-05-19,D10,Reading Glasses,Vision,600
398,2025-05-19,D17,Reading Puzzle Book,Stationery/Leisure,300
399,2025-02-11,D16,Multivitamin Gummies,Supplements,500
399,2025-02-11,D11,Eye Drops,Vision,250
399,2025-02-11,D07,Face Masks,Hygiene,200
400,2025-02-12,D14,Baby Lotion,Baby Care,350
400,2025-02-12,D04,Tissues,Cold Remedy,100
400,2025-02-12,D06,Hand Sanitizer,Hygiene,150
401,2025-04-23,D14,Baby Lotion,Baby Care,350
401,2025-04-23,D15,Baby Diapers,Baby Care,1200
402,2025-05-14,D12,Bandages,First Aid,150
402,2025-05-14,D07,Face Masks,Hygiene,200
402,2025-05-14,D04,Tissues,Cold Remedy,100
403,2025-06-27,D05,Vitamin C Tablets,Supplements,400
403,2025-06-27,D16,Multivitamin Gummies,Supplements,500
404,2025-03-10,D12,Bandages,First Aid,150
404,2025-03-10,D13,Antiseptic Cream,First Aid,200
405,2025-01-26,D15,Baby Diapers,Baby Care,1200
405,2025-01-26,D13,Antiseptic Cream,First Aid,200
406,2025-03-13,D03,Cold & Flu Syrup,Cold Remedy,350
406,2025-03-13,D04,Tissues,Cold Remedy,100
407,2025-05-02,D06,Hand Sanitizer,Hygiene,150
407,2025-05-02,D07,Face Masks,Hygiene,200
408,2025-05-02,D12,Bandages,First Aid,150
408,2025-05-02,D13,Antiseptic Cream,First Aid,200
409,2025-01-08,D08,Sunscreen SPF50,Skincare,800
409,2025-01-08,D09,Aloe Vera Gel,Skincare,350
410,2025-05-24,D14,Baby Lotion,Baby Care,350
410,2025-05-24,D15,Baby Diapers,Baby Care,1200
411,2025-02-20,D14,Baby Lotion,Baby Care,350
412,2025-02-14,D06,Hand Sanitizer,Hygiene,150
413,2025-06-27,D11,Eye Drops,Vision,250
413,2025-06-27,D17,Reading Puzzle Book,Stationery/Leisure,300
413,2025-06-27,D16,Multivitamin Gummies,Supplements,500
413,2025-06-27,D07,Face Masks,Hygiene,200
414,2025-02-19,D01,Paracetamol,Pain Relief,100
414,2025-02-19,D06,Hand Sanitizer,Hygiene,150
415,2025-03-30,D06,Hand Sanitizer,Hygiene,150
415,2025-03-30,D08,Sunscreen SPF50,Skincare,800
415,2025-03-30,D12,Bandages,First Aid,150
415,2025-03-30,D02,Ibuprofen,Pain Relief,150
416,2025-01-07,D10,Reading Glasses,Vision,600
416,2025-01-07,D17,Reading Puzzle Book,Stationery/Leisure,300
417,2025-03-14,D16,Multivitamin Gummies,Supplements,500
417,2025-03-14,D08,Sunscreen SPF50,Skincare,800
417,2025-03-14,D17,Reading Puzzle Book,Stationery/Leisure,300
417,2025-03-14,D02,Ibuprofen,Pain Relief,150
418,2025-01-16,D15,Baby Diapers,Baby Care,1200
418,2025-01-16,D07,Face Masks,Hygiene,200
418,2025-01-16,D09,Aloe Vera Gel,Skincare,350
419,2025-03-30,D03,Cold & Flu Syrup,Cold Remedy,350
419,2025-03-30,D04,Tissues,Cold Remedy,100
420,2025-05-21,D10,Reading Glasses,Vision,600
421,2025-04-26,D12,Bandages,First Aid,150
421,2025-04-26,D11,Eye Drops,Vision,250
421,2025-04-26,D07,Face Masks,Hygiene,200
422,2025-06-24,D15,Baby Diapers,Baby Care,1200
423,2025-03-11,D08,Sunscreen SPF50,Skincare,800
423,2025-03-11,D09,Aloe Vera Gel,Skincare,350
424,2025-02-26,D06,Hand Sanitizer,Hygiene,150
424,2025-02-26,D07,Face Masks,Hygiene,200
425,2025-04-13,D14,Baby Lotion,Baby Care,350
425,2025-04-13,D15,Baby Diapers,Baby Care,1200
426,2025-02-03,D12,Bandages,First Aid,150
426,2025-02-03,D13,Antiseptic Cream,First Aid,200
427,2025-05-15,D12,Bandages,First Aid,150
427,2025-05-15,D13,Antiseptic Cream,First Aid,200
427,2025-05-15,D10,Reading Glasses,Vision,600
428,2025-02-03,D04,Tissues,Cold Remedy,100
429,2025-03-15,D04,Tissues,Cold Remedy,100
429,2025-03-15,D15,Baby Diapers,Baby Care,1200
429,2025-03-15,D16,Multivitamin Gummies,Supplements,500
430,2025-02-16,D08,Sunscreen SPF50,Skincare,800
430,2025-02-16,D09,Aloe Vera Gel,Skincare,350
431,2025-06-15,D08,Sunscreen SPF50,Skincare,800
431,2025-06-15,D09,Aloe Vera Gel,Skincare,350
432,2025-03-08,D06,Hand Sanitizer,Hygiene,150
432,2025-03-08,D07,Face Masks,Hygiene,200
433,2025-06-02,D11,Eye Drops,Vision,250
434,2025-03-24,D01,Paracetamol,Pain Relief,100
434,2025-03-24,D09,Aloe Vera Gel,Skincare,350
434,2025-03-24,D10,Reading Glasses,Vision,600
435,2025-04-27,D12,Bandages,First Aid,150
435,2025-04-27,D13,Antiseptic Cream,First Aid,200
436,2025-03-03,D09,Aloe Vera Gel,Skincare,350
437,2025-01-05,D17,Reading Puzzle Book,Stationery/Leisure,300
437,2025-01-05,D14,Baby Lotion,Baby Care,350
437,2025-01-05,D10,Reading Glasses,Vision,600
437,2025-01-05,D09,Aloe Vera Gel,Skincare,350
438,2025-06-19,D02,Ibuprofen,Pain Relief,150
438,2025-06-19,D04,Tissues,Cold Remedy,100
439,2025-03-22,D05,Vitamin C Tablets,Supplements,400
439,2025-03-22,D16,Multivitamin Gummies,Supplements,500
440,2025-04-20,D03,Cold & Flu Syrup,Cold Remedy,350
440,2025-04-20,D04,Tissues,Cold Remedy,100
440,2025-04-20,D05,Vitamin C Tablets,Supplements,400
441,2025-03-20,D05,Vitamin C Tablets,Supplements,400
441,2025-03-20,D16,Multivitamin Gummies,Supplements,500
442,2025-01-07,D13,Antiseptic Cream,First Aid,200
442,2025-01-07,D09,Aloe Vera Gel,Skincare,350
442,2025-01-07,D15,Baby Diapers,Baby Care,1200
442,2025-01-07,D12,Bandages,First Aid,150
443,2025-03-03,D03,Cold & Flu Syrup,Cold Remedy,350
443,2025-03-03,D04,Tissues,Cold Remedy,100
444,2025-01-12,D15,Baby Diapers,Baby Care,1200
444,2025-01-12,D06,Hand Sanitizer,Hygiene,150
444,2025-01-12,D08,Sunscreen SPF50,Skincare,800
445,2025-02-08,D08,Sunscreen SPF50,Skincare,800
445,2025-02-08,D09,Aloe Vera Gel,Skincare,350
446,2025-05-02,D14,Baby Lotion,Baby Care,350
446,2025-05-02,D15,Baby Diapers,Baby Care,1200
447,2025-05-15,D06,Hand Sanitizer,Hygiene,150
448,2025-02-15,D13,Antiseptic Cream,First Aid,200
448,2025-02-15,D02,Ibuprofen,Pain Relief,150
449,2025-01-15,D08,Sunscreen SPF50,Skincare,800
450,2025-02-05,D03,Cold & Flu Syrup,Cold Remedy,350
450,2025-02-05,D04,Tissues,Cold Remedy,100
450,2025-02-05,D05,Vitamin C Tablets,Supplements,400
451,2025-01-27,D05,Vitamin C Tablets,Supplements,400
451,2025-01-27,D16,Multivitamin Gummies,Supplements,500
452,2025-03-18,D07,Face Masks,Hygiene,200
452,2025-03-18,D17,Reading Puzzle Book,Stationery/Leisure,300
453,2025-04-19,D15,Baby Diapers,Baby Care,1200
454,2025-06-14,D03,Cold & Flu Syrup,Cold Remedy,350
454,2025-06-14,D04,Tissues,Cold Remedy,100
455,2025-03-16,D06,Hand Sanitizer,Hygiene,150
455,2025-03-16,D07,Face Masks,Hygiene,200
456,2025-06-25,D14,Baby Lotion,Baby Care,350
456,2025-06-25,D15,Baby Diapers,Baby Care,1200
457,2025-01-16,D05,Vitamin C Tablets,Supplements,400
457,2025-01-16,D16,Multivitamin Gummies,Supplements,500
458,2025-03-20,D08,Sunscreen SPF50,Skincare,800
459,2025-04-09,D10,Reading Glasses,Vision,600
459,2025-04-09,D17,Reading Puzzle Book,Stationery/Leisure,300
459,2025-04-09,D11,Eye Drops,Vision,250
460,2025-05-06,D10,Reading Glasses,Vision,600
460,2025-05-06,D17,Reading Puzzle Book,Stationery/Leisure,300
460,2025-05-06,D11,Eye Drops,Vision,250
461,2025-05-22,D10,Reading Glasses,Vision,600
461,2025-05-22,D17,Reading Puzzle Book,Stationery/Leisure,300
462,2025-05-28,D03,Cold & Flu Syrup,Cold Remedy,350
462,2025-05-28,D04,Tissues,Cold Remedy,100
463,2025-06-04,D10,Reading Glasses,Vision,600
463,2025-06-04,D17,Reading Puzzle Book,Stationery/Leisure,300
464,2025-04-20,D05,Vitamin C Tablets,Supplements,400
464,2025-04-20,D16,Multivitamin Gummies,Supplements,500
465,2025-05-07,D08,Sunscreen SPF50,Skincare,800
465,2025-05-07,D09,Aloe Vera Gel,Skincare,350
466,2025-02-22,D03,Cold & Flu Syrup,Cold Remedy,350
466,2025-02-22,D04,Tissues,Cold Remedy,100
467,2025-05-03,D17,Reading Puzzle Book,Stationery/Leisure,300
468,2025-01-01,D06,Hand Sanitizer,Hygiene,150
468,2025-01-01,D07,Face Masks,Hygiene,200
469,2025-04-07,D11,Eye Drops,Vision,250
469,2025-04-07,D06,Hand Sanitizer,Hygiene,150
470,2025-02-23,D03,Cold & Flu Syrup,Cold Remedy,350
471,2025-03-18,D12,Bandages,First Aid,150
471,2025-03-18,D13,Antiseptic Cream,First Aid,200
472,2025-01-13,D11,Eye Drops,Vision,250
472,2025-01-13,D07,Face Masks,Hygiene,200
472,2025-01-13,D12,Bandages,First Aid,150
472,2025-01-13,D03,Cold & Flu Syrup,Cold Remedy,350
473,2025-03-29,D14,Baby Lotion,Baby Care,350
473,2025-03-29,D15,Baby Diapers,Baby Care,1200
474,2025-06-30,D05,Vitamin C Tablets,Supplements,400
474,2025-06-30,D16,Multivitamin Gummies,Supplements,500
474,2025-06-30,D08,Sunscreen SPF50,Skincare,800
475,2025-02-05,D14,Baby Lotion,Baby Care,350
475,2025-02-05,D15,Baby Diapers,Baby Care,1200
475,2025-02-05,D13,Antiseptic Cream,First Aid,200
476,2025-05-15,D10,Reading Glasses,Vision,600
476,2025-05-15,D17,Reading Puzzle Book,Stationery/Leisure,300
477,2025-06-11,D10,Reading Glasses,Vision,600
477,2025-06-11,D17,Reading Puzzle Book,Stationery/Leisure,300
478,2025-05-16,D03,Cold & Flu Syrup,Cold Remedy,350
478,2025-05-16,D04,Tissues,Cold Remedy,100
478,2025-05-16,D05,Vitamin C Tablets,Supplements,400
479,2025-06-19,D14,Baby Lotion,Baby Care,350
479,2025-06-19,D15,Baby Diapers,Baby Care,1200
480,2025-05-26,D17,Reading Puzzle Book,Stationery/Leisure,300
481,2025-04-20,D05,Vitamin C Tablets,Supplements,400
482,2025-01-07,D15,Baby Diapers,Baby Care,1200
483,2025-01-27,D17,Reading Puzzle Book,Stationery/Leisure,300
483,2025-01-27,D08,Sunscreen SPF50,Skincare,800
484,2025-03-25,D12,Bandages,First Aid,150
484,2025-03-25,D13,Antiseptic Cream,First Aid,200
485,2025-02-15,D03,Cold & Flu Syrup,Cold Remedy,350
485,2025-02-15,D04,Tissues,Cold Remedy,100
486,2025-04-02,D14,Baby Lotion,Baby Care,350
486,2025-04-02,D15,Baby Diapers,Baby Care,1200
487,2025-05-02,D13,Antiseptic Cream,First Aid,200
488,2025-03-29,D16,Multivitamin Gummies,Supplements,500
489,2025-01-19,D11,Eye Drops,Vision,250
490,2025-05-15,D12,Bandages,First Aid,150
490,2025-05-15,D10,Reading Glasses,Vision,600
490,2025-05-15,D01,Paracetamol,Pain Relief,100
491,2025-02-14,D07,Face Masks,Hygiene,200
491,2025-02-14,D02,Ibuprofen,Pain Relief,150
491,2025-02-14,D01,Paracetamol,Pain Relief,100
491,2025-02-14,D06,Hand Sanitizer,Hygiene,150
492,2025-05-20,D10,Reading Glasses,Vision,600
492,2025-05-20,D08,Sunscreen SPF50,Skincare,800
492,2025-05-20,D05,Vitamin C Tablets,Supplements,400
492,2025-05-20,D13,Antiseptic Cream,First Aid,200
493,2025-01-26,D03,Cold & Flu Syrup,Cold Remedy,350
493,2025-01-26,D04,Tissues,Cold Remedy,100
494,2025-05-25,D06,Hand Sanitizer,Hygiene,150
494,2025-05-25,D07,Face Masks,Hygiene,200
495,2025-04-08,D09,Aloe Vera Gel,Skincare,350
495,2025-04-08,D06,Hand Sanitizer,Hygiene,150
495,2025-04-08,D08,Sunscreen SPF50,Skincare,800
495,2025-04-08,D05,Vitamin C Tablets,Supplements,400
496,2025-02-19,D10,Reading Glasses,Vision,600
496,2025-02-19,D17,Reading Puzzle Book,Stationery/Leisure,300
497,2025-04-16,D08,Sunscreen SPF50,Skincare,800
497,2025-04-16,D09,Aloe Vera Gel,Skincare,350
498,2025-02-17,D09,Aloe Vera Gel,Skincare,350
499,2025-02-20,D12,Bandages,First Aid,150
499,2025-02-20,D13,Antiseptic Cream,First Aid,200
500,2025-03-09,D10,Reading Glasses,Vision,600
500,2025-03-09,D17,Reading Puzzle Book,Stationery/Leisure,300
500,2025-03-09,D11,Eye Drops,Vision,250
501,2025-06-11,D12,Bandages,First Aid,150
501,2025-06-11,D13,Antiseptic Cream,First Aid,200
502,2025-01-13,D10,Reading Glasses,Vision,600
502,2025-01-13,D16,Multivitamin Gummies,Supplements,500
502,2025-01-13,D13,Antiseptic Cream,First Aid,200
502,2025-01-13,D02,Ibuprofen,Pain Relief,150
503,2025-04-14,D15,Baby Diapers,Baby Care,1200
503,2025-04-14,D12,Bandages,First Aid,150
503,2025-04-14,D10,Reading Glasses,Vision,600
503,2025-04-14,D02,Ibuprofen,Pain Relief,150
504,2025-05-09,D08,Sunscreen SPF50,Skincare,800
505,2025-05-22,D13,Antiseptic Cream,First Aid,200
505,2025-05-22,D01,Paracetamol,Pain Relief,100
505,2025-05-22,D04,Tissues,Cold Remedy,100
506,2025-06-18,D07,Face Masks,Hygiene,200
506,2025-06-18,D02,Ibuprofen,Pain Relief,150
506,2025-06-18,D10,Reading Glasses,Vision,600
506,2025-06-18,D14,Baby Lotion,Baby Care,350
507,2025-03-21,D08,Sunscreen SPF50,Skincare,800
507,2025-03-21,D09,Aloe Vera Gel,Skincare,350
508,2025-06-23,D14,Baby Lotion,Baby Care,350
508,2025-06-23,D15,Baby Diapers,Baby Care,1200
509,2025-02-17,D14,Baby Lotion,Baby Care,350
509,2025-02-17,D15,Baby Diapers,Baby Care,1200
510,2025-05-27,D01,Paracetamol,Pain Relief,100
511,2025-06-02,D14,Baby Lotion,Baby Care,350
511,2025-06-02,D15,Baby Diapers,Baby Care,1200
512,2025-04-10,D08,Sunscreen SPF50,Skincare,800
512,2025-04-10,D09,Aloe Vera Gel,Skincare,350
513,2025-04-04,D07,Face Masks,Hygiene,200
514,2025-02-05,D01,Paracetamol,Pain Relief,100
514,2025-02-05,D10,Reading Glasses,Vision,600
514,2025-02-05,D03,Cold & Flu Syrup,Cold Remedy,350
515,2025-02-24,D03,Cold & Flu Syrup,Cold Remedy,350
515,2025-02-24,D04,Tissues,Cold Remedy,100
515,2025-02-24,D05,Vitamin C Tablets,Supplements,400
516,2025-06-28,D02,Ibuprofen,Pain Relief,150
516,2025-06-28,D12,Bandages,First Aid,150
517,2025-05-03,D05,Vitamin C Tablets,Supplements,400
517,2025-05-03,D16,Multivitamin Gummies,Supplements,500
518,2025-05-29,D08,Sunscreen SPF50,Skincare,800
518,2025-05-29,D09,Aloe Vera Gel,Skincare,350
519,2025-02-23,D17,Reading Puzzle Book,Stationery/Leisure,300
519,2025-02-23,D03,Cold & Flu Syrup,Cold Remedy,350
519,2025-02-23,D07,Face Masks,Hygiene,200
519,2025-02-23,D05,Vitamin C Tablets,Supplements,400
520,2025-02-08,D06,Hand Sanitizer,Hygiene,150
520,2025-02-08,D07,Face Masks,Hygiene,200
521,2025-06-03,D06,Hand Sanitizer,Hygiene,150
522,2025-02-10,D03,Cold & Flu Syrup,Cold Remedy,350
522,2025-02-10,D04,Tissues,Cold Remedy,100
523,2025-06-09,D04,Tissues,Cold Remedy,100
524,2025-05-23,D03,Cold & Flu Syrup,Cold Remedy,350
524,2025-05-23,D04,Tissues,Cold Remedy,100
524,2025-05-23,D05,Vitamin C Tablets,Supplements,400
525,2025-04-02,D03,Cold & Flu Syrup,Cold Remedy,350
525,2025-04-02,D04,Tissues,Cold Remedy,100
525,2025-04-02,D05,Vitamin C Tablets,Supplements,400
526,2025-03-24,D06,Hand Sanitizer,Hygiene,150
526,2025-03-24,D07,Face Masks,Hygiene,200
526,2025-03-24,D14,Baby Lotion,Baby Care,350
527,2025-03-16,D12,Bandages,First Aid,150
527,2025-03-16,D13,Antiseptic Cream,First Aid,200
528,2025-02-20,D01,Paracetamol,Pain Relief,100
529,2025-06-20,D15,Baby Diapers,Baby Care,1200
529,2025-06-20,D06,Hand Sanitizer,Hygiene,150
530,2025-05-10,D01,Paracetamol,Pain Relief,100
530,2025-05-10,D08,Sunscreen SPF50,Skincare,800
530,2025-05-10,D15,Baby Diapers,Baby Care,1200
530,2025-05-10,D13,Antiseptic Cream,First Aid,200
531,2025-02-13,D06,Hand Sanitizer,Hygiene,150
531,2025-02-13,D07,Face Masks,Hygiene,200
532,2025-05-17,D05,Vitamin C Tablets,Supplements,400
533,2025-03-28,D02,Ibuprofen,Pain Relief,150
534,2025-04-03,D17,Reading Puzzle Book,Stationery/Leisure,300
535,2025-02-05,D05,Vitamin C Tablets,Supplements,400
535,2025-02-05,D16,Multivitamin Gummies,Supplements,500
536,2025-05-16,D01,Paracetamol,Pain Relief,100
537,2025-04-13,D10,Reading Glasses,Vision,600
538,2025-06-06,D12,Bandages,First Aid,150
538,2025-06-06,D13,Antiseptic Cream,First Aid,200
539,2025-05-09,D03,Cold & Flu Syrup,Cold Remedy,350
539,2025-05-09,D04,Tissues,Cold Remedy,100
540,2025-06-21,D05,Vitamin C Tablets,Supplements,400
540,2025-06-21,D16,Multivitamin Gummies,Supplements,500
541,2025-05-22,D14,Baby Lotion,Baby Care,350
541,2025-05-22,D15,Baby Diapers,Baby Care,1200
542,2025-05-13,D06,Hand Sanitizer,Hygiene,150
542,2025-05-13,D01,Paracetamol,Pain Relief,100
543,2025-03-28,D13,Antiseptic Cream,First Aid,200
544,2025-01-02,D10,Reading Glasses,Vision,600
544,2025-01-02,D17,Reading Puzzle Book,Stationery/Leisure,300
545,2025-06-26,D14,Baby Lotion,Baby Care,350
545,2025-06-26,D15,Baby Diapers,Baby Care,1200
546,2025-06-10,D08,Sunscreen SPF50,Skincare,800
546,2025-06-10,D09,Aloe Vera Gel,Skincare,350
547,2025-04-01,D05,Vitamin C Tablets,Supplements,400
547,2025-04-01,D16,Multivitamin Gummies,Supplements,500
548,2025-04-25,D01,Paracetamol,Pain Relief,100
548,2025-04-25,D08,Sunscreen SPF50,Skincare,800
548,2025-04-25,D17,Reading Puzzle Book,Stationery/Leisure,300
549,2025-01-30,D06,Hand Sanitizer,Hygiene,150
549,2025-01-30,D07,Face Masks,Hygiene,200
550,2025-03-21,D14,Baby Lotion,Baby Care,350
550,2025-03-21,D15,Baby Diapers,Baby Care,1200
551,2025-05-04,D14,Baby Lotion,Baby Care,350
551,2025-05-04,D15,Baby Diapers,Baby Care,1200
552,2025-03-28,D10,Reading Glasses,Vision,600
552,2025-03-28,D17,Reading Puzzle Book,Stationery/Leisure,300
553,2025-05-11,D04,Tissues,Cold Remedy,100
554,2025-05-12,D08,Sunscreen SPF50,Skincare,800
554,2025-05-12,D09,Aloe Vera Gel,Skincare,350
555,2025-02-28,D12,Bandages,First Aid,150
555,2025-02-28,D13,Antiseptic Cream,First Aid,200
556,2025-02-16,D06,Hand Sanitizer,Hygiene,150
556,2025-02-16,D07,Face Masks,Hygiene,200
557,2025-02-10,D08,Sunscreen SPF50,Skincare,800
557,2025-02-10,D09,Aloe Vera Gel,Skincare,350
558,2025-01-19,D12,Bandages,First Aid,150
558,2025-01-19,D13,Antiseptic Cream,First Aid,200
559,2025-06-22,D06,Hand Sanitizer,Hygiene,150
559,2025-06-22,D07,Face Masks,Hygiene,200
559,2025-06-22,D02,Ibuprofen,Pain Relief,150
560,2025-05-06,D08,Sunscreen SPF50,Skincare,800
560,2025-05-06,D09,Aloe Vera Gel,Skincare,350
561,2025-03-29,D11,Eye Drops,Vision,250
561,2025-03-29,D15,Baby Diapers,Baby Care,1200
561,2025-03-29,D14,Baby Lotion,Baby Care,350
562,2025-04-14,D10,Reading Glasses,Vision,600
562,2025-04-14,D17,Reading Puzzle Book,Stationery/Leisure,300
563,2025-01-10,D17,Reading Puzzle Book,Stationery/Leisure,300
564,2025-01-19,D15,Baby Diapers,Baby Care,1200
564,2025-01-19,D08,Sunscreen SPF50,Skincare,800
565,2025-05-29,D15,Baby Diapers,Baby Care,1200
565,2025-05-29,D08,Sunscreen SPF50,Skincare,800
565,2025-05-29,D10,Reading Glasses,Vision,600
566,2025-02-08,D14,Baby Lotion,Baby Care,350
566,2025-02-08,D15,Baby Diapers,Baby Care,1200
567,2025-03-17,D14,Baby Lotion,Baby Care,350
567,2025-03-17,D15,Baby Diapers,Baby Care,1200
568,2025-06-20,D03,Cold & Flu Syrup,Cold Remedy,350
568,2025-06-20,D04,Tissues,Cold Remedy,100
568,2025-06-20,D05,Vitamin C Tablets,Supplements,400
569,2025-02-01,D14,Baby Lotion,Baby Care,350
569,2025-02-01,D15,Baby Diapers,Baby Care,1200
570,2025-05-03,D14,Baby Lotion,Baby Care,350
570,2025-05-03,D07,Face Masks,Hygiene,200
570,2025-05-03,D17,Reading Puzzle Book,Stationery/Leisure,300
570,2025-05-03,D16,Multivitamin Gummies,Supplements,500
571,2025-02-06,D14,Baby Lotion,Baby Care,350
571,2025-02-06,D15,Baby Diapers,Baby Care,1200
572,2025-06-29,D09,Aloe Vera Gel,Skincare,350
572,2025-06-29,D03,Cold & Flu Syrup,Cold Remedy,350
572,2025-06-29,D04,Tissues,Cold Remedy,100
573,2025-06-06,D11,Eye Drops,Vision,250
574,2025-05-27,D15,Baby Diapers,Baby Care,1200
574,2025-05-27,D11,Eye Drops,Vision,250
574,2025-05-27,D06,Hand Sanitizer,Hygiene,150
574,2025-05-27,D01,Paracetamol,Pain Relief,100
575,2025-04-04,D06,Hand Sanitizer,Hygiene,150
575,2025-04-04,D07,Face Masks,Hygiene,200
576,2025-03-20,D03,Cold & Flu Syrup,Cold Remedy,350
576,2025-03-20,D04,Tissues,Cold Remedy,100
576,2025-03-20,D05,Vitamin C Tablets,Supplements,400
576,2025-03-20,D08,Sunscreen SPF50,Skincare,800
577,2025-01-30,D06,Hand Sanitizer,Hygiene,150
577,2025-01-30,D07,Face Masks,Hygiene,200
578,2025-01-10,D03,Cold & Flu Syrup,Cold Remedy,350
578,2025-01-10,D04,Tissues,Cold Remedy,100
578,2025-01-10,D05,Vitamin C Tablets,Supplements,400
579,2025-05-28,D05,Vitamin C Tablets,Supplements,400
579,2025-05-28,D16,Multivitamin Gummies,Supplements,500
580,2025-04-17,D10,Reading Glasses,Vision,600
580,2025-04-17,D17,Reading Puzzle Book,Stationery/Leisure,300
581,2025-02-09,D14,Baby Lotion,Baby Care,350
581,2025-02-09,D15,Baby Diapers,Baby Care,1200
581,2025-02-09,D08,Sunscreen SPF50,Skincare,800
582,2025-06-30,D11,Eye Drops,Vision,250
582,2025-06-30,D03,Cold & Flu Syrup,Cold Remedy,350
582,2025-06-30,D15,Baby Diapers,Baby Care,1200
583,2025-03-26,D06,Hand Sanitizer,Hygiene,150
583,2025-03-26,D07,Face Masks,Hygiene,200
584,2025-01-31,D14,Baby Lotion,Baby Care,350
584,2025-01-31,D15,Baby Diapers,Baby Care,1200
584,2025-01-31,D10,Reading Glasses,Vision,600
585,2025-01-06,D06,Hand Sanitizer,Hygiene,150
585,2025-01-06,D07,Face Masks,Hygiene,200
586,2025-04-05,D08,Sunscreen SPF50,Skincare,800
586,2025-04-05,D09,Aloe Vera Gel,Skincare,350
587,2025-02-28,D03,Cold & Flu Syrup,Cold Remedy,350
587,2025-02-28,D01,Paracetamol,Pain Relief,100
587,2025-02-28,D06,Hand Sanitizer,Hygiene,150
588,2025-06-27,D06,Hand Sanitizer,Hygiene,150
588,2025-06-27,D10,Reading Glasses,Vision,600
589,2025-05-21,D13,Antiseptic Cream,First Aid,200
590,2025-01-25,D14,Baby Lotion,Baby Care,350
590,2025-01-25,D15,Baby Diapers,Baby Care,1200
591,2025-05-08,D01,Paracetamol,Pain Relief,100
592,2025-02-04,D03,Cold & Flu Syrup,Cold Remedy,350
592,2025-02-04,D04,Tissues,Cold Remedy,100
593,2025-02-03,D01,Paracetamol,Pain Relief,100
594,2025-06-04,D08,Sunscreen SPF50,Skincare,800
594,2025-06-04,D09,Aloe Vera Gel,Skincare,350
595,2025-04-28,D05,Vitamin C Tablets,Supplements,400
595,2025-04-28,D16,Multivitamin Gummies,Supplements,500
595,2025-04-28,D10,Reading Glasses,Vision,600
596,2025-01-12,D09,Aloe Vera Gel,Skincare,350
596,2025-01-12,D10,Reading Glasses,Vision,600
596,2025-01-12,D17,Reading Puzzle Book,Stationery/Leisure,300
597,2025-04-08,D08,Sunscreen SPF50,Skincare,800
597,2025-04-08,D09,Aloe Vera Gel,Skincare,350
598,2025-04-09,D06,Hand Sanitizer,Hygiene,150
598,2025-04-09,D11,Eye Drops,Vision,250
598,2025-04-09,D13,Antiseptic Cream,First Aid,200
598,2025-04-09,D16,Multivitamin Gummies,Supplements,500
599,2025-04-22,D05,Vitamin C Tablets,Supplements,400
599,2025-04-22,D16,Multivitamin Gummies,Supplements,500
600,2025-05-13,D03,Cold & Flu Syrup,Cold Remedy,350
600,2025-05-13,D04,Tissues,Cold Remedy,100
600,2025-05-13,D05,Vitamin C Tablets,Supplements,400
601,2025-01-30,D06,Hand Sanitizer,Hygiene,150
601,2025-01-30,D07,Face Masks,Hygiene,200
602,2025-02-19,D10,Reading Glasses,Vision,600
602,2025-02-19,D17,Reading Puzzle Book,Stationery/Leisure,300
603,2025-05-04,D05,Vitamin C Tablets,Supplements,400
604,2025-03-23,D12,Bandages,First Aid,150
604,2025-03-23,D13,Antiseptic Cream,First Aid,200
605,2025-05-18,D07,Face Masks,Hygiene,200
605,2025-05-18,D12,Bandages,First Aid,150
606,2025-01-10,D17,Reading Puzzle Book,Stationery/Leisure,300
606,2025-01-10,D07,Face Masks,Hygiene,200
606,2025-01-10,D16,Multivitamin Gummies,Supplements,500
606,2025-01-10,D11,Eye Drops,Vision,250
607,2025-03-14,D08,Sunscreen SPF50,Skincare,800
607,2025-03-14,D04,Tissues,Cold Remedy,100
608,2025-02-01,D08,Sunscreen SPF50,Skincare,800
609,2025-06-05,D06,Hand Sanitizer,Hygiene,150
610,2025-05-25,D06,Hand Sanitizer,Hygiene,150
610,2025-05-25,D07,Face Masks,Hygiene,200
610,2025-05-25,D13,Antiseptic Cream,First Aid,200
611,2025-06-18,D06,Hand Sanitizer,Hygiene,150
611,2025-06-18,D03,Cold & Flu Syrup,Cold Remedy,350
611,2025-06-18,D04,Tissues,Cold Remedy,100
611,2025-06-18,D09,Aloe Vera Gel,Skincare,350
612,2025-06-28,D05,Vitamin C Tablets,Supplements,400
612,2025-06-28,D16,Multivitamin Gummies,Supplements,500
613,2025-05-24,D12,Bandages,First Aid,150
614,2025-02-14,D10,Reading Glasses,Vision,600
615,2025-04-04,D14,Baby Lotion,Baby Care,350
615,2025-04-04,D15,Baby Diapers,Baby Care,1200
616,2025-03-30,D10,Reading Glasses,Vision,600
617,2025-05-06,D12,Bandages,First Aid,150
617,2025-05-06,D13,Antiseptic Cream,First Aid,200
617,2025-05-06,D05,Vitamin C Tablets,Supplements,400
618,2025-02-13,D08,Sunscreen SPF50,Skincare,800
618,2025-02-13,D09,Aloe Vera Gel,Skincare,350
619,2025-03-03,D06,Hand Sanitizer,Hygiene,150
619,2025-03-03,D11,Eye Drops,Vision,250
619,2025-03-03,D04,Tissues,Cold Remedy,100
620,2025-02-21,D02,Ibuprofen,Pain Relief,150
620,2025-02-21,D08,Sunscreen SPF50,Skincare,800
621,2025-03-16,D08,Sunscreen SPF50,Skincare,800
622,2025-02-21,D04,Tissues,Cold Remedy,100
622,2025-02-21,D03,Cold & Flu Syrup,Cold Remedy,350
622,2025-02-21,D06,Hand Sanitizer,Hygiene,150
623,2025-04-01,D14,Baby Lotion,Baby Care,350
623,2025-04-01,D15,Baby Diapers,Baby Care,1200
624,2025-02-25,D14,Baby Lotion,Baby Care,350
624,2025-02-25,D15,Baby Diapers,Baby Care,1200
625,2025-04-14,D08,Sunscreen SPF50,Skincare,800
625,2025-04-14,D09,Aloe Vera Gel,Skincare,350
626,2025-05-18,D05,Vitamin C Tablets,Supplements,400
626,2025-05-18,D16,Multivitamin Gummies,Supplements,500
627,2025-02-06,D06,Hand Sanitizer,Hygiene,150
628,2025-03-03,D08,Sunscreen SPF50,Skincare,800
628,2025-03-03,D01,Paracetamol,Pain Relief,100
629,2025-06-14,D03,Cold & Flu Syrup,Cold Remedy,350
629,2025-06-14,D04,Tissues,Cold Remedy,100
630,2025-03-08,D08,Sunscreen SPF50,Skincare,800
630,2025-03-08,D09,Aloe Vera Gel,Skincare,350
630,2025-03-08,D10,Reading Glasses,Vision,600
631,2025-05-10,D03,Cold & Flu Syrup,Cold Remedy,350
631,2025-05-10,D05,Vitamin C Tablets,Supplements,400
631,2025-05-10,D12,Bandages,First Aid,150
631,2025-05-10,D02,Ibuprofen,Pain Relief,150
632,2025-06-03,D07,Face Masks,Hygiene,200
632,2025-06-03,D08,Sunscreen SPF50,Skincare,800
632,2025-06-03,D10,Reading Glasses,Vision,600
633,2025-02-14,D16,Multivitamin Gummies,Supplements,500
634,2025-02-17,D03,Cold & Flu Syrup,Cold Remedy,350
635,2025-03-12,D03,Cold & Flu Syrup,Cold Remedy,350
635,2025-03-12,D01,Paracetamol,Pain Relief,100
636,2025-03-05,D03,Cold & Flu Syrup,Cold Remedy,350
636,2025-03-05,D04,Tissues,Cold Remedy,100
637,2025-01-20,D03,Cold & Flu Syrup,Cold Remedy,350
637,2025-01-20,D04,Tissues,Cold Remedy,100
637,2025-01-20,D02,Ibuprofen,Pain Relief,150
638,2025-03-30,D17,Reading Puzzle Book,Stationery/Leisure,300
638,2025-03-30,D01,Paracetamol,Pain Relief,100
638,2025-03-30,D11,Eye Drops,Vision,250
638,2025-03-30,D16,Multivitamin Gummies,Supplements,500
639,2025-02-06,D12,Bandages,First Aid,150
639,2025-02-06,D13,Antiseptic Cream,First Aid,200
640,2025-05-07,D05,Vitamin C Tablets,Supplements,400
640,2025-05-07,D16,Multivitamin Gummies,Supplements,500
640,2025-05-07,D01,Paracetamol,Pain Relief,100
641,2025-01-06,D05,Vitamin C Tablets,Supplements,400
641,2025-01-06,D16,Multivitamin Gummies,Supplements,500
642,2025-05-10,D08,Sunscreen SPF50,Skincare,800
642,2025-05-10,D15,Baby Diapers,Baby Care,1200
643,2025-05-01,D03,Cold & Flu Syrup,Cold Remedy,350
643,2025-05-01,D04,Tissues,Cold Remedy,100
644,2025-01-02,D05,Vitamin C Tablets,Supplements,400
644,2025-01-02,D16,Multivitamin Gummies,Supplements,500
645,2025-04-10,D14,Baby Lotion,Baby Care,350
645,2025-04-10,D17,Reading Puzzle Book,Stationery/Leisure,300
645,2025-04-10,D06,Hand Sanitizer,Hygiene,150
646,2025-04-14,D09,Aloe Vera Gel,Skincare,350
647,2025-01-11,D17,Reading Puzzle Book,Stationery/Leisure,300
647,2025-01-11,D08,Sunscreen SPF50,Skincare,800
647,2025-01-11,D13,Antiseptic Cream,First Aid,200
647,2025-01-11,D07,Face Masks,Hygiene,200
648,2025-02-02,D01,Paracetamol,Pain Relief,100
648,2025-02-02,D15,Baby Diapers,Baby Care,1200
649,2025-02-27,D10,Reading Glasses,Vision,600
650,2025-03-09,D06,Hand Sanitizer,Hygiene,150
650,2025-03-09,D07,Face Masks,Hygiene,200
651,2025-03-21,D09,Aloe Vera Gel,Skincare,350
651,2025-03-21,D15,Baby Diapers,Baby Care,1200
651,2025-03-21,D02,Ibuprofen,Pain Relief,150
651,2025-03-21,D05,Vitamin C Tablets,Supplements,400
652,2025-02-14,D14,Baby Lotion,Baby Care,350
652,2025-02-14,D15,Baby Diapers,Baby Care,1200
653,2025-03-04,D10,Reading Glasses,Vision,600
653,2025-03-04,D17,Reading Puzzle Book,Stationery/Leisure,300
653,2025-03-04,D11,Eye Drops,Vision,250
654,2025-04-08,D12,Bandages,First Aid,150
654,2025-04-08,D13,Antiseptic Cream,First Aid,200
655,2025-02-03,D12,Bandages,First Aid,150
655,2025-02-03,D13,Antiseptic Cream,First Aid,200
656,2025-03-19,D14,Baby Lotion,Baby Care,350
656,2025-03-19,D12,Bandages,First Aid,150
656,2025-03-19,D17,Reading Puzzle Book,Stationery/Leisure,300
657,2025-05-08,D14,Baby Lotion,Baby Care,350
657,2025-05-08,D15,Baby Diapers,Baby Care,1200
658,2025-05-22,D03,Cold & Flu Syrup,Cold Remedy,350
658,2025-05-22,D04,Tissues,Cold Remedy,100
659,2025-04-26,D12,Bandages,First Aid,150
659,2025-04-26,D03,Cold & Flu Syrup,Cold Remedy,350
659,2025-04-26,D15,Baby Diapers,Baby Care,1200
659,2025-04-26,D16,Multivitamin Gummies,Supplements,500
660,2025-04-01,D08,Sunscreen SPF50,Skincare,800
660,2025-04-01,D09,Aloe Vera Gel,Skincare,350
661,2025-06-24,D12,Bandages,First Aid,150
661,2025-06-24,D13,Antiseptic Cream,First Aid,200
662,2025-06-12,D08,Sunscreen SPF50,Skincare,800
662,2025-06-12,D09,Aloe Vera Gel,Skincare,350
662,2025-06-12,D13,Antiseptic Cream,First Aid,200
663,2025-06-05,D05,Vitamin C Tablets,Supplements,400
663,2025-06-05,D16,Multivitamin Gummies,Supplements,500
664,2025-06-06,D10,Reading Glasses,Vision,600
664,2025-06-06,D17,Reading Puzzle Book,Stationery/Leisure,300
664,2025-06-06,D11,Eye Drops,Vision,250
665,2025-03-26,D07,Face Masks,Hygiene,200
665,2025-03-26,D09,Aloe Vera Gel,Skincare,350
665,2025-03-26,D12,Bandages,First Aid,150
665,2025-03-26,D11,Eye Drops,Vision,250
666,2025-01-08,D05,Vitamin C Tablets,Supplements,400
666,2025-01-08,D16,Multivitamin Gummies,Supplements,500
667,2025-03-28,D03,Cold & Flu Syrup,Cold Remedy,350
667,2025-03-28,D06,Hand Sanitizer,Hygiene,150
667,2025-03-28,D02,Ibuprofen,Pain Relief,150
668,2025-03-29,D13,Antiseptic Cream,First Aid,200
668,2025-03-29,D09,Aloe Vera Gel,Skincare,350
669,2025-05-13,D12,Bandages,First Aid,150
669,2025-05-13,D13,Antiseptic Cream,First Aid,200
670,2025-01-31,D10,Reading Glasses,Vision,600
670,2025-01-31,D17,Reading Puzzle Book,Stationery/Leisure,300
670,2025-01-31,D16,Multivitamin Gummies,Supplements,500
671,2025-06-08,D08,Sunscreen SPF50,Skincare,800
671,2025-06-08,D09,Aloe Vera Gel,Skincare,350
672,2025-03-13,D02,Ibuprofen,Pain Relief,150
672,2025-03-13,D13,Antiseptic Cream,First Aid,200
672,2025-03-13,D05,Vitamin C Tablets,Supplements,400
672,2025-03-13,D10,Reading Glasses,Vision,600
673,2025-03-09,D08,Sunscreen SPF50,Skincare,800
673,2025-03-09,D09,Aloe Vera Gel,Skincare,350
674,2025-03-12,D08,Sunscreen SPF50,Skincare,800
675,2025-04-14,D12,Bandages,First Aid,150
675,2025-04-14,D13,Antiseptic Cream,First Aid,200
676,2025-04-06,D17,Reading Puzzle Book,Stationery/Leisure,300
677,2025-04-06,D17,Reading Puzzle Book,Stationery/Leisure,300
677,2025-04-06,D10,Reading Glasses,Vision,600
677,2025-04-06,D06,Hand Sanitizer,Hygiene,150
677,2025-04-06,D07,Face Masks,Hygiene,200
678,2025-04-04,D13,Antiseptic Cream,First Aid,200
678,2025-04-04,D02,Ibuprofen,Pain Relief,150
678,2025-04-04,D05,Vitamin C Tablets,Supplements,400
678,2025-04-04,D06,Hand Sanitizer,Hygiene,150
679,2025-04-10,D03,Cold & Flu Syrup,Cold Remedy,350
679,2025-04-10,D04,Tissues,Cold Remedy,100
680,2025-04-23,D09,Aloe Vera Gel,Skincare,350
680,2025-04-23,D05,Vitamin C Tablets,Supplements,400
680,2025-04-23,D04,Tissues,Cold Remedy,100
680,2025-04-23,D10,Reading Glasses,Vision,600
681,2025-05-28,D08,Sunscreen SPF50,Skincare,800
682,2025-04-05,D06,Hand Sanitizer,Hygiene,150
682,2025-04-05,D07,Face Masks,Hygiene,200
683,2025-03-24,D14,Baby Lotion,Baby Care,350
683,2025-03-24,D15,Baby Diapers,Baby Care,1200
684,2025-02-13,D17,Reading Puzzle Book,Stationery/Leisure,300
684,2025-02-13,D08,Sunscreen SPF50,Skincare,800
684,2025-02-13,D12,Bandages,First Aid,150
685,2025-01-22,D01,Paracetamol,Pain Relief,100
685,2025-01-22,D17,Reading Puzzle Book,Stationery/Leisure,300
686,2025-02-12,D14,Baby Lotion,Baby Care,350
686,2025-02-12,D15,Baby Diapers,Baby Care,1200
687,2025-05-08,D06,Hand Sanitizer,Hygiene,150
687,2025-05-08,D14,Baby Lotion,Baby Care,350
687,2025-05-08,D13,Antiseptic Cream,First Aid,200
687,2025-05-08,D09,Aloe Vera Gel,Skincare,350
688,2025-05-11,D08,Sunscreen SPF50,Skincare,800
688,2025-05-11,D01,Paracetamol,Pain Relief,100
688,2025-05-11,D07,Face Masks,Hygiene,200
689,2025-02-05,D12,Bandages,First Aid,150
689,2025-02-05,D13,Antiseptic Cream,First Aid,200
690,2025-04-08,D03,Cold & Flu Syrup,Cold Remedy,350
690,2025-04-08,D12,Bandages,First Aid,150
690,2025-04-08,D16,Multivitamin Gummies,Supplements,500
691,2025-05-07,D12,Bandages,First Aid,150
691,2025-05-07,D13,Antiseptic Cream,First Aid,200
692,2025-03-19,D17,Reading Puzzle Book,Stationery/Leisure,300
692,2025-03-19,D09,Aloe Vera Gel,Skincare,350
692,2025-03-19,D12,Bandages,First Aid,150
692,2025-03-19,D01,Paracetamol,Pain Relief,100
693,2025-06-18,D10,Reading Glasses,Vision,600
693,2025-06-18,D17,Reading Puzzle Book,Stationery/Leisure,300
694,2025-05-10,D05,Vitamin C Tablets,Supplements,400
694,2025-05-10,D16,Multivitamin Gummies,Supplements,500
695,2025-03-01,D10,Reading Glasses,Vision,600
695,2025-03-01,D14,Baby Lotion,Baby Care,350
696,2025-06-26,D06,Hand Sanitizer,Hygiene,150
696,2025-06-26,D11,Eye Drops,Vision,250
697,2025-03-13,D03,Cold & Flu Syrup,Cold Remedy,350
697,2025-03-13,D17,Reading Puzzle Book,Stationery/Leisure,300
697,2025-03-13,D05,Vitamin C Tablets,Supplements,400
697,2025-03-13,D07,Face Masks,Hygiene,200
698,2025-04-20,D05,Vitamin C Tablets,Supplements,400
698,2025-04-20,D16,Multivitamin Gummies,Supplements,500
699,2025-01-31,D08,Sunscreen SPF50,Skincare,800
699,2025-01-31,D09,Aloe Vera Gel,Skincare,350
700,2025-05-10,D08,Sunscreen SPF50,Skincare,800
700,2025-05-10,D09,Aloe Vera Gel,Skincare,350
701,2025-06-07,D14,Baby Lotion,Baby Care,350
701,2025-06-07,D07,Face Masks,Hygiene,200
702,2025-01-20,D01,Paracetamol,Pain Relief,100
703,2025-06-05,D14,Baby Lotion,Baby Care,350
703,2025-06-05,D15,Baby Diapers,Baby Care,1200
704,2025-06-26,D10,Reading Glasses,Vision,600
704,2025-06-26,D17,Reading Puzzle Book,Stationery/Leisure,300
705,2025-04-13,D12,Bandages,First Aid,150
705,2025-04-13,D13,Antiseptic Cream,First Aid,200
706,2025-06-28,D03,Cold & Flu Syrup,Cold Remedy,350
707,2025-06-13,D14,Baby Lotion,Baby Care,350
707,2025-06-13,D15,Baby Diapers,Baby Care,1200
708,2025-02-19,D05,Vitamin C Tablets,Supplements,400
708,2025-02-19,D16,Multivitamin Gummies,Supplements,500
709,2025-03-10,D01,Paracetamol,Pain Relief,100
710,2025-04-27,D03,Cold & Flu Syrup,Cold Remedy,350
710,2025-04-27,D04,Tissues,Cold Remedy,100
710,2025-04-27,D05,Vitamin C Tablets,Supplements,400
710,2025-04-27,D11,Eye Drops,Vision,250
711,2025-03-26,D09,Aloe Vera Gel,Skincare,350
712,2025-04-23,D05,Vitamin C Tablets,Supplements,400
713,2025-02-06,D05,Vitamin C Tablets,Supplements,400
713,2025-02-06,D16,Multivitamin Gummies,Supplements,500
713,2025-02-06,D14,Baby Lotion,Baby Care,350
714,2025-02-15,D10,Reading Glasses,Vision,600
714,2025-02-15,D17,Reading Puzzle Book,Stationery/Leisure,300
714,2025-02-15,D11,Eye Drops,Vision,250
715,2025-01-01,D03,Cold & Flu Syrup,Cold Remedy,350
716,2025-01-06,D10,Reading Glasses,Vision,600
716,2025-01-06,D17,Reading Puzzle Book,Stationery/Leisure,300
717,2025-05-10,D06,Hand Sanitizer,Hygiene,150
717,2025-05-10,D07,Face Masks,Hygiene,200
718,2025-06-02,D10,Reading Glasses,Vision,600
718,2025-06-02,D02,Ibuprofen,Pain Relief,150
718,2025-06-02,D04,Tissues,Cold Remedy,100
719,2025-06-07,D12,Bandages,First Aid,150
720,2025-06-30,D11,Eye Drops,Vision,250
721,2025-05-01,D15,Baby Diapers,Baby Care,1200
722,2025-05-09,D09,Aloe Vera Gel,Skincare,350
723,2025-06-01,D12,Bandages,First Aid,150
723,2025-06-01,D05,Vitamin C Tablets,Supplements,400
724,2025-01-21,D11,Eye Drops,Vision,250
724,2025-01-21,D01,Paracetamol,Pain Relief,100
724,2025-01-21,D17,Reading Puzzle Book,Stationery/Leisure,300
724,2025-01-21,D16,Multivitamin Gummies,Supplements,500
725,2025-02-20,D17,Reading Puzzle Book,Stationery/Leisure,300
725,2025-02-20,D04,Tissues,Cold Remedy,100
725,2025-02-20,D02,Ibuprofen,Pain Relief,150
725,2025-02-20,D16,Multivitamin Gummies,Supplements,500
726,2025-04-29,D07,Face Masks,Hygiene,200
726,2025-04-29,D05,Vitamin C Tablets,Supplements,400
726,2025-04-29,D15,Baby Diapers,Baby Care,1200
726,2025-04-29,D17,Reading Puzzle Book,Stationery/Leisure,300
727,2025-02-24,D05,Vitamin C Tablets,Supplements,400
727,2025-02-24,D16,Multivitamin Gummies,Supplements,500
728,2025-06-26,D14,Baby Lotion,Baby Care,350
728,2025-06-26,D15,Baby Diapers,Baby Care,1200
729,2025-05-26,D14,Baby Lotion,Baby Care,350
729,2025-05-26,D15,Baby Diapers,Baby Care,1200
730,2025-06-28,D14,Baby Lotion,Baby Care,350
730,2025-06-28,D02,Ibuprofen,Pain Relief,150
730,2025-06-28,D04,Tissues,Cold Remedy,100
730,2025-06-28,D15,Baby Diapers,Baby Care,1200
731,2025-01-12,D17,Reading Puzzle Book,Stationery/Leisure,300
732,2025-06-07,D10,Reading Glasses,Vision,600
732,2025-06-07,D17,Reading Puzzle Book,Stationery/Leisure,300
732,2025-06-07,D11,Eye Drops,Vision,250
733,2025-01-26,D04,Tissues,Cold Remedy,100
733,2025-01-26,D13,Antiseptic Cream,First Aid,200
733,2025-01-26,D09,Aloe Vera Gel,Skincare,350
733,2025-01-26,D15,Baby Diapers,Baby Care,1200
734,2025-02-17,D12,Bandages,First Aid,150
734,2025-02-17,D13,Antiseptic Cream,First Aid,200
735,2025-03-24,D10,Reading Glasses,Vision,600
735,2025-03-24,D08,Sunscreen SPF50,Skincare,800
736,2025-04-03,D15,Baby Diapers,Baby Care,1200
737,2025-04-03,D14,Baby Lotion,Baby Care,350
737,2025-04-03,D15,Baby Diapers,Baby Care,1200
738,2025-05-04,D01,Paracetamol,Pain Relief,100
739,2025-05-13,D14,Baby Lotion,Baby Care,350
739,2025-05-13,D15,Baby Diapers,Baby Care,1200
740,2025-01-03,D11,Eye Drops,Vision,250
740,2025-01-03,D13,Antiseptic Cream,First Aid,200
740,2025-01-03,D08,Sunscreen SPF50,Skincare,800
740,2025-01-03,D01,Paracetamol,Pain Relief,100
741,2025-03-26,D14,Baby Lotion,Baby Care,350
741,2025-03-26,D15,Baby Diapers,Baby Care,1200
742,2025-01-21,D10,Reading Glasses,Vision,600
742,2025-01-21,D17,Reading Puzzle Book,Stationery/Leisure,300
742,2025-01-21,D11,Eye Drops,Vision,250
743,2025-01-30,D06,Hand Sanitizer,Hygiene,150
743,2025-01-30,D07,Face Masks,Hygiene,200
743,2025-01-30,D12,Bandages,First Aid,150
744,2025-04-02,D14,Baby Lotion,Baby Care,350
744,2025-04-02,D15,Baby Diapers,Baby Care,1200
745,2025-05-08,D14,Baby Lotion,Baby Care,350
745,2025-05-08,D15,Baby Diapers,Baby Care,1200
745,2025-05-08,D16,Multivitamin Gummies,Supplements,500
746,2025-06-25,D05,Vitamin C Tablets,Supplements,400
746,2025-06-25,D16,Multivitamin Gummies,Supplements,500
747,2025-05-20,D03,Cold & Flu Syrup,Cold Remedy,350
747,2025-05-20,D04,Tissues,Cold Remedy,100
748,2025-05-25,D02,Ibuprofen,Pain Relief,150
748,2025-05-25,D03,Cold & Flu Syrup,Cold Remedy,350
748,2025-05-25,D17,Reading Puzzle Book,Stationery/Leisure,300
748,2025-05-25,D14,Baby Lotion,Baby Care,350
749,2025-03-01,D07,Face Masks,Hygiene,200
750,2025-03-01,D03,Cold & Flu Syrup,Cold Remedy,350
750,2025-03-01,D04,Tissues,Cold Remedy,100
750,2025-03-01,D05,Vitamin C Tablets,Supplements,400
751,2025-05-23,D10,Reading Glasses,Vision,600
751,2025-05-23,D17,Reading Puzzle Book,Stationery/Leisure,300
751,2025-05-23,D11,Eye Drops,Vision,250
751,2025-05-23,D09,Aloe Vera Gel,Skincare,350
752,2025-03-08,D10,Reading Glasses,Vision,600
752,2025-03-08,D17,Reading Puzzle Book,Stationery/Leisure,300
753,2025-04-30,D12,Bandages,First Aid,150
753,2025-04-30,D13,Antiseptic Cream,First Aid,200
754,2025-03-13,D08,Sunscreen SPF50,Skincare,800
754,2025-03-13,D09,Aloe Vera Gel,Skincare,350
755,2025-05-02,D05,Vitamin C Tablets,Supplements,400
755,2025-05-02,D16,Multivitamin Gummies,Supplements,500
756,2025-06-14,D06,Hand Sanitizer,Hygiene,150
756,2025-06-14,D03,Cold & Flu Syrup,Cold Remedy,350
757,2025-03-03,D03,Cold & Flu Syrup,Cold Remedy,350
757,2025-03-03,D08,Sunscreen SPF50,Skincare,800
758,2025-03-14,D06,Hand Sanitizer,Hygiene,150
758,2025-03-14,D12,Bandages,First Aid,150
759,2025-06-11,D10,Reading Glasses,Vision,600
759,2025-06-11,D17,Reading Puzzle Book,Stationery/Leisure,300
760,2025-01-05,D12,Bandages,First Aid,150
760,2025-01-05,D13,Antiseptic Cream,First Aid,200
761,2025-02-21,D12,Bandages,First Aid,150
761,2025-02-21,D01,Paracetamol,Pain Relief,100
762,2025-03-23,D09,Aloe Vera Gel,Skincare,350
763,2025-03-14,D06,Hand Sanitizer,Hygiene,150
764,2025-01-17,D10,Reading Glasses,Vision,600
764,2025-01-17,D17,Reading Puzzle Book,Stationery/Leisure,300
765,2025-04-20,D16,Multivitamin Gummies,Supplements,500
766,2025-04-17,D06,Hand Sanitizer,Hygiene,150
767,2025-02-13,D02,Ibuprofen,Pain Relief,150
767,2025-02-13,D04,Tissues,Cold Remedy,100
767,2025-02-13,D05,Vitamin C Tablets,Supplements,400
768,2025-06-12,D12,Bandages,First Aid,150
768,2025-06-12,D13,Antiseptic Cream,First Aid,200
769,2025-03-13,D10,Reading Glasses,Vision,600
770,2025-06-05,D03,Cold & Flu Syrup,Cold Remedy,350
770,2025-06-05,D04,Tissues,Cold Remedy,100
771,2025-01-01,D10,Reading Glasses,Vision,600
771,2025-01-01,D12,Bandages,First Aid,150
771,2025-01-01,D04,Tissues,Cold Remedy,100
771,2025-01-01,D13,Antiseptic Cream,First Aid,200
772,2025-04-25,D09,Aloe Vera Gel,Skincare,350
773,2025-01-23,D08,Sunscreen SPF50,Skincare,800
773,2025-01-23,D07,Face Masks,Hygiene,200
773,2025-01-23,D17,Reading Puzzle Book,Stationery/Leisure,300
774,2025-01-20,D14,Baby Lotion,Baby Care,350
774,2025-01-20,D15,Baby Diapers,Baby Care,1200
775,2025-02-14,D06,Hand Sanitizer,Hygiene,150
775,2025-02-14,D07,Face Masks,Hygiene,200
776,2025-06-30,D01,Paracetamol,Pain Relief,100
776,2025-06-30,D07,Face Masks,Hygiene,200
777,2025-01-09,D12,Bandages,First Aid,150
777,2025-01-09,D13,Antiseptic Cream,First Aid,200
778,2025-02-18,D08,Sunscreen SPF50,Skincare,800
778,2025-02-18,D09,Aloe Vera Gel,Skincare,350
778,2025-02-18,D13,Antiseptic Cream,First Aid,200
778,2025-02-18,D06,Hand Sanitizer,Hygiene,150
779,2025-03-04,D03,Cold & Flu Syrup,Cold Remedy,350
779,2025-03-04,D04,Tissues,Cold Remedy,100
780,2025-01-29,D06,Hand Sanitizer,Hygiene,150
780,2025-01-29,D07,Face Masks,Hygiene,200
781,2025-05-10,D09,Aloe Vera Gel,Skincare,350
781,2025-05-10,D14,Baby Lotion,Baby Care,350
781,2025-05-10,D08,Sunscreen SPF50,Skincare,800
782,2025-02-05,D12,Bandages,First Aid,150
782,2025-02-05,D13,Antiseptic Cream,First Aid,200
783,2025-06-13,D11,Eye Drops,Vision,250
784,2025-05-12,D11,Eye Drops,Vision,250
785,2025-05-08,D06,Hand Sanitizer,Hygiene,150
785,2025-05-08,D07,Face Masks,Hygiene,200
786,2025-01-14,D14,Baby Lotion,Baby Care,350
786,2025-01-14,D15,Baby Diapers,Baby Care,1200
786,2025-01-14,D11,Eye Drops,Vision,250
787,2025-01-30,D17,Reading Puzzle Book,Stationery/Leisure,300
788,2025-04-19,D14,Baby Lotion,Baby Care,350
788,2025-04-19,D16,Multivitamin Gummies,Supplements,500
789,2025-03-22,D08,Sunscreen SPF50,Skincare,800
789,2025-03-22,D09,Aloe Vera Gel,Skincare,350
790,2025-04-01,D14,Baby Lotion,Baby Care,350
790,2025-04-01,D15,Baby Diapers,Baby Care,1200
790,2025-04-01,D04,Tissues,Cold Remedy,100
791,2025-02-03,D13,Antiseptic Cream,First Aid,200
791,2025-02-03,D09,Aloe Vera Gel,Skincare,350
792,2025-06-30,D09,Aloe Vera Gel,Skincare,350
793,2025-05-28,D14,Baby Lotion,Baby Care,350
794,2025-02-19,D17,Reading Puzzle Book,Stationery/Leisure,300
794,2025-02-19,D04,Tissues,Cold Remedy,100
794,2025-02-19,D09,Aloe Vera Gel,Skincare,350
795,2025-06-18,D08,Sunscreen SPF50,Skincare,800
795,2025-06-18,D09,Aloe Vera Gel,Skincare,350
795,2025-06-18,D16,Multivitamin Gummies,Supplements,500
796,2025-02-13,D11,Eye Drops,Vision,250
797,2025-03-18,D03,Cold & Flu Syrup,Cold Remedy,350
797,2025-03-18,D04,Tissues,Cold Remedy,100
798,2025-04-03,D01,Paracetamol,Pain Relief,100
798,2025-04-03,D16,Multivitamin Gummies,Supplements,500
799,2025-04-30,D05,Vitamin C Tablets,Supplements,400
799,2025-04-30,D16,Multivitamin Gummies,Supplements,500
800,2025-03-19,D17,Reading Puzzle Book,Stationery/Leisure,300
800,2025-03-19,D12,Bandages,First Aid,150
800,2025-03-19,D01,Paracetamol,Pain Relief,100
801,2025-05-10,D05,Vitamin C Tablets,Supplements,400
801,2025-05-10,D16,Multivitamin Gummies,Supplements,500
802,2025-04-02,D13,Antiseptic Cream,First Aid,200
802,2025-04-02,D01,Paracetamol,Pain Relief,100
802,2025-04-02,D11,Eye Drops,Vision,250
802,2025-04-02,D02,Ibuprofen,Pain Relief,150
803,2025-06-27,D05,Vitamin C Tablets,Supplements,400
803,2025-06-27,D13,Antiseptic Cream,First Aid,200
803,2025-06-27,D07,Face Masks,Hygiene,200
804,2025-05-15,D08,Sunscreen SPF50,Skincare,800
804,2025-05-15,D02,Ibuprofen,Pain Relief,150
805,2025-03-05,D08,Sunscreen SPF50,Skincare,800
805,2025-03-05,D09,Aloe Vera Gel,Skincare,350
806,2025-04-23,D08,Sunscreen SPF50,Skincare,800
806,2025-04-23,D16,Multivitamin Gummies,Supplements,500
806,2025-04-23,D11,Eye Drops,Vision,250
807,2025-01-04,D12,Bandages,First Aid,150
807,2025-01-04,D13,Antiseptic Cream,First Aid,200
808,2025-04-18,D12,Bandages,First Aid,150
808,2025-04-18,D13,Antiseptic Cream,First Aid,200
809,2025-03-25,D01,Paracetamol,Pain Relief,100
809,2025-03-25,D09,Aloe Vera Gel,Skincare,350
809,2025-03-25,D04,Tissues,Cold Remedy,100
809,2025-03-25,D08,Sunscreen SPF50,Skincare,800
810,2025-03-01,D08,Sunscreen SPF50,Skincare,800
810,2025-03-01,D09,Aloe Vera Gel,Skincare,350
811,2025-05-27,D15,Baby Diapers,Baby Care,1200
812,2025-01-06,D05,Vitamin C Tablets,Supplements,400
812,2025-01-06,D16,Multivitamin Gummies,Supplements,500
813,2025-02-10,D06,Hand Sanitizer,Hygiene,150
813,2025-02-10,D16,Multivitamin Gummies,Supplements,500
813,2025-02-10,D08,Sunscreen SPF50,Skincare,800
813,2025-02-10,D11,Eye Drops,Vision,250
814,2025-01-19,D10,Reading Glasses,Vision,600
814,2025-01-19,D17,Reading Puzzle Book,Stationery/Leisure,300
815,2025-03-31,D04,Tissues,Cold Remedy,100
815,2025-03-31,D06,Hand Sanitizer,Hygiene,150
815,2025-03-31,D07,Face Masks,Hygiene,200
816,2025-05-22,D03,Cold & Flu Syrup,Cold Remedy,350
816,2025-05-22,D04,Tissues,Cold Remedy,100
816,2025-05-22,D05,Vitamin C Tablets,Supplements,400
817,2025-02-09,D08,Sunscreen SPF50,Skincare,800
817,2025-02-09,D09,Aloe Vera Gel,Skincare,350
818,2025-05-18,D14,Baby Lotion,Baby Care,350
818,2025-05-18,D15,Baby Diapers,Baby Care,1200
819,2025-01-20,D06,Hand Sanitizer,Hygiene,150
819,2025-01-20,D07,Face Masks,Hygiene,200
820,2025-04-19,D09,Aloe Vera Gel,Skincare,350
820,2025-04-19,D11,Eye Drops,Vision,250
820,2025-04-19,D04,Tissues,Cold Remedy,100
820,2025-04-19,D12,Bandages,First Aid,150
821,2025-04-14,D03,Cold & Flu Syrup,Cold Remedy,350
821,2025-04-14,D04,Tissues,Cold Remedy,100
822,2025-04-27,D12,Bandages,First Aid,150
822,2025-04-27,D13,Antiseptic Cream,First Aid,200
823,2025-02-22,D15,Baby Diapers,Baby Care,1200
823,2025-02-22,D11,Eye Drops,Vision,250
823,2025-02-22,D13,Antiseptic Cream,First Aid,200
823,2025-02-22,D08,Sunscreen SPF50,Skincare,800
824,2025-02-16,D06,Hand Sanitizer,Hygiene,150
824,2025-02-16,D07,Face Masks,Hygiene,200
825,2025-06-01,D07,Face Masks,Hygiene,200
826,2025-01-05,D15,Baby Diapers,Baby Care,1200
827,2025-06-29,D06,Hand Sanitizer,Hygiene,150
827,2025-06-29,D07,Face Masks,Hygiene,200
827,2025-06-29,D12,Bandages,First Aid,150
828,2025-03-15,D03,Cold & Flu Syrup,Cold Remedy,350
829,2025-05-14,D10,Reading Glasses,Vision,600
829,2025-05-14,D17,Reading Puzzle Book,Stationery/Leisure,300
830,2025-02-01,D06,Hand Sanitizer,Hygiene,150
830,2025-02-01,D03,Cold & Flu Syrup,Cold Remedy,350
830,2025-02-01,D17,Reading Puzzle Book,Stationery/Leisure,300
830,2025-02-01,D13,Antiseptic Cream,First Aid,200
831,2025-03-01,D08,Sunscreen SPF50,Skincare,800
831,2025-03-01,D09,Aloe Vera Gel,Skincare,350
832,2025-04-08,D10,Reading Glasses,Vision,600
832,2025-04-08,D17,Reading Puzzle Book,Stationery/Leisure,300
832,2025-04-08,D11,Eye Drops,Vision,250
833,2025-01-25,D08,Sunscreen SPF50,Skincare,800
833,2025-01-25,D09,Aloe Vera Gel,Skincare,350
834,2025-05-09,D07,Face Masks,Hygiene,200
834,2025-05-09,D16,Multivitamin Gummies,Supplements,500
834,2025-05-09,D14,Baby Lotion,Baby Care,350
835,2025-05-17,D05,Vitamin C Tablets,Supplements,400
835,2025-05-17,D03,Cold & Flu Syrup,Cold Remedy,350
836,2025-01-15,D06,Hand Sanitizer,Hygiene,150
836,2025-01-15,D07,Face Masks,Hygiene,200
837,2025-01-24,D05,Vitamin C Tablets,Supplements,400
838,2025-06-20,D06,Hand Sanitizer,Hygiene,150
838,2025-06-20,D07,Face Masks,Hygiene,200
839,2025-02-02,D11,Eye Drops,Vision,250
839,2025-02-02,D04,Tissues,Cold Remedy,100
839,2025-02-02,D15,Baby Diapers,Baby Care,1200
839,2025-02-02,D10,Reading Glasses,Vision,600
840,2025-05-12,D13,Antiseptic Cream,First Aid,200
840,2025-05-12,D16,Multivitamin Gummies,Supplements,500
840,2025-05-12,D05,Vitamin C Tablets,Supplements,400
841,2025-04-21,D06,Hand Sanitizer,Hygiene,150
841,2025-04-21,D07,Face Masks,Hygiene,200
842,2025-06-03,D09,Aloe Vera Gel,Skincare,350
843,2025-05-12,D03,Cold & Flu Syrup,Cold Remedy,350
844,2025-03-13,D10,Reading Glasses,Vision,600
844,2025-03-13,D17,Reading Puzzle Book,Stationery/Leisure,300
845,2025-05-15,D15,Baby Diapers,Baby Care,1200
845,2025-05-15,D08,Sunscreen SPF50,Skincare,800
845,2025-05-15,D02,Ibuprofen,Pain Relief,150
845,2025-05-15,D10,Reading Glasses,Vision,600
846,2025-05-13,D06,Hand Sanitizer,Hygiene,150
846,2025-05-13,D07,Face Masks,Hygiene,200
847,2025-05-16,D13,Antiseptic Cream,First Aid,200
848,2025-06-15,D16,Multivitamin Gummies,Supplements,500
848,2025-06-15,D12,Bandages,First Aid,150
848,2025-06-15,D14,Baby Lotion,Baby Care,350
849,2025-02-20,D03,Cold & Flu Syrup,Cold Remedy,350
849,2025-02-20,D04,Tissues,Cold Remedy,100
849,2025-02-20,D05,Vitamin C Tablets,Supplements,400
850,2025-03-08,D10,Reading Glasses,Vision,600
850,2025-03-08,D17,Reading Puzzle Book,Stationery/Leisure,300
850,2025-03-08,D11,Eye Drops,Vision,250
851,2025-01-09,D03,Cold & Flu Syrup,Cold Remedy,350
851,2025-01-09,D04,Tissues,Cold Remedy,100
851,2025-01-09,D05,Vitamin C Tablets,Supplements,400
852,2025-05-11,D15,Baby Diapers,Baby Care,1200
852,2025-05-11,D06,Hand Sanitizer,Hygiene,150
853,2025-04-06,D12,Bandages,First Aid,150
853,2025-04-06,D13,Antiseptic Cream,First Aid,200
854,2025-05-25,D06,Hand Sanitizer,Hygiene,150
854,2025-05-25,D07,Face Masks,Hygiene,200
855,2025-03-09,D03,Cold & Flu Syrup,Cold Remedy,350
856,2025-03-19,D03,Cold & Flu Syrup,Cold Remedy,350
856,2025-03-19,D04,Tissues,Cold Remedy,100
857,2025-06-24,D11,Eye Drops,Vision,250
857,2025-06-24,D14,Baby Lotion,Baby Care,350
858,2025-05-13,D12,Bandages,First Aid,150
859,2025-02-13,D14,Baby Lotion,Baby Care,350
859,2025-02-13,D15,Baby Diapers,Baby Care,1200
860,2025-05-20,D05,Vitamin C Tablets,Supplements,400
860,2025-05-20,D10,Reading Glasses,Vision,600
860,2025-05-20,D16,Multivitamin Gummies,Supplements,500
861,2025-04-21,D14,Baby Lotion,Baby Care,350
861,2025-04-21,D15,Baby Diapers,Baby Care,1200
862,2025-04-09,D08,Sunscreen SPF50,Skincare,800
862,2025-04-09,D09,Aloe Vera Gel,Skincare,350
863,2025-06-02,D12,Bandages,First Aid,150
863,2025-06-02,D13,Antiseptic Cream,First Aid,200
864,2025-01-28,D16,Multivitamin Gummies,Supplements,500
865,2025-02-22,D02,Ibuprofen,Pain Relief,150
866,2025-04-02,D03,Cold & Flu Syrup,Cold Remedy,350
866,2025-04-02,D04,Tissues,Cold Remedy,100
866,2025-04-02,D05,Vitamin C Tablets,Supplements,400
866,2025-04-02,D15,Baby Diapers,Baby Care,1200
867,2025-02-22,D08,Sunscreen SPF50,Skincare,800
867,2025-02-22,D09,Aloe Vera Gel,Skincare,350
868,2025-05-08,D15,Baby Diapers,Baby Care,1200
868,2025-05-08,D02,Ibuprofen,Pain Relief,150
868,2025-05-08,D06,Hand Sanitizer,Hygiene,150
868,2025-05-08,D04,Tissues,Cold Remedy,100
869,2025-02-14,D05,Vitamin C Tablets,Supplements,400
869,2025-02-14,D16,Multivitamin Gummies,Supplements,500
870,2025-03-30,D14,Baby Lotion,Baby Care,350
870,2025-03-30,D15,Baby Diapers,Baby Care,1200
871,2025-05-25,D04,Tissues,Cold Remedy,100
871,2025-05-25,D17,Reading Puzzle Book,Stationery/Leisure,300
871,2025-05-25,D02,Ibuprofen,Pain Relief,150
872,2025-06-03,D03,Cold & Flu Syrup,Cold Remedy,350
872,2025-06-03,D04,Tissues,Cold Remedy,100
873,2025-03-14,D14,Baby Lotion,Baby Care,350
873,2025-03-14,D15,Baby Diapers,Baby Care,1200
874,2025-05-04,D12,Bandages,First Aid,150
874,2025-05-04,D13,Antiseptic Cream,First Aid,200
875,2025-06-12,D16,Multivitamin Gummies,Supplements,500
875,2025-06-12,D07,Face Masks,Hygiene,200
875,2025-06-12,D05,Vitamin C Tablets,Supplements,400
875,2025-06-12,D12,Bandages,First Aid,150
876,2025-06-10,D02,Ibuprofen,Pain Relief,150
877,2025-06-22,D03,Cold & Flu Syrup,Cold Remedy,350
878,2025-05-19,D03,Cold & Flu Syrup,Cold Remedy,350
879,2025-04-10,D12,Bandages,First Aid,150
879,2025-04-10,D13,Antiseptic Cream,First Aid,200
880,2025-02-27,D08,Sunscreen SPF50,Skincare,800
880,2025-02-27,D09,Aloe Vera Gel,Skincare,350
881,2025-05-07,D10,Reading Glasses,Vision,600
881,2025-05-07,D17,Reading Puzzle Book,Stationery/Leisure,300
882,2025-04-21,D06,Hand Sanitizer,Hygiene,150
883,2025-04-13,D06,Hand Sanitizer,Hygiene,150
883,2025-04-13,D08,Sunscreen SPF50,Skincare,800
883,2025-04-13,D10,Reading Glasses,Vision,600
884,2025-05-10,D04,Tissues,Cold Remedy,100
884,2025-05-10,D11,Eye Drops,Vision,250
884,2025-05-10,D08,Sunscreen SPF50,Skincare,800
885,2025-05-29,D13,Antiseptic Cream,First Aid,200
885,2025-05-29,D06,Hand Sanitizer,Hygiene,150
885,2025-05-29,D07,Face Masks,Hygiene,200
885,2025-05-29,D17,Reading Puzzle Book,Stationery/Leisure,300
886,2025-04-28,D10,Reading Glasses,Vision,600
887,2025-03-16,D11,Eye Drops,Vision,250
888,2025-01-29,D06,Hand Sanitizer,Hygiene,150
889,2025-01-08,D05,Vitamin C Tablets,Supplements,400
889,2025-01-08,D12,Bandages,First Aid,150
889,2025-01-08,D07,Face Masks,Hygiene,200
889,2025-01-08,D08,Sunscreen SPF50,Skincare,800
890,2025-05-16,D14,Baby Lotion,Baby Care,350
890,2025-05-16,D07,Face Masks,Hygiene,200
891,2025-01-09,D05,Vitamin C Tablets,Supplements,400
891,2025-01-09,D16,Multivitamin Gummies,Supplements,500
892,2025-05-17,D10,Reading Glasses,Vision,600
892,2025-05-17,D17,Reading Puzzle Book,Stationery/Leisure,300
892,2025-05-17,D11,Eye Drops,Vision,250
893,2025-04-08,D12,Bandages,First Aid,150
893,2025-04-08,D13,Antiseptic Cream,First Aid,200
894,2025-04-26,D06,Hand Sanitizer,Hygiene,150
894,2025-04-26,D07,Face Masks,Hygiene,200
895,2025-02-16,D11,Eye Drops,Vision,250
895,2025-02-16,D03,Cold & Flu Syrup,Cold Remedy,350
895,2025-02-16,D09,Aloe Vera Gel,Skincare,350
895,2025-02-16,D08,Sunscreen SPF50,Skincare,800
896,2025-06-10,D03,Cold & Flu Syrup,Cold Remedy,350
897,2025-03-30,D16,Multivitamin Gummies,Supplements,500
897,2025-03-30,D07,Face Masks,Hygiene,200
898,2025-05-01,D01,Paracetamol,Pain Relief,100
899,2025-04-18,D14,Baby Lotion,Baby Care,350
899,2025-04-18,D15,Baby Diapers,Baby Care,1200
900,2025-04-29,D08,Sunscreen SPF50,Skincare,800
900,2025-04-29,D09,Aloe Vera Gel,Skincare,350
901,2025-04-03,D10,Reading Glasses,Vision,600
901,2025-04-03,D17,Reading Puzzle Book,Stationery/Leisure,300
901,2025-04-03,D11,Eye Drops,Vision,250
902,2025-01-09,D10,Reading Glasses,Vision,600
902,2025-01-09,D17,Reading Puzzle Book,Stationery/Leisure,300
903,2025-02-17,D14,Baby Lotion,Baby Care,350
903,2025-02-17,D15,Baby Diapers,Baby Care,1200
904,2025-03-03,D05,Vitamin C Tablets,Supplements,400
905,2025-01-04,D10,Reading Glasses,Vision,600
905,2025-01-04,D15,Baby Diapers,Baby Care,1200
906,2025-01-08,D14,Baby Lotion,Baby Care,350
906,2025-01-08,D15,Baby Diapers,Baby Care,1200
907,2025-01-18,D05,Vitamin C Tablets,Supplements,400
907,2025-01-18,D16,Multivitamin Gummies,Supplements,500
908,2025-02-05,D02,Ibuprofen,Pain Relief,150
908,2025-02-05,D10,Reading Glasses,Vision,600
908,2025-02-05,D05,Vitamin C Tablets,Supplements,400
908,2025-02-05,D13,Antiseptic Cream,First Aid,200
909,2025-06-16,D14,Baby Lotion,Baby Care,350
909,2025-06-16,D15,Baby Diapers,Baby Care,1200
910,2025-06-20,D06,Hand Sanitizer,Hygiene,150
910,2025-06-20,D07,Face Masks,Hygiene,200
911,2025-05-17,D05,Vitamin C Tablets,Supplements,400
911,2025-05-17,D04,Tissues,Cold Remedy,100
911,2025-05-17,D07,Face Masks,Hygiene,200
912,2025-02-02,D05,Vitamin C Tablets,Supplements,400
912,2025-02-02,D16,Multivitamin Gummies,Supplements,500
913,2025-04-21,D05,Vitamin C Tablets,Supplements,400
914,2025-02-24,D03,Cold & Flu Syrup,Cold Remedy,350
914,2025-02-24,D04,Tissues,Cold Remedy,100
914,2025-02-24,D05,Vitamin C Tablets,Supplements,400
915,2025-01-20,D10,Reading Glasses,Vision,600
915,2025-01-20,D16,Multivitamin Gummies,Supplements,500
915,2025-01-20,D04,Tissues,Cold Remedy,100
916,2025-01-14,D13,Antiseptic Cream,First Aid,200
916,2025-01-14,D07,Face Masks,Hygiene,200
917,2025-01-15,D06,Hand Sanitizer,Hygiene,150
918,2025-03-15,D11,Eye Drops,Vision,250
919,2025-03-29,D03,Cold & Flu Syrup,Cold Remedy,350
920,2025-04-25,D10,Reading Glasses,Vision,600
920,2025-04-25,D17,Reading Puzzle Book,Stationery/Leisure,300
921,2025-02-01,D07,Face Masks,Hygiene,200
922,2025-06-12,D03,Cold & Flu Syrup,Cold Remedy,350
922,2025-06-12,D04,Tissues,Cold Remedy,100
922,2025-06-12,D05,Vitamin C Tablets,Supplements,400
923,2025-02-06,D05,Vitamin C Tablets,Supplements,400
923,2025-02-06,D16,Multivitamin Gummies,Supplements,500
924,2025-01-06,D09,Aloe Vera Gel,Skincare,350
925,2025-03-19,D12,Bandages,First Aid,150
925,2025-03-19,D05,Vitamin C Tablets,Supplements,400
925,2025-03-19,D11,Eye Drops,Vision,250
925,2025-03-19,D08,Sunscreen SPF50,Skincare,800
926,2025-02-27,D13,Antiseptic Cream,First Aid,200
926,2025-02-27,D06,Hand Sanitizer,Hygiene,150
926,2025-02-27,D14,Baby Lotion,Baby Care,350
927,2025-02-20,D14,Baby Lotion,Baby Care,350
927,2025-02-20,D15,Baby Diapers,Baby Care,1200
928,2025-06-24,D12,Bandages,First Aid,150
928,2025-06-24,D13,Antiseptic Cream,First Aid,200
929,2025-03-16,D15,Baby Diapers,Baby Care,1200
930,2025-03-05,D10,Reading Glasses,Vision,600
931,2025-03-08,D12,Bandages,First Aid,150
931,2025-03-08,D13,Antiseptic Cream,First Aid,200
932,2025-06-26,D05,Vitamin C Tablets,Supplements,400
932,2025-06-26,D01,Paracetamol,Pain Relief,100
932,2025-06-26,D12,Bandages,First Aid,150
932,2025-06-26,D06,Hand Sanitizer,Hygiene,150
933,2025-02-01,D14,Baby Lotion,Baby Care,350
933,2025-02-01,D15,Baby Diapers,Baby Care,1200
934,2025-06-11,D03,Cold & Flu Syrup,Cold Remedy,350
934,2025-06-11,D04,Tissues,Cold Remedy,100
935,2025-02-13,D06,Hand Sanitizer,Hygiene,150
935,2025-02-13,D07,Face Masks,Hygiene,200
935,2025-02-13,D05,Vitamin C Tablets,Supplements,400
936,2025-04-29,D03,Cold & Flu Syrup,Cold Remedy,350
936,2025-04-29,D04,Tissues,Cold Remedy,100
936,2025-04-29,D05,Vitamin C Tablets,Supplements,400
937,2025-03-07,D08,Sunscreen SPF50,Skincare,800
937,2025-03-07,D09,Aloe Vera Gel,Skincare,350
938,2025-05-19,D12,Bandages,First Aid,150
938,2025-05-19,D13,Antiseptic Cream,First Aid,200
939,2025-03-25,D03,Cold & Flu Syrup,Cold Remedy,350
939,2025-03-25,D01,Paracetamol,Pain Relief,100
939,2025-03-25,D13,Antiseptic Cream,First Aid,200
939,2025-03-25,D06,Hand Sanitizer,Hygiene,150
940,2025-04-02,D03,Cold & Flu Syrup,Cold Remedy,350
940,2025-04-02,D16,Multivitamin Gummies,Supplements,500
940,2025-04-02,D10,Reading Glasses,Vision,600
941,2025-01-28,D07,Face Masks,Hygiene,200
941,2025-01-28,D16,Multivitamin Gummies,Supplements,500
941,2025-01-28,D02,Ibuprofen,Pain Relief,150
941,2025-01-28,D17,Reading Puzzle Book,Stationery/Leisure,300
942,2025-06-26,D10,Reading Glasses,Vision,600
942,2025-06-26,D17,Reading Puzzle Book,Stationery/Leisure,300
943,2025-06-22,D11,Eye Drops,Vision,250
943,2025-06-22,D07,Face Masks,Hygiene,200
944,2025-06-15,D12,Bandages,First Aid,150
944,2025-06-15,D13,Antiseptic Cream,First Aid,200
945,2025-05-21,D05,Vitamin C Tablets,Supplements,400
945,2025-05-21,D16,Multivitamin Gummies,Supplements,500
946,2025-05-23,D10,Reading Glasses,Vision,600
946,2025-05-23,D17,Reading Puzzle Book,Stationery/Leisure,300
947,2025-06-29,D08,Sunscreen SPF50,Skincare,800
947,2025-06-29,D14,Baby Lotion,Baby Care,350
947,2025-06-29,D03,Cold & Flu Syrup,Cold Remedy,350
948,2025-01-29,D03,Cold & Flu Syrup,Cold Remedy,350
948,2025-01-29,D04,Tissues,Cold Remedy,100
949,2025-02-24,D11,Eye Drops,Vision,250
949,2025-02-24,D01,Paracetamol,Pain Relief,100
949,2025-02-24,D15,Baby Diapers,Baby Care,1200
950,2025-06-17,D02,Ibuprofen,Pain Relief,150
950,2025-06-17,D09,Aloe Vera Gel,Skincare,350
950,2025-06-17,D03,Cold & Flu Syrup,Cold Remedy,350
950,2025-06-17,D17,Reading Puzzle Book,Stationery/Leisure,300
951,2025-05-11,D14,Baby Lotion,Baby Care,350
951,2025-05-11,D12,Bandages,First Aid,150
951,2025-05-11,D08,Sunscreen SPF50,Skincare,800
952,2025-05-27,D08,Sunscreen SPF50,Skincare,800
952,2025-05-27,D09,Aloe Vera Gel,Skincare,350
952,2025-05-27,D15,Baby Diapers,Baby Care,1200
953,2025-01-11,D03,Cold & Flu Syrup,Cold Remedy,350
953,2025-01-11,D04,Tissues,Cold Remedy,100
953,2025-01-11,D05,Vitamin C Tablets,Supplements,400
953,2025-01-11,D17,Reading Puzzle Book,Stationery/Leisure,300
954,2025-06-27,D06,Hand Sanitizer,Hygiene,150
955,2025-01-29,D05,Vitamin C Tablets,Supplements,400
956,2025-02-16,D03,Cold & Flu Syrup,Cold Remedy,350
956,2025-02-16,D04,Tissues,Cold Remedy,100
957,2025-02-08,D14,Baby Lotion,Baby Care,350
957,2025-02-08,D15,Baby Diapers,Baby Care,1200
958,2025-01-22,D11,Eye Drops,Vision,250
959,2025-01-09,D17,Reading Puzzle Book,Stationery/Leisure,300
960,2025-02-16,D01,Paracetamol,Pain Relief,100
960,2025-02-16,D03,Cold & Flu Syrup,Cold Remedy,350
960,2025-02-16,D09,Aloe Vera Gel,Skincare,350
960,2025-02-16,D13,Antiseptic Cream,First Aid,200
961,2025-04-04,D04,Tissues,Cold Remedy,100
961,2025-04-04,D16,Multivitamin Gummies,Supplements,500
962,2025-03-06,D14,Baby Lotion,Baby Care,350
963,2025-05-15,D12,Bandages,First Aid,150
963,2025-05-15,D13,Antiseptic Cream,First Aid,200
963,2025-05-15,D16,Multivitamin Gummies,Supplements,500
964,2025-05-29,D01,Paracetamol,Pain Relief,100
964,2025-05-29,D16,Multivitamin Gummies,Supplements,500
965,2025-01-17,D14,Baby Lotion,Baby Care,350
966,2025-06-18,D15,Baby Diapers,Baby Care,1200
967,2025-02-09,D05,Vitamin C Tablets,Supplements,400
967,2025-02-09,D16,Multivitamin Gummies,Supplements,500
967,2025-02-09,D07,Face Masks,Hygiene,200
968,2025-01-09,D10,Reading Glasses,Vision,600
968,2025-01-09,D12,Bandages,First Aid,150
968,2025-01-09,D16,Multivitamin Gummies,Supplements,500
968,2025-01-09,D03,Cold & Flu Syrup,Cold Remedy,350
969,2025-06-07,D06,Hand Sanitizer,Hygiene,150
969,2025-06-07,D07,Face Masks,Hygiene,200
970,2025-03-31,D10,Reading Glasses,Vision,600
970,2025-03-31,D17,Reading Puzzle Book,Stationery/Leisure,300
971,2025-02-22,D14,Baby Lotion,Baby Care,350
971,2025-02-22,D15,Baby Diapers,Baby Care,1200
972,2025-04-07,D10,Reading Glasses,Vision,600
972,2025-04-07,D17,Reading Puzzle Book,Stationery/Leisure,300
973,2025-01-08,D16,Multivitamin Gummies,Supplements,500
973,2025-01-08,D01,Paracetamol,Pain Relief,100
974,2025-05-01,D14,Baby Lotion,Baby Care,350
974,2025-05-01,D15,Baby Diapers,Baby Care,1200
975,2025-04-04,D06,Hand Sanitizer,Hygiene,150
975,2025-04-04,D07,Face Masks,Hygiene,200
976,2025-06-10,D12,Bandages,First Aid,150
976,2025-06-10,D13,Antiseptic Cream,First Aid,200
977,2025-04-05,D12,Bandages,First Aid,150
978,2025-01-18,D15,Baby Diapers,Baby Care,1200
978,2025-01-18,D10,Reading Glasses,Vision,600
979,2025-04-02,D10,Reading Glasses,Vision,600
979,2025-04-02,D17,Reading Puzzle Book,Stationery/Leisure,300
979,2025-04-02,D11,Eye Drops,Vision,250
980,2025-01-21,D01,Paracetamol,Pain Relief,100
980,2025-01-21,D12,Bandages,First Aid,150
980,2025-01-21,D05,Vitamin C Tablets,Supplements,400
981,2025-05-24,D01,Paracetamol,Pain Relief,100
982,2025-06-23,D06,Hand Sanitizer,Hygiene,150
982,2025-06-23,D07,Face Masks,Hygiene,200
983,2025-05-26,D10,Reading Glasses,Vision,600
983,2025-05-26,D17,Reading Puzzle Book,Stationery/Leisure,300
984,2025-02-13,D06,Hand Sanitizer,Hygiene,150
985,2025-01-22,D01,Paracetamol,Pain Relief,100
985,2025-01-22,D16,Multivitamin Gummies,Supplements,500
985,2025-01-22,D15,Baby Diapers,Baby Care,1200
985,2025-01-22,D06,Hand Sanitizer,Hygiene,150
986,2025-04-30,D06,Hand Sanitizer,Hygiene,150
986,2025-04-30,D07,Face Masks,Hygiene,200
987,2025-04-18,D08,Sunscreen SPF50,Skincare,800
987,2025-04-18,D09,Aloe Vera Gel,Skincare,350
988,2025-04-14,D10,Reading Glasses,Vision,600
988,2025-04-14,D17,Reading Puzzle Book,Stationery/Leisure,300
989,2025-06-16,D12,Bandages,First Aid,150
989,2025-06-16,D03,Cold & Flu Syrup,Cold Remedy,350
990,2025-01-02,D05,Vitamin C Tablets,Supplements,400
990,2025-01-02,D16,Multivitamin Gummies,Supplements,500
991,2025-03-14,D08,Sunscreen SPF50,Skincare,800
991,2025-03-14,D09,Aloe Vera Gel,Skincare,350
992,2025-05-22,D05,Vitamin C Tablets,Supplements,400
992,2025-05-22,D16,Multivitamin Gummies,Supplements,500
993,2025-01-27,D08,Sunscreen SPF50,Skincare,800
993,2025-01-27,D09,Aloe Vera Gel,Skincare,350
994,2025-05-16,D10,Reading Glasses,Vision,600
994,2025-05-16,D09,Aloe Vera Gel,Skincare,350
994,2025-05-16,D03,Cold & Flu Syrup,Cold Remedy,350
995,2025-06-28,D12,Bandages,First Aid,150
995,2025-06-28,D13,Antiseptic Cream,First Aid,200
996,2025-03-07,D03,Cold & Flu Syrup,Cold Remedy,350
996,2025-03-07,D04,Tissues,Cold Remedy,100
996,2025-03-07,D05,Vitamin C Tablets,Supplements,400
997,2025-05-11,D03,Cold & Flu Syrup,Cold Remedy,350
997,2025-05-11,D04,Tissues,Cold Remedy,100
997,2025-05-11,D05,Vitamin C Tablets,Supplements,400
998,2025-05-29,D10,Reading Glasses,Vision,600
998,2025-05-29,D17,Reading Puzzle Book,Stationery/Leisure,300
999,2025-03-08,D12,Bandages,First Aid,150
999,2025-03-08,D13,Antiseptic Cream,First Aid,200
1000,2025-06-26,D04,Tissues,Cold Remedy,100
1000,2025-06-26,D11,Eye Drops,Vision,250
1001,2025-04-03,D01,Paracetamol,Pain Relief,100
1002,2025-06-17,D05,Vitamin C Tablets,Supplements,400
1002,2025-06-17,D16,Multivitamin Gummies,Supplements,500
1003,2025-06-12,D03,Cold & Flu Syrup,Cold Remedy,350
1003,2025-06-12,D04,Tissues,Cold Remedy,100
1003,2025-06-12,D07,Face Masks,Hygiene,200
1004,2025-04-09,D08,Sunscreen SPF50,Skincare,800
1004,2025-04-09,D09,Aloe Vera Gel,Skincare,350
1005,2025-02-18,D07,Face Masks,Hygiene,200
1005,2025-02-18,D11,Eye Drops,Vision,250
1005,2025-02-18,D04,Tissues,Cold Remedy,100
1005,2025-02-18,D17,Reading Puzzle Book,Stationery/Leisure,300
1006,2025-02-24,D06,Hand Sanitizer,Hygiene,150
1006,2025-02-24,D07,Face Masks,Hygiene,200
1007,2025-02-01,D14,Baby Lotion,Baby Care,350
1007,2025-02-01,D15,Baby Diapers,Baby Care,1200
1008,2025-03-21,D03,Cold & Flu Syrup,Cold Remedy,350
1008,2025-03-21,D08,Sunscreen SPF50,Skincare,800
1009,2025-04-02,D06,Hand Sanitizer,Hygiene,150
1009,2025-04-02,D07,Face Masks,Hygiene,200
1010,2025-01-28,D10,Reading Glasses,Vision,600
1010,2025-01-28,D17,Reading Puzzle Book,Stationery/Leisure,300
1010,2025-01-28,D11,Eye Drops,Vision,250
1011,2025-01-23,D06,Hand Sanitizer,Hygiene,150
1011,2025-01-23,D07,Face Masks,Hygiene,200
1012,2025-02-26,D14,Baby Lotion,Baby Care,350
1012,2025-02-26,D15,Baby Diapers,Baby Care,1200
1013,2025-02-02,D03,Cold & Flu Syrup,Cold Remedy,350
1014,2025-06-02,D07,Face Masks,Hygiene,200
1014,2025-06-02,D10,Reading Glasses,Vision,600
1014,2025-06-02,D02,Ibuprofen,Pain Relief,150
1015,2025-05-30,D12,Bandages,First Aid,150
1015,2025-05-30,D13,Antiseptic Cream,First Aid,200
1016,2025-01-29,D05,Vitamin C Tablets,Supplements,400
1016,2025-01-29,D16,Multivitamin Gummies,Supplements,500
1017,2025-06-12,D05,Vitamin C Tablets,Supplements,400
1017,2025-06-12,D16,Multivitamin Gummies,Supplements,500
1018,2025-04-11,D14,Baby Lotion,Baby Care,350
1018,2025-04-11,D15,Baby Diapers,Baby Care,1200
1019,2025-04-27,D06,Hand Sanitizer,Hygiene,150
1019,2025-04-27,D07,Face Masks,Hygiene,200
1020,2025-02-24,D09,Aloe Vera Gel,Skincare,350
1020,2025-02-24,D03,Cold & Flu Syrup,Cold Remedy,350
1020,2025-02-24,D01,Paracetamol,Pain Relief,100
1020,2025-02-24,D07,Face Masks,Hygiene,200
1021,2025-06-23,D14,Baby Lotion,Baby Care,350
1021,2025-06-23,D11,Eye Drops,Vision,250
1021,2025-06-23,D12,Bandages,First Aid,150
1022,2025-04-19,D14,Baby Lotion,Baby Care,350
1022,2025-04-19,D15,Baby Diapers,Baby Care,1200
1023,2025-01-18,D03,Cold & Flu Syrup,Cold Remedy,350
1023,2025-01-18,D04,Tissues,Cold Remedy,100
1023,2025-01-18,D05,Vitamin C Tablets,Supplements,400
1024,2025-04-06,D11,Eye Drops,Vision,250
1024,2025-04-06,D09,Aloe Vera Gel,Skincare,350
1024,2025-04-06,D04,Tissues,Cold Remedy,100
1024,2025-04-06,D13,Antiseptic Cream,First Aid,200
1025,2025-05-09,D12,Bandages,First Aid,150
1026,2025-01-20,D12,Bandages,First Aid,150
1026,2025-01-20,D13,Antiseptic Cream,First Aid,200
1027,2025-02-12,D03,Cold & Flu Syrup,Cold Remedy,350
1027,2025-02-12,D04,Tissues,Cold Remedy,100
1028,2025-05-25,D10,Reading Glasses,Vision,600
1028,2025-05-25,D11,Eye Drops,Vision,250
1028,2025-05-25,D06,Hand Sanitizer,Hygiene,150
1028,2025-05-25,D02,Ibuprofen,Pain Relief,150
1029,2025-02-21,D03,Cold & Flu Syrup,Cold Remedy,350
1029,2025-02-21,D04,Tissues,Cold Remedy,100
1030,2025-04-18,D10,Reading Glasses,Vision,600
1030,2025-04-18,D17,Reading Puzzle Book,Stationery/Leisure,300
1031,2025-04-10,D15,Baby Diapers,Baby Care,1200
1031,2025-04-10,D14,Baby Lotion,Baby Care,350
1031,2025-04-10,D03,Cold & Flu Syrup,Cold Remedy,350
1031,2025-04-10,D13,Antiseptic Cream,First Aid,200
1032,2025-01-23,D06,Hand Sanitizer,Hygiene,150
1032,2025-01-23,D07,Face Masks,Hygiene,200
1033,2025-02-22,D16,Multivitamin Gummies,Supplements,500
1034,2025-02-04,D05,Vitamin C Tablets,Supplements,400
1035,2025-06-12,D14,Baby Lotion,Baby Care,350
1035,2025-06-12,D15,Baby Diapers,Baby Care,1200
1036,2025-05-30,D08,Sunscreen SPF50,Skincare,800
1036,2025-05-30,D09,Aloe Vera Gel,Skincare,350
1037,2025-04-27,D13,Antiseptic Cream,First Aid,200
1037,2025-04-27,D06,Hand Sanitizer,Hygiene,150
1037,2025-04-27,D15,Baby Diapers,Baby Care,1200
1038,2025-06-25,D05,Vitamin C Tablets,Supplements,400
1038,2025-06-25,D16,Multivitamin Gummies,Supplements,500
1039,2025-01-21,D12,Bandages,First Aid,150
1039,2025-01-21,D13,Antiseptic Cream,First Aid,200
1040,2025-03-19,D12,Bandages,First Aid,150
1040,2025-03-19,D13,Antiseptic Cream,First Aid,200
1041,2025-03-17,D14,Baby Lotion,Baby Care,350
1042,2025-04-01,D04,Tissues,Cold Remedy,100
1042,2025-04-01,D12,Bandages,First Aid,150
1042,2025-04-01,D01,Paracetamol,Pain Relief,100
1043,2025-06-12,D04,Tissues,Cold Remedy,100
1043,2025-06-12,D15,Baby Diapers,Baby Care,1200
1043,2025-06-12,D10,Reading Glasses,Vision,600
1044,2025-02-27,D12,Bandages,First Aid,150
1044,2025-02-27,D13,Antiseptic Cream,First Aid,200
1045,2025-03-06,D08,Sunscreen SPF50,Skincare,800
1045,2025-03-06,D09,Aloe Vera Gel,Skincare,350
1046,2025-02-18,D02,Ibuprofen,Pain Relief,150
1046,2025-02-18,D10,Reading Glasses,Vision,600
1047,2025-03-04,D05,Vitamin C Tablets,Supplements,400
1047,2025-03-04,D16,Multivitamin Gummies,Supplements,500
1048,2025-01-06,D01,Paracetamol,Pain Relief,100
1048,2025-01-06,D07,Face Masks,Hygiene,200
1048,2025-01-06,D14,Baby Lotion,Baby Care,350
1048,2025-01-06,D08,Sunscreen SPF50,Skincare,800
1049,2025-02-12,D14,Baby Lotion,Baby Care,350
1050,2025-03-01,D12,Bandages,First Aid,150
1050,2025-03-01,D13,Antiseptic Cream,First Aid,200
1050,2025-03-01,D15,Baby Diapers,Baby Care,1200
1051,2025-03-01,D10,Reading Glasses,Vision,600
1052,2025-01-15,D14,Baby Lotion,Baby Care,350
1052,2025-01-15,D15,Baby Diapers,Baby Care,1200
1053,2025-04-20,D08,Sunscreen SPF50,Skincare,800
1053,2025-04-20,D07,Face Masks,Hygiene,200
1054,2025-04-27,D06,Hand Sanitizer,Hygiene,150
1054,2025-04-27,D04,Tissues,Cold Remedy,100
1054,2025-04-27,D09,Aloe Vera Gel,Skincare,350
1054,2025-04-27,D16,Multivitamin Gummies,Supplements,500
1055,2025-05-31,D07,Face Masks,Hygiene,200
1055,2025-05-31,D13,Antiseptic Cream,First Aid,200
1055,2025-05-31,D04,Tissues,Cold Remedy,100
1056,2025-02-04,D05,Vitamin C Tablets,Supplements,400
1056,2025-02-04,D16,Multivitamin Gummies,Supplements,500
1057,2025-06-26,D08,Sunscreen SPF50,Skincare,800
1057,2025-06-26,D09,Aloe Vera Gel,Skincare,350
1058,2025-06-19,D14,Baby Lotion,Baby Care,350
1058,2025-06-19,D15,Baby Diapers,Baby Care,1200
1059,2025-05-16,D14,Baby Lotion,Baby Care,350
1059,2025-05-16,D15,Baby Diapers,Baby Care,1200
1060,2025-06-05,D08,Sunscreen SPF50,Skincare,800
1060,2025-06-05,D09,Aloe Vera Gel,Skincare,350
1061,2025-05-08,D10,Reading Glasses,Vision,600
1061,2025-05-08,D17,Reading Puzzle Book,Stationery/Leisure,300
1061,2025-05-08,D11,Eye Drops,Vision,250
1062,2025-04-25,D13,Antiseptic Cream,First Aid,200
1063,2025-02-26,D17,Reading Puzzle Book,Stationery/Leisure,300
1064,2025-03-30,D10,Reading Glasses,Vision,600
1065,2025-05-09,D12,Bandages,First Aid,150
1065,2025-05-09,D13,Antiseptic Cream,First Aid,200
1066,2025-05-27,D03,Cold & Flu Syrup,Cold Remedy,350
1066,2025-05-27,D04,Tissues,Cold Remedy,100
1067,2025-02-19,D05,Vitamin C Tablets,Supplements,400
1067,2025-02-19,D16,Multivitamin Gummies,Supplements,500
1067,2025-02-19,D07,Face Masks,Hygiene,200
1068,2025-02-15,D12,Bandages,First Aid,150
1068,2025-02-15,D13,Antiseptic Cream,First Aid,200
1069,2025-03-16,D12,Bandages,First Aid,150
1069,2025-03-16,D13,Antiseptic Cream,First Aid,200
1069,2025-03-16,D02,Ibuprofen,Pain Relief,150
1070,2025-05-26,D10,Reading Glasses,Vision,600
1070,2025-05-26,D17,Reading Puzzle Book,Stationery/Leisure,300
1071,2025-05-01,D10,Reading Glasses,Vision,600
1071,2025-05-01,D17,Reading Puzzle Book,Stationery/Leisure,300
1072,2025-05-06,D04,Tissues,Cold Remedy,100
1072,2025-05-06,D15,Baby Diapers,Baby Care,1200
1073,2025-01-01,D12,Bandages,First Aid,150
1073,2025-01-01,D13,Antiseptic Cream,First Aid,200
1074,2025-05-01,D04,Tissues,Cold Remedy,100
1075,2025-06-02,D05,Vitamin C Tablets,Supplements,400
1075,2025-06-02,D16,Multivitamin Gummies,Supplements,500
1076,2025-05-27,D01,Paracetamol,Pain Relief,100
1077,2025-04-13,D11,Eye Drops,Vision,250
1077,2025-04-13,D13,Antiseptic Cream,First Aid,200
1077,2025-04-13,D08,Sunscreen SPF50,Skincare,800
1077,2025-04-13,D12,Bandages,First Aid,150
1078,2025-03-04,D07,Face Masks,Hygiene,200
1079,2025-03-11,D12,Bandages,First Aid,150
1079,2025-03-11,D13,Antiseptic Cream,First Aid,200
1079,2025-03-11,D14,Baby Lotion,Baby Care,350
1080,2025-01-07,D10,Reading Glasses,Vision,600
1081,2025-06-22,D06,Hand Sanitizer,Hygiene,150
1081,2025-06-22,D07,Face Masks,Hygiene,200
1082,2025-01-07,D15,Baby Diapers,Baby Care,1200
1082,2025-01-07,D16,Multivitamin Gummies,Supplements,500
1082,2025-01-07,D04,Tissues,Cold Remedy,100
1083,2025-03-10,D12,Bandages,First Aid,150
1084,2025-01-31,D10,Reading Glasses,Vision,600
1084,2025-01-31,D17,Reading Puzzle Book,Stationery/Leisure,300
1085,2025-06-13,D05,Vitamin C Tablets,Supplements,400
1086,2025-03-19,D10,Reading Glasses,Vision,600
1086,2025-03-19,D17,Reading Puzzle Book,Stationery/Leisure,300
1086,2025-03-19,D11,Eye Drops,Vision,250
1087,2025-05-06,D05,Vitamin C Tablets,Supplements,400
1087,2025-05-06,D16,Multivitamin Gummies,Supplements,500
1088,2025-03-08,D01,Paracetamol,Pain Relief,100
1088,2025-03-08,D16,Multivitamin Gummies,Supplements,500
1088,2025-03-08,D13,Antiseptic Cream,First Aid,200
1089,2025-02-21,D10,Reading Glasses,Vision,600
1089,2025-02-21,D09,Aloe Vera Gel,Skincare,350
1089,2025-02-21,D06,Hand Sanitizer,Hygiene,150
1089,2025-02-21,D12,Bandages,First Aid,150
1090,2025-05-07,D05,Vitamin C Tablets,Supplements,400
1090,2025-05-07,D16,Multivitamin Gummies,Supplements,500
1091,2025-04-05,D06,Hand Sanitizer,Hygiene,150
1091,2025-04-05,D07,Face Masks,Hygiene,200
1092,2025-03-17,D13,Antiseptic Cream,First Aid,200
1092,2025-03-17,D07,Face Masks,Hygiene,200
1092,2025-03-17,D03,Cold & Flu Syrup,Cold Remedy,350
1093,2025-02-01,D16,Multivitamin Gummies,Supplements,500
1093,2025-02-01,D09,Aloe Vera Gel,Skincare,350
1094,2025-02-20,D06,Hand Sanitizer,Hygiene,150
1094,2025-02-20,D12,Bandages,First Aid,150
1094,2025-02-20,D16,Multivitamin Gummies,Supplements,500
1094,2025-02-20,D17,Reading Puzzle Book,Stationery/Leisure,300
1095,2025-04-01,D10,Reading Glasses,Vision,600
1096,2025-01-25,D13,Antiseptic Cream,First Aid,200
1097,2025-03-25,D07,Face Masks,Hygiene,200
1097,2025-03-25,D05,Vitamin C Tablets,Supplements,400
1098,2025-02-07,D08,Sunscreen SPF50,Skincare,800
1098,2025-02-07,D07,Face Masks,Hygiene,200
1098,2025-02-07,D04,Tissues,Cold Remedy,100
1098,2025-02-07,D05,Vitamin C Tablets,Supplements,400
1099,2025-02-24,D12,Bandages,First Aid,150
1099,2025-02-24,D13,Antiseptic Cream,First Aid,200
1100,2025-06-12,D10,Reading Glasses,Vision,600
1100,2025-06-12,D15,Baby Diapers,Baby Care,1200
1100,2025-06-12,D04,Tissues,Cold Remedy,100
1100,2025-06-12,D09,Aloe Vera Gel,Skincare,350
1101,2025-03-29,D03,Cold & Flu Syrup,Cold Remedy,350
1101,2025-03-29,D04,Tissues,Cold Remedy,100
1102,2025-02-04,D05,Vitamin C Tablets,Supplements,400
1102,2025-02-04,D13,Antiseptic Cream,First Aid,200
1102,2025-02-04,D07,Face Masks,Hygiene,200
1102,2025-02-04,D10,Reading Glasses,Vision,600
1103,2025-01-17,D14,Baby Lotion,Baby Care,350
1103,2025-01-17,D15,Baby Diapers,Baby Care,1200
1104,2025-06-17,D06,Hand Sanitizer,Hygiene,150
1104,2025-06-17,D12,Bandages,First Aid,150
1104,2025-06-17,D07,Face Masks,Hygiene,200
1105,2025-04-03,D08,Sunscreen SPF50,Skincare,800
1105,2025-04-03,D09,Aloe Vera Gel,Skincare,350
1106,2025-04-29,D11,Eye Drops,Vision,250
1106,2025-04-29,D17,Reading Puzzle Book,Stationery/Leisure,300
1106,2025-04-29,D10,Reading Glasses,Vision,600
1106,2025-04-29,D07,Face Masks,Hygiene,200
1107,2025-04-29,D12,Bandages,First Aid,150
1107,2025-04-29,D13,Antiseptic Cream,First Aid,200
1108,2025-05-13,D03,Cold & Flu Syrup,Cold Remedy,350
1108,2025-05-13,D04,Tissues,Cold Remedy,100
1108,2025-05-13,D05,Vitamin C Tablets,Supplements,400
1109,2025-01-12,D02,Ibuprofen,Pain Relief,150
1109,2025-01-12,D15,Baby Diapers,Baby Care,1200
1109,2025-01-12,D08,Sunscreen SPF50,Skincare,800
1110,2025-01-10,D05,Vitamin C Tablets,Supplements,400
1110,2025-01-10,D10,Reading Glasses,Vision,600
1111,2025-01-07,D05,Vitamin C Tablets,Supplements,400
1111,2025-01-07,D16,Multivitamin Gummies,Supplements,500
1111,2025-01-07,D09,Aloe Vera Gel,Skincare,350
1112,2025-02-26,D08,Sunscreen SPF50,Skincare,800
1113,2025-01-14,D02,Ibuprofen,Pain Relief,150
1113,2025-01-14,D09,Aloe Vera Gel,Skincare,350
1113,2025-01-14,D17,Reading Puzzle Book,Stationery/Leisure,300
1114,2025-01-14,D05,Vitamin C Tablets,Supplements,400
1114,2025-01-14,D07,Face Masks,Hygiene,200
1114,2025-01-14,D17,Reading Puzzle Book,Stationery/Leisure,300
1115,2025-05-15,D05,Vitamin C Tablets,Supplements,400
1115,2025-05-15,D16,Multivitamin Gummies,Supplements,500
1116,2025-02-03,D01,Paracetamol,Pain Relief,100
1116,2025-02-03,D05,Vitamin C Tablets,Supplements,400
1117,2025-01-09,D03,Cold & Flu Syrup,Cold Remedy,350
1117,2025-01-09,D04,Tissues,Cold Remedy,100
1118,2025-02-04,D08,Sunscreen SPF50,Skincare,800
1118,2025-02-04,D09,Aloe Vera Gel,Skincare,350
1119,2025-04-09,D06,Hand Sanitizer,Hygiene,150
1120,2025-04-15,D06,Hand Sanitizer,Hygiene,150
1120,2025-04-15,D01,Paracetamol,Pain Relief,100
1120,2025-04-15,D02,Ibuprofen,Pain Relief,150
1121,2025-05-14,D10,Reading Glasses,Vision,600
1121,2025-05-14,D17,Reading Puzzle Book,Stationery/Leisure,300
1121,2025-05-14,D12,Bandages,First Aid,150
1122,2025-01-04,D05,Vitamin C Tablets,Supplements,400
1122,2025-01-04,D16,Multivitamin Gummies,Supplements,500
1123,2025-01-29,D11,Eye Drops,Vision,250
1124,2025-01-19,D05,Vitamin C Tablets,Supplements,400
1124,2025-01-19,D06,Hand Sanitizer,Hygiene,150
1125,2025-05-22,D03,Cold & Flu Syrup,Cold Remedy,350
1125,2025-05-22,D04,Tissues,Cold Remedy,100
1126,2025-03-08,D06,Hand Sanitizer,Hygiene,150
1126,2025-03-08,D07,Face Masks,Hygiene,200
1127,2025-05-18,D10,Reading Glasses,Vision,600
1128,2025-02-08,D15,Baby Diapers,Baby Care,1200
1128,2025-02-08,D04,Tissues,Cold Remedy,100
1128,2025-02-08,D10,Reading Glasses,Vision,600
1128,2025-02-08,D13,Antiseptic Cream,First Aid,200
1129,2025-06-23,D11,Eye Drops,Vision,250
1129,2025-06-23,D16,Multivitamin Gummies,Supplements,500
1129,2025-06-23,D09,Aloe Vera Gel,Skincare,350
1129,2025-06-23,D08,Sunscreen SPF50,Skincare,800
1130,2025-05-16,D14,Baby Lotion,Baby Care,350
1130,2025-05-16,D09,Aloe Vera Gel,Skincare,350
1130,2025-05-16,D17,Reading Puzzle Book,Stationery/Leisure,300
1131,2025-02-21,D13,Antiseptic Cream,First Aid,200
1131,2025-02-21,D15,Baby Diapers,Baby Care,1200
1131,2025-02-21,D14,Baby Lotion,Baby Care,350
1132,2025-02-20,D06,Hand Sanitizer,Hygiene,150
1132,2025-02-20,D07,Face Masks,Hygiene,200
1133,2025-06-30,D06,Hand Sanitizer,Hygiene,150
1133,2025-06-30,D07,Face Masks,Hygiene,200
1134,2025-02-02,D06,Hand Sanitizer,Hygiene,150
1135,2025-02-06,D12,Bandages,First Aid,150
1135,2025-02-06,D13,Antiseptic Cream,First Aid,200
1136,2025-06-13,D12,Bandages,First Aid,150
1136,2025-06-13,D13,Antiseptic Cream,First Aid,200
1137,2025-05-07,D03,Cold & Flu Syrup,Cold Remedy,350
1137,2025-05-07,D04,Tissues,Cold Remedy,100
1137,2025-05-07,D05,Vitamin C Tablets,Supplements,400
1138,2025-02-18,D02,Ibuprofen,Pain Relief,150
1138,2025-02-18,D01,Paracetamol,Pain Relief,100
1138,2025-02-18,D07,Face Masks,Hygiene,200
1139,2025-04-15,D04,Tissues,Cold Remedy,100
1139,2025-04-15,D03,Cold & Flu Syrup,Cold Remedy,350
1139,2025-04-15,D12,Bandages,First Aid,150
1139,2025-04-15,D15,Baby Diapers,Baby Care,1200
1140,2025-06-09,D10,Reading Glasses,Vision,600
1140,2025-06-09,D06,Hand Sanitizer,Hygiene,150
1141,2025-03-20,D10,Reading Glasses,Vision,600
1141,2025-03-20,D17,Reading Puzzle Book,Stationery/Leisure,300
1141,2025-03-20,D11,Eye Drops,Vision,250
1142,2025-05-20,D11,Eye Drops,Vision,250
1142,2025-05-20,D01,Paracetamol,Pain Relief,100
1142,2025-05-20,D13,Antiseptic Cream,First Aid,200
1142,2025-05-20,D02,Ibuprofen,Pain Relief,150
1143,2025-06-15,D03,Cold & Flu Syrup,Cold Remedy,350
1143,2025-06-15,D04,Tissues,Cold Remedy,100
1144,2025-01-26,D03,Cold & Flu Syrup,Cold Remedy,350
1144,2025-01-26,D04,Tissues,Cold Remedy,100
1145,2025-03-08,D05,Vitamin C Tablets,Supplements,400
1146,2025-04-04,D11,Eye Drops,Vision,250
1147,2025-02-22,D14,Baby Lotion,Baby Care,350
1147,2025-02-22,D15,Baby Diapers,Baby Care,1200
1148,2025-06-27,D06,Hand Sanitizer,Hygiene,150
1148,2025-06-27,D07,Face Masks,Hygiene,200
1149,2025-01-28,D14,Baby Lotion,Baby Care,350
1149,2025-01-28,D15,Baby Diapers,Baby Care,1200
1150,2025-01-15,D03,Cold & Flu Syrup,Cold Remedy,350
1150,2025-01-15,D04,Tissues,Cold Remedy,100
1151,2025-05-19,D08,Sunscreen SPF50,Skincare,800
1152,2025-03-06,D08,Sunscreen SPF50,Skincare,800
1152,2025-03-06,D09,Aloe Vera Gel,Skincare,350
1153,2025-06-02,D03,Cold & Flu Syrup,Cold Remedy,350
1153,2025-06-02,D07,Face Masks,Hygiene,200
1153,2025-06-02,D10,Reading Glasses,Vision,600
1154,2025-03-14,D03,Cold & Flu Syrup,Cold Remedy,350
1154,2025-03-14,D04,Tissues,Cold Remedy,100
1154,2025-03-14,D06,Hand Sanitizer,Hygiene,150
1155,2025-01-02,D09,Aloe Vera Gel,Skincare,350
1156,2025-01-26,D08,Sunscreen SPF50,Skincare,800
1156,2025-01-26,D09,Aloe Vera Gel,Skincare,350
1157,2025-02-07,D10,Reading Glasses,Vision,600
1157,2025-02-07,D17,Reading Puzzle Book,Stationery/Leisure,300
1158,2025-01-29,D10,Reading Glasses,Vision,600
1159,2025-05-17,D05,Vitamin C Tablets,Supplements,400
1159,2025-05-17,D16,Multivitamin Gummies,Supplements,500
1160,2025-06-15,D11,Eye Drops,Vision,250
1161,2025-04-04,D14,Baby Lotion,Baby Care,350
1161,2025-04-04,D12,Bandages,First Aid,150
1162,2025-02-11,D14,Baby Lotion,Baby Care,350
1162,2025-02-11,D15,Baby Diapers,Baby Care,1200
1163,2025-05-02,D03,Cold & Flu Syrup,Cold Remedy,350
1164,2025-01-02,D03,Cold & Flu Syrup,Cold Remedy,350
1165,2025-04-21,D08,Sunscreen SPF50,Skincare,800
1165,2025-04-21,D09,Aloe Vera Gel,Skincare,350
1166,2025-04-19,D10,Reading Glasses,Vision,600
1166,2025-04-19,D17,Reading Puzzle Book,Stationery/Leisure,300
1167,2025-01-22,D12,Bandages,First Aid,150
1167,2025-01-22,D13,Antiseptic Cream,First Aid,200
1168,2025-02-12,D03,Cold & Flu Syrup,Cold Remedy,350
1168,2025-02-12,D04,Tissues,Cold Remedy,100
1168,2025-02-12,D10,Reading Glasses,Vision,600
1169,2025-06-15,D12,Bandages,First Aid,150
1169,2025-06-15,D13,Antiseptic Cream,First Aid,200
1170,2025-03-02,D05,Vitamin C Tablets,Supplements,400
1170,2025-03-02,D16,Multivitamin Gummies,Supplements,500
1171,2025-06-16,D05,Vitamin C Tablets,Supplements,400
1171,2025-06-16,D16,Multivitamin Gummies,Supplements,500
1171,2025-06-16,D08,Sunscreen SPF50,Skincare,800
1172,2025-01-24,D08,Sunscreen SPF50,Skincare,800
1173,2025-05-30,D08,Sunscreen SPF50,Skincare,800
1173,2025-05-30,D09,Aloe Vera Gel,Skincare,350
1174,2025-04-30,D12,Bandages,First Aid,150
1174,2025-04-30,D13,Antiseptic Cream,First Aid,200
1175,2025-05-11,D03,Cold & Flu Syrup,Cold Remedy,350
1175,2025-05-11,D04,Tissues,Cold Remedy,100
1176,2025-02-26,D05,Vitamin C Tablets,Supplements,400
1176,2025-02-26,D16,Multivitamin Gummies,Supplements,500
1176,2025-02-26,D01,Paracetamol,Pain Relief,100
1177,2025-02-28,D14,Baby Lotion,Baby Care,350
1177,2025-02-28,D15,Baby Diapers,Baby Care,1200
1177,2025-02-28,D17,Reading Puzzle Book,Stationery/Leisure,300
1178,2025-04-11,D16,Multivitamin Gummies,Supplements,500
1178,2025-04-11,D05,Vitamin C Tablets,Supplements,400
1178,2025-04-11,D01,Paracetamol,Pain Relief,100
1179,2025-03-15,D08,Sunscreen SPF50,Skincare,800
1179,2025-03-15,D09,Aloe Vera Gel,Skincare,350
1180,2025-03-29,D09,Aloe Vera Gel,Skincare,350
1180,2025-03-29,D04,Tissues,Cold Remedy,100
1180,2025-03-29,D07,Face Masks,Hygiene,200
1180,2025-03-29,D01,Paracetamol,Pain Relief,100
1181,2025-01-30,D10,Reading Glasses,Vision,600
1182,2025-06-13,D03,Cold & Flu Syrup,Cold Remedy,350
1182,2025-06-13,D04,Tissues,Cold Remedy,100
1183,2025-01-07,D10,Reading Glasses,Vision,600
1183,2025-01-07,D17,Reading Puzzle Book,Stationery/Leisure,300
1183,2025-01-07,D11,Eye Drops,Vision,250
1184,2025-06-12,D10,Reading Glasses,Vision,600
1185,2025-03-23,D16,Multivitamin Gummies,Supplements,500
1185,2025-03-23,D14,Baby Lotion,Baby Care,350
1186,2025-03-07,D09,Aloe Vera Gel,Skincare,350
1186,2025-03-07,D04,Tissues,Cold Remedy,100
1187,2025-06-04,D14,Baby Lotion,Baby Care,350
1188,2025-04-20,D12,Bandages,First Aid,150
1188,2025-04-20,D13,Antiseptic Cream,First Aid,200
1189,2025-05-01,D03,Cold & Flu Syrup,Cold Remedy,350
1189,2025-05-01,D04,Tissues,Cold Remedy,100
1190,2025-01-19,D05,Vitamin C Tablets,Supplements,400
1191,2025-02-28,D08,Sunscreen SPF50,Skincare,800
1191,2025-02-28,D07,Face Masks,Hygiene,200
1191,2025-02-28,D15,Baby Diapers,Baby Care,1200
1191,2025-02-28,D03,Cold & Flu Syrup,Cold Remedy,350
1192,2025-03-20,D04,Tissues,Cold Remedy,100
1193,2025-05-16,D09,Aloe Vera Gel,Skincare,350
1194,2025-02-28,D09,Aloe Vera Gel,Skincare,350
1194,2025-02-28,D17,Reading Puzzle Book,Stationery/Leisure,300
1194,2025-02-28,D02,Ibuprofen,Pain Relief,150
1195,2025-02-11,D12,Bandages,First Aid,150
1195,2025-02-11,D13,Antiseptic Cream,First Aid,200
1196,2025-03-10,D05,Vitamin C Tablets,Supplements,400
1197,2025-03-07,D17,Reading Puzzle Book,Stationery/Leisure,300
1197,2025-03-07,D10,Reading Glasses,Vision,600
1198,2025-01-05,D14,Baby Lotion,Baby Care,350
1198,2025-01-05,D15,Baby Diapers,Baby Care,1200
1199,2025-02-08,D14,Baby Lotion,Baby Care,350
1199,2025-02-08,D15,Baby Diapers,Baby Care,1200
1200,2025-03-04,D09,Aloe Vera Gel,Skincare,350
1201,2025-05-17,D10,Reading Glasses,Vision,600
1201,2025-05-17,D17,Reading Puzzle Book,Stationery/Leisure,300
1202,2025-03-24,D06,Hand Sanitizer,Hygiene,150
1202,2025-03-24,D07,Face Masks,Hygiene,200
1203,2025-06-10,D02,Ibuprofen,Pain Relief,150
1203,2025-06-10,D10,Reading Glasses,Vision,600
1204,2025-04-20,D04,Tissues,Cold Remedy,100
1205,2025-06-18,D03,Cold & Flu Syrup,Cold Remedy,350
1205,2025-06-18,D14,Baby Lotion,Baby Care,350
1205,2025-06-18,D04,Tissues,Cold Remedy,100
1206,2025-02-24,D05,Vitamin C Tablets,Supplements,400
1206,2025-02-24,D06,Hand Sanitizer,Hygiene,150
1207,2025-04-16,D07,Face Masks,Hygiene,200
1208,2025-05-20,D08,Sunscreen SPF50,Skincare,800
1208,2025-05-20,D03,Cold & Flu Syrup,Cold Remedy,350
1208,2025-05-20,D09,Aloe Vera Gel,Skincare,350
1208,2025-05-20,D05,Vitamin C Tablets,Supplements,400
1209,2025-01-04,D12,Bandages,First Aid,150
1209,2025-01-04,D13,Antiseptic Cream,First Aid,200
1210,2025-02-26,D08,Sunscreen SPF50,Skincare,800
1210,2025-02-26,D09,Aloe Vera Gel,Skincare,350
1211,2025-05-01,D06,Hand Sanitizer,Hygiene,150
1211,2025-05-01,D07,Face Masks,Hygiene,200
1212,2025-05-23,D12,Bandages,First Aid,150
1212,2025-05-23,D13,Antiseptic Cream,First Aid,200
1213,2025-01-12,D11,Eye Drops,Vision,250
1213,2025-01-12,D05,Vitamin C Tablets,Supplements,400
1213,2025-01-12,D07,Face Masks,Hygiene,200
1213,2025-01-12,D02,Ibuprofen,Pain Relief,150
1214,2025-04-26,D08,Sunscreen SPF50,Skincare,800
1214,2025-04-26,D09,Aloe Vera Gel,Skincare,350
1215,2025-04-28,D06,Hand Sanitizer,Hygiene,150
1215,2025-04-28,D04,Tissues,Cold Remedy,100
1215,2025-04-28,D09,Aloe Vera Gel,Skincare,350
1216,2025-02-13,D04,Tissues,Cold Remedy,100
1217,2025-06-17,D03,Cold & Flu Syrup,Cold Remedy,350
1217,2025-06-17,D04,Tissues,Cold Remedy,100
1218,2025-01-20,D16,Multivitamin Gummies,Supplements,500
1218,2025-01-20,D06,Hand Sanitizer,Hygiene,150
1218,2025-01-20,D05,Vitamin C Tablets,Supplements,400
1218,2025-01-20,D14,Baby Lotion,Baby Care,350
1219,2025-01-31,D13,Antiseptic Cream,First Aid,200
1220,2025-04-30,D11,Eye Drops,Vision,250
1220,2025-04-30,D01,Paracetamol,Pain Relief,100
1220,2025-04-30,D09,Aloe Vera Gel,Skincare,350
1221,2025-06-26,D02,Ibuprofen,Pain Relief,150
1222,2025-01-05,D11,Eye Drops,Vision,250
1223,2025-05-31,D17,Reading Puzzle Book,Stationery/Leisure,300
1224,2025-05-08,D05,Vitamin C Tablets,Supplements,400
1224,2025-05-08,D16,Multivitamin Gummies,Supplements,500
1225,2025-06-28,D13,Antiseptic Cream,First Aid,200
1225,2025-06-28,D06,Hand Sanitizer,Hygiene,150
1226,2025-06-20,D14,Baby Lotion,Baby Care,350
1226,2025-06-20,D15,Baby Diapers,Baby Care,1200
1226,2025-06-20,D10,Reading Glasses,Vision,600
1227,2025-05-21,D12,Bandages,First Aid,150
1227,2025-05-21,D15,Baby Diapers,Baby Care,1200
1228,2025-06-02,D15,Baby Diapers,Baby Care,1200
1228,2025-06-02,D11,Eye Drops,Vision,250
1228,2025-06-02,D01,Paracetamol,Pain Relief,100
1229,2025-06-05,D12,Bandages,First Aid,150
1229,2025-06-05,D13,Antiseptic Cream,First Aid,200
1229,2025-06-05,D14,Baby Lotion,Baby Care,350
1230,2025-04-08,D10,Reading Glasses,Vision,600
1231,2025-06-03,D03,Cold & Flu Syrup,Cold Remedy,350
1232,2025-05-28,D12,Bandages,First Aid,150
1232,2025-05-28,D13,Antiseptic Cream,First Aid,200
1233,2025-05-20,D16,Multivitamin Gummies,Supplements,500
1234,2025-04-18,D05,Vitamin C Tablets,Supplements,400
1234,2025-04-18,D16,Multivitamin Gummies,Supplements,500
1235,2025-01-03,D15,Baby Diapers,Baby Care,1200
1236,2025-06-20,D06,Hand Sanitizer,Hygiene,150
1236,2025-06-20,D07,Face Masks,Hygiene,200
1237,2025-05-16,D06,Hand Sanitizer,Hygiene,150
1237,2025-05-16,D07,Face Masks,Hygiene,200
1238,2025-04-19,D14,Baby Lotion,Baby Care,350
1238,2025-04-19,D13,Antiseptic Cream,First Aid,200
1239,2025-06-27,D15,Baby Diapers,Baby Care,1200
1239,2025-06-27,D13,Antiseptic Cream,First Aid,200
1239,2025-06-27,D06,Hand Sanitizer,Hygiene,150
1239,2025-06-27,D01,Paracetamol,Pain Relief,100
1240,2025-06-16,D14,Baby Lotion,Baby Care,350
1240,2025-06-16,D15,Baby Diapers,Baby Care,1200
1241,2025-05-30,D10,Reading Glasses,Vision,600
1241,2025-05-30,D17,Reading Puzzle Book,Stationery/Leisure,300
1242,2025-06-29,D06,Hand Sanitizer,Hygiene,150
1242,2025-06-29,D07,Face Masks,Hygiene,200
1243,2025-06-30,D12,Bandages,First Aid,150
1243,2025-06-30,D13,Antiseptic Cream,First Aid,200
1244,2025-04-14,D02,Ibuprofen,Pain Relief,150
1244,2025-04-14,D13,Antiseptic Cream,First Aid,200
1245,2025-02-06,D03,Cold & Flu Syrup,Cold Remedy,350
1245,2025-02-06,D04,Tissues,Cold Remedy,100
1245,2025-02-06,D05,Vitamin C Tablets,Supplements,400
1246,2025-01-09,D11,Eye Drops,Vision,250
1246,2025-01-09,D09,Aloe Vera Gel,Skincare,350
1246,2025-01-09,D03,Cold & Flu Syrup,Cold Remedy,350
1247,2025-02-17,D12,Bandages,First Aid,150
1247,2025-02-17,D13,Antiseptic Cream,First Aid,200
1248,2025-02-11,D16,Multivitamin Gummies,Supplements,500
1248,2025-02-11,D06,Hand Sanitizer,Hygiene,150
1249,2025-04-03,D12,Bandages,First Aid,150
1249,2025-04-03,D13,Antiseptic Cream,First Aid,200
1249,2025-04-03,D08,Sunscreen SPF50,Skincare,800
1250,2025-04-06,D14,Baby Lotion,Baby Care,350
1250,2025-04-06,D15,Baby Diapers,Baby Care,1200
1251,2025-04-21,D13,Antiseptic Cream,First Aid,200
1252,2025-04-15,D12,Bandages,First Aid,150
1252,2025-04-15,D13,Antiseptic Cream,First Aid,200
1253,2025-02-20,D10,Reading Glasses,Vision,600
1253,2025-02-20,D17,Reading Puzzle Book,Stationery/Leisure,300
1253,2025-02-20,D11,Eye Drops,Vision,250
1254,2025-03-13,D12,Bandages,First Aid,150
1254,2025-03-13,D13,Antiseptic Cream,First Aid,200
1255,2025-05-11,D08,Sunscreen SPF50,Skincare,800
1255,2025-05-11,D02,Ibuprofen,Pain Relief,150
1255,2025-05-11,D04,Tissues,Cold Remedy,100
1255,2025-05-11,D14,Baby Lotion,Baby Care,350
1256,2025-05-09,D03,Cold & Flu Syrup,Cold Remedy,350
1256,2025-05-09,D04,Tissues,Cold Remedy,100
1257,2025-05-01,D15,Baby Diapers,Baby Care,1200
1257,2025-05-01,D05,Vitamin C Tablets,Supplements,400
1257,2025-05-01,D02,Ibuprofen,Pain Relief,150
1257,2025-05-01,D11,Eye Drops,Vision,250
1258,2025-05-04,D14,Baby Lotion,Baby Care,350
1258,2025-05-04,D07,Face Masks,Hygiene,200
1259,2025-01-01,D05,Vitamin C Tablets,Supplements,400
1259,2025-01-01,D16,Multivitamin Gummies,Supplements,500
1260,2025-06-02,D12,Bandages,First Aid,150
1260,2025-06-02,D13,Antiseptic Cream,First Aid,200
1261,2025-04-30,D08,Sunscreen SPF50,Skincare,800
1261,2025-04-30,D09,Aloe Vera Gel,Skincare,350
1262,2025-01-12,D09,Aloe Vera Gel,Skincare,350
1262,2025-01-12,D12,Bandages,First Aid,150
1262,2025-01-12,D08,Sunscreen SPF50,Skincare,800
1262,2025-01-12,D05,Vitamin C Tablets,Supplements,400
1263,2025-05-13,D07,Face Masks,Hygiene,200
1263,2025-05-13,D17,Reading Puzzle Book,Stationery/Leisure,300
1264,2025-05-31,D05,Vitamin C Tablets,Supplements,400
1264,2025-05-31,D17,Reading Puzzle Book,Stationery/Leisure,300
1264,2025-05-31,D06,Hand Sanitizer,Hygiene,150
1265,2025-02-04,D01,Paracetamol,Pain Relief,100
1266,2025-03-26,D05,Vitamin C Tablets,Supplements,400
1266,2025-03-26,D16,Multivitamin Gummies,Supplements,500
1266,2025-03-26,D02,Ibuprofen,Pain Relief,150
1267,2025-04-12,D06,Hand Sanitizer,Hygiene,150
1268,2025-01-01,D03,Cold & Flu Syrup,Cold Remedy,350
1268,2025-01-01,D04,Tissues,Cold Remedy,100
1268,2025-01-01,D05,Vitamin C Tablets,Supplements,400
1269,2025-05-27,D03,Cold & Flu Syrup,Cold Remedy,350
1269,2025-05-27,D04,Tissues,Cold Remedy,100
1269,2025-05-27,D05,Vitamin C Tablets,Supplements,400
1269,2025-05-27,D02,Ibuprofen,Pain Relief,150
1270,2025-06-10,D08,Sunscreen SPF50,Skincare,800
1270,2025-06-10,D09,Aloe Vera Gel,Skincare,350
1271,2025-01-17,D02,Ibuprofen,Pain Relief,150
1272,2025-02-21,D08,Sunscreen SPF50,Skincare,800
1272,2025-02-21,D09,Aloe Vera Gel,Skincare,350
1273,2025-05-18,D06,Hand Sanitizer,Hygiene,150
1273,2025-05-18,D07,Face Masks,Hygiene,200
1274,2025-01-03,D12,Bandages,First Aid,150
1274,2025-01-03,D13,Antiseptic Cream,First Aid,200
1275,2025-06-10,D05,Vitamin C Tablets,Supplements,400
1275,2025-06-10,D12,Bandages,First Aid,150
1276,2025-03-16,D07,Face Masks,Hygiene,200
1276,2025-03-16,D05,Vitamin C Tablets,Supplements,400
1276,2025-03-16,D17,Reading Puzzle Book,Stationery/Leisure,300
1276,2025-03-16,D08,Sunscreen SPF50,Skincare,800
1277,2025-01-09,D04,Tissues,Cold Remedy,100
1278,2025-05-24,D12,Bandages,First Aid,150
1279,2025-03-05,D12,Bandages,First Aid,150
1279,2025-03-05,D13,Antiseptic Cream,First Aid,200
1280,2025-03-29,D04,Tissues,Cold Remedy,100
1281,2025-01-15,D10,Reading Glasses,Vision,600
1281,2025-01-15,D07,Face Masks,Hygiene,200
1282,2025-01-06,D14,Baby Lotion,Baby Care,350
1282,2025-01-06,D15,Baby Diapers,Baby Care,1200
1283,2025-03-28,D12,Bandages,First Aid,150
1283,2025-03-28,D13,Antiseptic Cream,First Aid,200
1284,2025-01-27,D05,Vitamin C Tablets,Supplements,400
1284,2025-01-27,D16,Multivitamin Gummies,Supplements,500
1285,2025-05-17,D16,Multivitamin Gummies,Supplements,500
1286,2025-05-24,D03,Cold & Flu Syrup,Cold Remedy,350
1286,2025-05-24,D04,Tissues,Cold Remedy,100
1286,2025-05-24,D05,Vitamin C Tablets,Supplements,400
1287,2025-01-10,D03,Cold & Flu Syrup,Cold Remedy,350
1287,2025-01-10,D04,Tissues,Cold Remedy,100
1288,2025-06-27,D08,Sunscreen SPF50,Skincare,800
1288,2025-06-27,D09,Aloe Vera Gel,Skincare,350
1289,2025-01-16,D12,Bandages,First Aid,150
1289,2025-01-16,D13,Antiseptic Cream,First Aid,200
1290,2025-03-15,D08,Sunscreen SPF50,Skincare,800
1290,2025-03-15,D09,Aloe Vera Gel,Skincare,350
1291,2025-04-29,D09,Aloe Vera Gel,Skincare,350
1292,2025-04-15,D09,Aloe Vera Gel,Skincare,350
1293,2025-03-03,D14,Baby Lotion,Baby Care,350
1293,2025-03-03,D15,Baby Diapers,Baby Care,1200
1294,2025-04-27,D08,Sunscreen SPF50,Skincare,800
1294,2025-04-27,D09,Aloe Vera Gel,Skincare,350
1295,2025-03-13,D01,Paracetamol,Pain Relief,100
1295,2025-03-13,D15,Baby Diapers,Baby Care,1200
1295,2025-03-13,D04,Tissues,Cold Remedy,100
1295,2025-03-13,D17,Reading Puzzle Book,Stationery/Leisure,300
1296,2025-03-29,D03,Cold & Flu Syrup,Cold Remedy,350
1296,2025-03-29,D04,Tissues,Cold Remedy,100
1297,2025-03-09,D06,Hand Sanitizer,Hygiene,150
1297,2025-03-09,D07,Face Masks,Hygiene,200
1298,2025-05-04,D08,Sunscreen SPF50,Skincare,800
1298,2025-05-04,D09,Aloe Vera Gel,Skincare,350
1299,2025-04-05,D12,Bandages,First Aid,150
1299,2025-04-05,D13,Antiseptic Cream,First Aid,200
1300,2025-06-30,D07,Face Masks,Hygiene,200
1300,2025-06-30,D04,Tissues,Cold Remedy,100
1301,2025-01-21,D05,Vitamin C Tablets,Supplements,400
1301,2025-01-21,D16,Multivitamin Gummies,Supplements,500
1301,2025-01-21,D15,Baby Diapers,Baby Care,1200
1302,2025-04-03,D09,Aloe Vera Gel,Skincare,350
1302,2025-04-03,D11,Eye Drops,Vision,250
1302,2025-04-03,D16,Multivitamin Gummies,Supplements,500
1303,2025-01-31,D03,Cold & Flu Syrup,Cold Remedy,350
1303,2025-01-31,D04,Tissues,Cold Remedy,100
1303,2025-01-31,D05,Vitamin C Tablets,Supplements,400
1304,2025-04-01,D05,Vitamin C Tablets,Supplements,400
1304,2025-04-01,D16,Multivitamin Gummies,Supplements,500
1304,2025-04-01,D12,Bandages,First Aid,150
1305,2025-02-28,D12,Bandages,First Aid,150
1305,2025-02-28,D13,Antiseptic Cream,First Aid,200
1306,2025-02-22,D14,Baby Lotion,Baby Care,350
1306,2025-02-22,D15,Baby Diapers,Baby Care,1200
1307,2025-03-20,D12,Bandages,First Aid,150
1307,2025-03-20,D16,Multivitamin Gummies,Supplements,500
1308,2025-06-12,D14,Baby Lotion,Baby Care,350
1308,2025-06-12,D15,Baby Diapers,Baby Care,1200
1309,2025-03-05,D03,Cold & Flu Syrup,Cold Remedy,350
1309,2025-03-05,D04,Tissues,Cold Remedy,100
1310,2025-02-07,D03,Cold & Flu Syrup,Cold Remedy,350
1310,2025-02-07,D04,Tissues,Cold Remedy,100
1310,2025-02-07,D05,Vitamin C Tablets,Supplements,400
1311,2025-02-04,D12,Bandages,First Aid,150
1311,2025-02-04,D13,Antiseptic Cream,First Aid,200
1312,2025-04-14,D16,Multivitamin Gummies,Supplements,500
1313,2025-04-20,D07,Face Masks,Hygiene,200
1314,2025-04-12,D02,Ibuprofen,Pain Relief,150
1315,2025-06-21,D13,Antiseptic Cream,First Aid,200
1315,2025-06-21,D06,Hand Sanitizer,Hygiene,150
1315,2025-06-21,D15,Baby Diapers,Baby Care,1200
1315,2025-06-21,D01,Paracetamol,Pain Relief,100
1316,2025-03-01,D03,Cold & Flu Syrup,Cold Remedy,350
1316,2025-03-01,D04,Tissues,Cold Remedy,100
1317,2025-06-17,D08,Sunscreen SPF50,Skincare,800
1317,2025-06-17,D09,Aloe Vera Gel,Skincare,350
1318,2025-03-15,D04,Tissues,Cold Remedy,100
1318,2025-03-15,D16,Multivitamin Gummies,Supplements,500
1319,2025-02-20,D03,Cold & Flu Syrup,Cold Remedy,350
1319,2025-02-20,D05,Vitamin C Tablets,Supplements,400
1319,2025-02-20,D17,Reading Puzzle Book,Stationery/Leisure,300
1319,2025-02-20,D10,Reading Glasses,Vision,600
1320,2025-04-04,D12,Bandages,First Aid,150
1320,2025-04-04,D13,Antiseptic Cream,First Aid,200
1321,2025-05-28,D12,Bandages,First Aid,150
1321,2025-05-28,D13,Antiseptic Cream,First Aid,200
1322,2025-06-15,D10,Reading Glasses,Vision,600
1322,2025-06-15,D17,Reading Puzzle Book,Stationery/Leisure,300
1322,2025-06-15,D11,Eye Drops,Vision,250
1323,2025-02-17,D12,Bandages,First Aid,150
1323,2025-02-17,D13,Antiseptic Cream,First Aid,200
1323,2025-02-17,D03,Cold & Flu Syrup,Cold Remedy,350
1324,2025-06-06,D06,Hand Sanitizer,Hygiene,150
1324,2025-06-06,D07,Face Masks,Hygiene,200
1324,2025-06-06,D02,Ibuprofen,Pain Relief,150
1325,2025-01-09,D07,Face Masks,Hygiene,200
1326,2025-05-17,D03,Cold & Flu Syrup,Cold Remedy,350
1326,2025-05-17,D04,Tissues,Cold Remedy,100
1327,2025-01-07,D16,Multivitamin Gummies,Supplements,500
1327,2025-01-07,D05,Vitamin C Tablets,Supplements,400
1328,2025-02-17,D14,Baby Lotion,Baby Care,350
1328,2025-02-17,D15,Baby Diapers,Baby Care,1200
1329,2025-03-15,D10,Reading Glasses,Vision,600
1329,2025-03-15,D17,Reading Puzzle Book,Stationery/Leisure,300
1330,2025-04-07,D05,Vitamin C Tablets,Supplements,400
1330,2025-04-07,D16,Multivitamin Gummies,Supplements,500
1331,2025-03-29,D02,Ibuprofen,Pain Relief,150
1332,2025-06-13,D14,Baby Lotion,Baby Care,350
1332,2025-06-13,D15,Baby Diapers,Baby Care,1200
1332,2025-06-13,D17,Reading Puzzle Book,Stationery/Leisure,300
1333,2025-02-26,D17,Reading Puzzle Book,Stationery/Leisure,300
1334,2025-04-06,D03,Cold & Flu Syrup,Cold Remedy,350
1334,2025-04-06,D04,Tissues,Cold Remedy,100
1335,2025-04-19,D01,Paracetamol,Pain Relief,100
1335,2025-04-19,D16,Multivitamin Gummies,Supplements,500
1335,2025-04-19,D07,Face Masks,Hygiene,200
1336,2025-05-05,D10,Reading Glasses,Vision,600
1336,2025-05-05,D17,Reading Puzzle Book,Stationery/Leisure,300
1336,2025-05-05,D11,Eye Drops,Vision,250
1337,2025-06-05,D17,Reading Puzzle Book,Stationery/Leisure,300
1337,2025-06-05,D08,Sunscreen SPF50,Skincare,800
1337,2025-06-05,D01,Paracetamol,Pain Relief,100
1337,2025-06-05,D04,Tissues,Cold Remedy,100
1338,2025-03-17,D08,Sunscreen SPF50,Skincare,800
1338,2025-03-17,D09,Aloe Vera Gel,Skincare,350
1339,2025-01-15,D14,Baby Lotion,Baby Care,350
1339,2025-01-15,D03,Cold & Flu Syrup,Cold Remedy,350
1339,2025-01-15,D12,Bandages,First Aid,150
1340,2025-01-22,D08,Sunscreen SPF50,Skincare,800
1340,2025-01-22,D09,Aloe Vera Gel,Skincare,350
1341,2025-01-06,D15,Baby Diapers,Baby Care,1200
1341,2025-01-06,D03,Cold & Flu Syrup,Cold Remedy,350
1342,2025-04-07,D08,Sunscreen SPF50,Skincare,800
1342,2025-04-07,D09,Aloe Vera Gel,Skincare,350
1343,2025-01-23,D10,Reading Glasses,Vision,600
1343,2025-01-23,D07,Face Masks,Hygiene,200
1344,2025-04-01,D06,Hand Sanitizer,Hygiene,150
1344,2025-04-01,D07,Face Masks,Hygiene,200
1345,2025-06-12,D05,Vitamin C Tablets,Supplements,400
1345,2025-06-12,D16,Multivitamin Gummies,Supplements,500
1346,2025-03-08,D14,Baby Lotion,Baby Care,350
1346,2025-03-08,D15,Baby Diapers,Baby Care,1200
1347,2025-06-23,D14,Baby Lotion,Baby Care,350
1347,2025-06-23,D15,Baby Diapers,Baby Care,1200
1348,2025-05-12,D03,Cold & Flu Syrup,Cold Remedy,350
1348,2025-05-12,D04,Tissues,Cold Remedy,100
1348,2025-05-12,D09,Aloe Vera Gel,Skincare,350
1349,2025-06-25,D14,Baby Lotion,Baby Care,350
1349,2025-06-25,D01,Paracetamol,Pain Relief,100
1349,2025-06-25,D12,Bandages,First Aid,150
1350,2025-05-03,D11,Eye Drops,Vision,250
1350,2025-05-03,D04,Tissues,Cold Remedy,100
1350,2025-05-03,D05,Vitamin C Tablets,Supplements,400
1350,2025-05-03,D12,Bandages,First Aid,150
1351,2025-04-02,D11,Eye Drops,Vision,250
1351,2025-04-02,D16,Multivitamin Gummies,Supplements,500
1351,2025-04-02,D03,Cold & Flu Syrup,Cold Remedy,350
1351,2025-04-02,D10,Reading Glasses,Vision,600
1352,2025-05-04,D08,Sunscreen SPF50,Skincare,800
1352,2025-05-04,D09,Aloe Vera Gel,Skincare,350
1353,2025-03-12,D14,Baby Lotion,Baby Care,350
1353,2025-03-12,D17,Reading Puzzle Book,Stationery/Leisure,300
1353,2025-03-12,D02,Ibuprofen,Pain Relief,150
1354,2025-05-15,D14,Baby Lotion,Baby Care,350
1354,2025-05-15,D15,Baby Diapers,Baby Care,1200
1355,2025-06-30,D03,Cold & Flu Syrup,Cold Remedy,350
1355,2025-06-30,D04,Tissues,Cold Remedy,100
1356,2025-03-24,D08,Sunscreen SPF50,Skincare,800
1357,2025-02-23,D05,Vitamin C Tablets,Supplements,400
1357,2025-02-23,D16,Multivitamin Gummies,Supplements,500
1358,2025-01-07,D11,Eye Drops,Vision,250
1358,2025-01-07,D13,Antiseptic Cream,First Aid,200
1359,2025-03-28,D08,Sunscreen SPF50,Skincare,800
1359,2025-03-28,D07,Face Masks,Hygiene,200
1359,2025-03-28,D01,Paracetamol,Pain Relief,100
1359,2025-03-28,D06,Hand Sanitizer,Hygiene,150
1360,2025-06-14,D12,Bandages,First Aid,150
1360,2025-06-14,D13,Antiseptic Cream,First Aid,200
1361,2025-04-12,D06,Hand Sanitizer,Hygiene,150
1361,2025-04-12,D07,Face Masks,Hygiene,200
1362,2025-04-29,D01,Paracetamol,Pain Relief,100
1363,2025-04-13,D01,Paracetamol,Pain Relief,100
1364,2025-04-02,D17,Reading Puzzle Book,Stationery/Leisure,300
1364,2025-04-02,D02,Ibuprofen,Pain Relief,150
1364,2025-04-02,D04,Tissues,Cold Remedy,100
1364,2025-04-02,D01,Paracetamol,Pain Relief,100
1365,2025-01-31,D10,Reading Glasses,Vision,600
1365,2025-01-31,D16,Multivitamin Gummies,Supplements,500
1365,2025-01-31,D02,Ibuprofen,Pain Relief,150
1366,2025-03-10,D08,Sunscreen SPF50,Skincare,800
1367,2025-01-08,D14,Baby Lotion,Baby Care,350
1367,2025-01-08,D15,Baby Diapers,Baby Care,1200
1368,2025-04-17,D16,Multivitamin Gummies,Supplements,500
1368,2025-04-17,D14,Baby Lotion,Baby Care,350
1369,2025-05-13,D08,Sunscreen SPF50,Skincare,800
1369,2025-05-13,D07,Face Masks,Hygiene,200
1369,2025-05-13,D15,Baby Diapers,Baby Care,1200
1370,2025-03-13,D14,Baby Lotion,Baby Care,350
1370,2025-03-13,D15,Baby Diapers,Baby Care,1200
1371,2025-06-16,D08,Sunscreen SPF50,Skincare,800
1371,2025-06-16,D09,Aloe Vera Gel,Skincare,350
1372,2025-04-25,D08,Sunscreen SPF50,Skincare,800
1373,2025-03-21,D16,Multivitamin Gummies,Supplements,500
1373,2025-03-21,D09,Aloe Vera Gel,Skincare,350
1373,2025-03-21,D01,Paracetamol,Pain Relief,100
1374,2025-02-16,D03,Cold & Flu Syrup,Cold Remedy,350
1374,2025-02-16,D04,Tissues,Cold Remedy,100
1375,2025-06-13,D03,Cold & Flu Syrup,Cold Remedy,350
1375,2025-06-13,D04,Tissues,Cold Remedy,100
1376,2025-01-09,D02,Ibuprofen,Pain Relief,150
1377,2025-02-04,D06,Hand Sanitizer,Hygiene,150
1377,2025-02-04,D07,Face Masks,Hygiene,200
1378,2025-01-15,D10,Reading Glasses,Vision,600
1378,2025-01-15,D17,Reading Puzzle Book,Stationery/Leisure,300
1379,2025-03-24,D06,Hand Sanitizer,Hygiene,150
1379,2025-03-24,D07,Face Masks,Hygiene,200
1380,2025-04-15,D05,Vitamin C Tablets,Supplements,400
1380,2025-04-15,D16,Multivitamin Gummies,Supplements,500
1380,2025-04-15,D06,Hand Sanitizer,Hygiene,150
1381,2025-05-05,D08,Sunscreen SPF50,Skincare,800
1381,2025-05-05,D09,Aloe Vera Gel,Skincare,350
1382,2025-02-19,D08,Sunscreen SPF50,Skincare,800
1382,2025-02-19,D09,Aloe Vera Gel,Skincare,350
1383,2025-06-15,D06,Hand Sanitizer,Hygiene,150
1383,2025-06-15,D07,Face Masks,Hygiene,200
1383,2025-06-15,D13,Antiseptic Cream,First Aid,200
1384,2025-02-12,D05,Vitamin C Tablets,Supplements,400
1384,2025-02-12,D16,Multivitamin Gummies,Supplements,500
1385,2025-04-03,D06,Hand Sanitizer,Hygiene,150
1385,2025-04-03,D13,Antiseptic Cream,First Aid,200
1386,2025-05-11,D06,Hand Sanitizer,Hygiene,150
1386,2025-05-11,D11,Eye Drops,Vision,250
1386,2025-05-11,D05,Vitamin C Tablets,Supplements,400
1387,2025-03-28,D08,Sunscreen SPF50,Skincare,800
1387,2025-03-28,D09,Aloe Vera Gel,Skincare,350
1388,2025-05-22,D05,Vitamin C Tablets,Supplements,400
1388,2025-05-22,D16,Multivitamin Gummies,Supplements,500
1389,2025-06-18,D08,Sunscreen SPF50,Skincare,800
1389,2025-06-18,D09,Aloe Vera Gel,Skincare,350
1390,2025-06-11,D08,Sunscreen SPF50,Skincare,800
1390,2025-06-11,D09,Aloe Vera Gel,Skincare,350
1391,2025-01-18,D08,Sunscreen SPF50,Skincare,800
1391,2025-01-18,D09,Aloe Vera Gel,Skincare,350
1392,2025-04-29,D10,Reading Glasses,Vision,600
1393,2025-01-27,D12,Bandages,First Aid,150
1394,2025-04-25,D16,Multivitamin Gummies,Supplements,500
1394,2025-04-25,D12,Bandages,First Aid,150
1395,2025-05-20,D12,Bandages,First Aid,150
1395,2025-05-20,D13,Antiseptic Cream,First Aid,200
1396,2025-02-09,D02,Ibuprofen,Pain Relief,150
1397,2025-02-17,D06,Hand Sanitizer,Hygiene,150
1397,2025-02-17,D12,Bandages,First Aid,150
1397,2025-02-17,D08,Sunscreen SPF50,Skincare,800
1397,2025-02-17,D04,Tissues,Cold Remedy,100
1398,2025-03-26,D03,Cold & Flu Syrup,Cold Remedy,350
1398,2025-03-26,D09,Aloe Vera Gel,Skincare,350
1398,2025-03-26,D07,Face Masks,Hygiene,200
1399,2025-05-31,D03,Cold & Flu Syrup,Cold Remedy,350
1399,2025-05-31,D04,Tissues,Cold Remedy,100
1400,2025-03-20,D14,Baby Lotion,Baby Care,350
1400,2025-03-20,D15,Baby Diapers,Baby Care,1200
1401,2025-04-19,D05,Vitamin C Tablets,Supplements,400
1401,2025-04-19,D17,Reading Puzzle Book,Stationery/Leisure,300
1401,2025-04-19,D04,Tissues,Cold Remedy,100
1402,2025-02-02,D08,Sunscreen SPF50,Skincare,800
1402,2025-02-02,D09,Aloe Vera Gel,Skincare,350
1403,2025-03-25,D14,Baby Lotion,Baby Care,350
1404,2025-03-14,D06,Hand Sanitizer,Hygiene,150
1404,2025-03-14,D07,Face Masks,Hygiene,200
1405,2025-05-02,D12,Bandages,First Aid,150
1405,2025-05-02,D13,Antiseptic Cream,First Aid,200
1406,2025-06-07,D16,Multivitamin Gummies,Supplements,500
1406,2025-06-07,D17,Reading Puzzle Book,Stationery/Leisure,300
1407,2025-06-01,D13,Antiseptic Cream,First Aid,200
1407,2025-06-01,D01,Paracetamol,Pain Relief,100
1408,2025-03-25,D14,Baby Lotion,Baby Care,350
1408,2025-03-25,D15,Baby Diapers,Baby Care,1200
1409,2025-01-18,D06,Hand Sanitizer,Hygiene,150
1409,2025-01-18,D07,Face Masks,Hygiene,200
1410,2025-01-04,D06,Hand Sanitizer,Hygiene,150
1410,2025-01-04,D07,Face Masks,Hygiene,200
1411,2025-04-04,D03,Cold & Flu Syrup,Cold Remedy,350
1412,2025-06-30,D12,Bandages,First Aid,150
1412,2025-06-30,D17,Reading Puzzle Book,Stationery/Leisure,300
1412,2025-06-30,D11,Eye Drops,Vision,250
1413,2025-03-23,D10,Reading Glasses,Vision,600
1413,2025-03-23,D17,Reading Puzzle Book,Stationery/Leisure,300
1413,2025-03-23,D02,Ibuprofen,Pain Relief,150
1414,2025-01-19,D09,Aloe Vera Gel,Skincare,350
1414,2025-01-19,D17,Reading Puzzle Book,Stationery/Leisure,300
1415,2025-05-28,D03,Cold & Flu Syrup,Cold Remedy,350
1415,2025-05-28,D04,Tissues,Cold Remedy,100
1415,2025-05-28,D05,Vitamin C Tablets,Supplements,400
1416,2025-06-03,D14,Baby Lotion,Baby Care,350
1416,2025-06-03,D13,Antiseptic Cream,First Aid,200
1416,2025-06-03,D01,Paracetamol,Pain Relief,100
1416,2025-06-03,D05,Vitamin C Tablets,Supplements,400
1417,2025-06-24,D06,Hand Sanitizer,Hygiene,150
1417,2025-06-24,D04,Tissues,Cold Remedy,100
1417,2025-06-24,D02,Ibuprofen,Pain Relief,150
1418,2025-01-17,D06,Hand Sanitizer,Hygiene,150
1418,2025-01-17,D01,Paracetamol,Pain Relief,100
1419,2025-05-23,D08,Sunscreen SPF50,Skincare,800
1419,2025-05-23,D09,Aloe Vera Gel,Skincare,350
1420,2025-03-19,D12,Bandages,First Aid,150
1420,2025-03-19,D13,Antiseptic Cream,First Aid,200
1421,2025-04-27,D06,Hand Sanitizer,Hygiene,150
1421,2025-04-27,D07,Face Masks,Hygiene,200
1422,2025-01-26,D06,Hand Sanitizer,Hygiene,150
1423,2025-04-06,D03,Cold & Flu Syrup,Cold Remedy,350
1423,2025-04-06,D04,Tissues,Cold Remedy,100
1423,2025-04-06,D05,Vitamin C Tablets,Supplements,400
1424,2025-03-09,D08,Sunscreen SPF50,Skincare,800
1424,2025-03-09,D09,Aloe Vera Gel,Skincare,350
1425,2025-06-01,D07,Face Masks,Hygiene,200
1425,2025-06-01,D01,Paracetamol,Pain Relief,100
1425,2025-06-01,D12,Bandages,First Aid,150
1425,2025-06-01,D08,Sunscreen SPF50,Skincare,800
1426,2025-04-21,D12,Bandages,First Aid,150
1426,2025-04-21,D13,Antiseptic Cream,First Aid,200
1427,2025-05-31,D08,Sunscreen SPF50,Skincare,800
1427,2025-05-31,D09,Aloe Vera Gel,Skincare,350
1427,2025-05-31,D14,Baby Lotion,Baby Care,350
1428,2025-03-18,D05,Vitamin C Tablets,Supplements,400
1428,2025-03-18,D09,Aloe Vera Gel,Skincare,350
1428,2025-03-18,D03,Cold & Flu Syrup,Cold Remedy,350
1428,2025-03-18,D11,Eye Drops,Vision,250
1429,2025-01-10,D08,Sunscreen SPF50,Skincare,800
1429,2025-01-10,D09,Aloe Vera Gel,Skincare,350
1430,2025-04-26,D07,Face Masks,Hygiene,200
1430,2025-04-26,D16,Multivitamin Gummies,Supplements,500
1430,2025-04-26,D13,Antiseptic Cream,First Aid,200
1431,2025-03-14,D04,Tissues,Cold Remedy,100
1432,2025-02-15,D03,Cold & Flu Syrup,Cold Remedy,350
1433,2025-04-15,D01,Paracetamol,Pain Relief,100
1433,2025-04-15,D05,Vitamin C Tablets,Supplements,400
1433,2025-04-15,D09,Aloe Vera Gel,Skincare,350
1434,2025-01-17,D05,Vitamin C Tablets,Supplements,400
1434,2025-01-17,D02,Ibuprofen,Pain Relief,150
1435,2025-02-07,D05,Vitamin C Tablets,Supplements,400
1436,2025-05-05,D12,Bandages,First Aid,150
1436,2025-05-05,D13,Antiseptic Cream,First Aid,200
1437,2025-05-17,D03,Cold & Flu Syrup,Cold Remedy,350
1437,2025-05-17,D04,Tissues,Cold Remedy,100
1438,2025-03-28,D09,Aloe Vera Gel,Skincare,350
1438,2025-03-28,D06,Hand Sanitizer,Hygiene,150
1439,2025-02-16,D12,Bandages,First Aid,150
1439,2025-02-16,D13,Antiseptic Cream,First Aid,200
1439,2025-02-16,D10,Reading Glasses,Vision,600
1440,2025-05-28,D03,Cold & Flu Syrup,Cold Remedy,350
1440,2025-05-28,D04,Tissues,Cold Remedy,100
1440,2025-05-28,D05,Vitamin C Tablets,Supplements,400
1441,2025-05-13,D06,Hand Sanitizer,Hygiene,150
1442,2025-01-20,D04,Tissues,Cold Remedy,100
1443,2025-05-14,D07,Face Masks,Hygiene,200
1444,2025-01-15,D12,Bandages,First Aid,150
1444,2025-01-15,D13,Antiseptic Cream,First Aid,200
1445,2025-03-22,D10,Reading Glasses,Vision,600
1445,2025-03-22,D17,Reading Puzzle Book,Stationery/Leisure,300
1446,2025-02-04,D12,Bandages,First Aid,150
1446,2025-02-04,D13,Antiseptic Cream,First Aid,200
1447,2025-01-12,D06,Hand Sanitizer,Hygiene,150
1447,2025-01-12,D16,Multivitamin Gummies,Supplements,500
1448,2025-05-26,D06,Hand Sanitizer,Hygiene,150
1448,2025-05-26,D04,Tissues,Cold Remedy,100
1448,2025-05-26,D07,Face Masks,Hygiene,200
1449,2025-04-12,D08,Sunscreen SPF50,Skincare,800
1449,2025-04-12,D09,Aloe Vera Gel,Skincare,350
1450,2025-02-15,D07,Face Masks,Hygiene,200
1450,2025-02-15,D09,Aloe Vera Gel,Skincare,350
1451,2025-01-13,D06,Hand Sanitizer,Hygiene,150
1451,2025-01-13,D07,Face Masks,Hygiene,200
1452,2025-04-07,D07,Face Masks,Hygiene,200
1452,2025-04-07,D04,Tissues,Cold Remedy,100
1452,2025-04-07,D12,Bandages,First Aid,150
1453,2025-06-22,D03,Cold & Flu Syrup,Cold Remedy,350
1454,2025-06-15,D12,Bandages,First Aid,150
1454,2025-06-15,D13,Antiseptic Cream,First Aid,200
1454,2025-06-15,D02,Ibuprofen,Pain Relief,150
1455,2025-05-16,D03,Cold & Flu Syrup,Cold Remedy,350
1455,2025-05-16,D04,Tissues,Cold Remedy,100
1455,2025-05-16,D05,Vitamin C Tablets,Supplements,400
1456,2025-04-24,D06,Hand Sanitizer,Hygiene,150
1456,2025-04-24,D07,Face Masks,Hygiene,200
1457,2025-01-27,D04,Tissues,Cold Remedy,100
1457,2025-01-27,D12,Bandages,First Aid,150
1457,2025-01-27,D01,Paracetamol,Pain Relief,100
1457,2025-01-27,D08,Sunscreen SPF50,Skincare,800
1458,2025-03-16,D03,Cold & Flu Syrup,Cold Remedy,350
1458,2025-03-16,D04,Tissues,Cold Remedy,100
1459,2025-05-10,D08,Sunscreen SPF50,Skincare,800
1459,2025-05-10,D01,Paracetamol,Pain Relief,100
1459,2025-05-10,D16,Multivitamin Gummies,Supplements,500
1459,2025-05-10,D10,Reading Glasses,Vision,600
1460,2025-01-19,D12,Bandages,First Aid,150
1460,2025-01-19,D13,Antiseptic Cream,First Aid,200
1461,2025-06-05,D08,Sunscreen SPF50,Skincare,800
1461,2025-06-05,D09,Aloe Vera Gel,Skincare,350
1462,2025-01-22,D05,Vitamin C Tablets,Supplements,400
1462,2025-01-22,D16,Multivitamin Gummies,Supplements,500
1463,2025-05-21,D11,Eye Drops,Vision,250
1463,2025-05-21,D01,Paracetamol,Pain Relief,100
1464,2025-05-24,D10,Reading Glasses,Vision,600
1464,2025-05-24,D17,Reading Puzzle Book,Stationery/Leisure,300
1465,2025-01-07,D05,Vitamin C Tablets,Supplements,400
1465,2025-01-07,D16,Multivitamin Gummies,Supplements,500
1466,2025-02-27,D14,Baby Lotion,Baby Care,350
1466,2025-02-27,D08,Sunscreen SPF50,Skincare,800
1466,2025-02-27,D09,Aloe Vera Gel,Skincare,350
1467,2025-06-22,D03,Cold & Flu Syrup,Cold Remedy,350
1467,2025-06-22,D04,Tissues,Cold Remedy,100
1468,2025-06-18,D14,Baby Lotion,Baby Care,350
1468,2025-06-18,D15,Baby Diapers,Baby Care,1200
1469,2025-02-08,D12,Bandages,First Aid,150
1469,2025-02-08,D13,Antiseptic Cream,First Aid,200
1469,2025-02-08,D11,Eye Drops,Vision,250
1470,2025-01-30,D12,Bandages,First Aid,150
1470,2025-01-30,D03,Cold & Flu Syrup,Cold Remedy,350
1470,2025-01-30,D04,Tissues,Cold Remedy,100
1471,2025-05-29,D08,Sunscreen SPF50,Skincare,800
1471,2025-05-29,D09,Aloe Vera Gel,Skincare,350
1472,2025-06-22,D05,Vitamin C Tablets,Supplements,400
1473,2025-01-20,D15,Baby Diapers,Baby Care,1200
1473,2025-01-20,D12,Bandages,First Aid,150
1473,2025-01-20,D13,Antiseptic Cream,First Aid,200
1474,2025-06-12,D14,Baby Lotion,Baby Care,350
1474,2025-06-12,D15,Baby Diapers,Baby Care,1200
1475,2025-04-26,D17,Reading Puzzle Book,Stationery/Leisure,300
1476,2025-05-13,D03,Cold & Flu Syrup,Cold Remedy,350
1476,2025-05-13,D05,Vitamin C Tablets,Supplements,400
1476,2025-05-13,D12,Bandages,First Aid,150
1476,2025-05-13,D01,Paracetamol,Pain Relief,100
1477,2025-04-23,D02,Ibuprofen,Pain Relief,150
1478,2025-06-29,D06,Hand Sanitizer,Hygiene,150
1478,2025-06-29,D07,Face Masks,Hygiene,200
1479,2025-04-22,D05,Vitamin C Tablets,Supplements,400
1479,2025-04-22,D04,Tissues,Cold Remedy,100
1479,2025-04-22,D08,Sunscreen SPF50,Skincare,800
1480,2025-05-06,D04,Tissues,Cold Remedy,100
1481,2025-06-03,D07,Face Masks,Hygiene,200
1481,2025-06-03,D13,Antiseptic Cream,First Aid,200
1481,2025-06-03,D06,Hand Sanitizer,Hygiene,150
1481,2025-06-03,D09,Aloe Vera Gel,Skincare,350
1482,2025-06-07,D05,Vitamin C Tablets,Supplements,400
1482,2025-06-07,D16,Multivitamin Gummies,Supplements,500
1483,2025-01-25,D03,Cold & Flu Syrup,Cold Remedy,350
1483,2025-01-25,D04,Tissues,Cold Remedy,100
1483,2025-01-25,D05,Vitamin C Tablets,Supplements,400
1484,2025-05-03,D05,Vitamin C Tablets,Supplements,400
1484,2025-05-03,D16,Multivitamin Gummies,Supplements,500
1485,2025-05-31,D06,Hand Sanitizer,Hygiene,150
1485,2025-05-31,D07,Face Masks,Hygiene,200
1485,2025-05-31,D05,Vitamin C Tablets,Supplements,400
1486,2025-03-06,D15,Baby Diapers,Baby Care,1200
1486,2025-03-06,D01,Paracetamol,Pain Relief,100
1486,2025-03-06,D07,Face Masks,Hygiene,200
1487,2025-03-11,D02,Ibuprofen,Pain Relief,150
1487,2025-03-11,D04,Tissues,Cold Remedy,100
1487,2025-03-11,D16,Multivitamin Gummies,Supplements,500
1487,2025-03-11,D17,Reading Puzzle Book,Stationery/Leisure,300
1488,2025-03-28,D14,Baby Lotion,Baby Care,350
1488,2025-03-28,D15,Baby Diapers,Baby Care,1200
1489,2025-02-15,D03,Cold & Flu Syrup,Cold Remedy,350
1489,2025-02-15,D16,Multivitamin Gummies,Supplements,500
1489,2025-02-15,D11,Eye Drops,Vision,250
1489,2025-02-15,D02,Ibuprofen,Pain Relief,150
1490,2025-04-06,D02,Ibuprofen,Pain Relief,150
1490,2025-04-06,D06,Hand Sanitizer,Hygiene,150
1491,2025-05-09,D14,Baby Lotion,Baby Care,350
1491,2025-05-09,D15,Baby Diapers,Baby Care,1200
1492,2025-04-12,D14,Baby Lotion,Baby Care,350
1492,2025-04-12,D15,Baby Diapers,Baby Care,1200
1493,2025-01-18,D01,Paracetamol,Pain Relief,100
1493,2025-01-18,D07,Face Masks,Hygiene,200
1493,2025-01-18,D08,Sunscreen SPF50,Skincare,800
1493,2025-01-18,D02,Ibuprofen,Pain Relief,150
1494,2025-03-09,D06,Hand Sanitizer,Hygiene,150
1494,2025-03-09,D07,Face Masks,Hygiene,200
1495,2025-01-21,D14,Baby Lotion,Baby Care,350
1495,2025-01-21,D15,Baby Diapers,Baby Care,1200
1496,2025-03-20,D05,Vitamin C Tablets,Supplements,400
1496,2025-03-20,D16,Multivitamin Gummies,Supplements,500
1497,2025-01-17,D16,Multivitamin Gummies,Supplements,500
1497,2025-01-17,D12,Bandages,First Aid,150
1498,2025-02-12,D10,Reading Glasses,Vision,600
1498,2025-02-12,D17,Reading Puzzle Book,Stationery/Leisure,300
1499,2025-03-24,D05,Vitamin C Tablets,Supplements,400
1499,2025-03-24,D16,Multivitamin Gummies,Supplements,500
1500,2025-02-14,D03,Cold & Flu Syrup,Cold Remedy,350
1500,2025-02-14,D04,Tissues,Cold Remedy,100
1501,2025-03-16,D06,Hand Sanitizer,Hygiene,150
1502,2025-04-12,D06,Hand Sanitizer,Hygiene,150
1502,2025-04-12,D07,Face Masks,Hygiene,200
1503,2025-01-27,D10,Reading Glasses,Vision,600
1503,2025-01-27,D02,Ibuprofen,Pain Relief,150
1503,2025-01-27,D06,Hand Sanitizer,Hygiene,150
1504,2025-04-05,D03,Cold & Flu Syrup,Cold Remedy,350
1504,2025-04-05,D04,Tissues,Cold Remedy,100
1504,2025-04-05,D05,Vitamin C Tablets,Supplements,400
1505,2025-01-10,D14,Baby Lotion,Baby Care,350
1505,2025-01-10,D15,Baby Diapers,Baby Care,1200
1506,2025-01-20,D12,Bandages,First Aid,150
1506,2025-01-20,D13,Antiseptic Cream,First Aid,200
1507,2025-03-28,D15,Baby Diapers,Baby Care,1200
1507,2025-03-28,D03,Cold & Flu Syrup,Cold Remedy,350
1507,2025-03-28,D16,Multivitamin Gummies,Supplements,500
1507,2025-03-28,D01,Paracetamol,Pain Relief,100
1508,2025-02-07,D12,Bandages,First Aid,150
1508,2025-02-07,D03,Cold & Flu Syrup,Cold Remedy,350
1509,2025-03-10,D08,Sunscreen SPF50,Skincare,800
1509,2025-03-10,D09,Aloe Vera Gel,Skincare,350
1509,2025-03-10,D15,Baby Diapers,Baby Care,1200
1510,2025-05-29,D10,Reading Glasses,Vision,600
1510,2025-05-29,D17,Reading Puzzle Book,Stationery/Leisure,300
1510,2025-05-29,D11,Eye Drops,Vision,250
1511,2025-05-19,D07,Face Masks,Hygiene,200
1511,2025-05-19,D02,Ibuprofen,Pain Relief,150
1511,2025-05-19,D16,Multivitamin Gummies,Supplements,500
1512,2025-06-17,D05,Vitamin C Tablets,Supplements,400
1512,2025-06-17,D16,Multivitamin Gummies,Supplements,500
1513,2025-06-08,D05,Vitamin C Tablets,Supplements,400
1514,2025-01-06,D01,Paracetamol,Pain Relief,100
1515,2025-05-07,D05,Vitamin C Tablets,Supplements,400
1515,2025-05-07,D16,Multivitamin Gummies,Supplements,500
1516,2025-05-13,D14,Baby Lotion,Baby Care,350
1516,2025-05-13,D15,Baby Diapers,Baby Care,1200
1517,2025-06-23,D17,Reading Puzzle Book,Stationery/Leisure,300
1517,2025-06-23,D03,Cold & Flu Syrup,Cold Remedy,350
1517,2025-06-23,D15,Baby Diapers,Baby Care,1200
1517,2025-06-23,D07,Face Masks,Hygiene,200
1518,2025-02-18,D10,Reading Glasses,Vision,600
1518,2025-02-18,D17,Reading Puzzle Book,Stationery/Leisure,300
1519,2025-05-04,D07,Face Masks,Hygiene,200
1519,2025-05-04,D11,Eye Drops,Vision,250
1519,2025-05-04,D04,Tissues,Cold Remedy,100
1520,2025-05-27,D03,Cold & Flu Syrup,Cold Remedy,350
1520,2025-05-27,D04,Tissues,Cold Remedy,100
1520,2025-05-27,D05,Vitamin C Tablets,Supplements,400
1521,2025-06-09,D09,Aloe Vera Gel,Skincare,350
1521,2025-06-09,D16,Multivitamin Gummies,Supplements,500
1521,2025-06-09,D13,Antiseptic Cream,First Aid,200
1522,2025-03-10,D14,Baby Lotion,Baby Care,350
1522,2025-03-10,D15,Baby Diapers,Baby Care,1200
1523,2025-02-23,D05,Vitamin C Tablets,Supplements,400
1523,2025-02-23,D16,Multivitamin Gummies,Supplements,500
1524,2025-03-29,D17,Reading Puzzle Book,Stationery/Leisure,300
1525,2025-01-27,D08,Sunscreen SPF50,Skincare,800
1526,2025-02-25,D12,Bandages,First Aid,150
1526,2025-02-25,D13,Antiseptic Cream,First Aid,200
1527,2025-03-19,D10,Reading Glasses,Vision,600
1527,2025-03-19,D17,Reading Puzzle Book,Stationery/Leisure,300
1527,2025-03-19,D02,Ibuprofen,Pain Relief,150
1528,2025-02-11,D14,Baby Lotion,Baby Care,350
1528,2025-02-11,D15,Baby Diapers,Baby Care,1200
1529,2025-04-28,D09,Aloe Vera Gel,Skincare,350
1529,2025-04-28,D02,Ibuprofen,Pain Relief,150
1530,2025-06-04,D17,Reading Puzzle Book,Stationery/Leisure,300
1531,2025-02-14,D10,Reading Glasses,Vision,600
1531,2025-02-14,D17,Reading Puzzle Book,Stationery/Leisure,300
1532,2025-01-27,D16,Multivitamin Gummies,Supplements,500
1532,2025-01-27,D10,Reading Glasses,Vision,600
1532,2025-01-27,D12,Bandages,First Aid,150
1532,2025-01-27,D01,Paracetamol,Pain Relief,100
1533,2025-06-14,D11,Eye Drops,Vision,250
1534,2025-03-20,D11,Eye Drops,Vision,250
1535,2025-03-10,D06,Hand Sanitizer,Hygiene,150
1535,2025-03-10,D07,Face Masks,Hygiene,200
1536,2025-04-16,D10,Reading Glasses,Vision,600
1536,2025-04-16,D17,Reading Puzzle Book,Stationery/Leisure,300
1537,2025-04-12,D03,Cold & Flu Syrup,Cold Remedy,350
1537,2025-04-12,D04,Tissues,Cold Remedy,100
1538,2025-05-17,D14,Baby Lotion,Baby Care,350
1538,2025-05-17,D15,Baby Diapers,Baby Care,1200
1538,2025-05-17,D16,Multivitamin Gummies,Supplements,500
1539,2025-06-23,D10,Reading Glasses,Vision,600
1539,2025-06-23,D17,Reading Puzzle Book,Stationery/Leisure,300
1540,2025-01-10,D11,Eye Drops,Vision,250
1540,2025-01-10,D09,Aloe Vera Gel,Skincare,350
1540,2025-01-10,D14,Baby Lotion,Baby Care,350
1541,2025-02-07,D05,Vitamin C Tablets,Supplements,400
1541,2025-02-07,D07,Face Masks,Hygiene,200
1541,2025-02-07,D17,Reading Puzzle Book,Stationery/Leisure,300
1541,2025-02-07,D13,Antiseptic Cream,First Aid,200
1542,2025-01-18,D14,Baby Lotion,Baby Care,350
1543,2025-02-28,D02,Ibuprofen,Pain Relief,150
1544,2025-06-28,D17,Reading Puzzle Book,Stationery/Leisure,300
1545,2025-04-02,D16,Multivitamin Gummies,Supplements,500
1545,2025-04-02,D15,Baby Diapers,Baby Care,1200
1546,2025-05-25,D05,Vitamin C Tablets,Supplements,400
1546,2025-05-25,D02,Ibuprofen,Pain Relief,150
1546,2025-05-25,D01,Paracetamol,Pain Relief,100
1546,2025-05-25,D07,Face Masks,Hygiene,200
1547,2025-03-19,D14,Baby Lotion,Baby Care,350
1547,2025-03-19,D15,Baby Diapers,Baby Care,1200
1548,2025-04-28,D14,Baby Lotion,Baby Care,350
1548,2025-04-28,D15,Baby Diapers,Baby Care,1200
1549,2025-05-30,D16,Multivitamin Gummies,Supplements,500
1549,2025-05-30,D17,Reading Puzzle Book,Stationery/Leisure,300
1549,2025-05-30,D15,Baby Diapers,Baby Care,1200
1549,2025-05-30,D06,Hand Sanitizer,Hygiene,150
1550,2025-03-09,D15,Baby Diapers,Baby Care,1200
1550,2025-03-09,D08,Sunscreen SPF50,Skincare,800
1551,2025-06-24,D06,Hand Sanitizer,Hygiene,150
1551,2025-06-24,D07,Face Masks,Hygiene,200
1552,2025-04-26,D12,Bandages,First Aid,150
1552,2025-04-26,D13,Antiseptic Cream,First Aid,200
1553,2025-01-29,D13,Antiseptic Cream,First Aid,200
1553,2025-01-29,D09,Aloe Vera Gel,Skincare,350
1554,2025-01-04,D14,Baby Lotion,Baby Care,350
1554,2025-01-04,D15,Baby Diapers,Baby Care,1200
1555,2025-05-26,D13,Antiseptic Cream,First Aid,200
1556,2025-06-25,D15,Baby Diapers,Baby Care,1200
1557,2025-02-12,D03,Cold & Flu Syrup,Cold Remedy,350
1557,2025-02-12,D17,Reading Puzzle Book,Stationery/Leisure,300
1558,2025-06-13,D08,Sunscreen SPF50,Skincare,800
1558,2025-06-13,D09,Aloe Vera Gel,Skincare,350
1559,2025-04-16,D04,Tissues,Cold Remedy,100
1559,2025-04-16,D01,Paracetamol,Pain Relief,100
1559,2025-04-16,D17,Reading Puzzle Book,Stationery/Leisure,300
1560,2025-02-02,D08,Sunscreen SPF50,Skincare,800
1561,2025-03-16,D10,Reading Glasses,Vision,600
1561,2025-03-16,D17,Reading Puzzle Book,Stationery/Leisure,300
1562,2025-01-25,D01,Paracetamol,Pain Relief,100
1563,2025-05-14,D14,Baby Lotion,Baby Care,350
1563,2025-05-14,D10,Reading Glasses,Vision,600
1564,2025-05-03,D12,Bandages,First Aid,150
1564,2025-05-03,D01,Paracetamol,Pain Relief,100
1564,2025-05-03,D02,Ibuprofen,Pain Relief,150
1564,2025-05-03,D13,Antiseptic Cream,First Aid,200
1565,2025-02-05,D08,Sunscreen SPF50,Skincare,800
1565,2025-02-05,D09,Aloe Vera Gel,Skincare,350
1566,2025-03-15,D17,Reading Puzzle Book,Stationery/Leisure,300
1567,2025-02-05,D03,Cold & Flu Syrup,Cold Remedy,350
1567,2025-02-05,D04,Tissues,Cold Remedy,100
1567,2025-02-05,D05,Vitamin C Tablets,Supplements,400
1568,2025-02-09,D08,Sunscreen SPF50,Skincare,800
1568,2025-02-09,D09,Aloe Vera Gel,Skincare,350
1569,2025-03-22,D06,Hand Sanitizer,Hygiene,150
1570,2025-03-07,D13,Antiseptic Cream,First Aid,200
1570,2025-03-07,D02,Ibuprofen,Pain Relief,150
1571,2025-02-25,D14,Baby Lotion,Baby Care,350
1571,2025-02-25,D15,Baby Diapers,Baby Care,1200
1572,2025-02-24,D03,Cold & Flu Syrup,Cold Remedy,350
1572,2025-02-24,D04,Tissues,Cold Remedy,100
1573,2025-05-07,D10,Reading Glasses,Vision,600
1573,2025-05-07,D17,Reading Puzzle Book,Stationery/Leisure,300
1574,2025-06-08,D04,Tissues,Cold Remedy,100
1574,2025-06-08,D02,Ibuprofen,Pain Relief,150
1574,2025-06-08,D17,Reading Puzzle Book,Stationery/Leisure,300
1575,2025-06-06,D08,Sunscreen SPF50,Skincare,800
1576,2025-02-06,D06,Hand Sanitizer,Hygiene,150
1576,2025-02-06,D07,Face Masks,Hygiene,200
1577,2025-01-09,D17,Reading Puzzle Book,Stationery/Leisure,300
1577,2025-01-09,D01,Paracetamol,Pain Relief,100
1578,2025-04-16,D10,Reading Glasses,Vision,600
1578,2025-04-16,D17,Reading Puzzle Book,Stationery/Leisure,300
1579,2025-02-04,D05,Vitamin C Tablets,Supplements,400
1579,2025-02-04,D16,Multivitamin Gummies,Supplements,500
1580,2025-06-23,D08,Sunscreen SPF50,Skincare,800
1580,2025-06-23,D09,Aloe Vera Gel,Skincare,350
1581,2025-06-29,D12,Bandages,First Aid,150
1581,2025-06-29,D13,Antiseptic Cream,First Aid,200
1582,2025-01-30,D09,Aloe Vera Gel,Skincare,350
1583,2025-06-02,D04,Tissues,Cold Remedy,100
1584,2025-01-14,D07,Face Masks,Hygiene,200
1585,2025-01-27,D03,Cold & Flu Syrup,Cold Remedy,350
1585,2025-01-27,D04,Tissues,Cold Remedy,100
1585,2025-01-27,D05,Vitamin C Tablets,Supplements,400
1586,2025-04-25,D14,Baby Lotion,Baby Care,350
1586,2025-04-25,D15,Baby Diapers,Baby Care,1200
1587,2025-05-16,D10,Reading Glasses,Vision,600
1587,2025-05-16,D17,Reading Puzzle Book,Stationery/Leisure,300
1587,2025-05-16,D11,Eye Drops,Vision,250
1588,2025-02-15,D03,Cold & Flu Syrup,Cold Remedy,350
1588,2025-02-15,D04,Tissues,Cold Remedy,100
1589,2025-03-29,D08,Sunscreen SPF50,Skincare,800
1589,2025-03-29,D09,Aloe Vera Gel,Skincare,350
1590,2025-02-28,D10,Reading Glasses,Vision,600
1590,2025-02-28,D17,Reading Puzzle Book,Stationery/Leisure,300
1591,2025-05-04,D05,Vitamin C Tablets,Supplements,400
1591,2025-05-04,D16,Multivitamin Gummies,Supplements,500
1592,2025-01-11,D16,Multivitamin Gummies,Supplements,500
1593,2025-01-19,D07,Face Masks,Hygiene,200
1593,2025-01-19,D11,Eye Drops,Vision,250
1594,2025-02-18,D06,Hand Sanitizer,Hygiene,150
1594,2025-02-18,D07,Face Masks,Hygiene,200
1595,2025-05-17,D15,Baby Diapers,Baby Care,1200
1595,2025-05-17,D06,Hand Sanitizer,Hygiene,150
1596,2025-04-03,D14,Baby Lotion,Baby Care,350
1596,2025-04-03,D15,Baby Diapers,Baby Care,1200
1597,2025-04-23,D02,Ibuprofen,Pain Relief,150
1597,2025-04-23,D16,Multivitamin Gummies,Supplements,500
1597,2025-04-23,D04,Tissues,Cold Remedy,100
1598,2025-01-07,D06,Hand Sanitizer,Hygiene,150
1598,2025-01-07,D07,Face Masks,Hygiene,200
1599,2025-03-08,D07,Face Masks,Hygiene,200
1600,2025-05-12,D15,Baby Diapers,Baby Care,1200
1600,2025-05-12,D01,Paracetamol,Pain Relief,100
1601,2025-05-08,D08,Sunscreen SPF50,Skincare,800
1601,2025-05-08,D09,Aloe Vera Gel,Skincare,350
1602,2025-04-28,D11,Eye Drops,Vision,250
1602,2025-04-28,D12,Bandages,First Aid,150
1602,2025-04-28,D15,Baby Diapers,Baby Care,1200
1603,2025-03-28,D16,Multivitamin Gummies,Supplements,500
1603,2025-03-28,D05,Vitamin C Tablets,Supplements,400
1604,2025-03-01,D08,Sunscreen SPF50,Skincare,800
1604,2025-03-01,D09,Aloe Vera Gel,Skincare,350
1605,2025-05-07,D08,Sunscreen SPF50,Skincare,800
1605,2025-05-07,D09,Aloe Vera Gel,Skincare,350
1606,2025-04-23,D13,Antiseptic Cream,First Aid,200
1606,2025-04-23,D08,Sunscreen SPF50,Skincare,800
1607,2025-04-07,D08,Sunscreen SPF50,Skincare,800
1607,2025-04-07,D09,Aloe Vera Gel,Skincare,350
1608,2025-01-11,D06,Hand Sanitizer,Hygiene,150
1608,2025-01-11,D11,Eye Drops,Vision,250
1608,2025-01-11,D03,Cold & Flu Syrup,Cold Remedy,350
1609,2025-06-16,D15,Baby Diapers,Baby Care,1200
1610,2025-06-04,D13,Antiseptic Cream,First Aid,200
1611,2025-02-02,D05,Vitamin C Tablets,Supplements,400
1611,2025-02-02,D16,Multivitamin Gummies,Supplements,500
1612,2025-03-13,D03,Cold & Flu Syrup,Cold Remedy,350
1612,2025-03-13,D04,Tissues,Cold Remedy,100
1612,2025-03-13,D05,Vitamin C Tablets,Supplements,400
1613,2025-02-15,D05,Vitamin C Tablets,Supplements,400
1613,2025-02-15,D16,Multivitamin Gummies,Supplements,500
1614,2025-01-02,D12,Bandages,First Aid,150
1614,2025-01-02,D13,Antiseptic Cream,First Aid,200
1615,2025-03-31,D11,Eye Drops,Vision,250
1615,2025-03-31,D16,Multivitamin Gummies,Supplements,500
1615,2025-03-31,D02,Ibuprofen,Pain Relief,150
1616,2025-01-28,D03,Cold & Flu Syrup,Cold Remedy,350
1617,2025-03-10,D05,Vitamin C Tablets,Supplements,400
1617,2025-03-10,D16,Multivitamin Gummies,Supplements,500
1618,2025-05-27,D08,Sunscreen SPF50,Skincare,800
1618,2025-05-27,D06,Hand Sanitizer,Hygiene,150
1619,2025-04-03,D05,Vitamin C Tablets,Supplements,400
1620,2025-06-02,D14,Baby Lotion,Baby Care,350
1620,2025-06-02,D04,Tissues,Cold Remedy,100
1621,2025-06-14,D11,Eye Drops,Vision,250
1622,2025-02-04,D03,Cold & Flu Syrup,Cold Remedy,350
1622,2025-02-04,D16,Multivitamin Gummies,Supplements,500
1622,2025-02-04,D12,Bandages,First Aid,150
1622,2025-02-04,D02,Ibuprofen,Pain Relief,150
1623,2025-05-19,D14,Baby Lotion,Baby Care,350
1623,2025-05-19,D15,Baby Diapers,Baby Care,1200
1624,2025-05-30,D14,Baby Lotion,Baby Care,350
1625,2025-03-27,D12,Bandages,First Aid,150
1625,2025-03-27,D13,Antiseptic Cream,First Aid,200
1626,2025-03-22,D13,Antiseptic Cream,First Aid,200
1626,2025-03-22,D04,Tissues,Cold Remedy,100
1626,2025-03-22,D11,Eye Drops,Vision,250
1627,2025-04-30,D04,Tissues,Cold Remedy,100
1627,2025-04-30,D05,Vitamin C Tablets,Supplements,400
1628,2025-05-01,D11,Eye Drops,Vision,250
1628,2025-05-01,D12,Bandages,First Aid,150
1628,2025-05-01,D16,Multivitamin Gummies,Supplements,500
1629,2025-02-07,D05,Vitamin C Tablets,Supplements,400
1629,2025-02-07,D16,Multivitamin Gummies,Supplements,500
1630,2025-03-12,D12,Bandages,First Aid,150
1630,2025-03-12,D13,Antiseptic Cream,First Aid,200
1631,2025-03-11,D05,Vitamin C Tablets,Supplements,400
1631,2025-03-11,D16,Multivitamin Gummies,Supplements,500
1632,2025-02-08,D10,Reading Glasses,Vision,600
1632,2025-02-08,D17,Reading Puzzle Book,Stationery/Leisure,300
1632,2025-02-08,D11,Eye Drops,Vision,250
1633,2025-06-23,D05,Vitamin C Tablets,Supplements,400
1633,2025-06-23,D02,Ibuprofen,Pain Relief,150
1633,2025-06-23,D01,Paracetamol,Pain Relief,100
1634,2025-05-10,D10,Reading Glasses,Vision,600
1635,2025-06-23,D10,Reading Glasses,Vision,600
1635,2025-06-23,D17,Reading Puzzle Book,Stationery/Leisure,300
1635,2025-06-23,D03,Cold & Flu Syrup,Cold Remedy,350
1636,2025-03-18,D08,Sunscreen SPF50,Skincare,800
1636,2025-03-18,D09,Aloe Vera Gel,Skincare,350
1637,2025-04-23,D04,Tissues,Cold Remedy,100
1637,2025-04-23,D05,Vitamin C Tablets,Supplements,400
1637,2025-04-23,D03,Cold & Flu Syrup,Cold Remedy,350
1637,2025-04-23,D15,Baby Diapers,Baby Care,1200
1638,2025-05-07,D04,Tissues,Cold Remedy,100
1638,2025-05-07,D05,Vitamin C Tablets,Supplements,400
1638,2025-05-07,D10,Reading Glasses,Vision,600
1638,2025-05-07,D03,Cold & Flu Syrup,Cold Remedy,350
1639,2025-03-26,D13,Antiseptic Cream,First Aid,200
1640,2025-05-28,D04,Tissues,Cold Remedy,100
1640,2025-05-28,D02,Ibuprofen,Pain Relief,150
1640,2025-05-28,D13,Antiseptic Cream,First Aid,200
1641,2025-01-30,D06,Hand Sanitizer,Hygiene,150
1641,2025-01-30,D07,Face Masks,Hygiene,200
1642,2025-04-03,D03,Cold & Flu Syrup,Cold Remedy,350
1642,2025-04-03,D04,Tissues,Cold Remedy,100
1643,2025-02-04,D05,Vitamin C Tablets,Supplements,400
1643,2025-02-04,D16,Multivitamin Gummies,Supplements,500
1644,2025-01-19,D15,Baby Diapers,Baby Care,1200
1645,2025-02-15,D05,Vitamin C Tablets,Supplements,400
1646,2025-03-26,D11,Eye Drops,Vision,250
1646,2025-03-26,D04,Tissues,Cold Remedy,100
1646,2025-03-26,D16,Multivitamin Gummies,Supplements,500
1646,2025-03-26,D10,Reading Glasses,Vision,600
1647,2025-06-29,D10,Reading Glasses,Vision,600
1648,2025-05-26,D14,Baby Lotion,Baby Care,350
1648,2025-05-26,D15,Baby Diapers,Baby Care,1200
1649,2025-06-12,D01,Paracetamol,Pain Relief,100
1650,2025-02-11,D13,Antiseptic Cream,First Aid,200
1651,2025-06-26,D05,Vitamin C Tablets,Supplements,400
1651,2025-06-26,D16,Multivitamin Gummies,Supplements,500
1652,2025-02-09,D11,Eye Drops,Vision,250
1652,2025-02-09,D17,Reading Puzzle Book,Stationery/Leisure,300
1653,2025-01-15,D14,Baby Lotion,Baby Care,350
1653,2025-01-15,D15,Baby Diapers,Baby Care,1200
1654,2025-04-11,D03,Cold & Flu Syrup,Cold Remedy,350
1654,2025-04-11,D04,Tissues,Cold Remedy,100
1654,2025-04-11,D05,Vitamin C Tablets,Supplements,400
1654,2025-04-11,D14,Baby Lotion,Baby Care,350
1655,2025-03-21,D08,Sunscreen SPF50,Skincare,800
1655,2025-03-21,D14,Baby Lotion,Baby Care,350
1655,2025-03-21,D07,Face Masks,Hygiene,200
1656,2025-02-08,D03,Cold & Flu Syrup,Cold Remedy,350
1656,2025-02-08,D04,Tissues,Cold Remedy,100
1657,2025-03-29,D06,Hand Sanitizer,Hygiene,150
1657,2025-03-29,D07,Face Masks,Hygiene,200
1658,2025-06-24,D04,Tissues,Cold Remedy,100
1659,2025-01-10,D06,Hand Sanitizer,Hygiene,150
1659,2025-01-10,D07,Face Masks,Hygiene,200
1659,2025-01-10,D12,Bandages,First Aid,150
1660,2025-05-19,D03,Cold & Flu Syrup,Cold Remedy,350
1660,2025-05-19,D04,Tissues,Cold Remedy,100
1661,2025-02-20,D14,Baby Lotion,Baby Care,350
1661,2025-02-20,D12,Bandages,First Aid,150
1661,2025-02-20,D11,Eye Drops,Vision,250
1662,2025-02-14,D05,Vitamin C Tablets,Supplements,400
1662,2025-02-14,D01,Paracetamol,Pain Relief,100
1662,2025-02-14,D15,Baby Diapers,Baby Care,1200
1663,2025-04-28,D08,Sunscreen SPF50,Skincare,800
1663,2025-04-28,D09,Aloe Vera Gel,Skincare,350
1663,2025-04-28,D01,Paracetamol,Pain Relief,100
1664,2025-06-07,D08,Sunscreen SPF50,Skincare,800
1665,2025-06-13,D12,Bandages,First Aid,150
1665,2025-06-13,D13,Antiseptic Cream,First Aid,200
1666,2025-03-30,D14,Baby Lotion,Baby Care,350
1667,2025-06-10,D06,Hand Sanitizer,Hygiene,150
1667,2025-06-10,D08,Sunscreen SPF50,Skincare,800
1668,2025-02-22,D14,Baby Lotion,Baby Care,350
1668,2025-02-22,D15,Baby Diapers,Baby Care,1200
1669,2025-02-20,D10,Reading Glasses,Vision,600
1670,2025-01-12,D03,Cold & Flu Syrup,Cold Remedy,350
1670,2025-01-12,D04,Tissues,Cold Remedy,100
1671,2025-03-04,D03,Cold & Flu Syrup,Cold Remedy,350
1671,2025-03-04,D04,Tissues,Cold Remedy,100
1671,2025-03-04,D05,Vitamin C Tablets,Supplements,400
1672,2025-01-28,D12,Bandages,First Aid,150
1672,2025-01-28,D08,Sunscreen SPF50,Skincare,800
1673,2025-06-07,D04,Tissues,Cold Remedy,100
1674,2025-04-12,D14,Baby Lotion,Baby Care,350
1674,2025-04-12,D15,Baby Diapers,Baby Care,1200
1675,2025-05-15,D05,Vitamin C Tablets,Supplements,400
1675,2025-05-15,D16,Multivitamin Gummies,Supplements,500
1676,2025-04-25,D01,Paracetamol,Pain Relief,100
1676,2025-04-25,D17,Reading Puzzle Book,Stationery/Leisure,300
1676,2025-04-25,D03,Cold & Flu Syrup,Cold Remedy,350
1676,2025-04-25,D13,Antiseptic Cream,First Aid,200
1677,2025-01-26,D15,Baby Diapers,Baby Care,1200
1677,2025-01-26,D12,Bandages,First Aid,150
1678,2025-06-08,D04,Tissues,Cold Remedy,100
1678,2025-06-08,D03,Cold & Flu Syrup,Cold Remedy,350
1678,2025-06-08,D05,Vitamin C Tablets,Supplements,400
1678,2025-06-08,D16,Multivitamin Gummies,Supplements,500
1679,2025-05-23,D14,Baby Lotion,Baby Care,350
1679,2025-05-23,D15,Baby Diapers,Baby Care,1200
1680,2025-05-28,D12,Bandages,First Aid,150
1680,2025-05-28,D13,Antiseptic Cream,First Aid,200
1681,2025-03-25,D11,Eye Drops,Vision,250
1681,2025-03-25,D14,Baby Lotion,Baby Care,350
1681,2025-03-25,D17,Reading Puzzle Book,Stationery/Leisure,300
1682,2025-04-23,D03,Cold & Flu Syrup,Cold Remedy,350
1682,2025-04-23,D04,Tissues,Cold Remedy,100
1682,2025-04-23,D05,Vitamin C Tablets,Supplements,400
1683,2025-02-18,D05,Vitamin C Tablets,Supplements,400
1683,2025-02-18,D16,Multivitamin Gummies,Supplements,500
1684,2025-06-06,D03,Cold & Flu Syrup,Cold Remedy,350
1684,2025-06-06,D04,Tissues,Cold Remedy,100
1685,2025-06-09,D11,Eye Drops,Vision,250
1685,2025-06-09,D06,Hand Sanitizer,Hygiene,150
1685,2025-06-09,D13,Antiseptic Cream,First Aid,200
1685,2025-06-09,D16,Multivitamin Gummies,Supplements,500
1686,2025-02-24,D17,Reading Puzzle Book,Stationery/Leisure,300
1687,2025-01-08,D03,Cold & Flu Syrup,Cold Remedy,350
1687,2025-01-08,D04,Tissues,Cold Remedy,100
1688,2025-01-22,D05,Vitamin C Tablets,Supplements,400
1688,2025-01-22,D16,Multivitamin Gummies,Supplements,500
1689,2025-05-23,D06,Hand Sanitizer,Hygiene,150
1689,2025-05-23,D07,Face Masks,Hygiene,200
1689,2025-05-23,D15,Baby Diapers,Baby Care,1200
1690,2025-05-29,D02,Ibuprofen,Pain Relief,150
1690,2025-05-29,D08,Sunscreen SPF50,Skincare,800
1690,2025-05-29,D04,Tissues,Cold Remedy,100
1690,2025-05-29,D01,Paracetamol,Pain Relief,100
1691,2025-05-07,D05,Vitamin C Tablets,Supplements,400
1691,2025-05-07,D16,Multivitamin Gummies,Supplements,500
1692,2025-01-06,D14,Baby Lotion,Baby Care,350
1692,2025-01-06,D15,Baby Diapers,Baby Care,1200
1693,2025-05-01,D17,Reading Puzzle Book,Stationery/Leisure,300
1694,2025-06-16,D03,Cold & Flu Syrup,Cold Remedy,350
1694,2025-06-16,D04,Tissues,Cold Remedy,100
1694,2025-06-16,D05,Vitamin C Tablets,Supplements,400
1695,2025-01-09,D05,Vitamin C Tablets,Supplements,400
1695,2025-01-09,D16,Multivitamin Gummies,Supplements,500
1696,2025-02-08,D14,Baby Lotion,Baby Care,350
1697,2025-05-10,D02,Ibuprofen,Pain Relief,150
1697,2025-05-10,D11,Eye Drops,Vision,250
1698,2025-03-10,D05,Vitamin C Tablets,Supplements,400
1698,2025-03-10,D16,Multivitamin Gummies,Supplements,500
1699,2025-01-02,D11,Eye Drops,Vision,250
1700,2025-05-15,D05,Vitamin C Tablets,Supplements,400
1700,2025-05-15,D16,Multivitamin Gummies,Supplements,500
1701,2025-05-31,D08,Sunscreen SPF50,Skincare,800
1701,2025-05-31,D09,Aloe Vera Gel,Skincare,350
1702,2025-02-26,D14,Baby Lotion,Baby Care,350
1702,2025-02-26,D15,Baby Diapers,Baby Care,1200
1703,2025-02-04,D03,Cold & Flu Syrup,Cold Remedy,350
1703,2025-02-04,D11,Eye Drops,Vision,250
1703,2025-02-04,D10,Reading Glasses,Vision,600
1703,2025-02-04,D09,Aloe Vera Gel,Skincare,350
1704,2025-02-26,D15,Baby Diapers,Baby Care,1200
1704,2025-02-26,D14,Baby Lotion,Baby Care,350
1704,2025-02-26,D08,Sunscreen SPF50,Skincare,800
1704,2025-02-26,D12,Bandages,First Aid,150
1705,2025-03-08,D12,Bandages,First Aid,150
1705,2025-03-08,D05,Vitamin C Tablets,Supplements,400
1705,2025-03-08,D16,Multivitamin Gummies,Supplements,500
1705,2025-03-08,D06,Hand Sanitizer,Hygiene,150
1706,2025-02-25,D14,Baby Lotion,Baby Care,350
1706,2025-02-25,D15,Baby Diapers,Baby Care,1200
1707,2025-06-11,D12,Bandages,First Aid,150
1707,2025-06-11,D13,Antiseptic Cream,First Aid,200
1708,2025-01-22,D03,Cold & Flu Syrup,Cold Remedy,350
1708,2025-01-22,D05,Vitamin C Tablets,Supplements,400
1708,2025-01-22,D08,Sunscreen SPF50,Skincare,800
1709,2025-06-22,D16,Multivitamin Gummies,Supplements,500
1710,2025-06-28,D14,Baby Lotion,Baby Care,350
1711,2025-03-24,D03,Cold & Flu Syrup,Cold Remedy,350
1711,2025-03-24,D04,Tissues,Cold Remedy,100
1711,2025-03-24,D05,Vitamin C Tablets,Supplements,400
1712,2025-03-23,D08,Sunscreen SPF50,Skincare,800
1712,2025-03-23,D09,Aloe Vera Gel,Skincare,350
1713,2025-01-14,D06,Hand Sanitizer,Hygiene,150
1713,2025-01-14,D07,Face Masks,Hygiene,200
1714,2025-02-05,D05,Vitamin C Tablets,Supplements,400
1714,2025-02-05,D16,Multivitamin Gummies,Supplements,500
1715,2025-06-22,D05,Vitamin C Tablets,Supplements,400
1716,2025-02-09,D11,Eye Drops,Vision,250
1716,2025-02-09,D04,Tissues,Cold Remedy,100
1717,2025-06-01,D10,Reading Glasses,Vision,600
1717,2025-06-01,D17,Reading Puzzle Book,Stationery/Leisure,300
1718,2025-05-22,D13,Antiseptic Cream,First Aid,200
1719,2025-03-17,D04,Tissues,Cold Remedy,100
1719,2025-03-17,D16,Multivitamin Gummies,Supplements,500
1719,2025-03-17,D01,Paracetamol,Pain Relief,100
1720,2025-05-20,D12,Bandages,First Aid,150
1720,2025-05-20,D13,Antiseptic Cream,First Aid,200
1721,2025-03-11,D14,Baby Lotion,Baby Care,350
1721,2025-03-11,D15,Baby Diapers,Baby Care,1200
1722,2025-01-22,D05,Vitamin C Tablets,Supplements,400
1722,2025-01-22,D16,Multivitamin Gummies,Supplements,500
1723,2025-01-02,D08,Sunscreen SPF50,Skincare,800
1724,2025-02-10,D06,Hand Sanitizer,Hygiene,150
1724,2025-02-10,D07,Face Masks,Hygiene,200
1725,2025-06-19,D12,Bandages,First Aid,150
1725,2025-06-19,D13,Antiseptic Cream,First Aid,200
1726,2025-04-01,D06,Hand Sanitizer,Hygiene,150
1726,2025-04-01,D07,Face Masks,Hygiene,200
1727,2025-01-29,D10,Reading Glasses,Vision,600
1727,2025-01-29,D17,Reading Puzzle Book,Stationery/Leisure,300
1728,2025-03-19,D13,Antiseptic Cream,First Aid,200
1728,2025-03-19,D16,Multivitamin Gummies,Supplements,500
1728,2025-03-19,D14,Baby Lotion,Baby Care,350
1728,2025-03-19,D08,Sunscreen SPF50,Skincare,800
1729,2025-03-25,D10,Reading Glasses,Vision,600
1729,2025-03-25,D17,Reading Puzzle Book,Stationery/Leisure,300
1729,2025-03-25,D11,Eye Drops,Vision,250
1730,2025-05-14,D10,Reading Glasses,Vision,600
1730,2025-05-14,D02,Ibuprofen,Pain Relief,150
1730,2025-05-14,D13,Antiseptic Cream,First Aid,200
1731,2025-06-26,D05,Vitamin C Tablets,Supplements,400
1731,2025-06-26,D17,Reading Puzzle Book,Stationery/Leisure,300
1731,2025-06-26,D15,Baby Diapers,Baby Care,1200
1732,2025-06-03,D07,Face Masks,Hygiene,200
1733,2025-06-13,D12,Bandages,First Aid,150
1733,2025-06-13,D13,Antiseptic Cream,First Aid,200
1734,2025-06-03,D02,Ibuprofen,Pain Relief,150
1734,2025-06-03,D09,Aloe Vera Gel,Skincare,350
1734,2025-06-03,D14,Baby Lotion,Baby Care,350
1734,2025-06-03,D04,Tissues,Cold Remedy,100
1735,2025-02-14,D08,Sunscreen SPF50,Skincare,800
1735,2025-02-14,D09,Aloe Vera Gel,Skincare,350
1736,2025-04-30,D05,Vitamin C Tablets,Supplements,400
1736,2025-04-30,D16,Multivitamin Gummies,Supplements,500
1737,2025-03-04,D03,Cold & Flu Syrup,Cold Remedy,350
1737,2025-03-04,D04,Tissues,Cold Remedy,100
1737,2025-03-04,D05,Vitamin C Tablets,Supplements,400
1738,2025-04-16,D08,Sunscreen SPF50,Skincare,800
1738,2025-04-16,D09,Aloe Vera Gel,Skincare,350
1739,2025-06-14,D03,Cold & Flu Syrup,Cold Remedy,350
1739,2025-06-14,D04,Tissues,Cold Remedy,100
1740,2025-04-23,D10,Reading Glasses,Vision,600
1740,2025-04-23,D17,Reading Puzzle Book,Stationery/Leisure,300
1741,2025-04-28,D10,Reading Glasses,Vision,600
1741,2025-04-28,D17,Reading Puzzle Book,Stationery/Leisure,300
1742,2025-06-30,D14,Baby Lotion,Baby Care,350
1743,2025-06-15,D10,Reading Glasses,Vision,600
1743,2025-06-15,D05,Vitamin C Tablets,Supplements,400
1743,2025-06-15,D03,Cold & Flu Syrup,Cold Remedy,350
1744,2025-05-22,D10,Reading Glasses,Vision,600
1745,2025-06-10,D02,Ibuprofen,Pain Relief,150
1745,2025-06-10,D01,Paracetamol,Pain Relief,100
1745,2025-06-10,D17,Reading Puzzle Book,Stationery/Leisure,300
1746,2025-03-15,D12,Bandages,First Aid,150
1746,2025-03-15,D13,Antiseptic Cream,First Aid,200
1747,2025-04-18,D12,Bandages,First Aid,150
1747,2025-04-18,D13,Antiseptic Cream,First Aid,200
1748,2025-02-19,D10,Reading Glasses,Vision,600
1748,2025-02-19,D17,Reading Puzzle Book,Stationery/Leisure,300
1749,2025-06-08,D12,Bandages,First Aid,150
1749,2025-06-08,D16,Multivitamin Gummies,Supplements,500
1750,2025-04-09,D05,Vitamin C Tablets,Supplements,400
1750,2025-04-09,D16,Multivitamin Gummies,Supplements,500
1751,2025-06-15,D05,Vitamin C Tablets,Supplements,400
1751,2025-06-15,D16,Multivitamin Gummies,Supplements,500
1752,2025-05-15,D12,Bandages,First Aid,150
1752,2025-05-15,D13,Antiseptic Cream,First Aid,200
1753,2025-01-16,D01,Paracetamol,Pain Relief,100
1753,2025-01-16,D06,Hand Sanitizer,Hygiene,150
1753,2025-01-16,D12,Bandages,First Aid,150
1753,2025-01-16,D04,Tissues,Cold Remedy,100
1754,2025-02-01,D10,Reading Glasses,Vision,600
1754,2025-02-01,D17,Reading Puzzle Book,Stationery/Leisure,300
1754,2025-02-01,D01,Paracetamol,Pain Relief,100
1755,2025-04-06,D06,Hand Sanitizer,Hygiene,150
1756,2025-05-26,D10,Reading Glasses,Vision,600
1756,2025-05-26,D17,Reading Puzzle Book,Stationery/Leisure,300
1756,2025-05-26,D11,Eye Drops,Vision,250
1757,2025-04-13,D14,Baby Lotion,Baby Care,350
1757,2025-04-13,D15,Baby Diapers,Baby Care,1200
1757,2025-04-13,D09,Aloe Vera Gel,Skincare,350
1758,2025-03-21,D02,Ibuprofen,Pain Relief,150
1759,2025-02-23,D08,Sunscreen SPF50,Skincare,800
1759,2025-02-23,D09,Aloe Vera Gel,Skincare,350
1760,2025-05-22,D09,Aloe Vera Gel,Skincare,350
1760,2025-05-22,D13,Antiseptic Cream,First Aid,200
1761,2025-04-06,D12,Bandages,First Aid,150
1762,2025-06-21,D13,Antiseptic Cream,First Aid,200
1763,2025-03-26,D05,Vitamin C Tablets,Supplements,400
1763,2025-03-26,D16,Multivitamin Gummies,Supplements,500
1764,2025-01-26,D08,Sunscreen SPF50,Skincare,800
1765,2025-06-30,D10,Reading Glasses,Vision,600
1765,2025-06-30,D17,Reading Puzzle Book,Stationery/Leisure,300
1766,2025-04-22,D16,Multivitamin Gummies,Supplements,500
1766,2025-04-22,D15,Baby Diapers,Baby Care,1200
1766,2025-04-22,D14,Baby Lotion,Baby Care,350
1767,2025-01-31,D03,Cold & Flu Syrup,Cold Remedy,350
1767,2025-01-31,D04,Tissues,Cold Remedy,100
1767,2025-01-31,D05,Vitamin C Tablets,Supplements,400
1768,2025-03-12,D15,Baby Diapers,Baby Care,1200
1768,2025-03-12,D11,Eye Drops,Vision,250
1768,2025-03-12,D02,Ibuprofen,Pain Relief,150
1768,2025-03-12,D17,Reading Puzzle Book,Stationery/Leisure,300
1769,2025-01-24,D03,Cold & Flu Syrup,Cold Remedy,350
1769,2025-01-24,D04,Tissues,Cold Remedy,100
1770,2025-06-03,D12,Bandages,First Aid,150
1770,2025-06-03,D11,Eye Drops,Vision,250
1770,2025-06-03,D05,Vitamin C Tablets,Supplements,400
1771,2025-01-12,D14,Baby Lotion,Baby Care,350
1771,2025-01-12,D11,Eye Drops,Vision,250
1771,2025-01-12,D05,Vitamin C Tablets,Supplements,400
1772,2025-04-17,D08,Sunscreen SPF50,Skincare,800
1772,2025-04-17,D09,Aloe Vera Gel,Skincare,350
1773,2025-01-04,D10,Reading Glasses,Vision,600
1773,2025-01-04,D17,Reading Puzzle Book,Stationery/Leisure,300
1774,2025-01-25,D05,Vitamin C Tablets,Supplements,400
1775,2025-05-02,D14,Baby Lotion,Baby Care,350
1775,2025-05-02,D08,Sunscreen SPF50,Skincare,800
1775,2025-05-02,D04,Tissues,Cold Remedy,100
1776,2025-06-07,D03,Cold & Flu Syrup,Cold Remedy,350
1776,2025-06-07,D04,Tissues,Cold Remedy,100
1777,2025-04-19,D03,Cold & Flu Syrup,Cold Remedy,350
1777,2025-04-19,D04,Tissues,Cold Remedy,100
1778,2025-03-13,D12,Bandages,First Aid,150
1778,2025-03-13,D07,Face Masks,Hygiene,200
1778,2025-03-13,D15,Baby Diapers,Baby Care,1200
1779,2025-06-17,D05,Vitamin C Tablets,Supplements,400
1780,2025-04-08,D14,Baby Lotion,Baby Care,350
1780,2025-04-08,D15,Baby Diapers,Baby Care,1200
1781,2025-05-15,D05,Vitamin C Tablets,Supplements,400
1781,2025-05-15,D16,Multivitamin Gummies,Supplements,500
1782,2025-04-19,D02,Ibuprofen,Pain Relief,150
1783,2025-01-09,D09,Aloe Vera Gel,Skincare,350
1783,2025-01-09,D14,Baby Lotion,Baby Care,350
1783,2025-01-09,D08,Sunscreen SPF50,Skincare,800
1784,2025-06-27,D05,Vitamin C Tablets,Supplements,400
1784,2025-06-27,D01,Paracetamol,Pain Relief,100
1784,2025-06-27,D10,Reading Glasses,Vision,600
1785,2025-01-03,D06,Hand Sanitizer,Hygiene,150
1785,2025-01-03,D07,Face Masks,Hygiene,200
1785,2025-01-03,D17,Reading Puzzle Book,Stationery/Leisure,300
1786,2025-03-15,D06,Hand Sanitizer,Hygiene,150
1787,2025-04-14,D14,Baby Lotion,Baby Care,350
1787,2025-04-14,D15,Baby Diapers,Baby Care,1200
1788,2025-05-23,D06,Hand Sanitizer,Hygiene,150
1788,2025-05-23,D07,Face Masks,Hygiene,200
1789,2025-01-22,D03,Cold & Flu Syrup,Cold Remedy,350
1790,2025-06-03,D07,Face Masks,Hygiene,200
1790,2025-06-03,D12,Bandages,First Aid,150
1791,2025-02-09,D12,Bandages,First Aid,150
1791,2025-02-09,D01,Paracetamol,Pain Relief,100
1791,2025-02-09,D10,Reading Glasses,Vision,600
1792,2025-05-09,D03,Cold & Flu Syrup,Cold Remedy,350
1792,2025-05-09,D04,Tissues,Cold Remedy,100
1793,2025-01-12,D14,Baby Lotion,Baby Care,350
1793,2025-01-12,D15,Baby Diapers,Baby Care,1200
1794,2025-06-26,D05,Vitamin C Tablets,Supplements,400
1794,2025-06-26,D16,Multivitamin Gummies,Supplements,500
1795,2025-02-17,D08,Sunscreen SPF50,Skincare,800
1795,2025-02-17,D09,Aloe Vera Gel,Skincare,350
1795,2025-02-17,D12,Bandages,First Aid,150
1795,2025-02-17,D16,Multivitamin Gummies,Supplements,500
1796,2025-05-11,D11,Eye Drops,Vision,250
1796,2025-05-11,D14,Baby Lotion,Baby Care,350
1796,2025-05-11,D06,Hand Sanitizer,Hygiene,150
1796,2025-05-11,D17,Reading Puzzle Book,Stationery/Leisure,300
1797,2025-05-01,D13,Antiseptic Cream,First Aid,200
1798,2025-03-06,D17,Reading Puzzle Book,Stationery/Leisure,300
1799,2025-02-20,D06,Hand Sanitizer,Hygiene,150
1799,2025-02-20,D07,Face Masks,Hygiene,200
1800,2025-04-23,D13,Antiseptic Cream,First Aid,200
1800,2025-04-23,D15,Baby Diapers,Baby Care,1200
1800,2025-04-23,D01,Paracetamol,Pain Relief,100
1800,2025-04-23,D12,Bandages,First Aid,150
1801,2025-04-22,D14,Baby Lotion,Baby Care,350
1801,2025-04-22,D15,Baby Diapers,Baby Care,1200
1802,2025-04-13,D03,Cold & Flu Syrup,Cold Remedy,350
1802,2025-04-13,D09,Aloe Vera Gel,Skincare,350
1802,2025-04-13,D16,Multivitamin Gummies,Supplements,500
1802,2025-04-13,D17,Reading Puzzle Book,Stationery/Leisure,300
1803,2025-02-25,D15,Baby Diapers,Baby Care,1200
1803,2025-02-25,D06,Hand Sanitizer,Hygiene,150
1803,2025-02-25,D12,Bandages,First Aid,150
1804,2025-06-09,D05,Vitamin C Tablets,Supplements,400
1804,2025-06-09,D16,Multivitamin Gummies,Supplements,500
1805,2025-05-22,D12,Bandages,First Aid,150
1805,2025-05-22,D02,Ibuprofen,Pain Relief,150
1805,2025-05-22,D07,Face Masks,Hygiene,200
1805,2025-05-22,D10,Reading Glasses,Vision,600
1806,2025-03-18,D16,Multivitamin Gummies,Supplements,500
1807,2025-04-09,D14,Baby Lotion,Baby Care,350
1807,2025-04-09,D10,Reading Glasses,Vision,600
1807,2025-04-09,D06,Hand Sanitizer,Hygiene,150
1807,2025-04-09,D11,Eye Drops,Vision,250
1808,2025-06-17,D17,Reading Puzzle Book,Stationery/Leisure,300
1808,2025-06-17,D14,Baby Lotion,Baby Care,350
1809,2025-04-10,D02,Ibuprofen,Pain Relief,150
1810,2025-02-02,D03,Cold & Flu Syrup,Cold Remedy,350
1810,2025-02-02,D04,Tissues,Cold Remedy,100
1810,2025-02-02,D05,Vitamin C Tablets,Supplements,400
1811,2025-03-19,D06,Hand Sanitizer,Hygiene,150
1811,2025-03-19,D07,Face Masks,Hygiene,200
1812,2025-02-21,D07,Face Masks,Hygiene,200
1813,2025-02-02,D03,Cold & Flu Syrup,Cold Remedy,350
1813,2025-02-02,D04,Tissues,Cold Remedy,100
1814,2025-03-06,D10,Reading Glasses,Vision,600
1814,2025-03-06,D17,Reading Puzzle Book,Stationery/Leisure,300
1814,2025-03-06,D11,Eye Drops,Vision,250
1815,2025-01-29,D12,Bandages,First Aid,150
1815,2025-01-29,D13,Antiseptic Cream,First Aid,200
1816,2025-06-23,D14,Baby Lotion,Baby Care,350
1816,2025-06-23,D15,Baby Diapers,Baby Care,1200
1817,2025-05-15,D05,Vitamin C Tablets,Supplements,400
1817,2025-05-15,D16,Multivitamin Gummies,Supplements,500
1818,2025-03-08,D06,Hand Sanitizer,Hygiene,150
1818,2025-03-08,D07,Face Masks,Hygiene,200
1819,2025-04-07,D12,Bandages,First Aid,150
1819,2025-04-07,D13,Antiseptic Cream,First Aid,200
1820,2025-04-05,D17,Reading Puzzle Book,Stationery/Leisure,300
1821,2025-03-02,D02,Ibuprofen,Pain Relief,150
1821,2025-03-02,D05,Vitamin C Tablets,Supplements,400
1822,2025-05-06,D03,Cold & Flu Syrup,Cold Remedy,350
1823,2025-05-12,D05,Vitamin C Tablets,Supplements,400
1823,2025-05-12,D16,Multivitamin Gummies,Supplements,500
1824,2025-01-10,D14,Baby Lotion,Baby Care,350
1824,2025-01-10,D15,Baby Diapers,Baby Care,1200
1825,2025-05-26,D07,Face Masks,Hygiene,200
1825,2025-05-26,D08,Sunscreen SPF50,Skincare,800
1826,2025-02-21,D14,Baby Lotion,Baby Care,350
1826,2025-02-21,D15,Baby Diapers,Baby Care,1200
1827,2025-05-19,D17,Reading Puzzle Book,Stationery/Leisure,300
1828,2025-05-30,D02,Ibuprofen,Pain Relief,150
1828,2025-05-30,D09,Aloe Vera Gel,Skincare,350
1829,2025-02-08,D05,Vitamin C Tablets,Supplements,400
1829,2025-02-08,D16,Multivitamin Gummies,Supplements,500
1830,2025-03-28,D10,Reading Glasses,Vision,600
1830,2025-03-28,D17,Reading Puzzle Book,Stationery/Leisure,300
1831,2025-04-07,D04,Tissues,Cold Remedy,100
1831,2025-04-07,D12,Bandages,First Aid,150
1831,2025-04-07,D08,Sunscreen SPF50,Skincare,800
1831,2025-04-07,D13,Antiseptic Cream,First Aid,200
1832,2025-05-04,D10,Reading Glasses,Vision,600
1832,2025-05-04,D05,Vitamin C Tablets,Supplements,400
1833,2025-03-07,D05,Vitamin C Tablets,Supplements,400
1833,2025-03-07,D02,Ibuprofen,Pain Relief,150
1833,2025-03-07,D11,Eye Drops,Vision,250
1833,2025-03-07,D08,Sunscreen SPF50,Skincare,800
1834,2025-01-05,D03,Cold & Flu Syrup,Cold Remedy,350
1834,2025-01-05,D04,Tissues,Cold Remedy,100
1834,2025-01-05,D05,Vitamin C Tablets,Supplements,400
1835,2025-03-14,D06,Hand Sanitizer,Hygiene,150
1835,2025-03-14,D07,Face Masks,Hygiene,200
1836,2025-01-07,D08,Sunscreen SPF50,Skincare,800
1836,2025-01-07,D04,Tissues,Cold Remedy,100
1837,2025-05-02,D06,Hand Sanitizer,Hygiene,150
1837,2025-05-02,D07,Face Masks,Hygiene,200
1838,2025-06-18,D16,Multivitamin Gummies,Supplements,500
1838,2025-06-18,D05,Vitamin C Tablets,Supplements,400
1838,2025-06-18,D09,Aloe Vera Gel,Skincare,350
1838,2025-06-18,D02,Ibuprofen,Pain Relief,150
1839,2025-03-04,D03,Cold & Flu Syrup,Cold Remedy,350
1839,2025-03-04,D15,Baby Diapers,Baby Care,1200
1839,2025-03-04,D12,Bandages,First Aid,150
1840,2025-06-16,D15,Baby Diapers,Baby Care,1200
1840,2025-06-16,D08,Sunscreen SPF50,Skincare,800
1840,2025-06-16,D06,Hand Sanitizer,Hygiene,150
1840,2025-06-16,D04,Tissues,Cold Remedy,100
1841,2025-02-04,D03,Cold & Flu Syrup,Cold Remedy,350
1841,2025-02-04,D04,Tissues,Cold Remedy,100
1842,2025-02-19,D17,Reading Puzzle Book,Stationery/Leisure,300
1843,2025-02-19,D03,Cold & Flu Syrup,Cold Remedy,350
1844,2025-03-24,D11,Eye Drops,Vision,250
1844,2025-03-24,D04,Tissues,Cold Remedy,100
1844,2025-03-24,D10,Reading Glasses,Vision,600
1845,2025-06-08,D06,Hand Sanitizer,Hygiene,150
1845,2025-06-08,D07,Face Masks,Hygiene,200
1846,2025-06-20,D10,Reading Glasses,Vision,600
1846,2025-06-20,D17,Reading Puzzle Book,Stationery/Leisure,300
1847,2025-05-21,D17,Reading Puzzle Book,Stationery/Leisure,300
1848,2025-04-26,D12,Bandages,First Aid,150
1849,2025-06-16,D02,Ibuprofen,Pain Relief,150
1850,2025-05-27,D06,Hand Sanitizer,Hygiene,150
1850,2025-05-27,D07,Face Masks,Hygiene,200
1851,2025-01-13,D08,Sunscreen SPF50,Skincare,800
1852,2025-06-12,D14,Baby Lotion,Baby Care,350
1852,2025-06-12,D15,Baby Diapers,Baby Care,1200
1853,2025-01-12,D06,Hand Sanitizer,Hygiene,150
1853,2025-01-12,D07,Face Masks,Hygiene,200
1854,2025-02-22,D14,Baby Lotion,Baby Care,350
1854,2025-02-22,D10,Reading Glasses,Vision,600
1854,2025-02-22,D06,Hand Sanitizer,Hygiene,150
1855,2025-01-28,D14,Baby Lotion,Baby Care,350
1855,2025-01-28,D15,Baby Diapers,Baby Care,1200
1856,2025-03-30,D01,Paracetamol,Pain Relief,100
1857,2025-02-20,D13,Antiseptic Cream,First Aid,200
1858,2025-06-05,D12,Bandages,First Aid,150
1858,2025-06-05,D13,Antiseptic Cream,First Aid,200
1859,2025-06-25,D08,Sunscreen SPF50,Skincare,800
1859,2025-06-25,D09,Aloe Vera Gel,Skincare,350
1859,2025-06-25,D13,Antiseptic Cream,First Aid,200
1860,2025-03-07,D12,Bandages,First Aid,150
1861,2025-04-25,D03,Cold & Flu Syrup,Cold Remedy,350
1861,2025-04-25,D04,Tissues,Cold Remedy,100
1861,2025-04-25,D05,Vitamin C Tablets,Supplements,400
1861,2025-04-25,D08,Sunscreen SPF50,Skincare,800
1862,2025-04-09,D14,Baby Lotion,Baby Care,350
1862,2025-04-09,D15,Baby Diapers,Baby Care,1200
1863,2025-03-16,D05,Vitamin C Tablets,Supplements,400
1863,2025-03-16,D16,Multivitamin Gummies,Supplements,500
1864,2025-01-01,D14,Baby Lotion,Baby Care,350
1864,2025-01-01,D15,Baby Diapers,Baby Care,1200
1865,2025-04-27,D12,Bandages,First Aid,150
1865,2025-04-27,D13,Antiseptic Cream,First Aid,200
1866,2025-06-08,D08,Sunscreen SPF50,Skincare,800
1867,2025-04-09,D14,Baby Lotion,Baby Care,350
1867,2025-04-09,D15,Baby Diapers,Baby Care,1200
1868,2025-02-12,D08,Sunscreen SPF50,Skincare,800
1868,2025-02-12,D09,Aloe Vera Gel,Skincare,350
1869,2025-05-15,D11,Eye Drops,Vision,250
1870,2025-03-12,D12,Bandages,First Aid,150
1870,2025-03-12,D13,Antiseptic Cream,First Aid,200
1871,2025-06-28,D12,Bandages,First Aid,150
1871,2025-06-28,D13,Antiseptic Cream,First Aid,200
1872,2025-02-18,D01,Paracetamol,Pain Relief,100
1872,2025-02-18,D09,Aloe Vera Gel,Skincare,350
1872,2025-02-18,D11,Eye Drops,Vision,250
1873,2025-05-24,D06,Hand Sanitizer,Hygiene,150
1873,2025-05-24,D07,Face Masks,Hygiene,200
1874,2025-04-04,D03,Cold & Flu Syrup,Cold Remedy,350
1874,2025-04-04,D04,Tissues,Cold Remedy,100
1875,2025-03-06,D08,Sunscreen SPF50,Skincare,800
1876,2025-03-23,D07,Face Masks,Hygiene,200
1877,2025-04-29,D12,Bandages,First Aid,150
1877,2025-04-29,D01,Paracetamol,Pain Relief,100
1877,2025-04-29,D05,Vitamin C Tablets,Supplements,400
1878,2025-04-07,D05,Vitamin C Tablets,Supplements,400
1878,2025-04-07,D16,Multivitamin Gummies,Supplements,500
1878,2025-04-07,D13,Antiseptic Cream,First Aid,200
1879,2025-03-21,D07,Face Masks,Hygiene,200
1880,2025-04-12,D05,Vitamin C Tablets,Supplements,400
1880,2025-04-12,D16,Multivitamin Gummies,Supplements,500
1881,2025-04-11,D06,Hand Sanitizer,Hygiene,150
1881,2025-04-11,D07,Face Masks,Hygiene,200
1882,2025-06-23,D16,Multivitamin Gummies,Supplements,500
1882,2025-06-23,D06,Hand Sanitizer,Hygiene,150
1882,2025-06-23,D07,Face Masks,Hygiene,200
1882,2025-06-23,D12,Bandages,First Aid,150
1883,2025-03-16,D05,Vitamin C Tablets,Supplements,400
1883,2025-03-16,D16,Multivitamin Gummies,Supplements,500
1884,2025-02-19,D02,Ibuprofen,Pain Relief,150
1885,2025-01-15,D14,Baby Lotion,Baby Care,350
1885,2025-01-15,D15,Baby Diapers,Baby Care,1200
1886,2025-04-01,D01,Paracetamol,Pain Relief,100
1886,2025-04-01,D07,Face Masks,Hygiene,200
1886,2025-04-01,D09,Aloe Vera Gel,Skincare,350
1886,2025-04-01,D12,Bandages,First Aid,150
1887,2025-06-09,D12,Bandages,First Aid,150
1887,2025-06-09,D16,Multivitamin Gummies,Supplements,500
1888,2025-01-18,D08,Sunscreen SPF50,Skincare,800
1888,2025-01-18,D09,Aloe Vera Gel,Skincare,350
1889,2025-04-06,D03,Cold & Flu Syrup,Cold Remedy,350
1889,2025-04-06,D04,Tissues,Cold Remedy,100
1890,2025-02-25,D12,Bandages,First Aid,150
1890,2025-02-25,D03,Cold & Flu Syrup,Cold Remedy,350
1890,2025-02-25,D11,Eye Drops,Vision,250
1891,2025-02-28,D12,Bandages,First Aid,150
1891,2025-02-28,D02,Ibuprofen,Pain Relief,150
1892,2025-01-05,D07,Face Masks,Hygiene,200
1892,2025-01-05,D11,Eye Drops,Vision,250
1892,2025-01-05,D03,Cold & Flu Syrup,Cold Remedy,350
1893,2025-06-25,D06,Hand Sanitizer,Hygiene,150
1893,2025-06-25,D05,Vitamin C Tablets,Supplements,400
1893,2025-06-25,D01,Paracetamol,Pain Relief,100
1893,2025-06-25,D12,Bandages,First Aid,150
1894,2025-06-01,D07,Face Masks,Hygiene,200
1895,2025-03-29,D10,Reading Glasses,Vision,600
1895,2025-03-29,D17,Reading Puzzle Book,Stationery/Leisure,300
1896,2025-04-29,D13,Antiseptic Cream,First Aid,200
1897,2025-02-19,D17,Reading Puzzle Book,Stationery/Leisure,300
1897,2025-02-19,D03,Cold & Flu Syrup,Cold Remedy,350
1897,2025-02-19,D08,Sunscreen SPF50,Skincare,800
1898,2025-03-01,D12,Bandages,First Aid,150
1899,2025-06-20,D03,Cold & Flu Syrup,Cold Remedy,350
1899,2025-06-20,D04,Tissues,Cold Remedy,100
1900,2025-04-14,D08,Sunscreen SPF50,Skincare,800
1901,2025-04-08,D12,Bandages,First Aid,150
1901,2025-04-08,D13,Antiseptic Cream,First Aid,200
1902,2025-05-12,D03,Cold & Flu Syrup,Cold Remedy,350
1902,2025-05-12,D04,Tissues,Cold Remedy,100
1903,2025-01-23,D05,Vitamin C Tablets,Supplements,400
1903,2025-01-23,D04,Tissues,Cold Remedy,100
1903,2025-01-23,D06,Hand Sanitizer,Hygiene,150
1904,2025-03-27,D06,Hand Sanitizer,Hygiene,150
1904,2025-03-27,D12,Bandages,First Aid,150
1904,2025-03-27,D14,Baby Lotion,Baby Care,350
1904,2025-03-27,D04,Tissues,Cold Remedy,100
1905,2025-01-24,D14,Baby Lotion,Baby Care,350
1905,2025-01-24,D15,Baby Diapers,Baby Care,1200
1906,2025-06-28,D10,Reading Glasses,Vision,600
1906,2025-06-28,D17,Reading Puzzle Book,Stationery/Leisure,300
1906,2025-06-28,D11,Eye Drops,Vision,250
1907,2025-05-05,D08,Sunscreen SPF50,Skincare,800
1907,2025-05-05,D09,Aloe Vera Gel,Skincare,350
1908,2025-01-14,D02,Ibuprofen,Pain Relief,150
1908,2025-01-14,D03,Cold & Flu Syrup,Cold Remedy,350
1909,2025-05-04,D08,Sunscreen SPF50,Skincare,800
1909,2025-05-04,D09,Aloe Vera Gel,Skincare,350
1909,2025-05-04,D07,Face Masks,Hygiene,200
1910,2025-02-23,D01,Paracetamol,Pain Relief,100
1910,2025-02-23,D17,Reading Puzzle Book,Stationery/Leisure,300
1911,2025-06-09,D14,Baby Lotion,Baby Care,350
1911,2025-06-09,D03,Cold & Flu Syrup,Cold Remedy,350
1912,2025-04-13,D02,Ibuprofen,Pain Relief,150
1912,2025-04-13,D10,Reading Glasses,Vision,600
1912,2025-04-13,D17,Reading Puzzle Book,Stationery/Leisure,300
1913,2025-01-19,D10,Reading Glasses,Vision,600
1913,2025-01-19,D01,Paracetamol,Pain Relief,100
1913,2025-01-19,D02,Ibuprofen,Pain Relief,150
1913,2025-01-19,D15,Baby Diapers,Baby Care,1200
1914,2025-06-07,D01,Paracetamol,Pain Relief,100
1914,2025-06-07,D05,Vitamin C Tablets,Supplements,400
1915,2025-04-12,D17,Reading Puzzle Book,Stationery/Leisure,300
1915,2025-04-12,D02,Ibuprofen,Pain Relief,150
1915,2025-04-12,D10,Reading Glasses,Vision,600
1915,2025-04-12,D07,Face Masks,Hygiene,200
1916,2025-05-22,D05,Vitamin C Tablets,Supplements,400
1916,2025-05-22,D14,Baby Lotion,Baby Care,350
1917,2025-04-30,D08,Sunscreen SPF50,Skincare,800
1917,2025-04-30,D16,Multivitamin Gummies,Supplements,500
1918,2025-06-04,D12,Bandages,First Aid,150
1918,2025-06-04,D13,Antiseptic Cream,First Aid,200
1919,2025-05-22,D08,Sunscreen SPF50,Skincare,800
1919,2025-05-22,D09,Aloe Vera Gel,Skincare,350
1920,2025-03-13,D10,Reading Glasses,Vision,600
1920,2025-03-13,D17,Reading Puzzle Book,Stationery/Leisure,300
1920,2025-03-13,D11,Eye Drops,Vision,250
1921,2025-04-05,D06,Hand Sanitizer,Hygiene,150
1921,2025-04-05,D07,Face Masks,Hygiene,200
1922,2025-01-10,D10,Reading Glasses,Vision,600
1922,2025-01-10,D17,Reading Puzzle Book,Stationery/Leisure,300
1923,2025-01-02,D05,Vitamin C Tablets,Supplements,400
1923,2025-01-02,D16,Multivitamin Gummies,Supplements,500
1924,2025-03-16,D10,Reading Glasses,Vision,600
1924,2025-03-16,D17,Reading Puzzle Book,Stationery/Leisure,300
1925,2025-01-01,D12,Bandages,First Aid,150
1925,2025-01-01,D08,Sunscreen SPF50,Skincare,800
1925,2025-01-01,D17,Reading Puzzle Book,Stationery/Leisure,300
1926,2025-03-08,D07,Face Masks,Hygiene,200
1926,2025-03-08,D13,Antiseptic Cream,First Aid,200
1927,2025-01-04,D04,Tissues,Cold Remedy,100
1927,2025-01-04,D12,Bandages,First Aid,150
1928,2025-02-15,D08,Sunscreen SPF50,Skincare,800
1928,2025-02-15,D09,Aloe Vera Gel,Skincare,350
1929,2025-06-22,D08,Sunscreen SPF50,Skincare,800
1929,2025-06-22,D09,Aloe Vera Gel,Skincare,350
1930,2025-01-01,D06,Hand Sanitizer,Hygiene,150
1930,2025-01-01,D01,Paracetamol,Pain Relief,100
1930,2025-01-01,D03,Cold & Flu Syrup,Cold Remedy,350
1930,2025-01-01,D02,Ibuprofen,Pain Relief,150
1931,2025-01-05,D08,Sunscreen SPF50,Skincare,800
1931,2025-01-05,D09,Aloe Vera Gel,Skincare,350
1932,2025-02-27,D11,Eye Drops,Vision,250
1932,2025-02-27,D05,Vitamin C Tablets,Supplements,400
1932,2025-02-27,D12,Bandages,First Aid,150
1933,2025-01-21,D14,Baby Lotion,Baby Care,350
1933,2025-01-21,D15,Baby Diapers,Baby Care,1200
1934,2025-05-17,D09,Aloe Vera Gel,Skincare,350
1935,2025-05-11,D03,Cold & Flu Syrup,Cold Remedy,350
1935,2025-05-11,D04,Tissues,Cold Remedy,100
1935,2025-05-11,D05,Vitamin C Tablets,Supplements,400
1936,2025-01-01,D05,Vitamin C Tablets,Supplements,400
1936,2025-01-01,D16,Multivitamin Gummies,Supplements,500
1937,2025-03-19,D08,Sunscreen SPF50,Skincare,800
1937,2025-03-19,D09,Aloe Vera Gel,Skincare,350
1938,2025-03-28,D14,Baby Lotion,Baby Care,350
1938,2025-03-28,D09,Aloe Vera Gel,Skincare,350
1938,2025-03-28,D02,Ibuprofen,Pain Relief,150
1938,2025-03-28,D15,Baby Diapers,Baby Care,1200
1939,2025-05-01,D05,Vitamin C Tablets,Supplements,400
1939,2025-05-01,D16,Multivitamin Gummies,Supplements,500
1939,2025-05-01,D08,Sunscreen SPF50,Skincare,800
1940,2025-03-09,D03,Cold & Flu Syrup,Cold Remedy,350
1941,2025-02-18,D10,Reading Glasses,Vision,600
1941,2025-02-18,D17,Reading Puzzle Book,Stationery/Leisure,300
1942,2025-03-15,D10,Reading Glasses,Vision,600
1942,2025-03-15,D07,Face Masks,Hygiene,200
1942,2025-03-15,D02,Ibuprofen,Pain Relief,150
1942,2025-03-15,D06,Hand Sanitizer,Hygiene,150
1943,2025-05-01,D10,Reading Glasses,Vision,600
1943,2025-05-01,D17,Reading Puzzle Book,Stationery/Leisure,300
1944,2025-01-26,D12,Bandages,First Aid,150
1944,2025-01-26,D13,Antiseptic Cream,First Aid,200
1945,2025-06-16,D05,Vitamin C Tablets,Supplements,400
1945,2025-06-16,D16,Multivitamin Gummies,Supplements,500
1946,2025-04-02,D08,Sunscreen SPF50,Skincare,800
1947,2025-01-07,D10,Reading Glasses,Vision,600
1947,2025-01-07,D17,Reading Puzzle Book,Stationery/Leisure,300
1948,2025-03-19,D08,Sunscreen SPF50,Skincare,800
1948,2025-03-19,D09,Aloe Vera Gel,Skincare,350
1949,2025-01-21,D04,Tissues,Cold Remedy,100
1949,2025-01-21,D08,Sunscreen SPF50,Skincare,800
1949,2025-01-21,D02,Ibuprofen,Pain Relief,150
1949,2025-01-21,D09,Aloe Vera Gel,Skincare,350
1950,2025-05-29,D04,Tissues,Cold Remedy,100
1950,2025-05-29,D16,Multivitamin Gummies,Supplements,500
1950,2025-05-29,D12,Bandages,First Aid,150
1950,2025-05-29,D14,Baby Lotion,Baby Care,350
1951,2025-04-09,D03,Cold & Flu Syrup,Cold Remedy,350
1951,2025-04-09,D04,Tissues,Cold Remedy,100
1951,2025-04-09,D05,Vitamin C Tablets,Supplements,400
1952,2025-06-08,D06,Hand Sanitizer,Hygiene,150
1952,2025-06-08,D07,Face Masks,Hygiene,200
1953,2025-05-15,D03,Cold & Flu Syrup,Cold Remedy,350
1953,2025-05-15,D04,Tissues,Cold Remedy,100
1954,2025-01-04,D06,Hand Sanitizer,Hygiene,150
1954,2025-01-04,D07,Face Masks,Hygiene,200
1955,2025-04-12,D03,Cold & Flu Syrup,Cold Remedy,350
1955,2025-04-12,D04,Tissues,Cold Remedy,100
1955,2025-04-12,D05,Vitamin C Tablets,Supplements,400
1956,2025-01-14,D10,Reading Glasses,Vision,600
1956,2025-01-14,D17,Reading Puzzle Book,Stationery/Leisure,300
1957,2025-04-27,D14,Baby Lotion,Baby Care,350
1957,2025-04-27,D15,Baby Diapers,Baby Care,1200
1958,2025-01-14,D11,Eye Drops,Vision,250
1958,2025-01-14,D09,Aloe Vera Gel,Skincare,350
1958,2025-01-14,D02,Ibuprofen,Pain Relief,150
1958,2025-01-14,D07,Face Masks,Hygiene,200
1959,2025-06-03,D03,Cold & Flu Syrup,Cold Remedy,350
1959,2025-06-03,D04,Tissues,Cold Remedy,100
1960,2025-03-18,D14,Baby Lotion,Baby Care,350
1961,2025-04-17,D05,Vitamin C Tablets,Supplements,400
1961,2025-04-17,D16,Multivitamin Gummies,Supplements,500
1962,2025-01-19,D03,Cold & Flu Syrup,Cold Remedy,350
1962,2025-01-19,D13,Antiseptic Cream,First Aid,200
1962,2025-01-19,D14,Baby Lotion,Baby Care,350
1963,2025-03-10,D14,Baby Lotion,Baby Care,350
1963,2025-03-10,D15,Baby Diapers,Baby Care,1200
1964,2025-06-02,D12,Bandages,First Aid,150
1964,2025-06-02,D13,Antiseptic Cream,First Aid,200
1965,2025-01-16,D08,Sunscreen SPF50,Skincare,800
1965,2025-01-16,D09,Aloe Vera Gel,Skincare,350
1966,2025-05-03,D10,Reading Glasses,Vision,600
1966,2025-05-03,D17,Reading Puzzle Book,Stationery/Leisure,300
1967,2025-05-16,D10,Reading Glasses,Vision,600
1967,2025-05-16,D17,Reading Puzzle Book,Stationery/Leisure,300
1968,2025-03-25,D09,Aloe Vera Gel,Skincare,350
1968,2025-03-25,D01,Paracetamol,Pain Relief,100
1968,2025-03-25,D02,Ibuprofen,Pain Relief,150
1968,2025-03-25,D15,Baby Diapers,Baby Care,1200
1969,2025-01-02,D05,Vitamin C Tablets,Supplements,400
1969,2025-01-02,D16,Multivitamin Gummies,Supplements,500
1970,2025-03-27,D11,Eye Drops,Vision,250
1971,2025-06-28,D03,Cold & Flu Syrup,Cold Remedy,350
1971,2025-06-28,D04,Tissues,Cold Remedy,100
1972,2025-02-16,D05,Vitamin C Tablets,Supplements,400
1972,2025-02-16,D16,Multivitamin Gummies,Supplements,500
1973,2025-03-31,D12,Bandages,First Aid,150
1973,2025-03-31,D13,Antiseptic Cream,First Aid,200
1974,2025-02-15,D10,Reading Glasses,Vision,600
1974,2025-02-15,D17,Reading Puzzle Book,Stationery/Leisure,300
1974,2025-02-15,D11,Eye Drops,Vision,250
1975,2025-02-21,D10,Reading Glasses,Vision,600
1975,2025-02-21,D11,Eye Drops,Vision,250
1975,2025-02-21,D08,Sunscreen SPF50,Skincare,800
1976,2025-04-16,D11,Eye Drops,Vision,250
1976,2025-04-16,D15,Baby Diapers,Baby Care,1200
1976,2025-04-16,D17,Reading Puzzle Book,Stationery/Leisure,300
1976,2025-04-16,D03,Cold & Flu Syrup,Cold Remedy,350
1977,2025-04-16,D14,Baby Lotion,Baby Care,350
1977,2025-04-16,D15,Baby Diapers,Baby Care,1200
1978,2025-06-28,D02,Ibuprofen,Pain Relief,150
1979,2025-06-19,D10,Reading Glasses,Vision,600
1979,2025-06-19,D17,Reading Puzzle Book,Stationery/Leisure,300
1979,2025-06-19,D11,Eye Drops,Vision,250
1979,2025-06-19,D08,Sunscreen SPF50,Skincare,800
1980,2025-04-04,D09,Aloe Vera Gel,Skincare,350
1981,2025-05-27,D06,Hand Sanitizer,Hygiene,150
1981,2025-05-27,D07,Face Masks,Hygiene,200
1982,2025-01-01,D06,Hand Sanitizer,Hygiene,150
1983,2025-05-07,D06,Hand Sanitizer,Hygiene,150
1983,2025-05-07,D07,Face Masks,Hygiene,200
1984,2025-06-16,D16,Multivitamin Gummies,Supplements,500
1985,2025-04-05,D10,Reading Glasses,Vision,600
1985,2025-04-05,D17,Reading Puzzle Book,Stationery/Leisure,300
1985,2025-04-05,D11,Eye Drops,Vision,250
1986,2025-06-28,D12,Bandages,First Aid,150
1986,2025-06-28,D13,Antiseptic Cream,First Aid,200
1987,2025-01-30,D10,Reading Glasses,Vision,600
1987,2025-01-30,D04,Tissues,Cold Remedy,100
1987,2025-01-30,D01,Paracetamol,Pain Relief,100
1988,2025-02-04,D13,Antiseptic Cream,First Aid,200
1989,2025-02-13,D08,Sunscreen SPF50,Skincare,800
1989,2025-02-13,D09,Aloe Vera Gel,Skincare,350
1990,2025-05-04,D12,Bandages,First Aid,150
1990,2025-05-04,D13,Antiseptic Cream,First Aid,200
1991,2025-05-22,D03,Cold & Flu Syrup,Cold Remedy,350
1991,2025-05-22,D04,Tissues,Cold Remedy,100
1992,2025-05-28,D03,Cold & Flu Syrup,Cold Remedy,350
1992,2025-05-28,D05,Vitamin C Tablets,Supplements,400
1992,2025-05-28,D12,Bandages,First Aid,150
1992,2025-05-28,D09,Aloe Vera Gel,Skincare,350
1993,2025-04-24,D11,Eye Drops,Vision,250
1993,2025-04-24,D01,Paracetamol,Pain Relief,100
1993,2025-04-24,D12,Bandages,First Aid,150
1993,2025-04-24,D17,Reading Puzzle Book,Stationery/Leisure,300
1994,2025-03-10,D11,Eye Drops,Vision,250
1994,2025-03-10,D05,Vitamin C Tablets,Supplements,400
1994,2025-03-10,D04,Tissues,Cold Remedy,100
1995,2025-02-03,D10,Reading Glasses,Vision,600
1995,2025-02-03,D17,Reading Puzzle Book,Stationery/Leisure,300
1996,2025-02-02,D12,Bandages,First Aid,150
1996,2025-02-02,D05,Vitamin C Tablets,Supplements,400
1997,2025-04-14,D06,Hand Sanitizer,Hygiene,150
1997,2025-04-14,D07,Face Masks,Hygiene,200
1998,2025-04-28,D05,Vitamin C Tablets,Supplements,400
1998,2025-04-28,D16,Multivitamin Gummies,Supplements,500
1999,2025-03-31,D12,Bandages,First Aid,150
1999,2025-03-31,D06,Hand Sanitizer,Hygiene,150
2000,2025-05-30,D14,Baby Lotion,Baby Care,350
2000,2025-05-30,D15,Baby Diapers,Baby Care,1200
2000,2025-05-30,D09,Aloe Vera Gel,Skincare,350
2000,2025-05-30,D12,Bandages,First Aid,150
2001,2025-01-21,D05,Vitamin C Tablets,Supplements,400
2001,2025-01-21,D13,Antiseptic Cream,First Aid,200
2001,2025-01-21,D04,Tissues,Cold Remedy,100
2001,2025-01-21,D07,Face Masks,Hygiene,200
2002,2025-02-17,D14,Baby Lotion,Baby Care,350
2002,2025-02-17,D15,Baby Diapers,Baby Care,1200
2002,2025-02-17,D02,Ibuprofen,Pain Relief,150
2003,2025-06-11,D08,Sunscreen SPF50,Skincare,800
2003,2025-06-11,D09,Aloe Vera Gel,Skincare,350
2004,2025-03-08,D05,Vitamin C Tablets,Supplements,400
2004,2025-03-08,D16,Multivitamin Gummies,Supplements,500
2005,2025-05-01,D17,Reading Puzzle Book,Stationery/Leisure,300
2005,2025-05-01,D04,Tissues,Cold Remedy,100
2005,2025-05-01,D08,Sunscreen SPF50,Skincare,800
2006,2025-06-13,D12,Bandages,First Aid,150
2006,2025-06-13,D13,Antiseptic Cream,First Aid,200
2007,2025-01-15,D06,Hand Sanitizer,Hygiene,150
2007,2025-01-15,D07,Face Masks,Hygiene,200
2008,2025-06-11,D10,Reading Glasses,Vision,600
2008,2025-06-11,D17,Reading Puzzle Book,Stationery/Leisure,300
2008,2025-06-11,D11,Eye Drops,Vision,250
2009,2025-06-03,D14,Baby Lotion,Baby Care,350
2009,2025-06-03,D15,Baby Diapers,Baby Care,1200
2010,2025-03-16,D07,Face Masks,Hygiene,200
2011,2025-05-06,D05,Vitamin C Tablets,Supplements,400
2011,2025-05-06,D16,Multivitamin Gummies,Supplements,500
2011,2025-05-06,D07,Face Masks,Hygiene,200
2012,2025-05-13,D09,Aloe Vera Gel,Skincare,350
2012,2025-05-13,D11,Eye Drops,Vision,250
2012,2025-05-13,D17,Reading Puzzle Book,Stationery/Leisure,300
2013,2025-01-24,D14,Baby Lotion,Baby Care,350
2014,2025-06-20,D05,Vitamin C Tablets,Supplements,400
2014,2025-06-20,D16,Multivitamin Gummies,Supplements,500
2015,2025-05-29,D14,Baby Lotion,Baby Care,350
2015,2025-05-29,D15,Baby Diapers,Baby Care,1200
2016,2025-03-01,D10,Reading Glasses,Vision,600
2016,2025-03-01,D17,Reading Puzzle Book,Stationery/Leisure,300
2016,2025-03-01,D11,Eye Drops,Vision,250
2017,2025-05-10,D02,Ibuprofen,Pain Relief,150
2017,2025-05-10,D13,Antiseptic Cream,First Aid,200
2017,2025-05-10,D10,Reading Glasses,Vision,600
2017,2025-05-10,D11,Eye Drops,Vision,250
2018,2025-04-03,D03,Cold & Flu Syrup,Cold Remedy,350
2018,2025-04-03,D04,Tissues,Cold Remedy,100
2018,2025-04-03,D05,Vitamin C Tablets,Supplements,400
2019,2025-05-15,D13,Antiseptic Cream,First Aid,200
2020,2025-05-23,D06,Hand Sanitizer,Hygiene,150
2020,2025-05-23,D07,Face Masks,Hygiene,200
2021,2025-05-01,D05,Vitamin C Tablets,Supplements,400
2021,2025-05-01,D17,Reading Puzzle Book,Stationery/Leisure,300
2022,2025-04-01,D05,Vitamin C Tablets,Supplements,400
2022,2025-04-01,D16,Multivitamin Gummies,Supplements,500
2023,2025-02-17,D11,Eye Drops,Vision,250
2024,2025-03-31,D12,Bandages,First Aid,150
2024,2025-03-31,D13,Antiseptic Cream,First Aid,200
2025,2025-01-23,D06,Hand Sanitizer,Hygiene,150
2025,2025-01-23,D07,Face Masks,Hygiene,200
2026,2025-05-16,D06,Hand Sanitizer,Hygiene,150
2026,2025-05-16,D13,Antiseptic Cream,First Aid,200
2027,2025-01-28,D14,Baby Lotion,Baby Care,350
2027,2025-01-28,D15,Baby Diapers,Baby Care,1200
2028,2025-04-28,D05,Vitamin C Tablets,Supplements,400
2028,2025-04-28,D16,Multivitamin Gummies,Supplements,500
2029,2025-01-18,D07,Face Masks,Hygiene,200
2029,2025-01-18,D03,Cold & Flu Syrup,Cold Remedy,350
2029,2025-01-18,D17,Reading Puzzle Book,Stationery/Leisure,300
2030,2025-05-16,D13,Antiseptic Cream,First Aid,200
2030,2025-05-16,D10,Reading Glasses,Vision,600
2030,2025-05-16,D02,Ibuprofen,Pain Relief,150
2030,2025-05-16,D05,Vitamin C Tablets,Supplements,400
2031,2025-03-16,D08,Sunscreen SPF50,Skincare,800
2031,2025-03-16,D09,Aloe Vera Gel,Skincare,350
2032,2025-01-08,D01,Paracetamol,Pain Relief,100
2032,2025-01-08,D17,Reading Puzzle Book,Stationery/Leisure,300
2032,2025-01-08,D07,Face Masks,Hygiene,200
2032,2025-01-08,D06,Hand Sanitizer,Hygiene,150
2033,2025-06-18,D07,Face Masks,Hygiene,200
2033,2025-06-18,D01,Paracetamol,Pain Relief,100
2033,2025-06-18,D02,Ibuprofen,Pain Relief,150
2034,2025-02-03,D09,Aloe Vera Gel,Skincare,350
2034,2025-02-03,D15,Baby Diapers,Baby Care,1200
2034,2025-02-03,D01,Paracetamol,Pain Relief,100
2035,2025-03-29,D14,Baby Lotion,Baby Care,350
2035,2025-03-29,D15,Baby Diapers,Baby Care,1200
2036,2025-01-18,D12,Bandages,First Aid,150
2036,2025-01-18,D13,Antiseptic Cream,First Aid,200
2037,2025-03-15,D11,Eye Drops,Vision,250
2037,2025-03-15,D14,Baby Lotion,Baby Care,350
2038,2025-05-11,D10,Reading Glasses,Vision,600
2038,2025-05-11,D17,Reading Puzzle Book,Stationery/Leisure,300
2038,2025-05-11,D11,Eye Drops,Vision,250
2038,2025-05-11,D04,Tissues,Cold Remedy,100
2039,2025-05-27,D05,Vitamin C Tablets,Supplements,400
2039,2025-05-27,D11,Eye Drops,Vision,250
2040,2025-06-09,D14,Baby Lotion,Baby Care,350
2040,2025-06-09,D15,Baby Diapers,Baby Care,1200
2041,2025-03-11,D05,Vitamin C Tablets,Supplements,400
2041,2025-03-11,D15,Baby Diapers,Baby Care,1200
2042,2025-02-25,D13,Antiseptic Cream,First Aid,200
2043,2025-01-22,D08,Sunscreen SPF50,Skincare,800
2043,2025-01-22,D09,Aloe Vera Gel,Skincare,350
2044,2025-04-24,D10,Reading Glasses,Vision,600
2044,2025-04-24,D17,Reading Puzzle Book,Stationery/Leisure,300
2045,2025-01-30,D05,Vitamin C Tablets,Supplements,400
2045,2025-01-30,D04,Tissues,Cold Remedy,100
2046,2025-01-16,D15,Baby Diapers,Baby Care,1200
2046,2025-01-16,D11,Eye Drops,Vision,250
2047,2025-04-21,D10,Reading Glasses,Vision,600
2047,2025-04-21,D17,Reading Puzzle Book,Stationery/Leisure,300
2048,2025-01-01,D12,Bandages,First Aid,150
2048,2025-01-01,D13,Antiseptic Cream,First Aid,200
2049,2025-06-16,D15,Baby Diapers,Baby Care,1200
2049,2025-06-16,D06,Hand Sanitizer,Hygiene,150
2049,2025-06-16,D11,Eye Drops,Vision,250
2049,2025-06-16,D02,Ibuprofen,Pain Relief,150
2050,2025-01-31,D14,Baby Lotion,Baby Care,350
2050,2025-01-31,D15,Baby Diapers,Baby Care,1200
2051,2025-04-30,D01,Paracetamol,Pain Relief,100
2051,2025-04-30,D10,Reading Glasses,Vision,600
2052,2025-06-20,D08,Sunscreen SPF50,Skincare,800
2052,2025-06-20,D09,Aloe Vera Gel,Skincare,350
2053,2025-02-19,D09,Aloe Vera Gel,Skincare,350
2054,2025-05-02,D03,Cold & Flu Syrup,Cold Remedy,350
2054,2025-05-02,D04,Tissues,Cold Remedy,100
2054,2025-05-02,D05,Vitamin C Tablets,Supplements,400
2055,2025-01-08,D04,Tissues,Cold Remedy,100
2055,2025-01-08,D08,Sunscreen SPF50,Skincare,800
2055,2025-01-08,D01,Paracetamol,Pain Relief,100
2055,2025-01-08,D16,Multivitamin Gummies,Supplements,500
2056,2025-04-25,D14,Baby Lotion,Baby Care,350
2056,2025-04-25,D01,Paracetamol,Pain Relief,100
2056,2025-04-25,D11,Eye Drops,Vision,250
2056,2025-04-25,D05,Vitamin C Tablets,Supplements,400
2057,2025-04-14,D05,Vitamin C Tablets,Supplements,400
2057,2025-04-14,D16,Multivitamin Gummies,Supplements,500
2058,2025-04-24,D01,Paracetamol,Pain Relief,100
2058,2025-04-24,D10,Reading Glasses,Vision,600
2058,2025-04-24,D17,Reading Puzzle Book,Stationery/Leisure,300
2058,2025-04-24,D04,Tissues,Cold Remedy,100
2059,2025-06-21,D07,Face Masks,Hygiene,200
2059,2025-06-21,D16,Multivitamin Gummies,Supplements,500
2059,2025-06-21,D05,Vitamin C Tablets,Supplements,400
2060,2025-02-05,D10,Reading Glasses,Vision,600
2060,2025-02-05,D17,Reading Puzzle Book,Stationery/Leisure,300
2060,2025-02-05,D11,Eye Drops,Vision,250
2061,2025-05-13,D14,Baby Lotion,Baby Care,350
2061,2025-05-13,D15,Baby Diapers,Baby Care,1200
2062,2025-06-13,D05,Vitamin C Tablets,Supplements,400
2062,2025-06-13,D16,Multivitamin Gummies,Supplements,500
2063,2025-06-12,D03,Cold & Flu Syrup,Cold Remedy,350
2063,2025-06-12,D09,Aloe Vera Gel,Skincare,350
2063,2025-06-12,D07,Face Masks,Hygiene,200
2063,2025-06-12,D01,Paracetamol,Pain Relief,100
2064,2025-06-06,D06,Hand Sanitizer,Hygiene,150
2064,2025-06-06,D07,Face Masks,Hygiene,200
2064,2025-06-06,D04,Tissues,Cold Remedy,100
2065,2025-01-29,D08,Sunscreen SPF50,Skincare,800
2065,2025-01-29,D09,Aloe Vera Gel,Skincare,350
2065,2025-01-29,D17,Reading Puzzle Book,Stationery/Leisure,300
2066,2025-02-20,D08,Sunscreen SPF50,Skincare,800
2066,2025-02-20,D09,Aloe Vera Gel,Skincare,350
2067,2025-04-03,D06,Hand Sanitizer,Hygiene,150
2067,2025-04-03,D05,Vitamin C Tablets,Supplements,400
2068,2025-02-27,D11,Eye Drops,Vision,250
2069,2025-05-24,D14,Baby Lotion,Baby Care,350
2069,2025-05-24,D15,Baby Diapers,Baby Care,1200
2070,2025-02-25,D10,Reading Glasses,Vision,600
2070,2025-02-25,D17,Reading Puzzle Book,Stationery/Leisure,300
2070,2025-02-25,D11,Eye Drops,Vision,250
2071,2025-03-01,D02,Ibuprofen,Pain Relief,150
2071,2025-03-01,D12,Bandages,First Aid,150
2071,2025-03-01,D15,Baby Diapers,Baby Care,1200
2071,2025-03-01,D08,Sunscreen SPF50,Skincare,800
2072,2025-02-28,D12,Bandages,First Aid,150
2072,2025-02-28,D13,Antiseptic Cream,First Aid,200
2073,2025-05-02,D12,Bandages,First Aid,150
2073,2025-05-02,D14,Baby Lotion,Baby Care,350
2073,2025-05-02,D02,Ibuprofen,Pain Relief,150
2073,2025-05-02,D09,Aloe Vera Gel,Skincare,350
2074,2025-03-29,D08,Sunscreen SPF50,Skincare,800
2074,2025-03-29,D09,Aloe Vera Gel,Skincare,350
2074,2025-03-29,D16,Multivitamin Gummies,Supplements,500
2075,2025-03-22,D04,Tissues,Cold Remedy,100
2076,2025-05-16,D12,Bandages,First Aid,150
2076,2025-05-16,D13,Antiseptic Cream,First Aid,200
2077,2025-04-20,D12,Bandages,First Aid,150
2077,2025-04-20,D06,Hand Sanitizer,Hygiene,150
2078,2025-03-12,D15,Baby Diapers,Baby Care,1200
2079,2025-04-12,D01,Paracetamol,Pain Relief,100
2079,2025-04-12,D10,Reading Glasses,Vision,600
2080,2025-04-05,D07,Face Masks,Hygiene,200
2080,2025-04-05,D03,Cold & Flu Syrup,Cold Remedy,350
2080,2025-04-05,D08,Sunscreen SPF50,Skincare,800
2080,2025-04-05,D01,Paracetamol,Pain Relief,100
2081,2025-02-15,D12,Bandages,First Aid,150
2081,2025-02-15,D13,Antiseptic Cream,First Aid,200
2082,2025-02-06,D14,Baby Lotion,Baby Care,350
2082,2025-02-06,D15,Baby Diapers,Baby Care,1200
2083,2025-02-19,D10,Reading Glasses,Vision,600
2084,2025-03-10,D14,Baby Lotion,Baby Care,350
2084,2025-03-10,D09,Aloe Vera Gel,Skincare,350
2084,2025-03-10,D05,Vitamin C Tablets,Supplements,400
2084,2025-03-10,D17,Reading Puzzle Book,Stationery/Leisure,300
2085,2025-03-31,D12,Bandages,First Aid,150
2086,2025-03-20,D12,Bandages,First Aid,150
2086,2025-03-20,D13,Antiseptic Cream,First Aid,200
2087,2025-05-14,D06,Hand Sanitizer,Hygiene,150
2087,2025-05-14,D07,Face Masks,Hygiene,200
2088,2025-03-08,D12,Bandages,First Aid,150
2088,2025-03-08,D13,Antiseptic Cream,First Aid,200
2089,2025-01-05,D06,Hand Sanitizer,Hygiene,150
2089,2025-01-05,D07,Face Masks,Hygiene,200
2090,2025-05-17,D12,Bandages,First Aid,150
2090,2025-05-17,D13,Antiseptic Cream,First Aid,200
2090,2025-05-17,D08,Sunscreen SPF50,Skincare,800
2090,2025-05-17,D04,Tissues,Cold Remedy,100
2091,2025-03-15,D14,Baby Lotion,Baby Care,350
2091,2025-03-15,D15,Baby Diapers,Baby Care,1200
2092,2025-05-22,D08,Sunscreen SPF50,Skincare,800
2092,2025-05-22,D04,Tissues,Cold Remedy,100
2092,2025-05-22,D11,Eye Drops,Vision,250
2093,2025-03-03,D03,Cold & Flu Syrup,Cold Remedy,350
2093,2025-03-03,D04,Tissues,Cold Remedy,100
2094,2025-05-27,D17,Reading Puzzle Book,Stationery/Leisure,300
2095,2025-01-01,D13,Antiseptic Cream,First Aid,200
2096,2025-03-10,D08,Sunscreen SPF50,Skincare,800
2096,2025-03-10,D09,Aloe Vera Gel,Skincare,350
2097,2025-03-05,D08,Sunscreen SPF50,Skincare,800
2097,2025-03-05,D09,Aloe Vera Gel,Skincare,350
2098,2025-01-20,D05,Vitamin C Tablets,Supplements,400
2098,2025-01-20,D16,Multivitamin Gummies,Supplements,500
2099,2025-01-24,D10,Reading Glasses,Vision,600
2099,2025-01-24,D17,Reading Puzzle Book,Stationery/Leisure,300
2100,2025-06-10,D08,Sunscreen SPF50,Skincare,800
2100,2025-06-10,D09,Aloe Vera Gel,Skincare,350
2100,2025-06-10,D14,Baby Lotion,Baby Care,350
2101,2025-06-16,D14,Baby Lotion,Baby Care,350
2101,2025-06-16,D15,Baby Diapers,Baby Care,1200
2102,2025-06-20,D14,Baby Lotion,Baby Care,350
2103,2025-02-22,D06,Hand Sanitizer,Hygiene,150
2103,2025-02-22,D07,Face Masks,Hygiene,200
2104,2025-04-08,D15,Baby Diapers,Baby Care,1200
2104,2025-04-08,D10,Reading Glasses,Vision,600
2104,2025-04-08,D16,Multivitamin Gummies,Supplements,500
2105,2025-01-14,D14,Baby Lotion,Baby Care,350
2105,2025-01-14,D15,Baby Diapers,Baby Care,1200
2106,2025-04-17,D09,Aloe Vera Gel,Skincare,350
2106,2025-04-17,D07,Face Masks,Hygiene,200
2107,2025-02-24,D13,Antiseptic Cream,First Aid,200
2108,2025-06-05,D06,Hand Sanitizer,Hygiene,150
2108,2025-06-05,D07,Face Masks,Hygiene,200
2109,2025-01-09,D05,Vitamin C Tablets,Supplements,400
2109,2025-01-09,D16,Multivitamin Gummies,Supplements,500
2110,2025-06-19,D14,Baby Lotion,Baby Care,350
2110,2025-06-19,D15,Baby Diapers,Baby Care,1200
2111,2025-03-29,D11,Eye Drops,Vision,250
2111,2025-03-29,D15,Baby Diapers,Baby Care,1200
2111,2025-03-29,D13,Antiseptic Cream,First Aid,200
2111,2025-03-29,D17,Reading Puzzle Book,Stationery/Leisure,300
2112,2025-05-17,D14,Baby Lotion,Baby Care,350
2113,2025-02-08,D12,Bandages,First Aid,150
2113,2025-02-08,D16,Multivitamin Gummies,Supplements,500
2114,2025-06-13,D09,Aloe Vera Gel,Skincare,350
2114,2025-06-13,D11,Eye Drops,Vision,250
2115,2025-01-07,D10,Reading Glasses,Vision,600
2115,2025-01-07,D17,Reading Puzzle Book,Stationery/Leisure,300
2116,2025-03-27,D06,Hand Sanitizer,Hygiene,150
2116,2025-03-27,D07,Face Masks,Hygiene,200
2117,2025-03-01,D12,Bandages,First Aid,150
2117,2025-03-01,D13,Antiseptic Cream,First Aid,200
2118,2025-03-25,D08,Sunscreen SPF50,Skincare,800
2118,2025-03-25,D09,Aloe Vera Gel,Skincare,350
2119,2025-01-04,D05,Vitamin C Tablets,Supplements,400
2119,2025-01-04,D16,Multivitamin Gummies,Supplements,500
2120,2025-01-06,D06,Hand Sanitizer,Hygiene,150
2120,2025-01-06,D07,Face Masks,Hygiene,200
2121,2025-04-23,D03,Cold & Flu Syrup,Cold Remedy,350
2122,2025-02-08,D06,Hand Sanitizer,Hygiene,150
2123,2025-03-22,D06,Hand Sanitizer,Hygiene,150
2123,2025-03-22,D07,Face Masks,Hygiene,200
2124,2025-02-27,D04,Tissues,Cold Remedy,100
2125,2025-01-28,D05,Vitamin C Tablets,Supplements,400
2126,2025-02-03,D14,Baby Lotion,Baby Care,350
2126,2025-02-03,D17,Reading Puzzle Book,Stationery/Leisure,300
2127,2025-05-19,D05,Vitamin C Tablets,Supplements,400
2127,2025-05-19,D10,Reading Glasses,Vision,600
2128,2025-01-02,D12,Bandages,First Aid,150
2128,2025-01-02,D13,Antiseptic Cream,First Aid,200
2129,2025-04-03,D14,Baby Lotion,Baby Care,350
2129,2025-04-03,D15,Baby Diapers,Baby Care,1200
2130,2025-02-02,D10,Reading Glasses,Vision,600
2131,2025-03-13,D06,Hand Sanitizer,Hygiene,150
2131,2025-03-13,D07,Face Masks,Hygiene,200
2132,2025-05-08,D05,Vitamin C Tablets,Supplements,400
2132,2025-05-08,D16,Multivitamin Gummies,Supplements,500
2133,2025-05-25,D10,Reading Glasses,Vision,600
2133,2025-05-25,D17,Reading Puzzle Book,Stationery/Leisure,300
2134,2025-03-26,D03,Cold & Flu Syrup,Cold Remedy,350
2134,2025-03-26,D04,Tissues,Cold Remedy,100
2134,2025-03-26,D17,Reading Puzzle Book,Stationery/Leisure,300
2135,2025-03-04,D08,Sunscreen SPF50,Skincare,800
2135,2025-03-04,D09,Aloe Vera Gel,Skincare,350
2136,2025-02-26,D03,Cold & Flu Syrup,Cold Remedy,350
2136,2025-02-26,D15,Baby Diapers,Baby Care,1200
2136,2025-02-26,D05,Vitamin C Tablets,Supplements,400
2136,2025-02-26,D11,Eye Drops,Vision,250
2137,2025-06-20,D03,Cold & Flu Syrup,Cold Remedy,350
2137,2025-06-20,D10,Reading Glasses,Vision,600
2137,2025-06-20,D16,Multivitamin Gummies,Supplements,500
2137,2025-06-20,D07,Face Masks,Hygiene,200
2138,2025-05-16,D15,Baby Diapers,Baby Care,1200
2138,2025-05-16,D03,Cold & Flu Syrup,Cold Remedy,350
2138,2025-05-16,D11,Eye Drops,Vision,250
2139,2025-03-04,D07,Face Masks,Hygiene,200
2140,2025-01-07,D14,Baby Lotion,Baby Care,350
2140,2025-01-07,D04,Tissues,Cold Remedy,100
2141,2025-02-21,D14,Baby Lotion,Baby Care,350
2141,2025-02-21,D17,Reading Puzzle Book,Stationery/Leisure,300
2141,2025-02-21,D07,Face Masks,Hygiene,200
2141,2025-02-21,D05,Vitamin C Tablets,Supplements,400
2142,2025-01-16,D12,Bandages,First Aid,150
2142,2025-01-16,D13,Antiseptic Cream,First Aid,200
2143,2025-01-06,D08,Sunscreen SPF50,Skincare,800
2143,2025-01-06,D15,Baby Diapers,Baby Care,1200
2144,2025-02-03,D02,Ibuprofen,Pain Relief,150
2144,2025-02-03,D14,Baby Lotion,Baby Care,350
2145,2025-02-22,D02,Ibuprofen,Pain Relief,150
2146,2025-04-09,D06,Hand Sanitizer,Hygiene,150
2146,2025-04-09,D07,Face Masks,Hygiene,200
2146,2025-04-09,D12,Bandages,First Aid,150
2147,2025-06-21,D10,Reading Glasses,Vision,600
2147,2025-06-21,D17,Reading Puzzle Book,Stationery/Leisure,300
2148,2025-06-10,D09,Aloe Vera Gel,Skincare,350
2149,2025-04-24,D06,Hand Sanitizer,Hygiene,150
2149,2025-04-24,D07,Face Masks,Hygiene,200
2150,2025-02-02,D12,Bandages,First Aid,150
2150,2025-02-02,D09,Aloe Vera Gel,Skincare,350
2150,2025-02-02,D01,Paracetamol,Pain Relief,100
2150,2025-02-02,D02,Ibuprofen,Pain Relief,150
2151,2025-01-06,D08,Sunscreen SPF50,Skincare,800
2151,2025-01-06,D09,Aloe Vera Gel,Skincare,350
2152,2025-04-06,D14,Baby Lotion,Baby Care,350
2152,2025-04-06,D03,Cold & Flu Syrup,Cold Remedy,350
2152,2025-04-06,D06,Hand Sanitizer,Hygiene,150
2153,2025-03-12,D10,Reading Glasses,Vision,600
2154,2025-01-21,D06,Hand Sanitizer,Hygiene,150
2155,2025-03-03,D03,Cold & Flu Syrup,Cold Remedy,350
2155,2025-03-03,D04,Tissues,Cold Remedy,100
2155,2025-03-03,D05,Vitamin C Tablets,Supplements,400
2155,2025-03-03,D16,Multivitamin Gummies,Supplements,500
2156,2025-01-28,D16,Multivitamin Gummies,Supplements,500
2157,2025-05-12,D14,Baby Lotion,Baby Care,350
2157,2025-05-12,D15,Baby Diapers,Baby Care,1200
2158,2025-06-13,D08,Sunscreen SPF50,Skincare,800
2158,2025-06-13,D09,Aloe Vera Gel,Skincare,350
2159,2025-03-05,D09,Aloe Vera Gel,Skincare,350
2160,2025-04-14,D07,Face Masks,Hygiene,200
2160,2025-04-14,D04,Tissues,Cold Remedy,100
2160,2025-04-14,D08,Sunscreen SPF50,Skincare,800
2161,2025-02-15,D03,Cold & Flu Syrup,Cold Remedy,350
2161,2025-02-15,D04,Tissues,Cold Remedy,100
2161,2025-02-15,D05,Vitamin C Tablets,Supplements,400
2162,2025-04-23,D15,Baby Diapers,Baby Care,1200
2163,2025-06-29,D03,Cold & Flu Syrup,Cold Remedy,350
2163,2025-06-29,D04,Tissues,Cold Remedy,100
2164,2025-05-06,D06,Hand Sanitizer,Hygiene,150
2165,2025-01-20,D14,Baby Lotion,Baby Care,350
2165,2025-01-20,D15,Baby Diapers,Baby Care,1200
2166,2025-04-21,D05,Vitamin C Tablets,Supplements,400
2167,2025-06-30,D05,Vitamin C Tablets,Supplements,400
2167,2025-06-30,D16,Multivitamin Gummies,Supplements,500
2168,2025-02-06,D14,Baby Lotion,Baby Care,350
2168,2025-02-06,D06,Hand Sanitizer,Hygiene,150
2168,2025-02-06,D13,Antiseptic Cream,First Aid,200
2168,2025-02-06,D11,Eye Drops,Vision,250
2169,2025-04-02,D08,Sunscreen SPF50,Skincare,800
2169,2025-04-02,D09,Aloe Vera Gel,Skincare,350
2170,2025-04-03,D11,Eye Drops,Vision,250
2170,2025-04-03,D12,Bandages,First Aid,150
2170,2025-04-03,D04,Tissues,Cold Remedy,100
2171,2025-05-20,D05,Vitamin C Tablets,Supplements,400
2171,2025-05-20,D16,Multivitamin Gummies,Supplements,500
2172,2025-06-09,D10,Reading Glasses,Vision,600
2172,2025-06-09,D17,Reading Puzzle Book,Stationery/Leisure,300
2173,2025-05-05,D05,Vitamin C Tablets,Supplements,400
2173,2025-05-05,D16,Multivitamin Gummies,Supplements,500
2174,2025-01-12,D05,Vitamin C Tablets,Supplements,400
2174,2025-01-12,D16,Multivitamin Gummies,Supplements,500
2175,2025-01-18,D06,Hand Sanitizer,Hygiene,150
2175,2025-01-18,D14,Baby Lotion,Baby Care,350
2176,2025-06-05,D03,Cold & Flu Syrup,Cold Remedy,350
2176,2025-06-05,D04,Tissues,Cold Remedy,100
2177,2025-06-23,D06,Hand Sanitizer,Hygiene,150
2177,2025-06-23,D07,Face Masks,Hygiene,200
2178,2025-01-09,D04,Tissues,Cold Remedy,100
2178,2025-01-09,D03,Cold & Flu Syrup,Cold Remedy,350
2179,2025-01-11,D15,Baby Diapers,Baby Care,1200
2179,2025-01-11,D01,Paracetamol,Pain Relief,100
2179,2025-01-11,D16,Multivitamin Gummies,Supplements,500
2180,2025-05-23,D05,Vitamin C Tablets,Supplements,400
2180,2025-05-23,D16,Multivitamin Gummies,Supplements,500
2181,2025-05-18,D06,Hand Sanitizer,Hygiene,150
2181,2025-05-18,D07,Face Masks,Hygiene,200
2181,2025-05-18,D11,Eye Drops,Vision,250
2182,2025-06-08,D10,Reading Glasses,Vision,600
2182,2025-06-08,D17,Reading Puzzle Book,Stationery/Leisure,300
2183,2025-04-05,D14,Baby Lotion,Baby Care,350
2183,2025-04-05,D15,Baby Diapers,Baby Care,1200
2184,2025-04-27,D06,Hand Sanitizer,Hygiene,150
2185,2025-05-07,D03,Cold & Flu Syrup,Cold Remedy,350
2186,2025-01-14,D11,Eye Drops,Vision,250
2186,2025-01-14,D13,Antiseptic Cream,First Aid,200
2187,2025-03-28,D12,Bandages,First Aid,150
2188,2025-01-29,D08,Sunscreen SPF50,Skincare,800
2188,2025-01-29,D02,Ibuprofen,Pain Relief,150
2188,2025-01-29,D12,Bandages,First Aid,150
2188,2025-01-29,D07,Face Masks,Hygiene,200
2189,2025-04-26,D09,Aloe Vera Gel,Skincare,350
2189,2025-04-26,D06,Hand Sanitizer,Hygiene,150
2189,2025-04-26,D16,Multivitamin Gummies,Supplements,500
2189,2025-04-26,D17,Reading Puzzle Book,Stationery/Leisure,300
2190,2025-03-26,D10,Reading Glasses,Vision,600
2190,2025-03-26,D16,Multivitamin Gummies,Supplements,500
2190,2025-03-26,D06,Hand Sanitizer,Hygiene,150
2190,2025-03-26,D11,Eye Drops,Vision,250
2191,2025-05-11,D06,Hand Sanitizer,Hygiene,150
2191,2025-05-11,D08,Sunscreen SPF50,Skincare,800
2192,2025-06-19,D02,Ibuprofen,Pain Relief,150
2193,2025-02-28,D10,Reading Glasses,Vision,600
2193,2025-02-28,D17,Reading Puzzle Book,Stationery/Leisure,300
2193,2025-02-28,D11,Eye Drops,Vision,250
2194,2025-02-10,D16,Multivitamin Gummies,Supplements,500
2195,2025-06-27,D05,Vitamin C Tablets,Supplements,400
2195,2025-06-27,D14,Baby Lotion,Baby Care,350
2196,2025-03-26,D04,Tissues,Cold Remedy,100
2196,2025-03-26,D09,Aloe Vera Gel,Skincare,350
2196,2025-03-26,D05,Vitamin C Tablets,Supplements,400
2197,2025-01-18,D13,Antiseptic Cream,First Aid,200
2198,2025-06-21,D03,Cold & Flu Syrup,Cold Remedy,350
2198,2025-06-21,D04,Tissues,Cold Remedy,100
2199,2025-05-19,D14,Baby Lotion,Baby Care,350
2199,2025-05-19,D15,Baby Diapers,Baby Care,1200
2200,2025-02-11,D08,Sunscreen SPF50,Skincare,800
2200,2025-02-11,D09,Aloe Vera Gel,Skincare,350
2201,2025-01-17,D09,Aloe Vera Gel,Skincare,350
2201,2025-01-17,D17,Reading Puzzle Book,Stationery/Leisure,300
2201,2025-01-17,D06,Hand Sanitizer,Hygiene,150
2202,2025-02-02,D10,Reading Glasses,Vision,600
2202,2025-02-02,D17,Reading Puzzle Book,Stationery/Leisure,300
2202,2025-02-02,D11,Eye Drops,Vision,250
2203,2025-06-19,D05,Vitamin C Tablets,Supplements,400
2203,2025-06-19,D11,Eye Drops,Vision,250
2204,2025-05-08,D12,Bandages,First Aid,150
2204,2025-05-08,D13,Antiseptic Cream,First Aid,200
2205,2025-05-16,D05,Vitamin C Tablets,Supplements,400
2205,2025-05-16,D16,Multivitamin Gummies,Supplements,500
2206,2025-02-22,D03,Cold & Flu Syrup,Cold Remedy,350
2206,2025-02-22,D04,Tissues,Cold Remedy,100
2206,2025-02-22,D05,Vitamin C Tablets,Supplements,400
2207,2025-01-06,D05,Vitamin C Tablets,Supplements,400
2207,2025-01-06,D16,Multivitamin Gummies,Supplements,500
2208,2025-05-18,D12,Bandages,First Aid,150
2209,2025-02-23,D14,Baby Lotion,Baby Care,350
2209,2025-02-23,D15,Baby Diapers,Baby Care,1200
2210,2025-04-27,D10,Reading Glasses,Vision,600
2211,2025-04-08,D07,Face Masks,Hygiene,200
2212,2025-02-25,D16,Multivitamin Gummies,Supplements,500
2213,2025-02-20,D02,Ibuprofen,Pain Relief,150
2213,2025-02-20,D11,Eye Drops,Vision,250
2214,2025-01-01,D15,Baby Diapers,Baby Care,1200
2215,2025-04-22,D08,Sunscreen SPF50,Skincare,800
2215,2025-04-22,D09,Aloe Vera Gel,Skincare,350
2216,2025-01-19,D07,Face Masks,Hygiene,200
2216,2025-01-19,D03,Cold & Flu Syrup,Cold Remedy,350
2217,2025-03-26,D13,Antiseptic Cream,First Aid,200
2217,2025-03-26,D07,Face Masks,Hygiene,200
2218,2025-06-21,D16,Multivitamin Gummies,Supplements,500
2218,2025-06-21,D04,Tissues,Cold Remedy,100
2219,2025-03-21,D17,Reading Puzzle Book,Stationery/Leisure,300
2220,2025-03-09,D06,Hand Sanitizer,Hygiene,150
2220,2025-03-09,D07,Face Masks,Hygiene,200
2221,2025-04-05,D03,Cold & Flu Syrup,Cold Remedy,350
2221,2025-04-05,D04,Tissues,Cold Remedy,100
2222,2025-01-15,D04,Tissues,Cold Remedy,100
2222,2025-01-15,D16,Multivitamin Gummies,Supplements,500
2222,2025-01-15,D09,Aloe Vera Gel,Skincare,350
2223,2025-05-09,D11,Eye Drops,Vision,250
2223,2025-05-09,D08,Sunscreen SPF50,Skincare,800
2223,2025-05-09,D03,Cold & Flu Syrup,Cold Remedy,350
2224,2025-04-01,D10,Reading Glasses,Vision,600
2224,2025-04-01,D11,Eye Drops,Vision,250
2224,2025-04-01,D08,Sunscreen SPF50,Skincare,800
2224,2025-04-01,D02,Ibuprofen,Pain Relief,150
2225,2025-03-20,D14,Baby Lotion,Baby Care,350
2225,2025-03-20,D15,Baby Diapers,Baby Care,1200
2226,2025-06-15,D14,Baby Lotion,Baby Care,350
2226,2025-06-15,D15,Baby Diapers,Baby Care,1200
2227,2025-04-06,D12,Bandages,First Aid,150
2227,2025-04-06,D13,Antiseptic Cream,First Aid,200
2228,2025-01-05,D09,Aloe Vera Gel,Skincare,350
2229,2025-01-09,D08,Sunscreen SPF50,Skincare,800
2229,2025-01-09,D09,Aloe Vera Gel,Skincare,350
2230,2025-05-27,D11,Eye Drops,Vision,250
2230,2025-05-27,D10,Reading Glasses,Vision,600
2231,2025-06-23,D12,Bandages,First Aid,150
2231,2025-06-23,D09,Aloe Vera Gel,Skincare,350
2231,2025-06-23,D16,Multivitamin Gummies,Supplements,500
2232,2025-04-26,D08,Sunscreen SPF50,Skincare,800
2233,2025-05-07,D03,Cold & Flu Syrup,Cold Remedy,350
2233,2025-05-07,D04,Tissues,Cold Remedy,100
2234,2025-02-08,D10,Reading Glasses,Vision,600
2234,2025-02-08,D17,Reading Puzzle Book,Stationery/Leisure,300
2235,2025-03-08,D03,Cold & Flu Syrup,Cold Remedy,350
2235,2025-03-08,D04,Tissues,Cold Remedy,100
2236,2025-05-12,D13,Antiseptic Cream,First Aid,200
2236,2025-05-12,D15,Baby Diapers,Baby Care,1200
2237,2025-05-11,D12,Bandages,First Aid,150
2237,2025-05-11,D13,Antiseptic Cream,First Aid,200
2238,2025-06-16,D08,Sunscreen SPF50,Skincare,800
2238,2025-06-16,D09,Aloe Vera Gel,Skincare,350
2238,2025-06-16,D05,Vitamin C Tablets,Supplements,400
2239,2025-03-31,D08,Sunscreen SPF50,Skincare,800
2239,2025-03-31,D09,Aloe Vera Gel,Skincare,350
2240,2025-06-17,D07,Face Masks,Hygiene,200
2241,2025-06-30,D14,Baby Lotion,Baby Care,350
2241,2025-06-30,D04,Tissues,Cold Remedy,100
2241,2025-06-30,D02,Ibuprofen,Pain Relief,150
2242,2025-02-19,D10,Reading Glasses,Vision,600
2242,2025-02-19,D06,Hand Sanitizer,Hygiene,150
2242,2025-02-19,D15,Baby Diapers,Baby Care,1200
2243,2025-04-07,D08,Sunscreen SPF50,Skincare,800
2243,2025-04-07,D09,Aloe Vera Gel,Skincare,350
2244,2025-06-06,D16,Multivitamin Gummies,Supplements,500
2244,2025-06-06,D04,Tissues,Cold Remedy,100
2245,2025-02-20,D06,Hand Sanitizer,Hygiene,150
2245,2025-02-20,D07,Face Masks,Hygiene,200
2246,2025-06-04,D05,Vitamin C Tablets,Supplements,400
2246,2025-06-04,D11,Eye Drops,Vision,250
2247,2025-02-07,D01,Paracetamol,Pain Relief,100
2248,2025-04-19,D06,Hand Sanitizer,Hygiene,150
2248,2025-04-19,D07,Face Masks,Hygiene,200
2249,2025-04-14,D13,Antiseptic Cream,First Aid,200
2249,2025-04-14,D08,Sunscreen SPF50,Skincare,800
2249,2025-04-14,D05,Vitamin C Tablets,Supplements,400
2250,2025-05-17,D06,Hand Sanitizer,Hygiene,150
2250,2025-05-17,D08,Sunscreen SPF50,Skincare,800
2251,2025-06-11,D09,Aloe Vera Gel,Skincare,350
2252,2025-04-07,D05,Vitamin C Tablets,Supplements,400
2252,2025-04-07,D16,Multivitamin Gummies,Supplements,500
2253,2025-04-30,D14,Baby Lotion,Baby Care,350
2253,2025-04-30,D15,Baby Diapers,Baby Care,1200
2254,2025-06-26,D04,Tissues,Cold Remedy,100
2254,2025-06-26,D10,Reading Glasses,Vision,600
2255,2025-05-31,D02,Ibuprofen,Pain Relief,150
2256,2025-04-16,D08,Sunscreen SPF50,Skincare,800
2256,2025-04-16,D09,Aloe Vera Gel,Skincare,350
2257,2025-03-19,D08,Sunscreen SPF50,Skincare,800
2257,2025-03-19,D09,Aloe Vera Gel,Skincare,350
2258,2025-06-12,D12,Bandages,First Aid,150
2258,2025-06-12,D13,Antiseptic Cream,First Aid,200
2259,2025-05-08,D06,Hand Sanitizer,Hygiene,150
2259,2025-05-08,D01,Paracetamol,Pain Relief,100
2260,2025-03-14,D08,Sunscreen SPF50,Skincare,800
2260,2025-03-14,D09,Aloe Vera Gel,Skincare,350
2261,2025-01-11,D08,Sunscreen SPF50,Skincare,800
2261,2025-01-11,D09,Aloe Vera Gel,Skincare,350
2262,2025-05-27,D12,Bandages,First Aid,150
2262,2025-05-27,D13,Antiseptic Cream,First Aid,200
2263,2025-06-16,D05,Vitamin C Tablets,Supplements,400
2263,2025-06-16,D16,Multivitamin Gummies,Supplements,500
2264,2025-06-08,D08,Sunscreen SPF50,Skincare,800
2264,2025-06-08,D09,Aloe Vera Gel,Skincare,350
2265,2025-03-02,D04,Tissues,Cold Remedy,100
2265,2025-03-02,D06,Hand Sanitizer,Hygiene,150
2265,2025-03-02,D13,Antiseptic Cream,First Aid,200
2265,2025-03-02,D09,Aloe Vera Gel,Skincare,350
2266,2025-02-14,D08,Sunscreen SPF50,Skincare,800
2266,2025-02-14,D09,Aloe Vera Gel,Skincare,350
2267,2025-02-24,D05,Vitamin C Tablets,Supplements,400
2267,2025-02-24,D16,Multivitamin Gummies,Supplements,500
2268,2025-05-24,D11,Eye Drops,Vision,250
2269,2025-03-23,D10,Reading Glasses,Vision,600
2269,2025-03-23,D07,Face Masks,Hygiene,200
2269,2025-03-23,D15,Baby Diapers,Baby Care,1200
2269,2025-03-23,D14,Baby Lotion,Baby Care,350
2270,2025-06-16,D08,Sunscreen SPF50,Skincare,800
2270,2025-06-16,D05,Vitamin C Tablets,Supplements,400
2271,2025-05-14,D06,Hand Sanitizer,Hygiene,150
2271,2025-05-14,D07,Face Masks,Hygiene,200
2271,2025-05-14,D10,Reading Glasses,Vision,600
2272,2025-01-07,D12,Bandages,First Aid,150
2272,2025-01-07,D10,Reading Glasses,Vision,600
2272,2025-01-07,D08,Sunscreen SPF50,Skincare,800
2273,2025-05-25,D12,Bandages,First Aid,150
2273,2025-05-25,D13,Antiseptic Cream,First Aid,200
2274,2025-04-27,D10,Reading Glasses,Vision,600
2274,2025-04-27,D17,Reading Puzzle Book,Stationery/Leisure,300
2275,2025-01-30,D03,Cold & Flu Syrup,Cold Remedy,350
2275,2025-01-30,D04,Tissues,Cold Remedy,100
2275,2025-01-30,D05,Vitamin C Tablets,Supplements,400
2276,2025-01-07,D05,Vitamin C Tablets,Supplements,400
2276,2025-01-07,D16,Multivitamin Gummies,Supplements,500
2277,2025-04-21,D16,Multivitamin Gummies,Supplements,500
2278,2025-05-02,D03,Cold & Flu Syrup,Cold Remedy,350
2278,2025-05-02,D04,Tissues,Cold Remedy,100
2279,2025-05-13,D06,Hand Sanitizer,Hygiene,150
2279,2025-05-13,D07,Face Masks,Hygiene,200
2279,2025-05-13,D10,Reading Glasses,Vision,600
2280,2025-03-05,D05,Vitamin C Tablets,Supplements,400
2280,2025-03-05,D16,Multivitamin Gummies,Supplements,500
2281,2025-05-25,D11,Eye Drops,Vision,250
2281,2025-05-25,D05,Vitamin C Tablets,Supplements,400
2281,2025-05-25,D15,Baby Diapers,Baby Care,1200
2281,2025-05-25,D08,Sunscreen SPF50,Skincare,800
2282,2025-03-18,D07,Face Masks,Hygiene,200
2282,2025-03-18,D17,Reading Puzzle Book,Stationery/Leisure,300
2282,2025-03-18,D08,Sunscreen SPF50,Skincare,800
2282,2025-03-18,D02,Ibuprofen,Pain Relief,150
2283,2025-06-05,D12,Bandages,First Aid,150
2283,2025-06-05,D13,Antiseptic Cream,First Aid,200
2284,2025-06-03,D06,Hand Sanitizer,Hygiene,150
2284,2025-06-03,D07,Face Masks,Hygiene,200
2285,2025-04-02,D14,Baby Lotion,Baby Care,350
2285,2025-04-02,D15,Baby Diapers,Baby Care,1200
2286,2025-01-19,D08,Sunscreen SPF50,Skincare,800
2286,2025-01-19,D09,Aloe Vera Gel,Skincare,350
2287,2025-01-16,D15,Baby Diapers,Baby Care,1200
2288,2025-04-12,D08,Sunscreen SPF50,Skincare,800
2288,2025-04-12,D09,Aloe Vera Gel,Skincare,350
2289,2025-01-27,D12,Bandages,First Aid,150
2289,2025-01-27,D13,Antiseptic Cream,First Aid,200
2290,2025-04-16,D03,Cold & Flu Syrup,Cold Remedy,350
2290,2025-04-16,D04,Tissues,Cold Remedy,100
2291,2025-06-07,D12,Bandages,First Aid,150
2292,2025-01-07,D05,Vitamin C Tablets,Supplements,400
2292,2025-01-07,D16,Multivitamin Gummies,Supplements,500
2293,2025-03-02,D04,Tissues,Cold Remedy,100
2294,2025-04-22,D01,Paracetamol,Pain Relief,100
2294,2025-04-22,D07,Face Masks,Hygiene,200
2294,2025-04-22,D04,Tissues,Cold Remedy,100
2294,2025-04-22,D12,Bandages,First Aid,150
2295,2025-03-12,D12,Bandages,First Aid,150
2295,2025-03-12,D13,Antiseptic Cream,First Aid,200
2296,2025-03-27,D14,Baby Lotion,Baby Care,350
2296,2025-03-27,D15,Baby Diapers,Baby Care,1200
2297,2025-03-11,D10,Reading Glasses,Vision,600
2297,2025-03-11,D17,Reading Puzzle Book,Stationery/Leisure,300
2297,2025-03-11,D11,Eye Drops,Vision,250
2298,2025-01-28,D01,Paracetamol,Pain Relief,100
2298,2025-01-28,D16,Multivitamin Gummies,Supplements,500
2298,2025-01-28,D12,Bandages,First Aid,150
2299,2025-02-03,D15,Baby Diapers,Baby Care,1200
2300,2025-04-11,D06,Hand Sanitizer,Hygiene,150
2300,2025-04-11,D07,Face Masks,Hygiene,200
2301,2025-04-28,D10,Reading Glasses,Vision,600
2302,2025-05-19,D16,Multivitamin Gummies,Supplements,500
2302,2025-05-19,D03,Cold & Flu Syrup,Cold Remedy,350
2302,2025-05-19,D05,Vitamin C Tablets,Supplements,400
2303,2025-01-27,D06,Hand Sanitizer,Hygiene,150
2303,2025-01-27,D07,Face Masks,Hygiene,200
2304,2025-04-25,D10,Reading Glasses,Vision,600
2304,2025-04-25,D17,Reading Puzzle Book,Stationery/Leisure,300
2305,2025-05-17,D14,Baby Lotion,Baby Care,350
2305,2025-05-17,D15,Baby Diapers,Baby Care,1200
2306,2025-01-27,D01,Paracetamol,Pain Relief,100
2306,2025-01-27,D05,Vitamin C Tablets,Supplements,400
2306,2025-01-27,D15,Baby Diapers,Baby Care,1200
2306,2025-01-27,D14,Baby Lotion,Baby Care,350
2307,2025-05-04,D11,Eye Drops,Vision,250
2307,2025-05-04,D15,Baby Diapers,Baby Care,1200
2307,2025-05-04,D04,Tissues,Cold Remedy,100
2307,2025-05-04,D02,Ibuprofen,Pain Relief,150
2308,2025-05-16,D10,Reading Glasses,Vision,600
2309,2025-02-26,D08,Sunscreen SPF50,Skincare,800
2310,2025-03-24,D05,Vitamin C Tablets,Supplements,400
2311,2025-03-21,D12,Bandages,First Aid,150
2311,2025-03-21,D13,Antiseptic Cream,First Aid,200
2312,2025-05-27,D11,Eye Drops,Vision,250
2312,2025-05-27,D01,Paracetamol,Pain Relief,100
2312,2025-05-27,D16,Multivitamin Gummies,Supplements,500
2313,2025-03-12,D10,Reading Glasses,Vision,600
2314,2025-02-02,D14,Baby Lotion,Baby Care,350
2314,2025-02-02,D15,Baby Diapers,Baby Care,1200
2314,2025-02-02,D03,Cold & Flu Syrup,Cold Remedy,350
2315,2025-05-16,D10,Reading Glasses,Vision,600
2315,2025-05-16,D17,Reading Puzzle Book,Stationery/Leisure,300
2316,2025-06-25,D06,Hand Sanitizer,Hygiene,150
2316,2025-06-25,D07,Face Masks,Hygiene,200
2317,2025-06-23,D17,Reading Puzzle Book,Stationery/Leisure,300
2317,2025-06-23,D06,Hand Sanitizer,Hygiene,150
2318,2025-05-14,D10,Reading Glasses,Vision,600
2318,2025-05-14,D02,Ibuprofen,Pain Relief,150
2318,2025-05-14,D16,Multivitamin Gummies,Supplements,500
2318,2025-05-14,D15,Baby Diapers,Baby Care,1200
2319,2025-03-30,D10,Reading Glasses,Vision,600
2319,2025-03-30,D17,Reading Puzzle Book,Stationery/Leisure,300
2319,2025-03-30,D11,Eye Drops,Vision,250
2320,2025-04-25,D17,Reading Puzzle Book,Stationery/Leisure,300
2320,2025-04-25,D10,Reading Glasses,Vision,600
2320,2025-04-25,D14,Baby Lotion,Baby Care,350
2320,2025-04-25,D12,Bandages,First Aid,150
2321,2025-05-02,D06,Hand Sanitizer,Hygiene,150
2321,2025-05-02,D07,Face Masks,Hygiene,200
2322,2025-06-15,D07,Face Masks,Hygiene,200
2322,2025-06-15,D10,Reading Glasses,Vision,600
2323,2025-04-14,D08,Sunscreen SPF50,Skincare,800
2324,2025-06-09,D07,Face Masks,Hygiene,200
2324,2025-06-09,D17,Reading Puzzle Book,Stationery/Leisure,300
2324,2025-06-09,D05,Vitamin C Tablets,Supplements,400
2324,2025-06-09,D02,Ibuprofen,Pain Relief,150
2325,2025-06-15,D14,Baby Lotion,Baby Care,350
2325,2025-06-15,D15,Baby Diapers,Baby Care,1200
2326,2025-04-13,D08,Sunscreen SPF50,Skincare,800
2326,2025-04-13,D09,Aloe Vera Gel,Skincare,350
2327,2025-02-26,D08,Sunscreen SPF50,Skincare,800
2327,2025-02-26,D09,Aloe Vera Gel,Skincare,350
2328,2025-01-19,D03,Cold & Flu Syrup,Cold Remedy,350
2328,2025-01-19,D04,Tissues,Cold Remedy,100
2329,2025-01-10,D08,Sunscreen SPF50,Skincare,800
2329,2025-01-10,D09,Aloe Vera Gel,Skincare,350
2330,2025-04-02,D12,Bandages,First Aid,150
2330,2025-04-02,D13,Antiseptic Cream,First Aid,200
2331,2025-04-18,D06,Hand Sanitizer,Hygiene,150
2332,2025-04-27,D16,Multivitamin Gummies,Supplements,500
2332,2025-04-27,D09,Aloe Vera Gel,Skincare,350
2332,2025-04-27,D04,Tissues,Cold Remedy,100
2333,2025-06-06,D10,Reading Glasses,Vision,600
2333,2025-06-06,D17,Reading Puzzle Book,Stationery/Leisure,300
2334,2025-03-09,D05,Vitamin C Tablets,Supplements,400
2334,2025-03-09,D16,Multivitamin Gummies,Supplements,500
2334,2025-03-09,D10,Reading Glasses,Vision,600
2335,2025-02-01,D03,Cold & Flu Syrup,Cold Remedy,350
2335,2025-02-01,D04,Tissues,Cold Remedy,100
2336,2025-06-18,D05,Vitamin C Tablets,Supplements,400
2336,2025-06-18,D16,Multivitamin Gummies,Supplements,500
2337,2025-06-16,D03,Cold & Flu Syrup,Cold Remedy,350
2337,2025-06-16,D10,Reading Glasses,Vision,600
2338,2025-01-01,D06,Hand Sanitizer,Hygiene,150
2338,2025-01-01,D07,Face Masks,Hygiene,200
2339,2025-02-04,D15,Baby Diapers,Baby Care,1200
2339,2025-02-04,D10,Reading Glasses,Vision,600
2339,2025-02-04,D14,Baby Lotion,Baby Care,350
2339,2025-02-04,D17,Reading Puzzle Book,Stationery/Leisure,300
2340,2025-03-29,D12,Bandages,First Aid,150
2340,2025-03-29,D13,Antiseptic Cream,First Aid,200
2341,2025-03-28,D03,Cold & Flu Syrup,Cold Remedy,350
2341,2025-03-28,D04,Tissues,Cold Remedy,100
2341,2025-03-28,D05,Vitamin C Tablets,Supplements,400
2342,2025-06-13,D14,Baby Lotion,Baby Care,350
2343,2025-02-09,D05,Vitamin C Tablets,Supplements,400
2343,2025-02-09,D16,Multivitamin Gummies,Supplements,500
2344,2025-01-12,D11,Eye Drops,Vision,250
2344,2025-01-12,D01,Paracetamol,Pain Relief,100
2344,2025-01-12,D09,Aloe Vera Gel,Skincare,350
2344,2025-01-12,D12,Bandages,First Aid,150
2345,2025-05-14,D06,Hand Sanitizer,Hygiene,150
2345,2025-05-14,D07,Face Masks,Hygiene,200
2345,2025-05-14,D12,Bandages,First Aid,150
2346,2025-02-15,D11,Eye Drops,Vision,250
2346,2025-02-15,D01,Paracetamol,Pain Relief,100
2346,2025-02-15,D09,Aloe Vera Gel,Skincare,350
2347,2025-03-02,D13,Antiseptic Cream,First Aid,200
2347,2025-03-02,D07,Face Masks,Hygiene,200
2348,2025-03-28,D06,Hand Sanitizer,Hygiene,150
2348,2025-03-28,D07,Face Masks,Hygiene,200
2349,2025-06-17,D03,Cold & Flu Syrup,Cold Remedy,350
2350,2025-01-25,D17,Reading Puzzle Book,Stationery/Leisure,300
2350,2025-01-25,D14,Baby Lotion,Baby Care,350
2350,2025-01-25,D06,Hand Sanitizer,Hygiene,150
2351,2025-06-12,D10,Reading Glasses,Vision,600
2351,2025-06-12,D17,Reading Puzzle Book,Stationery/Leisure,300
2351,2025-06-12,D11,Eye Drops,Vision,250
2352,2025-06-25,D10,Reading Glasses,Vision,600
2352,2025-06-25,D17,Reading Puzzle Book,Stationery/Leisure,300
2352,2025-06-25,D14,Baby Lotion,Baby Care,350
2353,2025-05-12,D16,Multivitamin Gummies,Supplements,500
2354,2025-04-14,D08,Sunscreen SPF50,Skincare,800
2354,2025-04-14,D09,Aloe Vera Gel,Skincare,350
2355,2025-04-14,D09,Aloe Vera Gel,Skincare,350
2355,2025-04-14,D13,Antiseptic Cream,First Aid,200
2355,2025-04-14,D10,Reading Glasses,Vision,600
2356,2025-06-14,D13,Antiseptic Cream,First Aid,200
2356,2025-06-14,D06,Hand Sanitizer,Hygiene,150
2356,2025-06-14,D17,Reading Puzzle Book,Stationery/Leisure,300
2356,2025-06-14,D16,Multivitamin Gummies,Supplements,500
2357,2025-03-04,D14,Baby Lotion,Baby Care,350
2357,2025-03-04,D15,Baby Diapers,Baby Care,1200
2358,2025-06-30,D16,Multivitamin Gummies,Supplements,500
2358,2025-06-30,D12,Bandages,First Aid,150
2358,2025-06-30,D11,Eye Drops,Vision,250
2358,2025-06-30,D04,Tissues,Cold Remedy,100
2359,2025-02-10,D06,Hand Sanitizer,Hygiene,150
2359,2025-02-10,D07,Face Masks,Hygiene,200
2360,2025-03-20,D12,Bandages,First Aid,150
2360,2025-03-20,D13,Antiseptic Cream,First Aid,200
2361,2025-03-01,D12,Bandages,First Aid,150
2361,2025-03-01,D13,Antiseptic Cream,First Aid,200
2362,2025-06-15,D12,Bandages,First Aid,150
2362,2025-06-15,D13,Antiseptic Cream,First Aid,200
2363,2025-06-24,D12,Bandages,First Aid,150
2363,2025-06-24,D13,Antiseptic Cream,First Aid,200
2364,2025-05-15,D01,Paracetamol,Pain Relief,100
2364,2025-05-15,D17,Reading Puzzle Book,Stationery/Leisure,300
2365,2025-06-23,D08,Sunscreen SPF50,Skincare,800
2365,2025-06-23,D09,Aloe Vera Gel,Skincare,350
2365,2025-06-23,D05,Vitamin C Tablets,Supplements,400
2366,2025-02-24,D17,Reading Puzzle Book,Stationery/Leisure,300
2367,2025-01-23,D02,Ibuprofen,Pain Relief,150
2367,2025-01-23,D13,Antiseptic Cream,First Aid,200
2368,2025-03-17,D03,Cold & Flu Syrup,Cold Remedy,350
2368,2025-03-17,D11,Eye Drops,Vision,250
2368,2025-03-17,D05,Vitamin C Tablets,Supplements,400
2369,2025-03-11,D06,Hand Sanitizer,Hygiene,150
2369,2025-03-11,D07,Face Masks,Hygiene,200
2370,2025-03-16,D15,Baby Diapers,Baby Care,1200
2371,2025-01-06,D07,Face Masks,Hygiene,200
2371,2025-01-06,D10,Reading Glasses,Vision,600
2371,2025-01-06,D04,Tissues,Cold Remedy,100
2372,2025-01-21,D11,Eye Drops,Vision,250
2373,2025-06-09,D17,Reading Puzzle Book,Stationery/Leisure,300
2374,2025-04-21,D11,Eye Drops,Vision,250
2374,2025-04-21,D10,Reading Glasses,Vision,600
2374,2025-04-21,D09,Aloe Vera Gel,Skincare,350
2375,2025-05-29,D07,Face Masks,Hygiene,200
2376,2025-04-05,D12,Bandages,First Aid,150
2377,2025-04-26,D11,Eye Drops,Vision,250
2378,2025-03-03,D08,Sunscreen SPF50,Skincare,800
2378,2025-03-03,D09,Aloe Vera Gel,Skincare,350
2378,2025-03-03,D17,Reading Puzzle Book,Stationery/Leisure,300
2379,2025-02-06,D12,Bandages,First Aid,150
2379,2025-02-06,D13,Antiseptic Cream,First Aid,200
2380,2025-02-06,D06,Hand Sanitizer,Hygiene,150
2380,2025-02-06,D07,Face Masks,Hygiene,200
2381,2025-03-26,D17,Reading Puzzle Book,Stationery/Leisure,300
2382,2025-04-05,D11,Eye Drops,Vision,250
2383,2025-05-17,D14,Baby Lotion,Baby Care,350
2383,2025-05-17,D15,Baby Diapers,Baby Care,1200
2384,2025-01-26,D02,Ibuprofen,Pain Relief,150
2384,2025-01-26,D16,Multivitamin Gummies,Supplements,500
2385,2025-05-12,D05,Vitamin C Tablets,Supplements,400
2386,2025-02-23,D10,Reading Glasses,Vision,600
2386,2025-02-23,D17,Reading Puzzle Book,Stationery/Leisure,300
2387,2025-04-24,D15,Baby Diapers,Baby Care,1200
2387,2025-04-24,D02,Ibuprofen,Pain Relief,150
2387,2025-04-24,D14,Baby Lotion,Baby Care,350
2387,2025-04-24,D07,Face Masks,Hygiene,200
2388,2025-04-20,D03,Cold & Flu Syrup,Cold Remedy,350
2388,2025-04-20,D04,Tissues,Cold Remedy,100
2389,2025-01-01,D10,Reading Glasses,Vision,600
2389,2025-01-01,D17,Reading Puzzle Book,Stationery/Leisure,300
2390,2025-02-09,D04,Tissues,Cold Remedy,100
2391,2025-05-19,D10,Reading Glasses,Vision,600
2391,2025-05-19,D17,Reading Puzzle Book,Stationery/Leisure,300
2392,2025-01-26,D07,Face Masks,Hygiene,200
2393,2025-02-27,D14,Baby Lotion,Baby Care,350
2393,2025-02-27,D15,Baby Diapers,Baby Care,1200
2394,2025-05-19,D16,Multivitamin Gummies,Supplements,500
2394,2025-05-19,D02,Ibuprofen,Pain Relief,150
2394,2025-05-19,D08,Sunscreen SPF50,Skincare,800
2394,2025-05-19,D13,Antiseptic Cream,First Aid,200
2395,2025-05-20,D08,Sunscreen SPF50,Skincare,800
2395,2025-05-20,D09,Aloe Vera Gel,Skincare,350
2396,2025-03-17,D12,Bandages,First Aid,150
2396,2025-03-17,D13,Antiseptic Cream,First Aid,200
2397,2025-02-19,D05,Vitamin C Tablets,Supplements,400
2397,2025-02-19,D16,Multivitamin Gummies,Supplements,500
2398,2025-02-08,D17,Reading Puzzle Book,Stationery/Leisure,300
2398,2025-02-08,D11,Eye Drops,Vision,250
2398,2025-02-08,D03,Cold & Flu Syrup,Cold Remedy,350
2398,2025-02-08,D15,Baby Diapers,Baby Care,1200
2399,2025-01-21,D06,Hand Sanitizer,Hygiene,150
2399,2025-01-21,D07,Face Masks,Hygiene,200
2399,2025-01-21,D10,Reading Glasses,Vision,600
2400,2025-04-10,D08,Sunscreen SPF50,Skincare,800
2400,2025-04-10,D09,Aloe Vera Gel,Skincare,350
2401,2025-03-04,D06,Hand Sanitizer,Hygiene,150
2401,2025-03-04,D09,Aloe Vera Gel,Skincare,350
2401,2025-03-04,D05,Vitamin C Tablets,Supplements,400
2401,2025-03-04,D08,Sunscreen SPF50,Skincare,800
2402,2025-01-21,D05,Vitamin C Tablets,Supplements,400
2402,2025-01-21,D16,Multivitamin Gummies,Supplements,500
2403,2025-03-23,D05,Vitamin C Tablets,Supplements,400
2403,2025-03-23,D16,Multivitamin Gummies,Supplements,500
2404,2025-06-22,D14,Baby Lotion,Baby Care,350
2404,2025-06-22,D15,Baby Diapers,Baby Care,1200
2405,2025-03-15,D12,Bandages,First Aid,150
2405,2025-03-15,D13,Antiseptic Cream,First Aid,200
2406,2025-03-11,D10,Reading Glasses,Vision,600
2406,2025-03-11,D17,Reading Puzzle Book,Stationery/Leisure,300
2406,2025-03-11,D11,Eye Drops,Vision,250
2407,2025-02-24,D08,Sunscreen SPF50,Skincare,800
2407,2025-02-24,D09,Aloe Vera Gel,Skincare,350
2408,2025-05-06,D03,Cold & Flu Syrup,Cold Remedy,350
2408,2025-05-06,D04,Tissues,Cold Remedy,100
2408,2025-05-06,D07,Face Masks,Hygiene,200
2409,2025-06-30,D14,Baby Lotion,Baby Care,350
2409,2025-06-30,D15,Baby Diapers,Baby Care,1200
2410,2025-01-29,D02,Ibuprofen,Pain Relief,150
2410,2025-01-29,D13,Antiseptic Cream,First Aid,200
2410,2025-01-29,D09,Aloe Vera Gel,Skincare,350
2410,2025-01-29,D15,Baby Diapers,Baby Care,1200
2411,2025-03-12,D10,Reading Glasses,Vision,600
2411,2025-03-12,D17,Reading Puzzle Book,Stationery/Leisure,300
2412,2025-03-13,D11,Eye Drops,Vision,250
2412,2025-03-13,D04,Tissues,Cold Remedy,100
2412,2025-03-13,D03,Cold & Flu Syrup,Cold Remedy,350
2412,2025-03-13,D12,Bandages,First Aid,150
2413,2025-05-29,D03,Cold & Flu Syrup,Cold Remedy,350
2413,2025-05-29,D07,Face Masks,Hygiene,200
2414,2025-02-24,D08,Sunscreen SPF50,Skincare,800
2414,2025-02-24,D09,Aloe Vera Gel,Skincare,350
2414,2025-02-24,D07,Face Masks,Hygiene,200
2415,2025-05-05,D03,Cold & Flu Syrup,Cold Remedy,350
2415,2025-05-05,D04,Tissues,Cold Remedy,100
2416,2025-03-09,D01,Paracetamol,Pain Relief,100
2416,2025-03-09,D14,Baby Lotion,Baby Care,350
2417,2025-01-13,D15,Baby Diapers,Baby Care,1200
2417,2025-01-13,D04,Tissues,Cold Remedy,100
2417,2025-01-13,D12,Bandages,First Aid,150
2417,2025-01-13,D10,Reading Glasses,Vision,600
2418,2025-06-01,D09,Aloe Vera Gel,Skincare,350
2418,2025-06-01,D02,Ibuprofen,Pain Relief,150
2418,2025-06-01,D03,Cold & Flu Syrup,Cold Remedy,350
2418,2025-06-01,D15,Baby Diapers,Baby Care,1200
2419,2025-05-17,D11,Eye Drops,Vision,250
2419,2025-05-17,D01,Paracetamol,Pain Relief,100
2419,2025-05-17,D13,Antiseptic Cream,First Aid,200
2420,2025-03-13,D08,Sunscreen SPF50,Skincare,800
2420,2025-03-13,D09,Aloe Vera Gel,Skincare,350
2421,2025-05-02,D06,Hand Sanitizer,Hygiene,150
2421,2025-05-02,D07,Face Masks,Hygiene,200
2421,2025-05-02,D04,Tissues,Cold Remedy,100
2422,2025-02-28,D06,Hand Sanitizer,Hygiene,150
2422,2025-02-28,D07,Face Masks,Hygiene,200
2423,2025-01-02,D12,Bandages,First Aid,150
2423,2025-01-02,D13,Antiseptic Cream,First Aid,200
2423,2025-01-02,D10,Reading Glasses,Vision,600
2424,2025-06-21,D05,Vitamin C Tablets,Supplements,400
2424,2025-06-21,D16,Multivitamin Gummies,Supplements,500
2425,2025-03-10,D06,Hand Sanitizer,Hygiene,150
2425,2025-03-10,D07,Face Masks,Hygiene,200
2426,2025-01-07,D11,Eye Drops,Vision,250
2427,2025-02-28,D08,Sunscreen SPF50,Skincare,800
2427,2025-02-28,D09,Aloe Vera Gel,Skincare,350
2428,2025-03-09,D14,Baby Lotion,Baby Care,350
2429,2025-01-28,D16,Multivitamin Gummies,Supplements,500
2429,2025-01-28,D01,Paracetamol,Pain Relief,100
2429,2025-01-28,D09,Aloe Vera Gel,Skincare,350
2429,2025-01-28,D12,Bandages,First Aid,150
2430,2025-04-22,D12,Bandages,First Aid,150
2431,2025-05-29,D13,Antiseptic Cream,First Aid,200
2431,2025-05-29,D10,Reading Glasses,Vision,600
2431,2025-05-29,D09,Aloe Vera Gel,Skincare,350
2432,2025-01-29,D06,Hand Sanitizer,Hygiene,150
2432,2025-01-29,D07,Face Masks,Hygiene,200
2433,2025-03-22,D10,Reading Glasses,Vision,600
2433,2025-03-22,D05,Vitamin C Tablets,Supplements,400
2434,2025-04-01,D16,Multivitamin Gummies,Supplements,500
2435,2025-05-22,D06,Hand Sanitizer,Hygiene,150
2435,2025-05-22,D07,Face Masks,Hygiene,200
2436,2025-02-01,D03,Cold & Flu Syrup,Cold Remedy,350
2437,2025-01-25,D10,Reading Glasses,Vision,600
2437,2025-01-25,D05,Vitamin C Tablets,Supplements,400
2438,2025-03-02,D08,Sunscreen SPF50,Skincare,800
2438,2025-03-02,D09,Aloe Vera Gel,Skincare,350
2439,2025-06-05,D05,Vitamin C Tablets,Supplements,400
2439,2025-06-05,D03,Cold & Flu Syrup,Cold Remedy,350
2440,2025-02-21,D16,Multivitamin Gummies,Supplements,500
2440,2025-02-21,D08,Sunscreen SPF50,Skincare,800
2440,2025-02-21,D01,Paracetamol,Pain Relief,100
2441,2025-06-07,D10,Reading Glasses,Vision,600
2441,2025-06-07,D17,Reading Puzzle Book,Stationery/Leisure,300
2442,2025-06-27,D04,Tissues,Cold Remedy,100
2442,2025-06-27,D08,Sunscreen SPF50,Skincare,800
2442,2025-06-27,D16,Multivitamin Gummies,Supplements,500
2442,2025-06-27,D09,Aloe Vera Gel,Skincare,350
2443,2025-03-16,D14,Baby Lotion,Baby Care,350
2444,2025-01-01,D08,Sunscreen SPF50,Skincare,800
2444,2025-01-01,D09,Aloe Vera Gel,Skincare,350
2445,2025-02-25,D13,Antiseptic Cream,First Aid,200
2446,2025-03-22,D17,Reading Puzzle Book,Stationery/Leisure,300
2446,2025-03-22,D07,Face Masks,Hygiene,200
2446,2025-03-22,D08,Sunscreen SPF50,Skincare,800
2446,2025-03-22,D11,Eye Drops,Vision,250
2447,2025-01-23,D13,Antiseptic Cream,First Aid,200
2447,2025-01-23,D08,Sunscreen SPF50,Skincare,800
2447,2025-01-23,D10,Reading Glasses,Vision,600
2447,2025-01-23,D06,Hand Sanitizer,Hygiene,150
2448,2025-05-24,D07,Face Masks,Hygiene,200
2449,2025-04-15,D15,Baby Diapers,Baby Care,1200
2450,2025-02-07,D10,Reading Glasses,Vision,600
2450,2025-02-07,D17,Reading Puzzle Book,Stationery/Leisure,300
2451,2025-05-17,D16,Multivitamin Gummies,Supplements,500
2451,2025-05-17,D17,Reading Puzzle Book,Stationery/Leisure,300
2452,2025-02-22,D02,Ibuprofen,Pain Relief,150
2452,2025-02-22,D11,Eye Drops,Vision,250
2453,2025-02-27,D03,Cold & Flu Syrup,Cold Remedy,350
2453,2025-02-27,D04,Tissues,Cold Remedy,100
2453,2025-02-27,D05,Vitamin C Tablets,Supplements,400
2454,2025-01-19,D05,Vitamin C Tablets,Supplements,400
2454,2025-01-19,D16,Multivitamin Gummies,Supplements,500
2455,2025-06-20,D08,Sunscreen SPF50,Skincare,800
2455,2025-06-20,D09,Aloe Vera Gel,Skincare,350
2456,2025-01-11,D14,Baby Lotion,Baby Care,350
2456,2025-01-11,D16,Multivitamin Gummies,Supplements,500
2456,2025-01-11,D17,Reading Puzzle Book,Stationery/Leisure,300
2457,2025-02-14,D03,Cold & Flu Syrup,Cold Remedy,350
2457,2025-02-14,D17,Reading Puzzle Book,Stationery/Leisure,300
2457,2025-02-14,D12,Bandages,First Aid,150
2457,2025-02-14,D02,Ibuprofen,Pain Relief,150
2458,2025-03-05,D10,Reading Glasses,Vision,600
2458,2025-03-05,D01,Paracetamol,Pain Relief,100
2459,2025-02-28,D05,Vitamin C Tablets,Supplements,400
2459,2025-02-28,D16,Multivitamin Gummies,Supplements,500
2460,2025-05-25,D16,Multivitamin Gummies,Supplements,500
2461,2025-05-31,D17,Reading Puzzle Book,Stationery/Leisure,300
2461,2025-05-31,D05,Vitamin C Tablets,Supplements,400
2461,2025-05-31,D15,Baby Diapers,Baby Care,1200
2462,2025-05-04,D14,Baby Lotion,Baby Care,350
2462,2025-05-04,D15,Baby Diapers,Baby Care,1200
2463,2025-06-25,D10,Reading Glasses,Vision,600
2463,2025-06-25,D17,Reading Puzzle Book,Stationery/Leisure,300
2463,2025-06-25,D11,Eye Drops,Vision,250
2463,2025-06-25,D16,Multivitamin Gummies,Supplements,500
2464,2025-05-26,D14,Baby Lotion,Baby Care,350
2464,2025-05-26,D07,Face Masks,Hygiene,200
2464,2025-05-26,D17,Reading Puzzle Book,Stationery/Leisure,300
2465,2025-03-03,D06,Hand Sanitizer,Hygiene,150
2465,2025-03-03,D07,Face Masks,Hygiene,200
2466,2025-06-22,D12,Bandages,First Aid,150
2466,2025-06-22,D13,Antiseptic Cream,First Aid,200
2467,2025-03-03,D13,Antiseptic Cream,First Aid,200
2467,2025-03-03,D08,Sunscreen SPF50,Skincare,800
2467,2025-03-03,D17,Reading Puzzle Book,Stationery/Leisure,300
2468,2025-05-31,D05,Vitamin C Tablets,Supplements,400
2468,2025-05-31,D16,Multivitamin Gummies,Supplements,500
2469,2025-03-19,D03,Cold & Flu Syrup,Cold Remedy,350
2469,2025-03-19,D04,Tissues,Cold Remedy,100
2470,2025-04-17,D16,Multivitamin Gummies,Supplements,500
2471,2025-06-30,D05,Vitamin C Tablets,Supplements,400
2471,2025-06-30,D08,Sunscreen SPF50,Skincare,800
2472,2025-01-27,D03,Cold & Flu Syrup,Cold Remedy,350
2472,2025-01-27,D04,Tissues,Cold Remedy,100
2473,2025-04-13,D07,Face Masks,Hygiene,200
2473,2025-04-13,D16,Multivitamin Gummies,Supplements,500
2474,2025-04-09,D03,Cold & Flu Syrup,Cold Remedy,350
2474,2025-04-09,D04,Tissues,Cold Remedy,100
2474,2025-04-09,D05,Vitamin C Tablets,Supplements,400
2475,2025-03-24,D13,Antiseptic Cream,First Aid,200
2476,2025-02-26,D08,Sunscreen SPF50,Skincare,800
2476,2025-02-26,D02,Ibuprofen,Pain Relief,150
2477,2025-04-20,D01,Paracetamol,Pain Relief,100
2477,2025-04-20,D07,Face Masks,Hygiene,200
2478,2025-04-03,D16,Multivitamin Gummies,Supplements,500
2479,2025-06-18,D15,Baby Diapers,Baby Care,1200
2479,2025-06-18,D03,Cold & Flu Syrup,Cold Remedy,350
2479,2025-06-18,D12,Bandages,First Aid,150
2479,2025-06-18,D06,Hand Sanitizer,Hygiene,150
2480,2025-01-21,D06,Hand Sanitizer,Hygiene,150
2480,2025-01-21,D07,Face Masks,Hygiene,200
2481,2025-05-06,D04,Tissues,Cold Remedy,100
2482,2025-03-24,D16,Multivitamin Gummies,Supplements,500
2483,2025-05-11,D12,Bandages,First Aid,150
2483,2025-05-11,D13,Antiseptic Cream,First Aid,200
2484,2025-05-04,D12,Bandages,First Aid,150
2484,2025-05-04,D02,Ibuprofen,Pain Relief,150
2484,2025-05-04,D14,Baby Lotion,Baby Care,350
2485,2025-03-12,D06,Hand Sanitizer,Hygiene,150
2485,2025-03-12,D07,Face Masks,Hygiene,200
2485,2025-03-12,D14,Baby Lotion,Baby Care,350
2486,2025-04-21,D12,Bandages,First Aid,150
2486,2025-04-21,D13,Antiseptic Cream,First Aid,200
2487,2025-03-19,D05,Vitamin C Tablets,Supplements,400
2487,2025-03-19,D16,Multivitamin Gummies,Supplements,500
2488,2025-05-19,D14,Baby Lotion,Baby Care,350
2488,2025-05-19,D15,Baby Diapers,Baby Care,1200
2489,2025-04-25,D03,Cold & Flu Syrup,Cold Remedy,350
2489,2025-04-25,D04,Tissues,Cold Remedy,100
2490,2025-03-27,D12,Bandages,First Aid,150
2490,2025-03-27,D13,Antiseptic Cream,First Aid,200
2490,2025-03-27,D10,Reading Glasses,Vision,600
2491,2025-05-26,D03,Cold & Flu Syrup,Cold Remedy,350
2491,2025-05-26,D04,Tissues,Cold Remedy,100
2491,2025-05-26,D05,Vitamin C Tablets,Supplements,400
2492,2025-06-25,D05,Vitamin C Tablets,Supplements,400
2492,2025-06-25,D16,Multivitamin Gummies,Supplements,500
2493,2025-06-14,D15,Baby Diapers,Baby Care,1200
2494,2025-01-30,D08,Sunscreen SPF50,Skincare,800
2494,2025-01-30,D09,Aloe Vera Gel,Skincare,350
2495,2025-03-25,D03,Cold & Flu Syrup,Cold Remedy,350
2496,2025-02-17,D14,Baby Lotion,Baby Care,350
2497,2025-03-14,D14,Baby Lotion,Baby Care,350
2497,2025-03-14,D15,Baby Diapers,Baby Care,1200
2498,2025-03-27,D11,Eye Drops,Vision,250
2498,2025-03-27,D08,Sunscreen SPF50,Skincare,800
2499,2025-06-16,D16,Multivitamin Gummies,Supplements,500
2500,2025-06-07,D05,Vitamin C Tablets,Supplements,400
2501,2025-06-27,D12,Bandages,First Aid,150
2501,2025-06-27,D13,Antiseptic Cream,First Aid,200
2502,2025-06-14,D13,Antiseptic Cream,First Aid,200
2502,2025-06-14,D12,Bandages,First Aid,150
2503,2025-01-11,D10,Reading Glasses,Vision,600
2503,2025-01-11,D17,Reading Puzzle Book,Stationery/Leisure,300
2503,2025-01-11,D11,Eye Drops,Vision,250
2504,2025-05-23,D06,Hand Sanitizer,Hygiene,150
2505,2025-02-08,D10,Reading Glasses,Vision,600
2505,2025-02-08,D17,Reading Puzzle Book,Stationery/Leisure,300
2505,2025-02-08,D11,Eye Drops,Vision,250
2506,2025-03-18,D11,Eye Drops,Vision,250
2506,2025-03-18,D15,Baby Diapers,Baby Care,1200
2506,2025-03-18,D04,Tissues,Cold Remedy,100
2507,2025-06-15,D06,Hand Sanitizer,Hygiene,150
2507,2025-06-15,D07,Face Masks,Hygiene,200
2508,2025-06-03,D06,Hand Sanitizer,Hygiene,150
2508,2025-06-03,D07,Face Masks,Hygiene,200
2509,2025-03-22,D05,Vitamin C Tablets,Supplements,400
2509,2025-03-22,D16,Multivitamin Gummies,Supplements,500
2510,2025-05-16,D07,Face Masks,Hygiene,200
2511,2025-03-04,D08,Sunscreen SPF50,Skincare,800
2511,2025-03-04,D09,Aloe Vera Gel,Skincare,350
2512,2025-04-29,D04,Tissues,Cold Remedy,100
2513,2025-05-07,D03,Cold & Flu Syrup,Cold Remedy,350
2513,2025-05-07,D04,Tissues,Cold Remedy,100
2514,2025-06-19,D14,Baby Lotion,Baby Care,350
2515,2025-03-29,D12,Bandages,First Aid,150
2515,2025-03-29,D13,Antiseptic Cream,First Aid,200
2516,2025-03-13,D14,Baby Lotion,Baby Care,350
2517,2025-02-19,D14,Baby Lotion,Baby Care,350
2517,2025-02-19,D15,Baby Diapers,Baby Care,1200
2518,2025-04-25,D07,Face Masks,Hygiene,200
2518,2025-04-25,D08,Sunscreen SPF50,Skincare,800
2519,2025-01-18,D09,Aloe Vera Gel,Skincare,350
2520,2025-01-16,D14,Baby Lotion,Baby Care,350
2520,2025-01-16,D07,Face Masks,Hygiene,200
2520,2025-01-16,D08,Sunscreen SPF50,Skincare,800
2521,2025-05-18,D10,Reading Glasses,Vision,600
2521,2025-05-18,D02,Ibuprofen,Pain Relief,150
2521,2025-05-18,D11,Eye Drops,Vision,250
2521,2025-05-18,D15,Baby Diapers,Baby Care,1200
2522,2025-03-01,D06,Hand Sanitizer,Hygiene,150
2522,2025-03-01,D07,Face Masks,Hygiene,200
2523,2025-06-10,D08,Sunscreen SPF50,Skincare,800
2523,2025-06-10,D03,Cold & Flu Syrup,Cold Remedy,350
2523,2025-06-10,D14,Baby Lotion,Baby Care,350
2524,2025-02-11,D10,Reading Glasses,Vision,600
2524,2025-02-11,D17,Reading Puzzle Book,Stationery/Leisure,300
2524,2025-02-11,D11,Eye Drops,Vision,250
2525,2025-04-28,D03,Cold & Flu Syrup,Cold Remedy,350
2525,2025-04-28,D04,Tissues,Cold Remedy,100
2526,2025-03-07,D10,Reading Glasses,Vision,600
2526,2025-03-07,D17,Reading Puzzle Book,Stationery/Leisure,300
2527,2025-04-05,D10,Reading Glasses,Vision,600
2527,2025-04-05,D17,Reading Puzzle Book,Stationery/Leisure,300
2527,2025-04-05,D11,Eye Drops,Vision,250
2528,2025-03-01,D12,Bandages,First Aid,150
2528,2025-03-01,D13,Antiseptic Cream,First Aid,200
2529,2025-04-29,D03,Cold & Flu Syrup,Cold Remedy,350
2529,2025-04-29,D04,Tissues,Cold Remedy,100
2530,2025-03-09,D08,Sunscreen SPF50,Skincare,800
2530,2025-03-09,D09,Aloe Vera Gel,Skincare,350
2531,2025-02-15,D13,Antiseptic Cream,First Aid,200
2531,2025-02-15,D06,Hand Sanitizer,Hygiene,150
2531,2025-02-15,D15,Baby Diapers,Baby Care,1200
2531,2025-02-15,D04,Tissues,Cold Remedy,100
2532,2025-05-23,D17,Reading Puzzle Book,Stationery/Leisure,300
2532,2025-05-23,D13,Antiseptic Cream,First Aid,200
2532,2025-05-23,D15,Baby Diapers,Baby Care,1200
2533,2025-05-09,D10,Reading Glasses,Vision,600
2533,2025-05-09,D17,Reading Puzzle Book,Stationery/Leisure,300
2533,2025-05-09,D11,Eye Drops,Vision,250
2534,2025-03-12,D05,Vitamin C Tablets,Supplements,400
2534,2025-03-12,D16,Multivitamin Gummies,Supplements,500
2535,2025-06-20,D08,Sunscreen SPF50,Skincare,800
2535,2025-06-20,D06,Hand Sanitizer,Hygiene,150
2535,2025-06-20,D15,Baby Diapers,Baby Care,1200
2535,2025-06-20,D13,Antiseptic Cream,First Aid,200
2536,2025-06-28,D12,Bandages,First Aid,150
2536,2025-06-28,D11,Eye Drops,Vision,250
2536,2025-06-28,D08,Sunscreen SPF50,Skincare,800
2537,2025-06-04,D05,Vitamin C Tablets,Supplements,400
2537,2025-06-04,D16,Multivitamin Gummies,Supplements,500
2538,2025-06-07,D10,Reading Glasses,Vision,600
2538,2025-06-07,D17,Reading Puzzle Book,Stationery/Leisure,300
2538,2025-06-07,D11,Eye Drops,Vision,250
2539,2025-01-20,D10,Reading Glasses,Vision,600
2539,2025-01-20,D17,Reading Puzzle Book,Stationery/Leisure,300
2539,2025-01-20,D11,Eye Drops,Vision,250
2540,2025-01-05,D10,Reading Glasses,Vision,600
2540,2025-01-05,D17,Reading Puzzle Book,Stationery/Leisure,300
2541,2025-02-14,D07,Face Masks,Hygiene,200
2541,2025-02-14,D02,Ibuprofen,Pain Relief,150
2541,2025-02-14,D10,Reading Glasses,Vision,600
2541,2025-02-14,D17,Reading Puzzle Book,Stationery/Leisure,300
2542,2025-02-07,D14,Baby Lotion,Baby Care,350
2542,2025-02-07,D15,Baby Diapers,Baby Care,1200
2543,2025-02-04,D10,Reading Glasses,Vision,600
2543,2025-02-04,D17,Reading Puzzle Book,Stationery/Leisure,300
2543,2025-02-04,D11,Eye Drops,Vision,250
2544,2025-02-01,D08,Sunscreen SPF50,Skincare,800
2544,2025-02-01,D09,Aloe Vera Gel,Skincare,350
2545,2025-03-14,D02,Ibuprofen,Pain Relief,150
2546,2025-04-06,D11,Eye Drops,Vision,250
2546,2025-04-06,D03,Cold & Flu Syrup,Cold Remedy,350
2546,2025-04-06,D09,Aloe Vera Gel,Skincare,350
2547,2025-03-04,D04,Tissues,Cold Remedy,100
2547,2025-03-04,D12,Bandages,First Aid,150
2547,2025-03-04,D09,Aloe Vera Gel,Skincare,350
2547,2025-03-04,D16,Multivitamin Gummies,Supplements,500
2548,2025-02-03,D08,Sunscreen SPF50,Skincare,800
2548,2025-02-03,D09,Aloe Vera Gel,Skincare,350
2549,2025-02-14,D14,Baby Lotion,Baby Care,350
2550,2025-02-11,D09,Aloe Vera Gel,Skincare,350
2550,2025-02-11,D17,Reading Puzzle Book,Stationery/Leisure,300
2550,2025-02-11,D10,Reading Glasses,Vision,600
2550,2025-02-11,D14,Baby Lotion,Baby Care,350
2551,2025-06-15,D08,Sunscreen SPF50,Skincare,800
2551,2025-06-15,D09,Aloe Vera Gel,Skincare,350
2551,2025-06-15,D04,Tissues,Cold Remedy,100
2552,2025-01-18,D03,Cold & Flu Syrup,Cold Remedy,350
2552,2025-01-18,D04,Tissues,Cold Remedy,100
2552,2025-01-18,D05,Vitamin C Tablets,Supplements,400
2553,2025-03-31,D10,Reading Glasses,Vision,600
2553,2025-03-31,D17,Reading Puzzle Book,Stationery/Leisure,300
2554,2025-06-22,D05,Vitamin C Tablets,Supplements,400
2554,2025-06-22,D16,Multivitamin Gummies,Supplements,500
2555,2025-06-13,D11,Eye Drops,Vision,250
2555,2025-06-13,D14,Baby Lotion,Baby Care,350
2555,2025-06-13,D08,Sunscreen SPF50,Skincare,800
2556,2025-04-01,D05,Vitamin C Tablets,Supplements,400
2556,2025-04-01,D16,Multivitamin Gummies,Supplements,500
2557,2025-01-28,D10,Reading Glasses,Vision,600
2557,2025-01-28,D17,Reading Puzzle Book,Stationery/Leisure,300
2557,2025-01-28,D01,Paracetamol,Pain Relief,100
2558,2025-03-23,D16,Multivitamin Gummies,Supplements,500
2559,2025-03-05,D14,Baby Lotion,Baby Care,350
2559,2025-03-05,D15,Baby Diapers,Baby Care,1200
2560,2025-06-18,D17,Reading Puzzle Book,Stationery/Leisure,300
2560,2025-06-18,D06,Hand Sanitizer,Hygiene,150
2560,2025-06-18,D02,Ibuprofen,Pain Relief,150
2560,2025-06-18,D08,Sunscreen SPF50,Skincare,800
2561,2025-01-13,D02,Ibuprofen,Pain Relief,150
2561,2025-01-13,D13,Antiseptic Cream,First Aid,200
2562,2025-02-01,D15,Baby Diapers,Baby Care,1200
2562,2025-02-01,D13,Antiseptic Cream,First Aid,200
2563,2025-04-09,D07,Face Masks,Hygiene,200
2563,2025-04-09,D17,Reading Puzzle Book,Stationery/Leisure,300
2563,2025-04-09,D04,Tissues,Cold Remedy,100
2563,2025-04-09,D15,Baby Diapers,Baby Care,1200
2564,2025-01-18,D14,Baby Lotion,Baby Care,350
2564,2025-01-18,D15,Baby Diapers,Baby Care,1200
2565,2025-06-12,D08,Sunscreen SPF50,Skincare,800
2565,2025-06-12,D12,Bandages,First Aid,150
2565,2025-06-12,D06,Hand Sanitizer,Hygiene,150
2566,2025-04-05,D09,Aloe Vera Gel,Skincare,350
2567,2025-03-18,D09,Aloe Vera Gel,Skincare,350
2567,2025-03-18,D07,Face Masks,Hygiene,200
2567,2025-03-18,D08,Sunscreen SPF50,Skincare,800
2568,2025-03-11,D15,Baby Diapers,Baby Care,1200
2568,2025-03-11,D06,Hand Sanitizer,Hygiene,150
2568,2025-03-11,D01,Paracetamol,Pain Relief,100
2569,2025-03-30,D17,Reading Puzzle Book,Stationery/Leisure,300
2570,2025-06-22,D08,Sunscreen SPF50,Skincare,800
2570,2025-06-22,D13,Antiseptic Cream,First Aid,200
2570,2025-06-22,D17,Reading Puzzle Book,Stationery/Leisure,300
2570,2025-06-22,D16,Multivitamin Gummies,Supplements,500
2571,2025-04-07,D05,Vitamin C Tablets,Supplements,400
2571,2025-04-07,D16,Multivitamin Gummies,Supplements,500
2572,2025-06-17,D16,Multivitamin Gummies,Supplements,500
2572,2025-06-17,D13,Antiseptic Cream,First Aid,200
2573,2025-01-17,D06,Hand Sanitizer,Hygiene,150
2573,2025-01-17,D07,Face Masks,Hygiene,200
2574,2025-04-07,D12,Bandages,First Aid,150
2574,2025-04-07,D13,Antiseptic Cream,First Aid,200
2575,2025-05-16,D05,Vitamin C Tablets,Supplements,400
2575,2025-05-16,D16,Multivitamin Gummies,Supplements,500
2576,2025-01-21,D10,Reading Glasses,Vision,600
2577,2025-03-30,D03,Cold & Flu Syrup,Cold Remedy,350
2578,2025-05-04,D10,Reading Glasses,Vision,600
2578,2025-05-04,D17,Reading Puzzle Book,Stationery/Leisure,300
2579,2025-01-14,D16,Multivitamin Gummies,Supplements,500
2579,2025-01-14,D12,Bandages,First Aid,150
2580,2025-05-11,D08,Sunscreen SPF50,Skincare,800
2580,2025-05-11,D14,Baby Lotion,Baby Care,350
2580,2025-05-11,D04,Tissues,Cold Remedy,100
2581,2025-03-02,D03,Cold & Flu Syrup,Cold Remedy,350
2581,2025-03-02,D04,Tissues,Cold Remedy,100
2581,2025-03-02,D05,Vitamin C Tablets,Supplements,400
2582,2025-04-02,D05,Vitamin C Tablets,Supplements,400
2582,2025-04-02,D16,Multivitamin Gummies,Supplements,500
2583,2025-02-19,D10,Reading Glasses,Vision,600
2583,2025-02-19,D04,Tissues,Cold Remedy,100
2584,2025-01-10,D02,Ibuprofen,Pain Relief,150
2584,2025-01-10,D09,Aloe Vera Gel,Skincare,350
2584,2025-01-10,D11,Eye Drops,Vision,250
2585,2025-03-13,D09,Aloe Vera Gel,Skincare,350
2585,2025-03-13,D05,Vitamin C Tablets,Supplements,400
2585,2025-03-13,D17,Reading Puzzle Book,Stationery/Leisure,300
2586,2025-02-18,D05,Vitamin C Tablets,Supplements,400
2587,2025-05-08,D03,Cold & Flu Syrup,Cold Remedy,350
2587,2025-05-08,D14,Baby Lotion,Baby Care,350
2587,2025-05-08,D16,Multivitamin Gummies,Supplements,500
2588,2025-05-01,D10,Reading Glasses,Vision,600
2588,2025-05-01,D17,Reading Puzzle Book,Stationery/Leisure,300
2589,2025-06-23,D14,Baby Lotion,Baby Care,350
2589,2025-06-23,D15,Baby Diapers,Baby Care,1200
2590,2025-05-20,D03,Cold & Flu Syrup,Cold Remedy,350
2590,2025-05-20,D04,Tissues,Cold Remedy,100
2590,2025-05-20,D05,Vitamin C Tablets,Supplements,400
2591,2025-02-19,D03,Cold & Flu Syrup,Cold Remedy,350
2592,2025-02-06,D14,Baby Lotion,Baby Care,350
2592,2025-02-06,D15,Baby Diapers,Baby Care,1200
2593,2025-01-28,D13,Antiseptic Cream,First Aid,200
2593,2025-01-28,D04,Tissues,Cold Remedy,100
2593,2025-01-28,D11,Eye Drops,Vision,250
2594,2025-04-25,D06,Hand Sanitizer,Hygiene,150
2594,2025-04-25,D07,Face Masks,Hygiene,200
2595,2025-02-03,D08,Sunscreen SPF50,Skincare,800
2595,2025-02-03,D09,Aloe Vera Gel,Skincare,350
2596,2025-01-24,D06,Hand Sanitizer,Hygiene,150
2596,2025-01-24,D03,Cold & Flu Syrup,Cold Remedy,350
2597,2025-01-17,D09,Aloe Vera Gel,Skincare,350
2597,2025-01-17,D07,Face Masks,Hygiene,200
2597,2025-01-17,D17,Reading Puzzle Book,Stationery/Leisure,300
2598,2025-01-17,D03,Cold & Flu Syrup,Cold Remedy,350
2598,2025-01-17,D04,Tissues,Cold Remedy,100
2599,2025-06-08,D08,Sunscreen SPF50,Skincare,800
2599,2025-06-08,D09,Aloe Vera Gel,Skincare,350
2599,2025-06-08,D15,Baby Diapers,Baby Care,1200
2600,2025-04-13,D13,Antiseptic Cream,First Aid,200
2600,2025-04-13,D06,Hand Sanitizer,Hygiene,150
2601,2025-01-24,D01,Paracetamol,Pain Relief,100
2602,2025-02-18,D05,Vitamin C Tablets,Supplements,400
2602,2025-02-18,D16,Multivitamin Gummies,Supplements,500
2603,2025-05-25,D11,Eye Drops,Vision,250
2603,2025-05-25,D13,Antiseptic Cream,First Aid,200
2603,2025-05-25,D04,Tissues,Cold Remedy,100
2603,2025-05-25,D09,Aloe Vera Gel,Skincare,350
2604,2025-03-20,D12,Bandages,First Aid,150
2604,2025-03-20,D13,Antiseptic Cream,First Aid,200
2605,2025-06-21,D14,Baby Lotion,Baby Care,350
2605,2025-06-21,D17,Reading Puzzle Book,Stationery/Leisure,300
2605,2025-06-21,D08,Sunscreen SPF50,Skincare,800
2606,2025-06-18,D05,Vitamin C Tablets,Supplements,400
2606,2025-06-18,D06,Hand Sanitizer,Hygiene,150
2607,2025-06-25,D12,Bandages,First Aid,150
2607,2025-06-25,D17,Reading Puzzle Book,Stationery/Leisure,300
2608,2025-04-04,D10,Reading Glasses,Vision,600
2608,2025-04-04,D17,Reading Puzzle Book,Stationery/Leisure,300
2609,2025-01-07,D12,Bandages,First Aid,150
2609,2025-01-07,D13,Antiseptic Cream,First Aid,200
2610,2025-02-23,D10,Reading Glasses,Vision,600
2611,2025-04-19,D03,Cold & Flu Syrup,Cold Remedy,350
2611,2025-04-19,D04,Tissues,Cold Remedy,100
2611,2025-04-19,D05,Vitamin C Tablets,Supplements,400
2612,2025-05-22,D03,Cold & Flu Syrup,Cold Remedy,350
2612,2025-05-22,D04,Tissues,Cold Remedy,100
2613,2025-01-17,D03,Cold & Flu Syrup,Cold Remedy,350
2613,2025-01-17,D04,Tissues,Cold Remedy,100
2613,2025-01-17,D09,Aloe Vera Gel,Skincare,350
2614,2025-05-15,D07,Face Masks,Hygiene,200
2614,2025-05-15,D13,Antiseptic Cream,First Aid,200
2615,2025-02-10,D09,Aloe Vera Gel,Skincare,350
2616,2025-05-08,D04,Tissues,Cold Remedy,100
2617,2025-03-06,D08,Sunscreen SPF50,Skincare,800
2617,2025-03-06,D09,Aloe Vera Gel,Skincare,350
2618,2025-06-26,D13,Antiseptic Cream,First Aid,200
2618,2025-06-26,D03,Cold & Flu Syrup,Cold Remedy,350
2618,2025-06-26,D04,Tissues,Cold Remedy,100
2619,2025-03-23,D10,Reading Glasses,Vision,600
2619,2025-03-23,D13,Antiseptic Cream,First Aid,200
2619,2025-03-23,D14,Baby Lotion,Baby Care,350
2620,2025-06-03,D10,Reading Glasses,Vision,600
2620,2025-06-03,D17,Reading Puzzle Book,Stationery/Leisure,300
2621,2025-02-28,D08,Sunscreen SPF50,Skincare,800
2621,2025-02-28,D09,Aloe Vera Gel,Skincare,350
2622,2025-01-16,D07,Face Masks,Hygiene,200
2623,2025-05-01,D05,Vitamin C Tablets,Supplements,400
2623,2025-05-01,D07,Face Masks,Hygiene,200
2623,2025-05-01,D16,Multivitamin Gummies,Supplements,500
2623,2025-05-01,D10,Reading Glasses,Vision,600
2624,2025-03-03,D10,Reading Glasses,Vision,600
2624,2025-03-03,D16,Multivitamin Gummies,Supplements,500
2624,2025-03-03,D01,Paracetamol,Pain Relief,100
2624,2025-03-03,D15,Baby Diapers,Baby Care,1200
2625,2025-03-26,D06,Hand Sanitizer,Hygiene,150
2625,2025-03-26,D07,Face Masks,Hygiene,200
2626,2025-06-21,D08,Sunscreen SPF50,Skincare,800
2626,2025-06-21,D09,Aloe Vera Gel,Skincare,350
2626,2025-06-21,D07,Face Masks,Hygiene,200
2627,2025-02-22,D05,Vitamin C Tablets,Supplements,400
2628,2025-04-26,D17,Reading Puzzle Book,Stationery/Leisure,300
2629,2025-01-26,D15,Baby Diapers,Baby Care,1200
2630,2025-04-10,D10,Reading Glasses,Vision,600
2631,2025-03-20,D14,Baby Lotion,Baby Care,350
2631,2025-03-20,D15,Baby Diapers,Baby Care,1200
2632,2025-01-01,D01,Paracetamol,Pain Relief,100
2632,2025-01-01,D16,Multivitamin Gummies,Supplements,500
2633,2025-05-09,D05,Vitamin C Tablets,Supplements,400
2633,2025-05-09,D16,Multivitamin Gummies,Supplements,500
2634,2025-01-03,D08,Sunscreen SPF50,Skincare,800
2634,2025-01-03,D12,Bandages,First Aid,150
2635,2025-01-21,D03,Cold & Flu Syrup,Cold Remedy,350
2635,2025-01-21,D04,Tissues,Cold Remedy,100
2636,2025-05-13,D11,Eye Drops,Vision,250
2636,2025-05-13,D10,Reading Glasses,Vision,600
2636,2025-05-13,D01,Paracetamol,Pain Relief,100
2636,2025-05-13,D08,Sunscreen SPF50,Skincare,800
2637,2025-05-27,D08,Sunscreen SPF50,Skincare,800
2638,2025-01-19,D01,Paracetamol,Pain Relief,100
2638,2025-01-19,D13,Antiseptic Cream,First Aid,200
2639,2025-06-03,D12,Bandages,First Aid,150
2639,2025-06-03,D13,Antiseptic Cream,First Aid,200
2640,2025-05-23,D10,Reading Glasses,Vision,600
2640,2025-05-23,D17,Reading Puzzle Book,Stationery/Leisure,300
2640,2025-05-23,D11,Eye Drops,Vision,250
2641,2025-06-11,D11,Eye Drops,Vision,250
2641,2025-06-11,D08,Sunscreen SPF50,Skincare,800
2642,2025-01-05,D07,Face Masks,Hygiene,200
2642,2025-01-05,D16,Multivitamin Gummies,Supplements,500
2642,2025-01-05,D08,Sunscreen SPF50,Skincare,800
2642,2025-01-05,D12,Bandages,First Aid,150
2643,2025-04-11,D13,Antiseptic Cream,First Aid,200
2643,2025-04-11,D06,Hand Sanitizer,Hygiene,150
2643,2025-04-11,D05,Vitamin C Tablets,Supplements,400
2644,2025-01-30,D10,Reading Glasses,Vision,600
2644,2025-01-30,D16,Multivitamin Gummies,Supplements,500
2644,2025-01-30,D06,Hand Sanitizer,Hygiene,150
2645,2025-01-28,D10,Reading Glasses,Vision,600
2645,2025-01-28,D17,Reading Puzzle Book,Stationery/Leisure,300
2646,2025-02-07,D11,Eye Drops,Vision,250
2646,2025-02-07,D05,Vitamin C Tablets,Supplements,400
2647,2025-06-10,D03,Cold & Flu Syrup,Cold Remedy,350
2647,2025-06-10,D04,Tissues,Cold Remedy,100
2647,2025-06-10,D05,Vitamin C Tablets,Supplements,400
2648,2025-05-26,D07,Face Masks,Hygiene,200
2649,2025-01-13,D10,Reading Glasses,Vision,600
2650,2025-03-10,D08,Sunscreen SPF50,Skincare,800
2650,2025-03-10,D02,Ibuprofen,Pain Relief,150
2650,2025-03-10,D14,Baby Lotion,Baby Care,350
2650,2025-03-10,D06,Hand Sanitizer,Hygiene,150
2651,2025-06-20,D11,Eye Drops,Vision,250
2651,2025-06-20,D15,Baby Diapers,Baby Care,1200
2651,2025-06-20,D03,Cold & Flu Syrup,Cold Remedy,350
2651,2025-06-20,D01,Paracetamol,Pain Relief,100
2652,2025-01-14,D03,Cold & Flu Syrup,Cold Remedy,350
2652,2025-01-14,D04,Tissues,Cold Remedy,100
2652,2025-01-14,D05,Vitamin C Tablets,Supplements,400
2653,2025-06-05,D16,Multivitamin Gummies,Supplements,500
2654,2025-06-29,D14,Baby Lotion,Baby Care,350
2654,2025-06-29,D15,Baby Diapers,Baby Care,1200
2655,2025-04-06,D12,Bandages,First Aid,150
2655,2025-04-06,D13,Antiseptic Cream,First Aid,200
2656,2025-01-13,D12,Bandages,First Aid,150
2656,2025-01-13,D13,Antiseptic Cream,First Aid,200
2657,2025-03-08,D03,Cold & Flu Syrup,Cold Remedy,350
2657,2025-03-08,D04,Tissues,Cold Remedy,100
2658,2025-04-12,D14,Baby Lotion,Baby Care,350
2658,2025-04-12,D15,Baby Diapers,Baby Care,1200
2659,2025-05-01,D02,Ibuprofen,Pain Relief,150
2660,2025-03-04,D01,Paracetamol,Pain Relief,100
2660,2025-03-04,D02,Ibuprofen,Pain Relief,150
2660,2025-03-04,D06,Hand Sanitizer,Hygiene,150
2660,2025-03-04,D12,Bandages,First Aid,150
2661,2025-04-01,D03,Cold & Flu Syrup,Cold Remedy,350
2661,2025-04-01,D04,Tissues,Cold Remedy,100
2662,2025-02-22,D08,Sunscreen SPF50,Skincare,800
2662,2025-02-22,D09,Aloe Vera Gel,Skincare,350
2663,2025-01-05,D07,Face Masks,Hygiene,200
2663,2025-01-05,D10,Reading Glasses,Vision,600
2664,2025-03-20,D13,Antiseptic Cream,First Aid,200
2665,2025-01-16,D06,Hand Sanitizer,Hygiene,150
2665,2025-01-16,D07,Face Masks,Hygiene,200
2666,2025-01-02,D02,Ibuprofen,Pain Relief,150
2666,2025-01-02,D11,Eye Drops,Vision,250
2667,2025-03-29,D10,Reading Glasses,Vision,600
2667,2025-03-29,D16,Multivitamin Gummies,Supplements,500
2668,2025-06-22,D09,Aloe Vera Gel,Skincare,350
2668,2025-06-22,D15,Baby Diapers,Baby Care,1200
2668,2025-06-22,D01,Paracetamol,Pain Relief,100
2669,2025-03-29,D08,Sunscreen SPF50,Skincare,800
2669,2025-03-29,D09,Aloe Vera Gel,Skincare,350
2670,2025-01-16,D08,Sunscreen SPF50,Skincare,800
2670,2025-01-16,D09,Aloe Vera Gel,Skincare,350
2671,2025-06-20,D05,Vitamin C Tablets,Supplements,400
2671,2025-06-20,D16,Multivitamin Gummies,Supplements,500
2672,2025-01-10,D13,Antiseptic Cream,First Aid,200
2672,2025-01-10,D03,Cold & Flu Syrup,Cold Remedy,350
2672,2025-01-10,D17,Reading Puzzle Book,Stationery/Leisure,300
2672,2025-01-10,D11,Eye Drops,Vision,250
2673,2025-02-12,D05,Vitamin C Tablets,Supplements,400
2673,2025-02-12,D13,Antiseptic Cream,First Aid,200
2673,2025-02-12,D17,Reading Puzzle Book,Stationery/Leisure,300
2674,2025-02-12,D14,Baby Lotion,Baby Care,350
2674,2025-02-12,D15,Baby Diapers,Baby Care,1200
2675,2025-04-28,D12,Bandages,First Aid,150
2675,2025-04-28,D13,Antiseptic Cream,First Aid,200
2676,2025-02-26,D03,Cold & Flu Syrup,Cold Remedy,350
2676,2025-02-26,D04,Tissues,Cold Remedy,100
2676,2025-02-26,D05,Vitamin C Tablets,Supplements,400
2677,2025-06-23,D05,Vitamin C Tablets,Supplements,400
2677,2025-06-23,D16,Multivitamin Gummies,Supplements,500
2678,2025-06-09,D08,Sunscreen SPF50,Skincare,800
2678,2025-06-09,D09,Aloe Vera Gel,Skincare,350
2679,2025-02-23,D06,Hand Sanitizer,Hygiene,150
2680,2025-06-18,D02,Ibuprofen,Pain Relief,150
2680,2025-06-18,D01,Paracetamol,Pain Relief,100
2680,2025-06-18,D08,Sunscreen SPF50,Skincare,800
2680,2025-06-18,D12,Bandages,First Aid,150
2681,2025-02-03,D01,Paracetamol,Pain Relief,100
2682,2025-05-06,D08,Sunscreen SPF50,Skincare,800
2682,2025-05-06,D10,Reading Glasses,Vision,600
2683,2025-05-19,D12,Bandages,First Aid,150
2683,2025-05-19,D04,Tissues,Cold Remedy,100
2683,2025-05-19,D10,Reading Glasses,Vision,600
2684,2025-03-08,D10,Reading Glasses,Vision,600
2685,2025-05-18,D08,Sunscreen SPF50,Skincare,800
2685,2025-05-18,D09,Aloe Vera Gel,Skincare,350
2686,2025-01-17,D10,Reading Glasses,Vision,600
2686,2025-01-17,D17,Reading Puzzle Book,Stationery/Leisure,300
2686,2025-01-17,D11,Eye Drops,Vision,250
2687,2025-04-04,D08,Sunscreen SPF50,Skincare,800
2688,2025-06-29,D03,Cold & Flu Syrup,Cold Remedy,350
2688,2025-06-29,D04,Tissues,Cold Remedy,100
2689,2025-04-16,D11,Eye Drops,Vision,250
2689,2025-04-16,D14,Baby Lotion,Baby Care,350
2690,2025-04-14,D08,Sunscreen SPF50,Skincare,800
2690,2025-04-14,D09,Aloe Vera Gel,Skincare,350
2691,2025-01-12,D01,Paracetamol,Pain Relief,100
2691,2025-01-12,D07,Face Masks,Hygiene,200
2692,2025-03-11,D14,Baby Lotion,Baby Care,350
2692,2025-03-11,D15,Baby Diapers,Baby Care,1200
2693,2025-02-05,D05,Vitamin C Tablets,Supplements,400
2693,2025-02-05,D16,Multivitamin Gummies,Supplements,500
2694,2025-05-26,D08,Sunscreen SPF50,Skincare,800
2694,2025-05-26,D09,Aloe Vera Gel,Skincare,350
2695,2025-05-12,D03,Cold & Flu Syrup,Cold Remedy,350
2695,2025-05-12,D08,Sunscreen SPF50,Skincare,800
2695,2025-05-12,D05,Vitamin C Tablets,Supplements,400
2695,2025-05-12,D12,Bandages,First Aid,150
2696,2025-02-05,D06,Hand Sanitizer,Hygiene,150
2696,2025-02-05,D07,Face Masks,Hygiene,200
2697,2025-03-26,D09,Aloe Vera Gel,Skincare,350
2697,2025-03-26,D13,Antiseptic Cream,First Aid,200
2697,2025-03-26,D10,Reading Glasses,Vision,600
2697,2025-03-26,D07,Face Masks,Hygiene,200
2698,2025-01-06,D05,Vitamin C Tablets,Supplements,400
2698,2025-01-06,D16,Multivitamin Gummies,Supplements,500
2699,2025-01-07,D06,Hand Sanitizer,Hygiene,150
2699,2025-01-07,D07,Face Masks,Hygiene,200
2700,2025-03-07,D10,Reading Glasses,Vision,600
2700,2025-03-07,D17,Reading Puzzle Book,Stationery/Leisure,300
2700,2025-03-07,D11,Eye Drops,Vision,250
2701,2025-01-17,D01,Paracetamol,Pain Relief,100
2701,2025-01-17,D10,Reading Glasses,Vision,600
2701,2025-01-17,D03,Cold & Flu Syrup,Cold Remedy,350
2701,2025-01-17,D15,Baby Diapers,Baby Care,1200
2702,2025-01-18,D11,Eye Drops,Vision,250
2702,2025-01-18,D17,Reading Puzzle Book,Stationery/Leisure,300
2702,2025-01-18,D06,Hand Sanitizer,Hygiene,150
2703,2025-06-28,D12,Bandages,First Aid,150
2704,2025-04-27,D13,Antiseptic Cream,First Aid,200
2705,2025-03-09,D15,Baby Diapers,Baby Care,1200
2706,2025-06-23,D12,Bandages,First Aid,150
2706,2025-06-23,D13,Antiseptic Cream,First Aid,200
2707,2025-01-21,D14,Baby Lotion,Baby Care,350
2707,2025-01-21,D15,Baby Diapers,Baby Care,1200
2708,2025-02-01,D09,Aloe Vera Gel,Skincare,350
2709,2025-05-11,D12,Bandages,First Aid,150
2709,2025-05-11,D13,Antiseptic Cream,First Aid,200
2709,2025-05-11,D10,Reading Glasses,Vision,600
2710,2025-04-21,D02,Ibuprofen,Pain Relief,150
2710,2025-04-21,D05,Vitamin C Tablets,Supplements,400
2710,2025-04-21,D14,Baby Lotion,Baby Care,350
2710,2025-04-21,D17,Reading Puzzle Book,Stationery/Leisure,300
2711,2025-01-30,D06,Hand Sanitizer,Hygiene,150
2711,2025-01-30,D07,Face Masks,Hygiene,200
2712,2025-02-18,D16,Multivitamin Gummies,Supplements,500
2713,2025-04-09,D03,Cold & Flu Syrup,Cold Remedy,350
2713,2025-04-09,D14,Baby Lotion,Baby Care,350
2714,2025-05-30,D14,Baby Lotion,Baby Care,350
2714,2025-05-30,D15,Baby Diapers,Baby Care,1200
2715,2025-01-17,D12,Bandages,First Aid,150
2715,2025-01-17,D14,Baby Lotion,Baby Care,350
2715,2025-01-17,D01,Paracetamol,Pain Relief,100
2715,2025-01-17,D17,Reading Puzzle Book,Stationery/Leisure,300
2716,2025-04-04,D17,Reading Puzzle Book,Stationery/Leisure,300
2717,2025-04-21,D09,Aloe Vera Gel,Skincare,350
2717,2025-04-21,D17,Reading Puzzle Book,Stationery/Leisure,300
2717,2025-04-21,D04,Tissues,Cold Remedy,100
2718,2025-03-16,D09,Aloe Vera Gel,Skincare,350
2719,2025-01-14,D03,Cold & Flu Syrup,Cold Remedy,350
2719,2025-01-14,D04,Tissues,Cold Remedy,100
2719,2025-01-14,D05,Vitamin C Tablets,Supplements,400
2720,2025-01-27,D12,Bandages,First Aid,150
2720,2025-01-27,D13,Antiseptic Cream,First Aid,200
2721,2025-02-17,D02,Ibuprofen,Pain Relief,150
2721,2025-02-17,D06,Hand Sanitizer,Hygiene,150
2721,2025-02-17,D14,Baby Lotion,Baby Care,350
2721,2025-02-17,D03,Cold & Flu Syrup,Cold Remedy,350
2722,2025-02-08,D02,Ibuprofen,Pain Relief,150
2722,2025-02-08,D01,Paracetamol,Pain Relief,100
2722,2025-02-08,D14,Baby Lotion,Baby Care,350
2723,2025-01-12,D05,Vitamin C Tablets,Supplements,400
2723,2025-01-12,D01,Paracetamol,Pain Relief,100
2724,2025-04-05,D06,Hand Sanitizer,Hygiene,150
2724,2025-04-05,D12,Bandages,First Aid,150
2724,2025-04-05,D17,Reading Puzzle Book,Stationery/Leisure,300
2725,2025-03-16,D14,Baby Lotion,Baby Care,350
2725,2025-03-16,D15,Baby Diapers,Baby Care,1200
2726,2025-05-06,D15,Baby Diapers,Baby Care,1200
2726,2025-05-06,D12,Bandages,First Aid,150
2726,2025-05-06,D11,Eye Drops,Vision,250
2726,2025-05-06,D07,Face Masks,Hygiene,200
2727,2025-06-01,D08,Sunscreen SPF50,Skincare,800
2727,2025-06-01,D03,Cold & Flu Syrup,Cold Remedy,350
2727,2025-06-01,D15,Baby Diapers,Baby Care,1200
2728,2025-06-11,D15,Baby Diapers,Baby Care,1200
2729,2025-02-06,D10,Reading Glasses,Vision,600
2729,2025-02-06,D17,Reading Puzzle Book,Stationery/Leisure,300
2730,2025-06-13,D14,Baby Lotion,Baby Care,350
2730,2025-06-13,D15,Baby Diapers,Baby Care,1200
2730,2025-06-13,D12,Bandages,First Aid,150
2731,2025-03-10,D03,Cold & Flu Syrup,Cold Remedy,350
2731,2025-03-10,D04,Tissues,Cold Remedy,100
2732,2025-04-08,D05,Vitamin C Tablets,Supplements,400
2733,2025-03-31,D12,Bandages,First Aid,150
2733,2025-03-31,D13,Antiseptic Cream,First Aid,200
2734,2025-05-29,D08,Sunscreen SPF50,Skincare,800
2734,2025-05-29,D09,Aloe Vera Gel,Skincare,350
2735,2025-01-06,D12,Bandages,First Aid,150
2736,2025-01-24,D08,Sunscreen SPF50,Skincare,800
2736,2025-01-24,D11,Eye Drops,Vision,250
2737,2025-03-17,D09,Aloe Vera Gel,Skincare,350
2738,2025-05-22,D05,Vitamin C Tablets,Supplements,400
2738,2025-05-22,D16,Multivitamin Gummies,Supplements,500
2739,2025-02-13,D08,Sunscreen SPF50,Skincare,800
2739,2025-02-13,D09,Aloe Vera Gel,Skincare,350
2740,2025-02-26,D03,Cold & Flu Syrup,Cold Remedy,350
2740,2025-02-26,D04,Tissues,Cold Remedy,100
2740,2025-02-26,D05,Vitamin C Tablets,Supplements,400
2741,2025-06-01,D06,Hand Sanitizer,Hygiene,150
2741,2025-06-01,D07,Face Masks,Hygiene,200
2742,2025-01-05,D11,Eye Drops,Vision,250
2743,2025-04-21,D01,Paracetamol,Pain Relief,100
2744,2025-02-23,D12,Bandages,First Aid,150
2744,2025-02-23,D13,Antiseptic Cream,First Aid,200
2745,2025-03-29,D09,Aloe Vera Gel,Skincare,350
2745,2025-03-29,D01,Paracetamol,Pain Relief,100
2745,2025-03-29,D07,Face Masks,Hygiene,200
2745,2025-03-29,D17,Reading Puzzle Book,Stationery/Leisure,300
2746,2025-03-01,D06,Hand Sanitizer,Hygiene,150
2746,2025-03-01,D10,Reading Glasses,Vision,600
2746,2025-03-01,D16,Multivitamin Gummies,Supplements,500
2747,2025-03-02,D10,Reading Glasses,Vision,600
2747,2025-03-02,D17,Reading Puzzle Book,Stationery/Leisure,300
2747,2025-03-02,D11,Eye Drops,Vision,250
2748,2025-06-06,D12,Bandages,First Aid,150
2748,2025-06-06,D13,Antiseptic Cream,First Aid,200
2749,2025-06-13,D05,Vitamin C Tablets,Supplements,400
2749,2025-06-13,D16,Multivitamin Gummies,Supplements,500
2750,2025-05-14,D02,Ibuprofen,Pain Relief,150
2751,2025-05-06,D09,Aloe Vera Gel,Skincare,350
2752,2025-02-13,D08,Sunscreen SPF50,Skincare,800
2753,2025-03-07,D12,Bandages,First Aid,150
2753,2025-03-07,D13,Antiseptic Cream,First Aid,200
2754,2025-03-02,D07,Face Masks,Hygiene,200
2755,2025-03-30,D06,Hand Sanitizer,Hygiene,150
2755,2025-03-30,D07,Face Masks,Hygiene,200
2756,2025-03-12,D06,Hand Sanitizer,Hygiene,150
2757,2025-06-25,D05,Vitamin C Tablets,Supplements,400
2757,2025-06-25,D16,Multivitamin Gummies,Supplements,500
2758,2025-03-12,D02,Ibuprofen,Pain Relief,150
2759,2025-02-13,D14,Baby Lotion,Baby Care,350
2759,2025-02-13,D15,Baby Diapers,Baby Care,1200
2760,2025-05-25,D14,Baby Lotion,Baby Care,350
2761,2025-01-15,D05,Vitamin C Tablets,Supplements,400
2761,2025-01-15,D16,Multivitamin Gummies,Supplements,500
2762,2025-01-25,D03,Cold & Flu Syrup,Cold Remedy,350
2762,2025-01-25,D10,Reading Glasses,Vision,600
2762,2025-01-25,D13,Antiseptic Cream,First Aid,200
2763,2025-03-03,D03,Cold & Flu Syrup,Cold Remedy,350
2763,2025-03-03,D04,Tissues,Cold Remedy,100
2763,2025-03-03,D05,Vitamin C Tablets,Supplements,400
2764,2025-06-24,D14,Baby Lotion,Baby Care,350
2765,2025-04-04,D09,Aloe Vera Gel,Skincare,350
2765,2025-04-04,D15,Baby Diapers,Baby Care,1200
2766,2025-05-07,D14,Baby Lotion,Baby Care,350
2766,2025-05-07,D15,Baby Diapers,Baby Care,1200
2767,2025-01-08,D06,Hand Sanitizer,Hygiene,150
2767,2025-01-08,D07,Face Masks,Hygiene,200
2768,2025-06-07,D12,Bandages,First Aid,150
2769,2025-01-22,D17,Reading Puzzle Book,Stationery/Leisure,300
2769,2025-01-22,D03,Cold & Flu Syrup,Cold Remedy,350
2770,2025-04-01,D14,Baby Lotion,Baby Care,350
2770,2025-04-01,D15,Baby Diapers,Baby Care,1200
2771,2025-06-03,D15,Baby Diapers,Baby Care,1200
2772,2025-03-12,D03,Cold & Flu Syrup,Cold Remedy,350
2772,2025-03-12,D04,Tissues,Cold Remedy,100
2772,2025-03-12,D05,Vitamin C Tablets,Supplements,400
2773,2025-03-28,D10,Reading Glasses,Vision,600
2773,2025-03-28,D17,Reading Puzzle Book,Stationery/Leisure,300
2774,2025-05-25,D08,Sunscreen SPF50,Skincare,800
2774,2025-05-25,D09,Aloe Vera Gel,Skincare,350
2775,2025-05-24,D12,Bandages,First Aid,150
2775,2025-05-24,D13,Antiseptic Cream,First Aid,200
2776,2025-03-04,D04,Tissues,Cold Remedy,100
2776,2025-03-04,D12,Bandages,First Aid,150
2776,2025-03-04,D10,Reading Glasses,Vision,600
2777,2025-02-07,D14,Baby Lotion,Baby Care,350
2777,2025-02-07,D15,Baby Diapers,Baby Care,1200
2778,2025-06-22,D13,Antiseptic Cream,First Aid,200
2779,2025-02-12,D10,Reading Glasses,Vision,600
2779,2025-02-12,D14,Baby Lotion,Baby Care,350
2779,2025-02-12,D13,Antiseptic Cream,First Aid,200
2780,2025-06-10,D03,Cold & Flu Syrup,Cold Remedy,350
2780,2025-06-10,D04,Tissues,Cold Remedy,100
2780,2025-06-10,D05,Vitamin C Tablets,Supplements,400
2781,2025-06-11,D07,Face Masks,Hygiene,200
2782,2025-03-09,D10,Reading Glasses,Vision,600
2783,2025-05-25,D08,Sunscreen SPF50,Skincare,800
2783,2025-05-25,D09,Aloe Vera Gel,Skincare,350
2783,2025-05-25,D02,Ibuprofen,Pain Relief,150
2784,2025-05-12,D06,Hand Sanitizer,Hygiene,150
2784,2025-05-12,D07,Face Masks,Hygiene,200
2785,2025-01-25,D06,Hand Sanitizer,Hygiene,150
2785,2025-01-25,D07,Face Masks,Hygiene,200
2786,2025-04-05,D13,Antiseptic Cream,First Aid,200
2787,2025-06-18,D08,Sunscreen SPF50,Skincare,800
2787,2025-06-18,D17,Reading Puzzle Book,Stationery/Leisure,300
2787,2025-06-18,D13,Antiseptic Cream,First Aid,200
2787,2025-06-18,D09,Aloe Vera Gel,Skincare,350
2788,2025-03-26,D14,Baby Lotion,Baby Care,350
2788,2025-03-26,D03,Cold & Flu Syrup,Cold Remedy,350
2788,2025-03-26,D08,Sunscreen SPF50,Skincare,800
2788,2025-03-26,D16,Multivitamin Gummies,Supplements,500
2789,2025-06-17,D13,Antiseptic Cream,First Aid,200
2789,2025-06-17,D02,Ibuprofen,Pain Relief,150
2789,2025-06-17,D05,Vitamin C Tablets,Supplements,400
2790,2025-04-29,D07,Face Masks,Hygiene,200
2791,2025-05-06,D16,Multivitamin Gummies,Supplements,500
2791,2025-05-06,D09,Aloe Vera Gel,Skincare,350
2792,2025-06-28,D14,Baby Lotion,Baby Care,350
2792,2025-06-28,D11,Eye Drops,Vision,250
2792,2025-06-28,D04,Tissues,Cold Remedy,100
2792,2025-06-28,D16,Multivitamin Gummies,Supplements,500
2793,2025-04-19,D10,Reading Glasses,Vision,600
2793,2025-04-19,D17,Reading Puzzle Book,Stationery/Leisure,300
2794,2025-05-22,D03,Cold & Flu Syrup,Cold Remedy,350
2794,2025-05-22,D04,Tissues,Cold Remedy,100
2795,2025-05-19,D05,Vitamin C Tablets,Supplements,400
2795,2025-05-19,D16,Multivitamin Gummies,Supplements,500
2796,2025-05-27,D09,Aloe Vera Gel,Skincare,350
2796,2025-05-27,D08,Sunscreen SPF50,Skincare,800
2796,2025-05-27,D07,Face Masks,Hygiene,200
2797,2025-04-18,D03,Cold & Flu Syrup,Cold Remedy,350
2797,2025-04-18,D04,Tissues,Cold Remedy,100
2797,2025-04-18,D05,Vitamin C Tablets,Supplements,400
2798,2025-03-10,D14,Baby Lotion,Baby Care,350
2798,2025-03-10,D15,Baby Diapers,Baby Care,1200
2799,2025-01-13,D07,Face Masks,Hygiene,200
2800,2025-02-03,D16,Multivitamin Gummies,Supplements,500
2800,2025-02-03,D12,Bandages,First Aid,150
2800,2025-02-03,D07,Face Masks,Hygiene,200
2801,2025-03-09,D06,Hand Sanitizer,Hygiene,150
2801,2025-03-09,D07,Face Masks,Hygiene,200
2802,2025-05-02,D11,Eye Drops,Vision,250
2803,2025-03-08,D10,Reading Glasses,Vision,600
2803,2025-03-08,D17,Reading Puzzle Book,Stationery/Leisure,300
2804,2025-06-05,D09,Aloe Vera Gel,Skincare,350
2804,2025-06-05,D14,Baby Lotion,Baby Care,350
2805,2025-05-15,D12,Bandages,First Aid,150
2805,2025-05-15,D13,Antiseptic Cream,First Aid,200
2806,2025-03-15,D05,Vitamin C Tablets,Supplements,400
2806,2025-03-15,D16,Multivitamin Gummies,Supplements,500
2807,2025-06-19,D05,Vitamin C Tablets,Supplements,400
2807,2025-06-19,D11,Eye Drops,Vision,250
2808,2025-04-26,D05,Vitamin C Tablets,Supplements,400
2809,2025-06-08,D08,Sunscreen SPF50,Skincare,800
2809,2025-06-08,D09,Aloe Vera Gel,Skincare,350
2810,2025-05-11,D10,Reading Glasses,Vision,600
2810,2025-05-11,D17,Reading Puzzle Book,Stationery/Leisure,300
2811,2025-05-31,D11,Eye Drops,Vision,250
2812,2025-05-17,D12,Bandages,First Aid,150
2812,2025-05-17,D13,Antiseptic Cream,First Aid,200
2813,2025-04-28,D10,Reading Glasses,Vision,600
2813,2025-04-28,D17,Reading Puzzle Book,Stationery/Leisure,300
2813,2025-04-28,D11,Eye Drops,Vision,250
2814,2025-05-29,D16,Multivitamin Gummies,Supplements,500
2814,2025-05-29,D09,Aloe Vera Gel,Skincare,350
2814,2025-05-29,D12,Bandages,First Aid,150
2814,2025-05-29,D03,Cold & Flu Syrup,Cold Remedy,350
2815,2025-04-24,D14,Baby Lotion,Baby Care,350
2815,2025-04-24,D15,Baby Diapers,Baby Care,1200
2816,2025-04-01,D15,Baby Diapers,Baby Care,1200
2816,2025-04-01,D16,Multivitamin Gummies,Supplements,500
2816,2025-04-01,D17,Reading Puzzle Book,Stationery/Leisure,300
2817,2025-03-08,D02,Ibuprofen,Pain Relief,150
2817,2025-03-08,D08,Sunscreen SPF50,Skincare,800
2817,2025-03-08,D01,Paracetamol,Pain Relief,100
2817,2025-03-08,D16,Multivitamin Gummies,Supplements,500
2818,2025-03-06,D06,Hand Sanitizer,Hygiene,150
2818,2025-03-06,D07,Face Masks,Hygiene,200
2819,2025-03-11,D05,Vitamin C Tablets,Supplements,400
2819,2025-03-11,D16,Multivitamin Gummies,Supplements,500
2820,2025-04-03,D04,Tissues,Cold Remedy,100
2820,2025-04-03,D16,Multivitamin Gummies,Supplements,500
2820,2025-04-03,D08,Sunscreen SPF50,Skincare,800
2820,2025-04-03,D12,Bandages,First Aid,150
2821,2025-05-14,D10,Reading Glasses,Vision,600
2821,2025-05-14,D17,Reading Puzzle Book,Stationery/Leisure,300
2822,2025-03-19,D12,Bandages,First Aid,150
2822,2025-03-19,D13,Antiseptic Cream,First Aid,200
2823,2025-04-23,D06,Hand Sanitizer,Hygiene,150
2823,2025-04-23,D07,Face Masks,Hygiene,200
2824,2025-03-06,D17,Reading Puzzle Book,Stationery/Leisure,300
2825,2025-01-14,D14,Baby Lotion,Baby Care,350
2825,2025-01-14,D15,Baby Diapers,Baby Care,1200
2826,2025-03-27,D05,Vitamin C Tablets,Supplements,400
2827,2025-03-19,D06,Hand Sanitizer,Hygiene,150
2827,2025-03-19,D07,Face Masks,Hygiene,200
2828,2025-03-06,D06,Hand Sanitizer,Hygiene,150
2828,2025-03-06,D07,Face Masks,Hygiene,200
2829,2025-05-29,D13,Antiseptic Cream,First Aid,200
2829,2025-05-29,D02,Ibuprofen,Pain Relief,150
2829,2025-05-29,D03,Cold & Flu Syrup,Cold Remedy,350
2829,2025-05-29,D06,Hand Sanitizer,Hygiene,150
2830,2025-06-24,D05,Vitamin C Tablets,Supplements,400
2830,2025-06-24,D12,Bandages,First Aid,150
2830,2025-06-24,D11,Eye Drops,Vision,250
2830,2025-06-24,D04,Tissues,Cold Remedy,100
2831,2025-01-14,D04,Tissues,Cold Remedy,100
2831,2025-01-14,D03,Cold & Flu Syrup,Cold Remedy,350
2831,2025-01-14,D06,Hand Sanitizer,Hygiene,150
2831,2025-01-14,D13,Antiseptic Cream,First Aid,200
2832,2025-04-14,D08,Sunscreen SPF50,Skincare,800
2832,2025-04-14,D09,Aloe Vera Gel,Skincare,350
2833,2025-01-01,D16,Multivitamin Gummies,Supplements,500
2834,2025-03-11,D06,Hand Sanitizer,Hygiene,150
2834,2025-03-11,D07,Face Masks,Hygiene,200
2835,2025-02-24,D03,Cold & Flu Syrup,Cold Remedy,350
2835,2025-02-24,D04,Tissues,Cold Remedy,100
2836,2025-04-21,D09,Aloe Vera Gel,Skincare,350
2836,2025-04-21,D01,Paracetamol,Pain Relief,100
2836,2025-04-21,D16,Multivitamin Gummies,Supplements,500
2836,2025-04-21,D07,Face Masks,Hygiene,200
2837,2025-01-27,D05,Vitamin C Tablets,Supplements,400
2837,2025-01-27,D16,Multivitamin Gummies,Supplements,500
2838,2025-04-22,D10,Reading Glasses,Vision,600
2839,2025-04-21,D07,Face Masks,Hygiene,200
2840,2025-02-23,D03,Cold & Flu Syrup,Cold Remedy,350
2840,2025-02-23,D04,Tissues,Cold Remedy,100
2840,2025-02-23,D02,Ibuprofen,Pain Relief,150
2841,2025-03-16,D06,Hand Sanitizer,Hygiene,150
2841,2025-03-16,D07,Face Masks,Hygiene,200
2841,2025-03-16,D04,Tissues,Cold Remedy,100
2842,2025-03-01,D10,Reading Glasses,Vision,600
2842,2025-03-01,D17,Reading Puzzle Book,Stationery/Leisure,300
2843,2025-02-22,D08,Sunscreen SPF50,Skincare,800
2843,2025-02-22,D09,Aloe Vera Gel,Skincare,350
2844,2025-05-11,D13,Antiseptic Cream,First Aid,200
2844,2025-05-11,D11,Eye Drops,Vision,250
2845,2025-05-30,D05,Vitamin C Tablets,Supplements,400
2845,2025-05-30,D17,Reading Puzzle Book,Stationery/Leisure,300
2846,2025-02-25,D08,Sunscreen SPF50,Skincare,800
2846,2025-02-25,D09,Aloe Vera Gel,Skincare,350
2847,2025-06-13,D03,Cold & Flu Syrup,Cold Remedy,350
2847,2025-06-13,D04,Tissues,Cold Remedy,100
2847,2025-06-13,D05,Vitamin C Tablets,Supplements,400
2848,2025-02-08,D02,Ibuprofen,Pain Relief,150
2849,2025-05-14,D11,Eye Drops,Vision,250
2850,2025-01-19,D03,Cold & Flu Syrup,Cold Remedy,350
2851,2025-05-07,D14,Baby Lotion,Baby Care,350
2851,2025-05-07,D15,Baby Diapers,Baby Care,1200
2852,2025-04-12,D05,Vitamin C Tablets,Supplements,400
2852,2025-04-12,D16,Multivitamin Gummies,Supplements,500
2853,2025-03-30,D08,Sunscreen SPF50,Skincare,800
2853,2025-03-30,D09,Aloe Vera Gel,Skincare,350
2854,2025-01-19,D03,Cold & Flu Syrup,Cold Remedy,350
2854,2025-01-19,D04,Tissues,Cold Remedy,100
2854,2025-01-19,D05,Vitamin C Tablets,Supplements,400
2855,2025-04-16,D13,Antiseptic Cream,First Aid,200
2856,2025-01-02,D06,Hand Sanitizer,Hygiene,150
2856,2025-01-02,D08,Sunscreen SPF50,Skincare,800
2857,2025-02-27,D05,Vitamin C Tablets,Supplements,400
2857,2025-02-27,D16,Multivitamin Gummies,Supplements,500
2858,2025-06-21,D14,Baby Lotion,Baby Care,350
2858,2025-06-21,D15,Baby Diapers,Baby Care,1200
2858,2025-06-21,D04,Tissues,Cold Remedy,100
2858,2025-06-21,D05,Vitamin C Tablets,Supplements,400
2859,2025-02-18,D16,Multivitamin Gummies,Supplements,500
2859,2025-02-18,D08,Sunscreen SPF50,Skincare,800
2860,2025-04-23,D06,Hand Sanitizer,Hygiene,150
2860,2025-04-23,D07,Face Masks,Hygiene,200
2861,2025-02-22,D12,Bandages,First Aid,150
2861,2025-02-22,D13,Antiseptic Cream,First Aid,200
2862,2025-02-21,D07,Face Masks,Hygiene,200
2862,2025-02-21,D04,Tissues,Cold Remedy,100
2863,2025-01-13,D05,Vitamin C Tablets,Supplements,400
2863,2025-01-13,D16,Multivitamin Gummies,Supplements,500
2864,2025-02-04,D10,Reading Glasses,Vision,600
2864,2025-02-04,D17,Reading Puzzle Book,Stationery/Leisure,300
2865,2025-01-05,D12,Bandages,First Aid,150
2865,2025-01-05,D13,Antiseptic Cream,First Aid,200
2866,2025-06-02,D08,Sunscreen SPF50,Skincare,800
2866,2025-06-02,D09,Aloe Vera Gel,Skincare,350
2867,2025-04-08,D10,Reading Glasses,Vision,600
2867,2025-04-08,D17,Reading Puzzle Book,Stationery/Leisure,300
2868,2025-05-03,D10,Reading Glasses,Vision,600
2868,2025-05-03,D04,Tissues,Cold Remedy,100
2869,2025-01-22,D05,Vitamin C Tablets,Supplements,400
2869,2025-01-22,D16,Multivitamin Gummies,Supplements,500
2870,2025-06-02,D03,Cold & Flu Syrup,Cold Remedy,350
2870,2025-06-02,D04,Tissues,Cold Remedy,100
2870,2025-06-02,D07,Face Masks,Hygiene,200
2871,2025-06-28,D06,Hand Sanitizer,Hygiene,150
2871,2025-06-28,D03,Cold & Flu Syrup,Cold Remedy,350
2871,2025-06-28,D16,Multivitamin Gummies,Supplements,500
2872,2025-01-03,D09,Aloe Vera Gel,Skincare,350
2873,2025-04-23,D12,Bandages,First Aid,150
2873,2025-04-23,D13,Antiseptic Cream,First Aid,200
2874,2025-03-24,D10,Reading Glasses,Vision,600
2874,2025-03-24,D17,Reading Puzzle Book,Stationery/Leisure,300
2874,2025-03-24,D11,Eye Drops,Vision,250
2875,2025-06-15,D14,Baby Lotion,Baby Care,350
2875,2025-06-15,D15,Baby Diapers,Baby Care,1200
2876,2025-03-13,D03,Cold & Flu Syrup,Cold Remedy,350
2876,2025-03-13,D04,Tissues,Cold Remedy,100
2877,2025-05-21,D03,Cold & Flu Syrup,Cold Remedy,350
2877,2025-05-21,D04,Tissues,Cold Remedy,100
2878,2025-05-22,D01,Paracetamol,Pain Relief,100
2879,2025-05-21,D02,Ibuprofen,Pain Relief,150
2880,2025-01-26,D16,Multivitamin Gummies,Supplements,500
2881,2025-06-06,D06,Hand Sanitizer,Hygiene,150
2881,2025-06-06,D11,Eye Drops,Vision,250
2882,2025-03-18,D05,Vitamin C Tablets,Supplements,400
2882,2025-03-18,D16,Multivitamin Gummies,Supplements,500
2882,2025-03-18,D06,Hand Sanitizer,Hygiene,150
2883,2025-02-14,D12,Bandages,First Aid,150
2883,2025-02-14,D01,Paracetamol,Pain Relief,100
2884,2025-03-26,D07,Face Masks,Hygiene,200
2884,2025-03-26,D16,Multivitamin Gummies,Supplements,500
2884,2025-03-26,D13,Antiseptic Cream,First Aid,200
2885,2025-05-13,D03,Cold & Flu Syrup,Cold Remedy,350
2886,2025-01-12,D06,Hand Sanitizer,Hygiene,150
2886,2025-01-12,D07,Face Masks,Hygiene,200
2887,2025-05-10,D09,Aloe Vera Gel,Skincare,350
2887,2025-05-10,D01,Paracetamol,Pain Relief,100
2887,2025-05-10,D15,Baby Diapers,Baby Care,1200
2887,2025-05-10,D04,Tissues,Cold Remedy,100
2888,2025-02-17,D02,Ibuprofen,Pain Relief,150
2889,2025-02-12,D06,Hand Sanitizer,Hygiene,150
2889,2025-02-12,D07,Face Masks,Hygiene,200
2890,2025-04-14,D03,Cold & Flu Syrup,Cold Remedy,350
2890,2025-04-14,D04,Tissues,Cold Remedy,100
2891,2025-01-26,D07,Face Masks,Hygiene,200
2892,2025-04-17,D10,Reading Glasses,Vision,600
2892,2025-04-17,D17,Reading Puzzle Book,Stationery/Leisure,300
2893,2025-03-17,D05,Vitamin C Tablets,Supplements,400
2893,2025-03-17,D16,Multivitamin Gummies,Supplements,500
2894,2025-02-08,D17,Reading Puzzle Book,Stationery/Leisure,300
2894,2025-02-08,D12,Bandages,First Aid,150
2894,2025-02-08,D06,Hand Sanitizer,Hygiene,150
2895,2025-03-10,D05,Vitamin C Tablets,Supplements,400
2895,2025-03-10,D16,Multivitamin Gummies,Supplements,500
2896,2025-01-14,D03,Cold & Flu Syrup,Cold Remedy,350
2897,2025-03-20,D10,Reading Glasses,Vision,600
2897,2025-03-20,D17,Reading Puzzle Book,Stationery/Leisure,300
2897,2025-03-20,D11,Eye Drops,Vision,250
2897,2025-03-20,D03,Cold & Flu Syrup,Cold Remedy,350
2898,2025-03-21,D10,Reading Glasses,Vision,600
2898,2025-03-21,D17,Reading Puzzle Book,Stationery/Leisure,300
2899,2025-02-13,D05,Vitamin C Tablets,Supplements,400
2899,2025-02-13,D16,Multivitamin Gummies,Supplements,500
2900,2025-02-16,D10,Reading Glasses,Vision,600
2900,2025-02-16,D17,Reading Puzzle Book,Stationery/Leisure,300
2901,2025-03-16,D13,Antiseptic Cream,First Aid,200
2902,2025-05-31,D10,Reading Glasses,Vision,600
2902,2025-05-31,D17,Reading Puzzle Book,Stationery/Leisure,300
2902,2025-05-31,D05,Vitamin C Tablets,Supplements,400
2903,2025-04-13,D06,Hand Sanitizer,Hygiene,150
2903,2025-04-13,D07,Face Masks,Hygiene,200
2904,2025-03-20,D17,Reading Puzzle Book,Stationery/Leisure,300
2905,2025-06-30,D05,Vitamin C Tablets,Supplements,400
2905,2025-06-30,D16,Multivitamin Gummies,Supplements,500
2905,2025-06-30,D03,Cold & Flu Syrup,Cold Remedy,350
2906,2025-01-11,D14,Baby Lotion,Baby Care,350
2906,2025-01-11,D15,Baby Diapers,Baby Care,1200
2907,2025-03-15,D06,Hand Sanitizer,Hygiene,150
2907,2025-03-15,D07,Face Masks,Hygiene,200
2908,2025-02-24,D08,Sunscreen SPF50,Skincare,800
2908,2025-02-24,D09,Aloe Vera Gel,Skincare,350
2909,2025-06-06,D10,Reading Glasses,Vision,600
2909,2025-06-06,D17,Reading Puzzle Book,Stationery/Leisure,300
2909,2025-06-06,D11,Eye Drops,Vision,250
2910,2025-02-22,D12,Bandages,First Aid,150
2910,2025-02-22,D13,Antiseptic Cream,First Aid,200
2911,2025-01-06,D10,Reading Glasses,Vision,600
2911,2025-01-06,D17,Reading Puzzle Book,Stationery/Leisure,300
2912,2025-04-01,D07,Face Masks,Hygiene,200
2912,2025-04-01,D10,Reading Glasses,Vision,600
2912,2025-04-01,D09,Aloe Vera Gel,Skincare,350
2912,2025-04-01,D16,Multivitamin Gummies,Supplements,500
2913,2025-01-20,D15,Baby Diapers,Baby Care,1200
2913,2025-01-20,D08,Sunscreen SPF50,Skincare,800
2914,2025-02-17,D01,Paracetamol,Pain Relief,100
2915,2025-02-01,D13,Antiseptic Cream,First Aid,200
2915,2025-02-01,D15,Baby Diapers,Baby Care,1200
2915,2025-02-01,D01,Paracetamol,Pain Relief,100
2916,2025-05-06,D09,Aloe Vera Gel,Skincare,350
2917,2025-01-18,D03,Cold & Flu Syrup,Cold Remedy,350
2917,2025-01-18,D04,Tissues,Cold Remedy,100
2918,2025-01-27,D08,Sunscreen SPF50,Skincare,800
2918,2025-01-27,D09,Aloe Vera Gel,Skincare,350
2919,2025-01-20,D12,Bandages,First Aid,150
2919,2025-01-20,D13,Antiseptic Cream,First Aid,200
2920,2025-02-07,D09,Aloe Vera Gel,Skincare,350
2920,2025-02-07,D15,Baby Diapers,Baby Care,1200
2920,2025-02-07,D01,Paracetamol,Pain Relief,100
2921,2025-06-11,D15,Baby Diapers,Baby Care,1200
2921,2025-06-11,D06,Hand Sanitizer,Hygiene,150
2921,2025-06-11,D04,Tissues,Cold Remedy,100
2922,2025-06-05,D13,Antiseptic Cream,First Aid,200
2922,2025-06-05,D05,Vitamin C Tablets,Supplements,400
2923,2025-02-13,D10,Reading Glasses,Vision,600
2923,2025-02-13,D17,Reading Puzzle Book,Stationery/Leisure,300
2924,2025-02-09,D08,Sunscreen SPF50,Skincare,800
2924,2025-02-09,D09,Aloe Vera Gel,Skincare,350
2925,2025-03-18,D14,Baby Lotion,Baby Care,350
2926,2025-01-19,D13,Antiseptic Cream,First Aid,200
2927,2025-02-18,D16,Multivitamin Gummies,Supplements,500
2927,2025-02-18,D07,Face Masks,Hygiene,200
2927,2025-02-18,D03,Cold & Flu Syrup,Cold Remedy,350
2927,2025-02-18,D12,Bandages,First Aid,150
2928,2025-05-20,D10,Reading Glasses,Vision,600
2928,2025-05-20,D17,Reading Puzzle Book,Stationery/Leisure,300
2929,2025-06-15,D16,Multivitamin Gummies,Supplements,500
2929,2025-06-15,D12,Bandages,First Aid,150
2930,2025-04-15,D16,Multivitamin Gummies,Supplements,500
2931,2025-05-04,D04,Tissues,Cold Remedy,100
2932,2025-04-01,D10,Reading Glasses,Vision,600
2932,2025-04-01,D17,Reading Puzzle Book,Stationery/Leisure,300
2933,2025-03-28,D04,Tissues,Cold Remedy,100
2934,2025-02-25,D14,Baby Lotion,Baby Care,350
2934,2025-02-25,D15,Baby Diapers,Baby Care,1200
2935,2025-04-28,D17,Reading Puzzle Book,Stationery/Leisure,300
2936,2025-06-18,D09,Aloe Vera Gel,Skincare,350
2936,2025-06-18,D15,Baby Diapers,Baby Care,1200
2936,2025-06-18,D06,Hand Sanitizer,Hygiene,150
2936,2025-06-18,D05,Vitamin C Tablets,Supplements,400
2937,2025-06-07,D03,Cold & Flu Syrup,Cold Remedy,350
2937,2025-06-07,D09,Aloe Vera Gel,Skincare,350
2937,2025-06-07,D04,Tissues,Cold Remedy,100
2938,2025-03-30,D05,Vitamin C Tablets,Supplements,400
2938,2025-03-30,D16,Multivitamin Gummies,Supplements,500
2938,2025-03-30,D02,Ibuprofen,Pain Relief,150
2939,2025-04-07,D09,Aloe Vera Gel,Skincare,350
2940,2025-03-12,D12,Bandages,First Aid,150
2940,2025-03-12,D13,Antiseptic Cream,First Aid,200
2941,2025-03-11,D12,Bandages,First Aid,150
2941,2025-03-11,D13,Antiseptic Cream,First Aid,200
2942,2025-04-05,D13,Antiseptic Cream,First Aid,200
2942,2025-04-05,D01,Paracetamol,Pain Relief,100
2942,2025-04-05,D06,Hand Sanitizer,Hygiene,150
2943,2025-03-06,D10,Reading Glasses,Vision,600
2943,2025-03-06,D17,Reading Puzzle Book,Stationery/Leisure,300
2943,2025-03-06,D11,Eye Drops,Vision,250
2944,2025-04-11,D04,Tissues,Cold Remedy,100
2945,2025-01-11,D08,Sunscreen SPF50,Skincare,800
2945,2025-01-11,D09,Aloe Vera Gel,Skincare,350
2946,2025-03-24,D12,Bandages,First Aid,150
2946,2025-03-24,D13,Antiseptic Cream,First Aid,200
2947,2025-06-23,D14,Baby Lotion,Baby Care,350
2947,2025-06-23,D15,Baby Diapers,Baby Care,1200
2948,2025-04-24,D15,Baby Diapers,Baby Care,1200
2948,2025-04-24,D07,Face Masks,Hygiene,200
2948,2025-04-24,D16,Multivitamin Gummies,Supplements,500
2949,2025-01-28,D10,Reading Glasses,Vision,600
2949,2025-01-28,D17,Reading Puzzle Book,Stationery/Leisure,300
2949,2025-01-28,D11,Eye Drops,Vision,250
2950,2025-02-08,D03,Cold & Flu Syrup,Cold Remedy,350
2950,2025-02-08,D04,Tissues,Cold Remedy,100
2950,2025-02-08,D05,Vitamin C Tablets,Supplements,400
2951,2025-04-26,D07,Face Masks,Hygiene,200
2951,2025-04-26,D09,Aloe Vera Gel,Skincare,350
2951,2025-04-26,D14,Baby Lotion,Baby Care,350
2951,2025-04-26,D13,Antiseptic Cream,First Aid,200
2952,2025-03-23,D14,Baby Lotion,Baby Care,350
2952,2025-03-23,D15,Baby Diapers,Baby Care,1200
2953,2025-05-28,D08,Sunscreen SPF50,Skincare,800
2953,2025-05-28,D09,Aloe Vera Gel,Skincare,350
2954,2025-03-17,D01,Paracetamol,Pain Relief,100
2954,2025-03-17,D15,Baby Diapers,Baby Care,1200
2955,2025-02-14,D06,Hand Sanitizer,Hygiene,150
2955,2025-02-14,D07,Face Masks,Hygiene,200
2955,2025-02-14,D15,Baby Diapers,Baby Care,1200
2956,2025-05-28,D03,Cold & Flu Syrup,Cold Remedy,350
2956,2025-05-28,D08,Sunscreen SPF50,Skincare,800
2957,2025-03-24,D17,Reading Puzzle Book,Stationery/Leisure,300
2957,2025-03-24,D16,Multivitamin Gummies,Supplements,500
2957,2025-03-24,D03,Cold & Flu Syrup,Cold Remedy,350
2957,2025-03-24,D11,Eye Drops,Vision,250
2958,2025-03-05,D08,Sunscreen SPF50,Skincare,800
2958,2025-03-05,D05,Vitamin C Tablets,Supplements,400
2959,2025-03-28,D05,Vitamin C Tablets,Supplements,400
2959,2025-03-28,D13,Antiseptic Cream,First Aid,200
2960,2025-04-16,D08,Sunscreen SPF50,Skincare,800
2960,2025-04-16,D09,Aloe Vera Gel,Skincare,350
2961,2025-02-13,D10,Reading Glasses,Vision,600
2962,2025-04-08,D12,Bandages,First Aid,150
2962,2025-04-08,D13,Antiseptic Cream,First Aid,200
2962,2025-04-08,D09,Aloe Vera Gel,Skincare,350
2963,2025-05-29,D03,Cold & Flu Syrup,Cold Remedy,350
2963,2025-05-29,D04,Tissues,Cold Remedy,100
2964,2025-03-21,D05,Vitamin C Tablets,Supplements,400
2964,2025-03-21,D16,Multivitamin Gummies,Supplements,500
2965,2025-02-20,D12,Bandages,First Aid,150
2965,2025-02-20,D13,Antiseptic Cream,First Aid,200
2966,2025-04-23,D11,Eye Drops,Vision,250
2966,2025-04-23,D01,Paracetamol,Pain Relief,100
2966,2025-04-23,D02,Ibuprofen,Pain Relief,150
2967,2025-06-09,D09,Aloe Vera Gel,Skincare,350
2968,2025-03-27,D10,Reading Glasses,Vision,600
2968,2025-03-27,D17,Reading Puzzle Book,Stationery/Leisure,300
2969,2025-01-05,D08,Sunscreen SPF50,Skincare,800
2969,2025-01-05,D09,Aloe Vera Gel,Skincare,350
2970,2025-05-31,D08,Sunscreen SPF50,Skincare,800
2970,2025-05-31,D09,Aloe Vera Gel,Skincare,350
2971,2025-03-19,D14,Baby Lotion,Baby Care,350
2971,2025-03-19,D15,Baby Diapers,Baby Care,1200
2972,2025-06-06,D09,Aloe Vera Gel,Skincare,350
2973,2025-03-13,D12,Bandages,First Aid,150
2973,2025-03-13,D13,Antiseptic Cream,First Aid,200
2974,2025-01-23,D17,Reading Puzzle Book,Stationery/Leisure,300
2974,2025-01-23,D14,Baby Lotion,Baby Care,350
2975,2025-03-02,D14,Baby Lotion,Baby Care,350
2975,2025-03-02,D15,Baby Diapers,Baby Care,1200
2976,2025-01-16,D06,Hand Sanitizer,Hygiene,150
2976,2025-01-16,D07,Face Masks,Hygiene,200
2977,2025-03-13,D06,Hand Sanitizer,Hygiene,150
2978,2025-01-13,D14,Baby Lotion,Baby Care,350
2978,2025-01-13,D15,Baby Diapers,Baby Care,1200
2979,2025-02-17,D13,Antiseptic Cream,First Aid,200
2980,2025-03-09,D02,Ibuprofen,Pain Relief,150
2980,2025-03-09,D11,Eye Drops,Vision,250
2980,2025-03-09,D06,Hand Sanitizer,Hygiene,150
2980,2025-03-09,D16,Multivitamin Gummies,Supplements,500
2981,2025-05-12,D06,Hand Sanitizer,Hygiene,150
2981,2025-05-12,D07,Face Masks,Hygiene,200
2982,2025-03-21,D05,Vitamin C Tablets,Supplements,400
2982,2025-03-21,D16,Multivitamin Gummies,Supplements,500
2983,2025-02-28,D10,Reading Glasses,Vision,600
2983,2025-02-28,D17,Reading Puzzle Book,Stationery/Leisure,300
2984,2025-04-21,D10,Reading Glasses,Vision,600
2984,2025-04-21,D17,Reading Puzzle Book,Stationery/Leisure,300
2985,2025-01-29,D01,Paracetamol,Pain Relief,100
2985,2025-01-29,D16,Multivitamin Gummies,Supplements,500
2985,2025-01-29,D09,Aloe Vera Gel,Skincare,350
2986,2025-05-11,D08,Sunscreen SPF50,Skincare,800
2986,2025-05-11,D09,Aloe Vera Gel,Skincare,350
2987,2025-01-24,D06,Hand Sanitizer,Hygiene,150
2987,2025-01-24,D10,Reading Glasses,Vision,600
2987,2025-01-24,D14,Baby Lotion,Baby Care,350
2987,2025-01-24,D16,Multivitamin Gummies,Supplements,500
2988,2025-04-05,D16,Multivitamin Gummies,Supplements,500
2989,2025-05-10,D07,Face Masks,Hygiene,200
2989,2025-05-10,D12,Bandages,First Aid,150
2989,2025-05-10,D02,Ibuprofen,Pain Relief,150
2989,2025-05-10,D13,Antiseptic Cream,First Aid,200
2990,2025-06-22,D12,Bandages,First Aid,150
2991,2025-05-24,D02,Ibuprofen,Pain Relief,150
2991,2025-05-24,D07,Face Masks,Hygiene,200
2991,2025-05-24,D10,Reading Glasses,Vision,600
2991,2025-05-24,D13,Antiseptic Cream,First Aid,200
2992,2025-04-27,D16,Multivitamin Gummies,Supplements,500
2992,2025-04-27,D11,Eye Drops,Vision,250
2993,2025-02-05,D17,Reading Puzzle Book,Stationery/Leisure,300
2993,2025-02-05,D01,Paracetamol,Pain Relief,100
2993,2025-02-05,D14,Baby Lotion,Baby Care,350
2993,2025-02-05,D08,Sunscreen SPF50,Skincare,800
2994,2025-04-27,D08,Sunscreen SPF50,Skincare,800
2994,2025-04-27,D09,Aloe Vera Gel,Skincare,350
2995,2025-04-19,D16,Multivitamin Gummies,Supplements,500
2995,2025-04-19,D07,Face Masks,Hygiene,200
2995,2025-04-19,D14,Baby Lotion,Baby Care,350
2995,2025-04-19,D02,Ibuprofen,Pain Relief,150
2996,2025-05-31,D16,Multivitamin Gummies,Supplements,500
2997,2025-03-21,D04,Tissues,Cold Remedy,100
2997,2025-03-21,D07,Face Masks,Hygiene,200
2997,2025-03-21,D09,Aloe Vera Gel,Skincare,350
2997,2025-03-21,D11,Eye Drops,Vision,250
2998,2025-01-24,D03,Cold & Flu Syrup,Cold Remedy,350
2998,2025-01-24,D17,Reading Puzzle Book,Stationery/Leisure,300
2999,2025-01-01,D03,Cold & Flu Syrup,Cold Remedy,350
2999,2025-01-01,D16,Multivitamin Gummies,Supplements,500
2999,2025-01-01,D14,Baby Lotion,Baby Care,350
3000,2025-04-14,D16,Multivitamin Gummies,Supplements,500
3000,2025-04-14,D02,Ibuprofen,Pain Relief,150
3000,2025-04-14,D08,Sunscreen SPF50,Skincare,800
3000,2025-04-14,D12,Bandages,First Aid,150
3001,2025-05-16,D14,Baby Lotion,Baby Care,350
3001,2025-05-16,D15,Baby Diapers,Baby Care,1200
3002,2025-01-23,D12,Bandages,First Aid,150
3003,2025-05-30,D08,Sunscreen SPF50,Skincare,800
3003,2025-05-30,D07,Face Masks,Hygiene,200
3003,2025-05-30,D13,Antiseptic Cream,First Aid,200
3004,2025-03-02,D12,Bandages,First Aid,150
3005,2025-03-02,D07,Face Masks,Hygiene,200
3005,2025-03-02,D01,Paracetamol,Pain Relief,100
3005,2025-03-02,D14,Baby Lotion,Baby Care,350
3006,2025-03-11,D15,Baby Diapers,Baby Care,1200
3006,2025-03-11,D06,Hand Sanitizer,Hygiene,150
3006,2025-03-11,D02,Ibuprofen,Pain Relief,150
3007,2025-01-12,D14,Baby Lotion,Baby Care,350
3007,2025-01-12,D15,Baby Diapers,Baby Care,1200
3007,2025-01-12,D08,Sunscreen SPF50,Skincare,800
3008,2025-03-16,D08,Sunscreen SPF50,Skincare,800
3008,2025-03-16,D09,Aloe Vera Gel,Skincare,350
3009,2025-03-22,D01,Paracetamol,Pain Relief,100
3010,2025-01-03,D08,Sunscreen SPF50,Skincare,800
3010,2025-01-03,D09,Aloe Vera Gel,Skincare,350
3010,2025-01-03,D02,Ibuprofen,Pain Relief,150
3010,2025-01-03,D17,Reading Puzzle Book,Stationery/Leisure,300
3011,2025-01-26,D03,Cold & Flu Syrup,Cold Remedy,350
3011,2025-01-26,D04,Tissues,Cold Remedy,100
3011,2025-01-26,D05,Vitamin C Tablets,Supplements,400
3012,2025-06-09,D12,Bandages,First Aid,150
3012,2025-06-09,D13,Antiseptic Cream,First Aid,200
3013,2025-05-09,D05,Vitamin C Tablets,Supplements,400
3013,2025-05-09,D01,Paracetamol,Pain Relief,100
3013,2025-05-09,D02,Ibuprofen,Pain Relief,150
3014,2025-03-20,D14,Baby Lotion,Baby Care,350
3014,2025-03-20,D15,Baby Diapers,Baby Care,1200
3015,2025-01-06,D10,Reading Glasses,Vision,600
3015,2025-01-06,D17,Reading Puzzle Book,Stationery/Leisure,300
3015,2025-01-06,D11,Eye Drops,Vision,250
3015,2025-01-06,D08,Sunscreen SPF50,Skincare,800
3016,2025-06-24,D06,Hand Sanitizer,Hygiene,150
3016,2025-06-24,D07,Face Masks,Hygiene,200
3017,2025-05-19,D17,Reading Puzzle Book,Stationery/Leisure,300
3017,2025-05-19,D15,Baby Diapers,Baby Care,1200
3017,2025-05-19,D16,Multivitamin Gummies,Supplements,500
3017,2025-05-19,D12,Bandages,First Aid,150
3018,2025-06-25,D08,Sunscreen SPF50,Skincare,800
3018,2025-06-25,D01,Paracetamol,Pain Relief,100
3018,2025-06-25,D03,Cold & Flu Syrup,Cold Remedy,350
3018,2025-06-25,D16,Multivitamin Gummies,Supplements,500
3019,2025-03-20,D05,Vitamin C Tablets,Supplements,400
3019,2025-03-20,D16,Multivitamin Gummies,Supplements,500
3020,2025-02-06,D04,Tissues,Cold Remedy,100
3021,2025-01-11,D12,Bandages,First Aid,150
3021,2025-01-11,D13,Antiseptic Cream,First Aid,200
3022,2025-06-07,D16,Multivitamin Gummies,Supplements,500
3022,2025-06-07,D13,Antiseptic Cream,First Aid,200
3022,2025-06-07,D01,Paracetamol,Pain Relief,100
3022,2025-06-07,D08,Sunscreen SPF50,Skincare,800
3023,2025-02-18,D10,Reading Glasses,Vision,600
3023,2025-02-18,D17,Reading Puzzle Book,Stationery/Leisure,300
3023,2025-02-18,D11,Eye Drops,Vision,250
3024,2025-02-18,D14,Baby Lotion,Baby Care,350
3024,2025-02-18,D15,Baby Diapers,Baby Care,1200
3025,2025-01-28,D03,Cold & Flu Syrup,Cold Remedy,350
3025,2025-01-28,D04,Tissues,Cold Remedy,100
3026,2025-03-22,D08,Sunscreen SPF50,Skincare,800
3026,2025-03-22,D09,Aloe Vera Gel,Skincare,350
3027,2025-06-20,D16,Multivitamin Gummies,Supplements,500
3028,2025-06-21,D12,Bandages,First Aid,150
3028,2025-06-21,D13,Antiseptic Cream,First Aid,200
3029,2025-03-04,D14,Baby Lotion,Baby Care,350
3029,2025-03-04,D15,Baby Diapers,Baby Care,1200
3030,2025-02-07,D14,Baby Lotion,Baby Care,350
3030,2025-02-07,D15,Baby Diapers,Baby Care,1200
3031,2025-04-24,D08,Sunscreen SPF50,Skincare,800
3031,2025-04-24,D09,Aloe Vera Gel,Skincare,350
3032,2025-03-13,D03,Cold & Flu Syrup,Cold Remedy,350
3032,2025-03-13,D04,Tissues,Cold Remedy,100
3033,2025-01-11,D07,Face Masks,Hygiene,200
3034,2025-01-28,D03,Cold & Flu Syrup,Cold Remedy,350
3034,2025-01-28,D04,Tissues,Cold Remedy,100
3035,2025-03-31,D12,Bandages,First Aid,150
3035,2025-03-31,D02,Ibuprofen,Pain Relief,150
3035,2025-03-31,D08,Sunscreen SPF50,Skincare,800
3035,2025-03-31,D03,Cold & Flu Syrup,Cold Remedy,350
3036,2025-02-20,D14,Baby Lotion,Baby Care,350
3036,2025-02-20,D15,Baby Diapers,Baby Care,1200
3037,2025-03-04,D05,Vitamin C Tablets,Supplements,400
3037,2025-03-04,D03,Cold & Flu Syrup,Cold Remedy,350
3037,2025-03-04,D06,Hand Sanitizer,Hygiene,150
3037,2025-03-04,D04,Tissues,Cold Remedy,100
3038,2025-02-23,D08,Sunscreen SPF50,Skincare,800
3038,2025-02-23,D09,Aloe Vera Gel,Skincare,350
3039,2025-03-23,D03,Cold & Flu Syrup,Cold Remedy,350
3039,2025-03-23,D04,Tissues,Cold Remedy,100
3040,2025-02-19,D07,Face Masks,Hygiene,200
3041,2025-06-19,D13,Antiseptic Cream,First Aid,200
3042,2025-01-18,D09,Aloe Vera Gel,Skincare,350
3042,2025-01-18,D07,Face Masks,Hygiene,200
3043,2025-05-25,D09,Aloe Vera Gel,Skincare,350
3044,2025-05-29,D05,Vitamin C Tablets,Supplements,400
3044,2025-05-29,D16,Multivitamin Gummies,Supplements,500
3045,2025-01-02,D10,Reading Glasses,Vision,600
3045,2025-01-02,D17,Reading Puzzle Book,Stationery/Leisure,300
3046,2025-02-04,D06,Hand Sanitizer,Hygiene,150
3046,2025-02-04,D07,Face Masks,Hygiene,200
3047,2025-02-20,D15,Baby Diapers,Baby Care,1200
3048,2025-01-09,D05,Vitamin C Tablets,Supplements,400
3048,2025-01-09,D16,Multivitamin Gummies,Supplements,500
3049,2025-06-19,D09,Aloe Vera Gel,Skincare,350
3049,2025-06-19,D16,Multivitamin Gummies,Supplements,500
3049,2025-06-19,D06,Hand Sanitizer,Hygiene,150
3049,2025-06-19,D10,Reading Glasses,Vision,600
3050,2025-01-17,D14,Baby Lotion,Baby Care,350
3050,2025-01-17,D09,Aloe Vera Gel,Skincare,350
3050,2025-01-17,D13,Antiseptic Cream,First Aid,200
3051,2025-02-26,D08,Sunscreen SPF50,Skincare,800
3052,2025-06-09,D08,Sunscreen SPF50,Skincare,800
3052,2025-06-09,D09,Aloe Vera Gel,Skincare,350
3053,2025-03-02,D12,Bandages,First Aid,150
3053,2025-03-02,D13,Antiseptic Cream,First Aid,200
3054,2025-02-27,D13,Antiseptic Cream,First Aid,200
3054,2025-02-27,D12,Bandages,First Aid,150
3055,2025-03-01,D05,Vitamin C Tablets,Supplements,400
3055,2025-03-01,D16,Multivitamin Gummies,Supplements,500
3056,2025-05-17,D06,Hand Sanitizer,Hygiene,150
3056,2025-05-17,D07,Face Masks,Hygiene,200
3057,2025-06-01,D08,Sunscreen SPF50,Skincare,800
3057,2025-06-01,D12,Bandages,First Aid,150
3057,2025-06-01,D09,Aloe Vera Gel,Skincare,350
3058,2025-01-12,D07,Face Masks,Hygiene,200
3058,2025-01-12,D05,Vitamin C Tablets,Supplements,400
3058,2025-01-12,D10,Reading Glasses,Vision,600
3059,2025-06-16,D06,Hand Sanitizer,Hygiene,150
3059,2025-06-16,D17,Reading Puzzle Book,Stationery/Leisure,300
3059,2025-06-16,D03,Cold & Flu Syrup,Cold Remedy,350
3059,2025-06-16,D05,Vitamin C Tablets,Supplements,400
3060,2025-02-09,D06,Hand Sanitizer,Hygiene,150
3061,2025-01-12,D08,Sunscreen SPF50,Skincare,800
3061,2025-01-12,D09,Aloe Vera Gel,Skincare,350
3062,2025-05-23,D03,Cold & Flu Syrup,Cold Remedy,350
3062,2025-05-23,D04,Tissues,Cold Remedy,100
3062,2025-05-23,D05,Vitamin C Tablets,Supplements,400
3063,2025-06-06,D14,Baby Lotion,Baby Care,350
3063,2025-06-06,D11,Eye Drops,Vision,250
3063,2025-06-06,D08,Sunscreen SPF50,Skincare,800
3064,2025-01-26,D08,Sunscreen SPF50,Skincare,800
3064,2025-01-26,D09,Aloe Vera Gel,Skincare,350
3065,2025-06-06,D15,Baby Diapers,Baby Care,1200
3065,2025-06-06,D11,Eye Drops,Vision,250
3065,2025-06-06,D02,Ibuprofen,Pain Relief,150
3065,2025-06-06,D04,Tissues,Cold Remedy,100
3066,2025-06-27,D03,Cold & Flu Syrup,Cold Remedy,350
3066,2025-06-27,D04,Tissues,Cold Remedy,100
3067,2025-01-20,D14,Baby Lotion,Baby Care,350
3067,2025-01-20,D15,Baby Diapers,Baby Care,1200
3068,2025-03-06,D03,Cold & Flu Syrup,Cold Remedy,350
3069,2025-03-10,D10,Reading Glasses,Vision,600
3069,2025-03-10,D17,Reading Puzzle Book,Stationery/Leisure,300
3070,2025-02-04,D10,Reading Glasses,Vision,600
3070,2025-02-04,D12,Bandages,First Aid,150
3070,2025-02-04,D03,Cold & Flu Syrup,Cold Remedy,350
3070,2025-02-04,D06,Hand Sanitizer,Hygiene,150
3071,2025-02-10,D10,Reading Glasses,Vision,600
3071,2025-02-10,D07,Face Masks,Hygiene,200
3071,2025-02-10,D06,Hand Sanitizer,Hygiene,150
3072,2025-03-01,D11,Eye Drops,Vision,250
3073,2025-05-09,D12,Bandages,First Aid,150
3073,2025-05-09,D13,Antiseptic Cream,First Aid,200
3074,2025-02-07,D13,Antiseptic Cream,First Aid,200
3074,2025-02-07,D10,Reading Glasses,Vision,600
3074,2025-02-07,D02,Ibuprofen,Pain Relief,150
3074,2025-02-07,D08,Sunscreen SPF50,Skincare,800
3075,2025-02-02,D10,Reading Glasses,Vision,600
3075,2025-02-02,D16,Multivitamin Gummies,Supplements,500
3076,2025-03-15,D06,Hand Sanitizer,Hygiene,150
3076,2025-03-15,D12,Bandages,First Aid,150
3076,2025-03-15,D05,Vitamin C Tablets,Supplements,400
3077,2025-02-28,D03,Cold & Flu Syrup,Cold Remedy,350
3077,2025-02-28,D04,Tissues,Cold Remedy,100
3077,2025-02-28,D05,Vitamin C Tablets,Supplements,400
3078,2025-01-18,D03,Cold & Flu Syrup,Cold Remedy,350
3078,2025-01-18,D04,Tissues,Cold Remedy,100
3079,2025-02-27,D17,Reading Puzzle Book,Stationery/Leisure,300
3080,2025-02-21,D06,Hand Sanitizer,Hygiene,150
3080,2025-02-21,D07,Face Masks,Hygiene,200
3081,2025-01-25,D03,Cold & Flu Syrup,Cold Remedy,350
3081,2025-01-25,D04,Tissues,Cold Remedy,100
3081,2025-01-25,D05,Vitamin C Tablets,Supplements,400
3082,2025-01-16,D05,Vitamin C Tablets,Supplements,400
3082,2025-01-16,D16,Multivitamin Gummies,Supplements,500
3083,2025-03-28,D06,Hand Sanitizer,Hygiene,150
3083,2025-03-28,D01,Paracetamol,Pain Relief,100
3084,2025-06-23,D14,Baby Lotion,Baby Care,350
3084,2025-06-23,D15,Baby Diapers,Baby Care,1200
3085,2025-01-25,D06,Hand Sanitizer,Hygiene,150
3085,2025-01-25,D07,Face Masks,Hygiene,200
3086,2025-06-06,D14,Baby Lotion,Baby Care,350
3086,2025-06-06,D10,Reading Glasses,Vision,600
3087,2025-05-24,D09,Aloe Vera Gel,Skincare,350
3087,2025-05-24,D02,Ibuprofen,Pain Relief,150
3088,2025-06-11,D03,Cold & Flu Syrup,Cold Remedy,350
3088,2025-06-11,D04,Tissues,Cold Remedy,100
3088,2025-06-11,D05,Vitamin C Tablets,Supplements,400
3089,2025-03-24,D14,Baby Lotion,Baby Care,350
3089,2025-03-24,D15,Baby Diapers,Baby Care,1200
3090,2025-03-24,D14,Baby Lotion,Baby Care,350
3090,2025-03-24,D01,Paracetamol,Pain Relief,100
3090,2025-03-24,D02,Ibuprofen,Pain Relief,150
3091,2025-05-26,D11,Eye Drops,Vision,250
3091,2025-05-26,D10,Reading Glasses,Vision,600
3091,2025-05-26,D05,Vitamin C Tablets,Supplements,400
3091,2025-05-26,D17,Reading Puzzle Book,Stationery/Leisure,300
3092,2025-04-21,D05,Vitamin C Tablets,Supplements,400
3092,2025-04-21,D16,Multivitamin Gummies,Supplements,500
3092,2025-04-21,D13,Antiseptic Cream,First Aid,200
3093,2025-05-03,D14,Baby Lotion,Baby Care,350
3094,2025-06-05,D05,Vitamin C Tablets,Supplements,400
3094,2025-06-05,D15,Baby Diapers,Baby Care,1200
3095,2025-01-05,D06,Hand Sanitizer,Hygiene,150
3095,2025-01-05,D07,Face Masks,Hygiene,200
3096,2025-04-22,D12,Bandages,First Aid,150
3096,2025-04-22,D13,Antiseptic Cream,First Aid,200
3097,2025-03-08,D14,Baby Lotion,Baby Care,350
3097,2025-03-08,D15,Baby Diapers,Baby Care,1200
3098,2025-02-12,D10,Reading Glasses,Vision,600
3098,2025-02-12,D17,Reading Puzzle Book,Stationery/Leisure,300
3098,2025-02-12,D11,Eye Drops,Vision,250
3099,2025-05-29,D12,Bandages,First Aid,150
3099,2025-05-29,D14,Baby Lotion,Baby Care,350
3100,2025-04-22,D05,Vitamin C Tablets,Supplements,400
3100,2025-04-22,D02,Ibuprofen,Pain Relief,150
3100,2025-04-22,D10,Reading Glasses,Vision,600
3101,2025-05-09,D03,Cold & Flu Syrup,Cold Remedy,350
3101,2025-05-09,D05,Vitamin C Tablets,Supplements,400
3102,2025-06-24,D10,Reading Glasses,Vision,600
3102,2025-06-24,D17,Reading Puzzle Book,Stationery/Leisure,300
3103,2025-02-20,D02,Ibuprofen,Pain Relief,150
3103,2025-02-20,D07,Face Masks,Hygiene,200
3103,2025-02-20,D03,Cold & Flu Syrup,Cold Remedy,350
3103,2025-02-20,D01,Paracetamol,Pain Relief,100
3104,2025-03-18,D16,Multivitamin Gummies,Supplements,500
3104,2025-03-18,D05,Vitamin C Tablets,Supplements,400
3105,2025-06-13,D12,Bandages,First Aid,150
3105,2025-06-13,D13,Antiseptic Cream,First Aid,200
3106,2025-01-13,D12,Bandages,First Aid,150
3106,2025-01-13,D14,Baby Lotion,Baby Care,350
3106,2025-01-13,D16,Multivitamin Gummies,Supplements,500
3107,2025-03-02,D04,Tissues,Cold Remedy,100
3107,2025-03-02,D03,Cold & Flu Syrup,Cold Remedy,350
3108,2025-05-19,D14,Baby Lotion,Baby Care,350
3109,2025-02-16,D06,Hand Sanitizer,Hygiene,150
3109,2025-02-16,D12,Bandages,First Aid,150
3109,2025-02-16,D13,Antiseptic Cream,First Aid,200
3110,2025-04-13,D06,Hand Sanitizer,Hygiene,150
3110,2025-04-13,D07,Face Masks,Hygiene,200
3111,2025-03-08,D05,Vitamin C Tablets,Supplements,400
3111,2025-03-08,D16,Multivitamin Gummies,Supplements,500
3112,2025-05-05,D10,Reading Glasses,Vision,600
3112,2025-05-05,D17,Reading Puzzle Book,Stationery/Leisure,300
3113,2025-03-28,D14,Baby Lotion,Baby Care,350
3113,2025-03-28,D15,Baby Diapers,Baby Care,1200
3114,2025-03-11,D14,Baby Lotion,Baby Care,350
3114,2025-03-11,D15,Baby Diapers,Baby Care,1200
3115,2025-04-02,D12,Bandages,First Aid,150
3115,2025-04-02,D13,Antiseptic Cream,First Aid,200
3116,2025-06-13,D08,Sunscreen SPF50,Skincare,800
3116,2025-06-13,D09,Aloe Vera Gel,Skincare,350
3117,2025-05-02,D17,Reading Puzzle Book,Stationery/Leisure,300
3117,2025-05-02,D06,Hand Sanitizer,Hygiene,150
3117,2025-05-02,D13,Antiseptic Cream,First Aid,200
3117,2025-05-02,D05,Vitamin C Tablets,Supplements,400
3118,2025-01-07,D09,Aloe Vera Gel,Skincare,350
3119,2025-01-14,D04,Tissues,Cold Remedy,100
3119,2025-01-14,D17,Reading Puzzle Book,Stationery/Leisure,300
3119,2025-01-14,D11,Eye Drops,Vision,250
3120,2025-03-03,D06,Hand Sanitizer,Hygiene,150
3120,2025-03-03,D07,Face Masks,Hygiene,200
3121,2025-04-11,D14,Baby Lotion,Baby Care,350
3121,2025-04-11,D15,Baby Diapers,Baby Care,1200
3121,2025-04-11,D10,Reading Glasses,Vision,600
3122,2025-02-27,D03,Cold & Flu Syrup,Cold Remedy,350
3122,2025-02-27,D04,Tissues,Cold Remedy,100
3122,2025-02-27,D05,Vitamin C Tablets,Supplements,400
3122,2025-02-27,D01,Paracetamol,Pain Relief,100
3123,2025-02-21,D09,Aloe Vera Gel,Skincare,350
3124,2025-02-04,D12,Bandages,First Aid,150
3125,2025-05-11,D09,Aloe Vera Gel,Skincare,350
3126,2025-03-07,D17,Reading Puzzle Book,Stationery/Leisure,300
3126,2025-03-07,D13,Antiseptic Cream,First Aid,200
3126,2025-03-07,D02,Ibuprofen,Pain Relief,150
3127,2025-06-14,D01,Paracetamol,Pain Relief,100
3128,2025-05-31,D11,Eye Drops,Vision,250
3129,2025-02-24,D15,Baby Diapers,Baby Care,1200
3129,2025-02-24,D02,Ibuprofen,Pain Relief,150
3129,2025-02-24,D07,Face Masks,Hygiene,200
3130,2025-06-16,D10,Reading Glasses,Vision,600
3130,2025-06-16,D17,Reading Puzzle Book,Stationery/Leisure,300
3130,2025-06-16,D02,Ibuprofen,Pain Relief,150
3131,2025-03-14,D10,Reading Glasses,Vision,600
3132,2025-02-17,D17,Reading Puzzle Book,Stationery/Leisure,300
3132,2025-02-17,D01,Paracetamol,Pain Relief,100
3132,2025-02-17,D03,Cold & Flu Syrup,Cold Remedy,350
3132,2025-02-17,D07,Face Masks,Hygiene,200
3133,2025-06-17,D06,Hand Sanitizer,Hygiene,150
3133,2025-06-17,D07,Face Masks,Hygiene,200
3134,2025-01-14,D03,Cold & Flu Syrup,Cold Remedy,350
3134,2025-01-14,D04,Tissues,Cold Remedy,100
3134,2025-01-14,D05,Vitamin C Tablets,Supplements,400
3134,2025-01-14,D06,Hand Sanitizer,Hygiene,150
3135,2025-06-20,D10,Reading Glasses,Vision,600
3135,2025-06-20,D17,Reading Puzzle Book,Stationery/Leisure,300
3135,2025-06-20,D11,Eye Drops,Vision,250
3136,2025-06-13,D10,Reading Glasses,Vision,600
3136,2025-06-13,D17,Reading Puzzle Book,Stationery/Leisure,300
3137,2025-05-28,D15,Baby Diapers,Baby Care,1200
3138,2025-06-15,D06,Hand Sanitizer,Hygiene,150
3138,2025-06-15,D07,Face Masks,Hygiene,200
3139,2025-02-25,D12,Bandages,First Aid,150
3139,2025-02-25,D13,Antiseptic Cream,First Aid,200
3140,2025-02-28,D05,Vitamin C Tablets,Supplements,400
3140,2025-02-28,D16,Multivitamin Gummies,Supplements,500
3141,2025-02-16,D05,Vitamin C Tablets,Supplements,400
3141,2025-02-16,D16,Multivitamin Gummies,Supplements,500
3142,2025-02-04,D04,Tissues,Cold Remedy,100
3143,2025-04-09,D06,Hand Sanitizer,Hygiene,150
3143,2025-04-09,D07,Face Masks,Hygiene,200
3144,2025-06-19,D05,Vitamin C Tablets,Supplements,400
3144,2025-06-19,D16,Multivitamin Gummies,Supplements,500
3145,2025-04-03,D10,Reading Glasses,Vision,600
3145,2025-04-03,D17,Reading Puzzle Book,Stationery/Leisure,300
3146,2025-01-15,D13,Antiseptic Cream,First Aid,200
3147,2025-05-23,D07,Face Masks,Hygiene,200
3148,2025-02-19,D12,Bandages,First Aid,150
3148,2025-02-19,D13,Antiseptic Cream,First Aid,200
3149,2025-06-14,D06,Hand Sanitizer,Hygiene,150
3149,2025-06-14,D07,Face Masks,Hygiene,200
3150,2025-01-13,D14,Baby Lotion,Baby Care,350
3150,2025-01-13,D15,Baby Diapers,Baby Care,1200
3151,2025-03-11,D15,Baby Diapers,Baby Care,1200
3151,2025-03-11,D12,Bandages,First Aid,150
3152,2025-03-20,D14,Baby Lotion,Baby Care,350
3152,2025-03-20,D15,Baby Diapers,Baby Care,1200
3153,2025-04-28,D12,Bandages,First Aid,150
3153,2025-04-28,D13,Antiseptic Cream,First Aid,200
3153,2025-04-28,D08,Sunscreen SPF50,Skincare,800
3154,2025-03-05,D06,Hand Sanitizer,Hygiene,150
3154,2025-03-05,D07,Face Masks,Hygiene,200
3155,2025-01-24,D03,Cold & Flu Syrup,Cold Remedy,350
3155,2025-01-24,D04,Tissues,Cold Remedy,100
3156,2025-01-28,D11,Eye Drops,Vision,250
3157,2025-01-02,D03,Cold & Flu Syrup,Cold Remedy,350
3157,2025-01-02,D06,Hand Sanitizer,Hygiene,150
3157,2025-01-02,D15,Baby Diapers,Baby Care,1200
3158,2025-05-21,D09,Aloe Vera Gel,Skincare,350
3159,2025-03-07,D14,Baby Lotion,Baby Care,350
3159,2025-03-07,D15,Baby Diapers,Baby Care,1200
3160,2025-05-19,D03,Cold & Flu Syrup,Cold Remedy,350
3160,2025-05-19,D04,Tissues,Cold Remedy,100
3161,2025-02-01,D05,Vitamin C Tablets,Supplements,400
3161,2025-02-01,D16,Multivitamin Gummies,Supplements,500
3162,2025-02-08,D14,Baby Lotion,Baby Care,350
3162,2025-02-08,D15,Baby Diapers,Baby Care,1200
3163,2025-04-27,D07,Face Masks,Hygiene,200
3163,2025-04-27,D16,Multivitamin Gummies,Supplements,500
3164,2025-03-16,D10,Reading Glasses,Vision,600
3164,2025-03-16,D17,Reading Puzzle Book,Stationery/Leisure,300
3165,2025-06-30,D04,Tissues,Cold Remedy,100
3165,2025-06-30,D09,Aloe Vera Gel,Skincare,350
3166,2025-03-02,D10,Reading Glasses,Vision,600
3167,2025-04-04,D10,Reading Glasses,Vision,600
3167,2025-04-04,D17,Reading Puzzle Book,Stationery/Leisure,300
3167,2025-04-04,D11,Eye Drops,Vision,250
3168,2025-03-03,D16,Multivitamin Gummies,Supplements,500
3168,2025-03-03,D15,Baby Diapers,Baby Care,1200
3168,2025-03-03,D07,Face Masks,Hygiene,200
3169,2025-06-22,D06,Hand Sanitizer,Hygiene,150
3169,2025-06-22,D07,Face Masks,Hygiene,200
3170,2025-02-26,D12,Bandages,First Aid,150
3170,2025-02-26,D13,Antiseptic Cream,First Aid,200
3171,2025-03-13,D05,Vitamin C Tablets,Supplements,400
3172,2025-04-05,D06,Hand Sanitizer,Hygiene,150
3172,2025-04-05,D01,Paracetamol,Pain Relief,100
3172,2025-04-05,D11,Eye Drops,Vision,250
3173,2025-06-01,D11,Eye Drops,Vision,250
3173,2025-06-01,D05,Vitamin C Tablets,Supplements,400
3173,2025-06-01,D15,Baby Diapers,Baby Care,1200
3174,2025-04-02,D13,Antiseptic Cream,First Aid,200
3175,2025-04-10,D06,Hand Sanitizer,Hygiene,150
3175,2025-04-10,D07,Face Masks,Hygiene,200
3176,2025-01-30,D08,Sunscreen SPF50,Skincare,800
3176,2025-01-30,D09,Aloe Vera Gel,Skincare,350
3177,2025-05-19,D07,Face Masks,Hygiene,200
3178,2025-04-13,D09,Aloe Vera Gel,Skincare,350
3179,2025-04-14,D06,Hand Sanitizer,Hygiene,150
3179,2025-04-14,D07,Face Masks,Hygiene,200
3180,2025-05-02,D11,Eye Drops,Vision,250
3180,2025-05-02,D05,Vitamin C Tablets,Supplements,400
3180,2025-05-02,D01,Paracetamol,Pain Relief,100
3181,2025-03-29,D06,Hand Sanitizer,Hygiene,150
3181,2025-03-29,D07,Face Masks,Hygiene,200
3182,2025-01-23,D05,Vitamin C Tablets,Supplements,400
3182,2025-01-23,D16,Multivitamin Gummies,Supplements,500
3183,2025-04-25,D14,Baby Lotion,Baby Care,350
3183,2025-04-25,D15,Baby Diapers,Baby Care,1200
3184,2025-05-06,D04,Tissues,Cold Remedy,100
3185,2025-03-06,D06,Hand Sanitizer,Hygiene,150
3185,2025-03-06,D07,Face Masks,Hygiene,200
3186,2025-01-31,D08,Sunscreen SPF50,Skincare,800
3186,2025-01-31,D16,Multivitamin Gummies,Supplements,500
3186,2025-01-31,D17,Reading Puzzle Book,Stationery/Leisure,300
3186,2025-01-31,D06,Hand Sanitizer,Hygiene,150
3187,2025-01-11,D03,Cold & Flu Syrup,Cold Remedy,350
3187,2025-01-11,D04,Tissues,Cold Remedy,100
3187,2025-01-11,D05,Vitamin C Tablets,Supplements,400
3188,2025-06-26,D11,Eye Drops,Vision,250
3188,2025-06-26,D13,Antiseptic Cream,First Aid,200
3188,2025-06-26,D12,Bandages,First Aid,150
3188,2025-06-26,D05,Vitamin C Tablets,Supplements,400
3189,2025-05-17,D08,Sunscreen SPF50,Skincare,800
3189,2025-05-17,D09,Aloe Vera Gel,Skincare,350
3190,2025-05-25,D04,Tissues,Cold Remedy,100
3191,2025-06-26,D10,Reading Glasses,Vision,600
3191,2025-06-26,D17,Reading Puzzle Book,Stationery/Leisure,300
3192,2025-05-10,D05,Vitamin C Tablets,Supplements,400
3192,2025-05-10,D16,Multivitamin Gummies,Supplements,500
3193,2025-03-14,D13,Antiseptic Cream,First Aid,200
3193,2025-03-14,D11,Eye Drops,Vision,250
3194,2025-01-20,D14,Baby Lotion,Baby Care,350
3195,2025-01-17,D14,Baby Lotion,Baby Care,350
3195,2025-01-17,D15,Baby Diapers,Baby Care,1200
3196,2025-04-04,D08,Sunscreen SPF50,Skincare,800
3197,2025-01-03,D08,Sunscreen SPF50,Skincare,800
3197,2025-01-03,D09,Aloe Vera Gel,Skincare,350
3198,2025-01-29,D03,Cold & Flu Syrup,Cold Remedy,350
3199,2025-05-03,D05,Vitamin C Tablets,Supplements,400
3199,2025-05-03,D16,Multivitamin Gummies,Supplements,500
3200,2025-04-15,D10,Reading Glasses,Vision,600
3201,2025-03-19,D12,Bandages,First Aid,150
3201,2025-03-19,D01,Paracetamol,Pain Relief,100
3201,2025-03-19,D05,Vitamin C Tablets,Supplements,400
3202,2025-06-05,D16,Multivitamin Gummies,Supplements,500
3202,2025-06-05,D17,Reading Puzzle Book,Stationery/Leisure,300
3202,2025-06-05,D08,Sunscreen SPF50,Skincare,800
3203,2025-02-03,D10,Reading Glasses,Vision,600
3203,2025-02-03,D17,Reading Puzzle Book,Stationery/Leisure,300
3204,2025-03-04,D17,Reading Puzzle Book,Stationery/Leisure,300
3204,2025-03-04,D04,Tissues,Cold Remedy,100
3204,2025-03-04,D05,Vitamin C Tablets,Supplements,400
3204,2025-03-04,D12,Bandages,First Aid,150
3205,2025-04-30,D10,Reading Glasses,Vision,600
3205,2025-04-30,D17,Reading Puzzle Book,Stationery/Leisure,300
3206,2025-06-18,D12,Bandages,First Aid,150
3206,2025-06-18,D13,Antiseptic Cream,First Aid,200
3207,2025-04-14,D06,Hand Sanitizer,Hygiene,150
3207,2025-04-14,D07,Face Masks,Hygiene,200
3208,2025-04-17,D03,Cold & Flu Syrup,Cold Remedy,350
3208,2025-04-17,D04,Tissues,Cold Remedy,100
3208,2025-04-17,D05,Vitamin C Tablets,Supplements,400
3209,2025-06-16,D12,Bandages,First Aid,150
3210,2025-03-05,D06,Hand Sanitizer,Hygiene,150
3211,2025-06-21,D05,Vitamin C Tablets,Supplements,400
3211,2025-06-21,D14,Baby Lotion,Baby Care,350
3212,2025-04-24,D05,Vitamin C Tablets,Supplements,400
3212,2025-04-24,D16,Multivitamin Gummies,Supplements,500
3212,2025-04-24,D03,Cold & Flu Syrup,Cold Remedy,350
3213,2025-02-14,D12,Bandages,First Aid,150
3213,2025-02-14,D08,Sunscreen SPF50,Skincare,800
3213,2025-02-14,D10,Reading Glasses,Vision,600
3213,2025-02-14,D01,Paracetamol,Pain Relief,100
3214,2025-05-23,D03,Cold & Flu Syrup,Cold Remedy,350
3214,2025-05-23,D11,Eye Drops,Vision,250
3215,2025-02-27,D11,Eye Drops,Vision,250
3215,2025-02-27,D17,Reading Puzzle Book,Stationery/Leisure,300
3215,2025-02-27,D04,Tissues,Cold Remedy,100
3216,2025-05-21,D15,Baby Diapers,Baby Care,1200
3217,2025-04-15,D05,Vitamin C Tablets,Supplements,400
3217,2025-04-15,D16,Multivitamin Gummies,Supplements,500
3218,2025-01-02,D09,Aloe Vera Gel,Skincare,350
3219,2025-05-04,D14,Baby Lotion,Baby Care,350
3220,2025-03-03,D08,Sunscreen SPF50,Skincare,800
3221,2025-06-25,D08,Sunscreen SPF50,Skincare,800
3221,2025-06-25,D09,Aloe Vera Gel,Skincare,350
3222,2025-02-21,D17,Reading Puzzle Book,Stationery/Leisure,300
3222,2025-02-21,D04,Tissues,Cold Remedy,100
3222,2025-02-21,D15,Baby Diapers,Baby Care,1200
3223,2025-03-28,D03,Cold & Flu Syrup,Cold Remedy,350
3223,2025-03-28,D04,Tissues,Cold Remedy,100
3224,2025-02-10,D06,Hand Sanitizer,Hygiene,150
3224,2025-02-10,D07,Face Masks,Hygiene,200
3225,2025-02-02,D08,Sunscreen SPF50,Skincare,800
3225,2025-02-02,D09,Aloe Vera Gel,Skincare,350
3226,2025-06-15,D05,Vitamin C Tablets,Supplements,400
3226,2025-06-15,D16,Multivitamin Gummies,Supplements,500
3227,2025-01-25,D08,Sunscreen SPF50,Skincare,800
3227,2025-01-25,D16,Multivitamin Gummies,Supplements,500
3227,2025-01-25,D01,Paracetamol,Pain Relief,100
3227,2025-01-25,D04,Tissues,Cold Remedy,100
3228,2025-02-05,D12,Bandages,First Aid,150
3228,2025-02-05,D13,Antiseptic Cream,First Aid,200
3229,2025-05-12,D14,Baby Lotion,Baby Care,350
3229,2025-05-12,D15,Baby Diapers,Baby Care,1200
3230,2025-06-01,D12,Bandages,First Aid,150
3231,2025-03-30,D05,Vitamin C Tablets,Supplements,400
3231,2025-03-30,D16,Multivitamin Gummies,Supplements,500
3232,2025-05-19,D14,Baby Lotion,Baby Care,350
3232,2025-05-19,D15,Baby Diapers,Baby Care,1200
3232,2025-05-19,D01,Paracetamol,Pain Relief,100
3233,2025-03-12,D16,Multivitamin Gummies,Supplements,500
3234,2025-05-15,D08,Sunscreen SPF50,Skincare,800
3234,2025-05-15,D15,Baby Diapers,Baby Care,1200
3235,2025-05-28,D09,Aloe Vera Gel,Skincare,350
3235,2025-05-28,D12,Bandages,First Aid,150
3235,2025-05-28,D17,Reading Puzzle Book,Stationery/Leisure,300
3235,2025-05-28,D16,Multivitamin Gummies,Supplements,500
3236,2025-06-27,D16,Multivitamin Gummies,Supplements,500
3237,2025-05-24,D03,Cold & Flu Syrup,Cold Remedy,350
3238,2025-04-14,D05,Vitamin C Tablets,Supplements,400
3238,2025-04-14,D16,Multivitamin Gummies,Supplements,500
3239,2025-04-05,D10,Reading Glasses,Vision,600
3239,2025-04-05,D03,Cold & Flu Syrup,Cold Remedy,350
3240,2025-05-25,D12,Bandages,First Aid,150
3240,2025-05-25,D13,Antiseptic Cream,First Aid,200
3241,2025-03-29,D03,Cold & Flu Syrup,Cold Remedy,350
3241,2025-03-29,D04,Tissues,Cold Remedy,100
3241,2025-03-29,D05,Vitamin C Tablets,Supplements,400
3242,2025-04-21,D13,Antiseptic Cream,First Aid,200
3243,2025-05-17,D03,Cold & Flu Syrup,Cold Remedy,350
3243,2025-05-17,D04,Tissues,Cold Remedy,100
3243,2025-05-17,D15,Baby Diapers,Baby Care,1200
3244,2025-03-01,D06,Hand Sanitizer,Hygiene,150
3244,2025-03-01,D07,Face Masks,Hygiene,200
3244,2025-03-01,D01,Paracetamol,Pain Relief,100
3245,2025-05-06,D12,Bandages,First Aid,150
3245,2025-05-06,D13,Antiseptic Cream,First Aid,200
3245,2025-05-06,D16,Multivitamin Gummies,Supplements,500
3246,2025-03-16,D03,Cold & Flu Syrup,Cold Remedy,350
3246,2025-03-16,D04,Tissues,Cold Remedy,100
3246,2025-03-16,D05,Vitamin C Tablets,Supplements,400
3247,2025-03-19,D11,Eye Drops,Vision,250
3247,2025-03-19,D02,Ibuprofen,Pain Relief,150
3247,2025-03-19,D14,Baby Lotion,Baby Care,350
3248,2025-02-22,D12,Bandages,First Aid,150
3248,2025-02-22,D13,Antiseptic Cream,First Aid,200
3249,2025-01-28,D04,Tissues,Cold Remedy,100
3249,2025-01-28,D13,Antiseptic Cream,First Aid,200
3249,2025-01-28,D01,Paracetamol,Pain Relief,100
3250,2025-05-18,D03,Cold & Flu Syrup,Cold Remedy,350
3250,2025-05-18,D04,Tissues,Cold Remedy,100
3251,2025-05-12,D03,Cold & Flu Syrup,Cold Remedy,350
3251,2025-05-12,D04,Tissues,Cold Remedy,100
3252,2025-01-31,D11,Eye Drops,Vision,250
3252,2025-01-31,D10,Reading Glasses,Vision,600
3253,2025-03-20,D07,Face Masks,Hygiene,200
3253,2025-03-20,D09,Aloe Vera Gel,Skincare,350
3254,2025-06-07,D10,Reading Glasses,Vision,600
3255,2025-04-12,D05,Vitamin C Tablets,Supplements,400
3256,2025-03-09,D05,Vitamin C Tablets,Supplements,400
3256,2025-03-09,D16,Multivitamin Gummies,Supplements,500
3256,2025-03-09,D08,Sunscreen SPF50,Skincare,800
3257,2025-04-01,D10,Reading Glasses,Vision,600
3257,2025-04-01,D05,Vitamin C Tablets,Supplements,400
3257,2025-04-01,D08,Sunscreen SPF50,Skincare,800
3257,2025-04-01,D01,Paracetamol,Pain Relief,100
3258,2025-06-07,D14,Baby Lotion,Baby Care,350
3258,2025-06-07,D15,Baby Diapers,Baby Care,1200
3259,2025-03-08,D05,Vitamin C Tablets,Supplements,400
3259,2025-03-08,D08,Sunscreen SPF50,Skincare,800
3260,2025-03-22,D14,Baby Lotion,Baby Care,350
3260,2025-03-22,D15,Baby Diapers,Baby Care,1200
3261,2025-02-12,D14,Baby Lotion,Baby Care,350
3261,2025-02-12,D09,Aloe Vera Gel,Skincare,350
3261,2025-02-12,D02,Ibuprofen,Pain Relief,150
3261,2025-02-12,D11,Eye Drops,Vision,250
3262,2025-04-07,D06,Hand Sanitizer,Hygiene,150
3262,2025-04-07,D08,Sunscreen SPF50,Skincare,800
3263,2025-02-17,D05,Vitamin C Tablets,Supplements,400
3264,2025-04-18,D07,Face Masks,Hygiene,200
3264,2025-04-18,D13,Antiseptic Cream,First Aid,200
3265,2025-02-01,D11,Eye Drops,Vision,250
3266,2025-05-25,D05,Vitamin C Tablets,Supplements,400
3266,2025-05-25,D16,Multivitamin Gummies,Supplements,500
3267,2025-05-29,D01,Paracetamol,Pain Relief,100
3268,2025-06-03,D14,Baby Lotion,Baby Care,350
3268,2025-06-03,D15,Baby Diapers,Baby Care,1200
3269,2025-03-06,D05,Vitamin C Tablets,Supplements,400
3269,2025-03-06,D16,Multivitamin Gummies,Supplements,500
3270,2025-01-21,D12,Bandages,First Aid,150
3270,2025-01-21,D13,Antiseptic Cream,First Aid,200
3271,2025-01-09,D07,Face Masks,Hygiene,200
3272,2025-05-02,D05,Vitamin C Tablets,Supplements,400
3272,2025-05-02,D02,Ibuprofen,Pain Relief,150
3273,2025-03-14,D08,Sunscreen SPF50,Skincare,800
3273,2025-03-14,D09,Aloe Vera Gel,Skincare,350
3274,2025-01-28,D03,Cold & Flu Syrup,Cold Remedy,350
3274,2025-01-28,D04,Tissues,Cold Remedy,100
3274,2025-01-28,D05,Vitamin C Tablets,Supplements,400
3275,2025-02-05,D08,Sunscreen SPF50,Skincare,800
3275,2025-02-05,D09,Aloe Vera Gel,Skincare,350
3276,2025-04-17,D06,Hand Sanitizer,Hygiene,150
3277,2025-01-11,D05,Vitamin C Tablets,Supplements,400
3277,2025-01-11,D16,Multivitamin Gummies,Supplements,500
3278,2025-05-01,D08,Sunscreen SPF50,Skincare,800
3278,2025-05-01,D09,Aloe Vera Gel,Skincare,350
3279,2025-01-29,D10,Reading Glasses,Vision,600
3279,2025-01-29,D17,Reading Puzzle Book,Stationery/Leisure,300
3280,2025-01-21,D10,Reading Glasses,Vision,600
3280,2025-01-21,D17,Reading Puzzle Book,Stationery/Leisure,300
3280,2025-01-21,D12,Bandages,First Aid,150
3281,2025-02-25,D03,Cold & Flu Syrup,Cold Remedy,350
3282,2025-01-19,D07,Face Masks,Hygiene,200
3282,2025-01-19,D06,Hand Sanitizer,Hygiene,150
3283,2025-02-11,D17,Reading Puzzle Book,Stationery/Leisure,300
3283,2025-02-11,D15,Baby Diapers,Baby Care,1200
3284,2025-02-21,D10,Reading Glasses,Vision,600
3284,2025-02-21,D17,Reading Puzzle Book,Stationery/Leisure,300
3285,2025-01-24,D10,Reading Glasses,Vision,600
3285,2025-01-24,D17,Reading Puzzle Book,Stationery/Leisure,300
3285,2025-01-24,D11,Eye Drops,Vision,250
3286,2025-04-10,D05,Vitamin C Tablets,Supplements,400
3287,2025-05-09,D12,Bandages,First Aid,150
3287,2025-05-09,D13,Antiseptic Cream,First Aid,200
3288,2025-04-15,D06,Hand Sanitizer,Hygiene,150
3289,2025-05-01,D08,Sunscreen SPF50,Skincare,800
3289,2025-05-01,D09,Aloe Vera Gel,Skincare,350
3290,2025-05-30,D03,Cold & Flu Syrup,Cold Remedy,350
3290,2025-05-30,D04,Tissues,Cold Remedy,100
3290,2025-05-30,D13,Antiseptic Cream,First Aid,200
3291,2025-03-19,D05,Vitamin C Tablets,Supplements,400
3291,2025-03-19,D16,Multivitamin Gummies,Supplements,500
3292,2025-03-06,D08,Sunscreen SPF50,Skincare,800
3292,2025-03-06,D09,Aloe Vera Gel,Skincare,350
3293,2025-03-23,D08,Sunscreen SPF50,Skincare,800
3293,2025-03-23,D09,Aloe Vera Gel,Skincare,350
3294,2025-05-29,D17,Reading Puzzle Book,Stationery/Leisure,300
3295,2025-02-06,D03,Cold & Flu Syrup,Cold Remedy,350
3295,2025-02-06,D04,Tissues,Cold Remedy,100
3295,2025-02-06,D05,Vitamin C Tablets,Supplements,400
3296,2025-01-02,D17,Reading Puzzle Book,Stationery/Leisure,300
3297,2025-01-16,D06,Hand Sanitizer,Hygiene,150
3297,2025-01-16,D07,Face Masks,Hygiene,200
3298,2025-04-20,D06,Hand Sanitizer,Hygiene,150
3298,2025-04-20,D07,Face Masks,Hygiene,200
3299,2025-05-21,D15,Baby Diapers,Baby Care,1200
3299,2025-05-21,D10,Reading Glasses,Vision,600
3299,2025-05-21,D05,Vitamin C Tablets,Supplements,400
3300,2025-05-17,D05,Vitamin C Tablets,Supplements,400
3301,2025-05-12,D01,Paracetamol,Pain Relief,100
3302,2025-02-14,D10,Reading Glasses,Vision,600
3302,2025-02-14,D11,Eye Drops,Vision,250
3302,2025-02-14,D12,Bandages,First Aid,150
3303,2025-04-06,D08,Sunscreen SPF50,Skincare,800
3303,2025-04-06,D15,Baby Diapers,Baby Care,1200
3303,2025-04-06,D04,Tissues,Cold Remedy,100
3304,2025-02-26,D04,Tissues,Cold Remedy,100
3304,2025-02-26,D09,Aloe Vera Gel,Skincare,350
3304,2025-02-26,D08,Sunscreen SPF50,Skincare,800
3305,2025-01-03,D05,Vitamin C Tablets,Supplements,400
3305,2025-01-03,D16,Multivitamin Gummies,Supplements,500
3306,2025-03-02,D06,Hand Sanitizer,Hygiene,150
3306,2025-03-02,D07,Face Masks,Hygiene,200
3307,2025-05-19,D05,Vitamin C Tablets,Supplements,400
3307,2025-05-19,D16,Multivitamin Gummies,Supplements,500
3308,2025-06-15,D16,Multivitamin Gummies,Supplements,500
3308,2025-06-15,D11,Eye Drops,Vision,250
3308,2025-06-15,D04,Tissues,Cold Remedy,100
3308,2025-06-15,D06,Hand Sanitizer,Hygiene,150
3309,2025-06-19,D12,Bandages,First Aid,150
3309,2025-06-19,D14,Baby Lotion,Baby Care,350
3309,2025-06-19,D03,Cold & Flu Syrup,Cold Remedy,350
3310,2025-05-31,D10,Reading Glasses,Vision,600
3311,2025-03-06,D12,Bandages,First Aid,150
3311,2025-03-06,D13,Antiseptic Cream,First Aid,200
3311,2025-03-06,D06,Hand Sanitizer,Hygiene,150
3312,2025-03-12,D05,Vitamin C Tablets,Supplements,400
3312,2025-03-12,D01,Paracetamol,Pain Relief,100
3313,2025-05-29,D13,Antiseptic Cream,First Aid,200
3313,2025-05-29,D12,Bandages,First Aid,150
3313,2025-05-29,D04,Tissues,Cold Remedy,100
3314,2025-01-05,D06,Hand Sanitizer,Hygiene,150
3314,2025-01-05,D07,Face Masks,Hygiene,200
3315,2025-06-17,D10,Reading Glasses,Vision,600
3315,2025-06-17,D14,Baby Lotion,Baby Care,350
3315,2025-06-17,D06,Hand Sanitizer,Hygiene,150
3316,2025-01-19,D03,Cold & Flu Syrup,Cold Remedy,350
3316,2025-01-19,D04,Tissues,Cold Remedy,100
3316,2025-01-19,D05,Vitamin C Tablets,Supplements,400
3317,2025-04-26,D14,Baby Lotion,Baby Care,350
3317,2025-04-26,D15,Baby Diapers,Baby Care,1200
3318,2025-05-08,D11,Eye Drops,Vision,250
3318,2025-05-08,D14,Baby Lotion,Baby Care,350
3319,2025-02-02,D14,Baby Lotion,Baby Care,350
3319,2025-02-02,D15,Baby Diapers,Baby Care,1200
3320,2025-02-21,D05,Vitamin C Tablets,Supplements,400
3321,2025-04-23,D14,Baby Lotion,Baby Care,350
3321,2025-04-23,D15,Baby Diapers,Baby Care,1200
3322,2025-02-01,D10,Reading Glasses,Vision,600
3322,2025-02-01,D17,Reading Puzzle Book,Stationery/Leisure,300
3323,2025-06-26,D03,Cold & Flu Syrup,Cold Remedy,350
3323,2025-06-26,D04,Tissues,Cold Remedy,100
3323,2025-06-26,D05,Vitamin C Tablets,Supplements,400
3324,2025-01-12,D05,Vitamin C Tablets,Supplements,400
3324,2025-01-12,D16,Multivitamin Gummies,Supplements,500
3325,2025-03-17,D13,Antiseptic Cream,First Aid,200
3325,2025-03-17,D08,Sunscreen SPF50,Skincare,800
3325,2025-03-17,D11,Eye Drops,Vision,250
3325,2025-03-17,D16,Multivitamin Gummies,Supplements,500
3326,2025-01-06,D17,Reading Puzzle Book,Stationery/Leisure,300
3326,2025-01-06,D14,Baby Lotion,Baby Care,350
3327,2025-01-13,D08,Sunscreen SPF50,Skincare,800
3327,2025-01-13,D09,Aloe Vera Gel,Skincare,350
3327,2025-01-13,D15,Baby Diapers,Baby Care,1200
3328,2025-06-24,D06,Hand Sanitizer,Hygiene,150
3328,2025-06-24,D07,Face Masks,Hygiene,200
3329,2025-01-21,D12,Bandages,First Aid,150
3329,2025-01-21,D13,Antiseptic Cream,First Aid,200
3330,2025-01-07,D06,Hand Sanitizer,Hygiene,150
3330,2025-01-07,D07,Face Masks,Hygiene,200
3331,2025-02-14,D12,Bandages,First Aid,150
3331,2025-02-14,D13,Antiseptic Cream,First Aid,200
3332,2025-05-28,D02,Ibuprofen,Pain Relief,150
3332,2025-05-28,D03,Cold & Flu Syrup,Cold Remedy,350
3332,2025-05-28,D01,Paracetamol,Pain Relief,100
3332,2025-05-28,D05,Vitamin C Tablets,Supplements,400
3333,2025-05-28,D06,Hand Sanitizer,Hygiene,150
3333,2025-05-28,D07,Face Masks,Hygiene,200
3334,2025-03-08,D06,Hand Sanitizer,Hygiene,150
3334,2025-03-08,D17,Reading Puzzle Book,Stationery/Leisure,300
3334,2025-03-08,D15,Baby Diapers,Baby Care,1200
3334,2025-03-08,D05,Vitamin C Tablets,Supplements,400
3335,2025-01-19,D03,Cold & Flu Syrup,Cold Remedy,350
3335,2025-01-19,D04,Tissues,Cold Remedy,100
3335,2025-01-19,D05,Vitamin C Tablets,Supplements,400
3336,2025-05-28,D12,Bandages,First Aid,150
3336,2025-05-28,D14,Baby Lotion,Baby Care,350
3337,2025-01-18,D10,Reading Glasses,Vision,600
3337,2025-01-18,D17,Reading Puzzle Book,Stationery/Leisure,300
3338,2025-06-01,D03,Cold & Flu Syrup,Cold Remedy,350
3338,2025-06-01,D04,Tissues,Cold Remedy,100
3339,2025-05-13,D08,Sunscreen SPF50,Skincare,800
3339,2025-05-13,D09,Aloe Vera Gel,Skincare,350
3340,2025-06-09,D14,Baby Lotion,Baby Care,350
3340,2025-06-09,D15,Baby Diapers,Baby Care,1200
3341,2025-03-02,D03,Cold & Flu Syrup,Cold Remedy,350
3341,2025-03-02,D04,Tissues,Cold Remedy,100
3342,2025-01-27,D14,Baby Lotion,Baby Care,350
3342,2025-01-27,D15,Baby Diapers,Baby Care,1200
3343,2025-06-29,D05,Vitamin C Tablets,Supplements,400
3343,2025-06-29,D16,Multivitamin Gummies,Supplements,500
3344,2025-04-28,D14,Baby Lotion,Baby Care,350
3344,2025-04-28,D15,Baby Diapers,Baby Care,1200
3345,2025-01-03,D13,Antiseptic Cream,First Aid,200
3346,2025-05-05,D08,Sunscreen SPF50,Skincare,800
3346,2025-05-05,D17,Reading Puzzle Book,Stationery/Leisure,300
3346,2025-05-05,D10,Reading Glasses,Vision,600
3346,2025-05-05,D12,Bandages,First Aid,150
3347,2025-02-13,D12,Bandages,First Aid,150
3347,2025-02-13,D13,Antiseptic Cream,First Aid,200
3347,2025-02-13,D15,Baby Diapers,Baby Care,1200
3348,2025-06-21,D05,Vitamin C Tablets,Supplements,400
3348,2025-06-21,D16,Multivitamin Gummies,Supplements,500
3349,2025-02-23,D10,Reading Glasses,Vision,600
3349,2025-02-23,D17,Reading Puzzle Book,Stationery/Leisure,300
3350,2025-06-19,D08,Sunscreen SPF50,Skincare,800
3350,2025-06-19,D09,Aloe Vera Gel,Skincare,350
3351,2025-03-29,D06,Hand Sanitizer,Hygiene,150
3351,2025-03-29,D07,Face Masks,Hygiene,200
3352,2025-02-13,D14,Baby Lotion,Baby Care,350
3352,2025-02-13,D03,Cold & Flu Syrup,Cold Remedy,350
3353,2025-03-24,D06,Hand Sanitizer,Hygiene,150
3353,2025-03-24,D07,Face Masks,Hygiene,200
3354,2025-03-20,D02,Ibuprofen,Pain Relief,150
3354,2025-03-20,D12,Bandages,First Aid,150
3354,2025-03-20,D10,Reading Glasses,Vision,600
3355,2025-03-22,D11,Eye Drops,Vision,250
3355,2025-03-22,D16,Multivitamin Gummies,Supplements,500
3355,2025-03-22,D04,Tissues,Cold Remedy,100
3356,2025-01-18,D14,Baby Lotion,Baby Care,350
3356,2025-01-18,D15,Baby Diapers,Baby Care,1200
3357,2025-01-16,D06,Hand Sanitizer,Hygiene,150
3357,2025-01-16,D07,Face Masks,Hygiene,200
3358,2025-04-15,D02,Ibuprofen,Pain Relief,150
3359,2025-05-06,D09,Aloe Vera Gel,Skincare,350
3360,2025-05-05,D05,Vitamin C Tablets,Supplements,400
3360,2025-05-05,D16,Multivitamin Gummies,Supplements,500
3360,2025-05-05,D07,Face Masks,Hygiene,200
3361,2025-06-14,D05,Vitamin C Tablets,Supplements,400
3361,2025-06-14,D16,Multivitamin Gummies,Supplements,500
3362,2025-01-17,D06,Hand Sanitizer,Hygiene,150
3362,2025-01-17,D07,Face Masks,Hygiene,200
3363,2025-06-17,D06,Hand Sanitizer,Hygiene,150
3363,2025-06-17,D17,Reading Puzzle Book,Stationery/Leisure,300
3363,2025-06-17,D10,Reading Glasses,Vision,600
3364,2025-04-03,D03,Cold & Flu Syrup,Cold Remedy,350
3364,2025-04-03,D04,Tissues,Cold Remedy,100
3365,2025-05-01,D10,Reading Glasses,Vision,600
3365,2025-05-01,D14,Baby Lotion,Baby Care,350
3365,2025-05-01,D08,Sunscreen SPF50,Skincare,800
3366,2025-02-08,D06,Hand Sanitizer,Hygiene,150
3366,2025-02-08,D07,Face Masks,Hygiene,200
3367,2025-04-13,D05,Vitamin C Tablets,Supplements,400
3368,2025-04-16,D17,Reading Puzzle Book,Stationery/Leisure,300
3368,2025-04-16,D08,Sunscreen SPF50,Skincare,800
3369,2025-03-15,D17,Reading Puzzle Book,Stationery/Leisure,300
3370,2025-03-08,D09,Aloe Vera Gel,Skincare,350
3371,2025-05-11,D03,Cold & Flu Syrup,Cold Remedy,350
3371,2025-05-11,D04,Tissues,Cold Remedy,100
3371,2025-05-11,D08,Sunscreen SPF50,Skincare,800
3372,2025-04-27,D14,Baby Lotion,Baby Care,350
3372,2025-04-27,D11,Eye Drops,Vision,250
3372,2025-04-27,D08,Sunscreen SPF50,Skincare,800
3372,2025-04-27,D07,Face Masks,Hygiene,200
3373,2025-06-03,D03,Cold & Flu Syrup,Cold Remedy,350
3373,2025-06-03,D04,Tissues,Cold Remedy,100
3373,2025-06-03,D05,Vitamin C Tablets,Supplements,400
3374,2025-03-19,D04,Tissues,Cold Remedy,100
3374,2025-03-19,D01,Paracetamol,Pain Relief,100
3374,2025-03-19,D14,Baby Lotion,Baby Care,350
3375,2025-01-17,D06,Hand Sanitizer,Hygiene,150
3375,2025-01-17,D07,Face Masks,Hygiene,200
3376,2025-01-08,D02,Ibuprofen,Pain Relief,150
3376,2025-01-08,D13,Antiseptic Cream,First Aid,200
3377,2025-03-07,D05,Vitamin C Tablets,Supplements,400
3377,2025-03-07,D16,Multivitamin Gummies,Supplements,500
3378,2025-05-25,D14,Baby Lotion,Baby Care,350
3379,2025-03-03,D04,Tissues,Cold Remedy,100
3380,2025-04-04,D15,Baby Diapers,Baby Care,1200
3380,2025-04-04,D06,Hand Sanitizer,Hygiene,150
3381,2025-05-01,D15,Baby Diapers,Baby Care,1200
3382,2025-01-19,D12,Bandages,First Aid,150
3382,2025-01-19,D13,Antiseptic Cream,First Aid,200
3383,2025-03-13,D11,Eye Drops,Vision,250
3383,2025-03-13,D09,Aloe Vera Gel,Skincare,350
3383,2025-03-13,D16,Multivitamin Gummies,Supplements,500
3384,2025-04-13,D08,Sunscreen SPF50,Skincare,800
3384,2025-04-13,D17,Reading Puzzle Book,Stationery/Leisure,300
3384,2025-04-13,D14,Baby Lotion,Baby Care,350
3384,2025-04-13,D10,Reading Glasses,Vision,600
3385,2025-01-22,D10,Reading Glasses,Vision,600
3385,2025-01-22,D11,Eye Drops,Vision,250
3385,2025-01-22,D09,Aloe Vera Gel,Skincare,350
3385,2025-01-22,D16,Multivitamin Gummies,Supplements,500
3386,2025-03-09,D15,Baby Diapers,Baby Care,1200
3386,2025-03-09,D17,Reading Puzzle Book,Stationery/Leisure,300
3386,2025-03-09,D13,Antiseptic Cream,First Aid,200
3386,2025-03-09,D16,Multivitamin Gummies,Supplements,500
3387,2025-03-26,D10,Reading Glasses,Vision,600
3387,2025-03-26,D17,Reading Puzzle Book,Stationery/Leisure,300
3387,2025-03-26,D11,Eye Drops,Vision,250
3387,2025-03-26,D06,Hand Sanitizer,Hygiene,150
3388,2025-03-25,D03,Cold & Flu Syrup,Cold Remedy,350
3388,2025-03-25,D04,Tissues,Cold Remedy,100
3388,2025-03-25,D05,Vitamin C Tablets,Supplements,400
3389,2025-05-13,D10,Reading Glasses,Vision,600
3389,2025-05-13,D17,Reading Puzzle Book,Stationery/Leisure,300
3390,2025-01-25,D10,Reading Glasses,Vision,600
3390,2025-01-25,D17,Reading Puzzle Book,Stationery/Leisure,300
3391,2025-01-13,D03,Cold & Flu Syrup,Cold Remedy,350
3391,2025-01-13,D04,Tissues,Cold Remedy,100
3391,2025-01-13,D05,Vitamin C Tablets,Supplements,400
3392,2025-02-21,D05,Vitamin C Tablets,Supplements,400
3392,2025-02-21,D16,Multivitamin Gummies,Supplements,500
3392,2025-02-21,D06,Hand Sanitizer,Hygiene,150
3393,2025-05-22,D06,Hand Sanitizer,Hygiene,150
3393,2025-05-22,D07,Face Masks,Hygiene,200
3394,2025-04-07,D08,Sunscreen SPF50,Skincare,800
3395,2025-03-08,D03,Cold & Flu Syrup,Cold Remedy,350
3395,2025-03-08,D02,Ibuprofen,Pain Relief,150
3395,2025-03-08,D01,Paracetamol,Pain Relief,100
3396,2025-01-01,D05,Vitamin C Tablets,Supplements,400
3396,2025-01-01,D11,Eye Drops,Vision,250
3396,2025-01-01,D14,Baby Lotion,Baby Care,350
3396,2025-01-01,D01,Paracetamol,Pain Relief,100
3397,2025-05-08,D12,Bandages,First Aid,150
3397,2025-05-08,D10,Reading Glasses,Vision,600
3397,2025-05-08,D17,Reading Puzzle Book,Stationery/Leisure,300
3398,2025-04-23,D12,Bandages,First Aid,150
3398,2025-04-23,D13,Antiseptic Cream,First Aid,200
3399,2025-04-16,D06,Hand Sanitizer,Hygiene,150
3399,2025-04-16,D07,Face Masks,Hygiene,200
3400,2025-05-12,D11,Eye Drops,Vision,250
3400,2025-05-12,D04,Tissues,Cold Remedy,100
3400,2025-05-12,D14,Baby Lotion,Baby Care,350
3400,2025-05-12,D10,Reading Glasses,Vision,600
3401,2025-06-26,D03,Cold & Flu Syrup,Cold Remedy,350
3401,2025-06-26,D04,Tissues,Cold Remedy,100
3402,2025-02-26,D06,Hand Sanitizer,Hygiene,150
3402,2025-02-26,D07,Face Masks,Hygiene,200
3402,2025-02-26,D12,Bandages,First Aid,150
3403,2025-03-07,D10,Reading Glasses,Vision,600
3403,2025-03-07,D17,Reading Puzzle Book,Stationery/Leisure,300
3404,2025-03-15,D14,Baby Lotion,Baby Care,350
3404,2025-03-15,D15,Baby Diapers,Baby Care,1200
3405,2025-06-26,D01,Paracetamol,Pain Relief,100
3405,2025-06-26,D11,Eye Drops,Vision,250
3406,2025-05-01,D06,Hand Sanitizer,Hygiene,150
3407,2025-01-04,D12,Bandages,First Aid,150
3407,2025-01-04,D13,Antiseptic Cream,First Aid,200
3408,2025-02-06,D17,Reading Puzzle Book,Stationery/Leisure,300
3409,2025-02-09,D08,Sunscreen SPF50,Skincare,800
3409,2025-02-09,D09,Aloe Vera Gel,Skincare,350
3410,2025-03-10,D17,Reading Puzzle Book,Stationery/Leisure,300
3410,2025-03-10,D02,Ibuprofen,Pain Relief,150
3410,2025-03-10,D06,Hand Sanitizer,Hygiene,150
3410,2025-03-10,D14,Baby Lotion,Baby Care,350
3411,2025-06-28,D14,Baby Lotion,Baby Care,350
3411,2025-06-28,D15,Baby Diapers,Baby Care,1200
3412,2025-04-08,D17,Reading Puzzle Book,Stationery/Leisure,300
3412,2025-04-08,D10,Reading Glasses,Vision,600
3412,2025-04-08,D15,Baby Diapers,Baby Care,1200
3413,2025-04-22,D10,Reading Glasses,Vision,600
3414,2025-05-19,D03,Cold & Flu Syrup,Cold Remedy,350
3414,2025-05-19,D04,Tissues,Cold Remedy,100
3415,2025-02-13,D06,Hand Sanitizer,Hygiene,150
3415,2025-02-13,D07,Face Masks,Hygiene,200
3416,2025-01-24,D03,Cold & Flu Syrup,Cold Remedy,350
3416,2025-01-24,D02,Ibuprofen,Pain Relief,150
3416,2025-01-24,D04,Tissues,Cold Remedy,100
3416,2025-01-24,D15,Baby Diapers,Baby Care,1200
3417,2025-06-03,D12,Bandages,First Aid,150
3417,2025-06-03,D13,Antiseptic Cream,First Aid,200
3418,2025-01-18,D02,Ibuprofen,Pain Relief,150
3418,2025-01-18,D15,Baby Diapers,Baby Care,1200
3418,2025-01-18,D12,Bandages,First Aid,150
3418,2025-01-18,D04,Tissues,Cold Remedy,100
3419,2025-02-05,D16,Multivitamin Gummies,Supplements,500
3419,2025-02-05,D08,Sunscreen SPF50,Skincare,800
3419,2025-02-05,D13,Antiseptic Cream,First Aid,200
3419,2025-02-05,D11,Eye Drops,Vision,250
3420,2025-05-24,D07,Face Masks,Hygiene,200
3420,2025-05-24,D15,Baby Diapers,Baby Care,1200
3421,2025-05-10,D06,Hand Sanitizer,Hygiene,150
3421,2025-05-10,D07,Face Masks,Hygiene,200
3422,2025-03-19,D10,Reading Glasses,Vision,600
3422,2025-03-19,D17,Reading Puzzle Book,Stationery/Leisure,300
3422,2025-03-19,D11,Eye Drops,Vision,250
3423,2025-03-17,D10,Reading Glasses,Vision,600
3423,2025-03-17,D17,Reading Puzzle Book,Stationery/Leisure,300
3423,2025-03-17,D11,Eye Drops,Vision,250
3424,2025-06-15,D13,Antiseptic Cream,First Aid,200
3424,2025-06-15,D03,Cold & Flu Syrup,Cold Remedy,350
3424,2025-06-15,D07,Face Masks,Hygiene,200
3425,2025-01-13,D03,Cold & Flu Syrup,Cold Remedy,350
3425,2025-01-13,D04,Tissues,Cold Remedy,100
3425,2025-01-13,D05,Vitamin C Tablets,Supplements,400
3426,2025-04-29,D17,Reading Puzzle Book,Stationery/Leisure,300
3426,2025-04-29,D06,Hand Sanitizer,Hygiene,150
3426,2025-04-29,D14,Baby Lotion,Baby Care,350
3426,2025-04-29,D11,Eye Drops,Vision,250
3427,2025-05-19,D03,Cold & Flu Syrup,Cold Remedy,350
3428,2025-04-09,D08,Sunscreen SPF50,Skincare,800
3428,2025-04-09,D09,Aloe Vera Gel,Skincare,350
3429,2025-06-26,D05,Vitamin C Tablets,Supplements,400
3429,2025-06-26,D16,Multivitamin Gummies,Supplements,500
3430,2025-06-22,D02,Ibuprofen,Pain Relief,150
3430,2025-06-22,D16,Multivitamin Gummies,Supplements,500
3430,2025-06-22,D17,Reading Puzzle Book,Stationery/Leisure,300
3431,2025-03-18,D10,Reading Glasses,Vision,600
3431,2025-03-18,D17,Reading Puzzle Book,Stationery/Leisure,300
3432,2025-01-30,D10,Reading Glasses,Vision,600
3432,2025-01-30,D04,Tissues,Cold Remedy,100
3432,2025-01-30,D12,Bandages,First Aid,150
3432,2025-01-30,D02,Ibuprofen,Pain Relief,150
3433,2025-02-01,D11,Eye Drops,Vision,250
3433,2025-02-01,D07,Face Masks,Hygiene,200
3433,2025-02-01,D02,Ibuprofen,Pain Relief,150
3434,2025-04-19,D10,Reading Glasses,Vision,600
3435,2025-02-18,D01,Paracetamol,Pain Relief,100
3435,2025-02-18,D10,Reading Glasses,Vision,600
3435,2025-02-18,D13,Antiseptic Cream,First Aid,200
3435,2025-02-18,D05,Vitamin C Tablets,Supplements,400
3436,2025-01-21,D12,Bandages,First Aid,150
3436,2025-01-21,D13,Antiseptic Cream,First Aid,200
3437,2025-06-12,D10,Reading Glasses,Vision,600
3437,2025-06-12,D17,Reading Puzzle Book,Stationery/Leisure,300
3438,2025-05-15,D03,Cold & Flu Syrup,Cold Remedy,350
3438,2025-05-15,D15,Baby Diapers,Baby Care,1200
3438,2025-05-15,D02,Ibuprofen,Pain Relief,150
3439,2025-04-18,D14,Baby Lotion,Baby Care,350
3440,2025-05-10,D11,Eye Drops,Vision,250
3441,2025-02-02,D03,Cold & Flu Syrup,Cold Remedy,350
3441,2025-02-02,D09,Aloe Vera Gel,Skincare,350
3441,2025-02-02,D06,Hand Sanitizer,Hygiene,150
3441,2025-02-02,D08,Sunscreen SPF50,Skincare,800
3442,2025-05-23,D12,Bandages,First Aid,150
3442,2025-05-23,D13,Antiseptic Cream,First Aid,200
3443,2025-02-13,D05,Vitamin C Tablets,Supplements,400
3443,2025-02-13,D16,Multivitamin Gummies,Supplements,500
3444,2025-03-03,D01,Paracetamol,Pain Relief,100
3444,2025-03-03,D17,Reading Puzzle Book,Stationery/Leisure,300
3444,2025-03-03,D07,Face Masks,Hygiene,200
3444,2025-03-03,D05,Vitamin C Tablets,Supplements,400
3445,2025-02-27,D06,Hand Sanitizer,Hygiene,150
3445,2025-02-27,D07,Face Masks,Hygiene,200
3446,2025-03-05,D06,Hand Sanitizer,Hygiene,150
3446,2025-03-05,D07,Face Masks,Hygiene,200
3447,2025-03-23,D08,Sunscreen SPF50,Skincare,800
3448,2025-02-03,D12,Bandages,First Aid,150
3448,2025-02-03,D13,Antiseptic Cream,First Aid,200
3449,2025-06-15,D10,Reading Glasses,Vision,600
3449,2025-06-15,D17,Reading Puzzle Book,Stationery/Leisure,300
3449,2025-06-15,D04,Tissues,Cold Remedy,100
3450,2025-06-05,D03,Cold & Flu Syrup,Cold Remedy,350
3450,2025-06-05,D04,Tissues,Cold Remedy,100
3450,2025-06-05,D05,Vitamin C Tablets,Supplements,400
3451,2025-03-26,D11,Eye Drops,Vision,250
3451,2025-03-26,D08,Sunscreen SPF50,Skincare,800
3451,2025-03-26,D17,Reading Puzzle Book,Stationery/Leisure,300
3451,2025-03-26,D10,Reading Glasses,Vision,600
3452,2025-04-27,D08,Sunscreen SPF50,Skincare,800
3452,2025-04-27,D09,Aloe Vera Gel,Skincare,350
3453,2025-03-07,D09,Aloe Vera Gel,Skincare,350
3454,2025-04-26,D04,Tissues,Cold Remedy,100
3454,2025-04-26,D06,Hand Sanitizer,Hygiene,150
3454,2025-04-26,D08,Sunscreen SPF50,Skincare,800
3455,2025-01-18,D05,Vitamin C Tablets,Supplements,400
3456,2025-03-12,D14,Baby Lotion,Baby Care,350
3456,2025-03-12,D15,Baby Diapers,Baby Care,1200
3457,2025-05-09,D01,Paracetamol,Pain Relief,100
3458,2025-05-10,D14,Baby Lotion,Baby Care,350
3459,2025-02-05,D08,Sunscreen SPF50,Skincare,800
3459,2025-02-05,D09,Aloe Vera Gel,Skincare,350
3460,2025-01-24,D14,Baby Lotion,Baby Care,350
3460,2025-01-24,D15,Baby Diapers,Baby Care,1200
3461,2025-04-17,D08,Sunscreen SPF50,Skincare,800
3461,2025-04-17,D09,Aloe Vera Gel,Skincare,350
3461,2025-04-17,D01,Paracetamol,Pain Relief,100
3462,2025-05-21,D12,Bandages,First Aid,150
3462,2025-05-21,D09,Aloe Vera Gel,Skincare,350
3462,2025-05-21,D03,Cold & Flu Syrup,Cold Remedy,350
3462,2025-05-21,D11,Eye Drops,Vision,250
3463,2025-06-29,D01,Paracetamol,Pain Relief,100
3463,2025-06-29,D09,Aloe Vera Gel,Skincare,350
3464,2025-02-14,D11,Eye Drops,Vision,250
3465,2025-04-13,D12,Bandages,First Aid,150
3465,2025-04-13,D13,Antiseptic Cream,First Aid,200
3466,2025-06-11,D08,Sunscreen SPF50,Skincare,800
3466,2025-06-11,D09,Aloe Vera Gel,Skincare,350
3466,2025-06-11,D12,Bandages,First Aid,150
3467,2025-04-04,D08,Sunscreen SPF50,Skincare,800
3467,2025-04-04,D09,Aloe Vera Gel,Skincare,350
3468,2025-05-11,D14,Baby Lotion,Baby Care,350
3468,2025-05-11,D15,Baby Diapers,Baby Care,1200
3469,2025-03-01,D05,Vitamin C Tablets,Supplements,400
3469,2025-03-01,D16,Multivitamin Gummies,Supplements,500
3470,2025-03-25,D07,Face Masks,Hygiene,200
3470,2025-03-25,D16,Multivitamin Gummies,Supplements,500
3470,2025-03-25,D15,Baby Diapers,Baby Care,1200
3471,2025-03-05,D17,Reading Puzzle Book,Stationery/Leisure,300
3471,2025-03-05,D03,Cold & Flu Syrup,Cold Remedy,350
3471,2025-03-05,D16,Multivitamin Gummies,Supplements,500
3472,2025-05-30,D12,Bandages,First Aid,150
3472,2025-05-30,D09,Aloe Vera Gel,Skincare,350
3472,2025-05-30,D05,Vitamin C Tablets,Supplements,400
3472,2025-05-30,D08,Sunscreen SPF50,Skincare,800
3473,2025-01-25,D03,Cold & Flu Syrup,Cold Remedy,350
3473,2025-01-25,D04,Tissues,Cold Remedy,100
3474,2025-06-12,D07,Face Masks,Hygiene,200
3475,2025-01-03,D03,Cold & Flu Syrup,Cold Remedy,350
3476,2025-03-10,D10,Reading Glasses,Vision,600
3476,2025-03-10,D07,Face Masks,Hygiene,200
3476,2025-03-10,D02,Ibuprofen,Pain Relief,150
3477,2025-06-29,D05,Vitamin C Tablets,Supplements,400
3477,2025-06-29,D16,Multivitamin Gummies,Supplements,500
3478,2025-01-27,D06,Hand Sanitizer,Hygiene,150
3478,2025-01-27,D03,Cold & Flu Syrup,Cold Remedy,350
3479,2025-01-11,D14,Baby Lotion,Baby Care,350
3480,2025-04-20,D12,Bandages,First Aid,150
3480,2025-04-20,D13,Antiseptic Cream,First Aid,200
3481,2025-04-01,D14,Baby Lotion,Baby Care,350
3481,2025-04-01,D15,Baby Diapers,Baby Care,1200
3482,2025-06-29,D10,Reading Glasses,Vision,600
3482,2025-06-29,D17,Reading Puzzle Book,Stationery/Leisure,300
3482,2025-06-29,D11,Eye Drops,Vision,250
3483,2025-01-18,D05,Vitamin C Tablets,Supplements,400
3483,2025-01-18,D16,Multivitamin Gummies,Supplements,500
3484,2025-05-15,D12,Bandages,First Aid,150
3484,2025-05-15,D13,Antiseptic Cream,First Aid,200
3485,2025-06-06,D14,Baby Lotion,Baby Care,350
3485,2025-06-06,D15,Baby Diapers,Baby Care,1200
3486,2025-01-13,D14,Baby Lotion,Baby Care,350
3486,2025-01-13,D15,Baby Diapers,Baby Care,1200
3487,2025-01-11,D03,Cold & Flu Syrup,Cold Remedy,350
3487,2025-01-11,D04,Tissues,Cold Remedy,100
3488,2025-06-08,D10,Reading Glasses,Vision,600
3488,2025-06-08,D11,Eye Drops,Vision,250
3489,2025-02-09,D12,Bandages,First Aid,150
3489,2025-02-09,D13,Antiseptic Cream,First Aid,200
3490,2025-06-09,D03,Cold & Flu Syrup,Cold Remedy,350
3490,2025-06-09,D04,Tissues,Cold Remedy,100
3490,2025-06-09,D05,Vitamin C Tablets,Supplements,400
3491,2025-01-07,D12,Bandages,First Aid,150
3491,2025-01-07,D13,Antiseptic Cream,First Aid,200
3492,2025-06-22,D02,Ibuprofen,Pain Relief,150
3492,2025-06-22,D14,Baby Lotion,Baby Care,350
3492,2025-06-22,D08,Sunscreen SPF50,Skincare,800
3493,2025-04-11,D12,Bandages,First Aid,150
3493,2025-04-11,D13,Antiseptic Cream,First Aid,200
3494,2025-02-11,D13,Antiseptic Cream,First Aid,200
3495,2025-06-27,D11,Eye Drops,Vision,250
3496,2025-06-11,D08,Sunscreen SPF50,Skincare,800
3496,2025-06-11,D09,Aloe Vera Gel,Skincare,350
3497,2025-05-11,D14,Baby Lotion,Baby Care,350
3498,2025-03-30,D14,Baby Lotion,Baby Care,350
3498,2025-03-30,D09,Aloe Vera Gel,Skincare,350
3498,2025-03-30,D08,Sunscreen SPF50,Skincare,800
3498,2025-03-30,D05,Vitamin C Tablets,Supplements,400
3499,2025-02-24,D12,Bandages,First Aid,150
3499,2025-02-24,D09,Aloe Vera Gel,Skincare,350
3499,2025-02-24,D05,Vitamin C Tablets,Supplements,400
3500,2025-05-12,D04,Tissues,Cold Remedy,100
3501,2025-05-04,D01,Paracetamol,Pain Relief,100
3501,2025-05-04,D11,Eye Drops,Vision,250
3501,2025-05-04,D08,Sunscreen SPF50,Skincare,800
3501,2025-05-04,D12,Bandages,First Aid,150
3502,2025-01-04,D08,Sunscreen SPF50,Skincare,800
3502,2025-01-04,D09,Aloe Vera Gel,Skincare,350
3503,2025-02-07,D05,Vitamin C Tablets,Supplements,400
3504,2025-03-26,D10,Reading Glasses,Vision,600
3504,2025-03-26,D17,Reading Puzzle Book,Stationery/Leisure,300
3504,2025-03-26,D11,Eye Drops,Vision,250
3505,2025-01-03,D02,Ibuprofen,Pain Relief,150
3505,2025-01-03,D08,Sunscreen SPF50,Skincare,800
3505,2025-01-03,D01,Paracetamol,Pain Relief,100
3505,2025-01-03,D04,Tissues,Cold Remedy,100
3506,2025-05-19,D06,Hand Sanitizer,Hygiene,150
3506,2025-05-19,D07,Face Masks,Hygiene,200
3507,2025-02-23,D06,Hand Sanitizer,Hygiene,150
3507,2025-02-23,D07,Face Masks,Hygiene,200
3508,2025-01-10,D07,Face Masks,Hygiene,200
3508,2025-01-10,D01,Paracetamol,Pain Relief,100
3509,2025-01-12,D14,Baby Lotion,Baby Care,350
3509,2025-01-12,D15,Baby Diapers,Baby Care,1200
3510,2025-04-18,D10,Reading Glasses,Vision,600
3510,2025-04-18,D17,Reading Puzzle Book,Stationery/Leisure,300
3511,2025-03-15,D10,Reading Glasses,Vision,600
3511,2025-03-15,D17,Reading Puzzle Book,Stationery/Leisure,300
3512,2025-01-30,D02,Ibuprofen,Pain Relief,150
3513,2025-06-11,D04,Tissues,Cold Remedy,100
3514,2025-04-21,D06,Hand Sanitizer,Hygiene,150
3514,2025-04-21,D11,Eye Drops,Vision,250
3514,2025-04-21,D10,Reading Glasses,Vision,600
3514,2025-04-21,D14,Baby Lotion,Baby Care,350
3515,2025-04-11,D01,Paracetamol,Pain Relief,100
3516,2025-06-10,D15,Baby Diapers,Baby Care,1200
3516,2025-06-10,D06,Hand Sanitizer,Hygiene,150
3516,2025-06-10,D09,Aloe Vera Gel,Skincare,350
3517,2025-06-27,D14,Baby Lotion,Baby Care,350
3517,2025-06-27,D15,Baby Diapers,Baby Care,1200
3518,2025-04-21,D06,Hand Sanitizer,Hygiene,150
3518,2025-04-21,D10,Reading Glasses,Vision,600
3519,2025-03-23,D10,Reading Glasses,Vision,600
3519,2025-03-23,D12,Bandages,First Aid,150
3519,2025-03-23,D16,Multivitamin Gummies,Supplements,500
3520,2025-06-17,D07,Face Masks,Hygiene,200
3521,2025-05-22,D05,Vitamin C Tablets,Supplements,400
3521,2025-05-22,D16,Multivitamin Gummies,Supplements,500
3522,2025-05-23,D16,Multivitamin Gummies,Supplements,500
3522,2025-05-23,D02,Ibuprofen,Pain Relief,150
3523,2025-06-16,D05,Vitamin C Tablets,Supplements,400
3523,2025-06-16,D16,Multivitamin Gummies,Supplements,500
3524,2025-06-11,D05,Vitamin C Tablets,Supplements,400
3524,2025-06-11,D01,Paracetamol,Pain Relief,100
3524,2025-06-11,D06,Hand Sanitizer,Hygiene,150
3524,2025-06-11,D07,Face Masks,Hygiene,200
3525,2025-06-05,D03,Cold & Flu Syrup,Cold Remedy,350
3525,2025-06-05,D04,Tissues,Cold Remedy,100
3525,2025-06-05,D05,Vitamin C Tablets,Supplements,400
3526,2025-02-20,D04,Tissues,Cold Remedy,100
3526,2025-02-20,D06,Hand Sanitizer,Hygiene,150
3527,2025-05-26,D03,Cold & Flu Syrup,Cold Remedy,350
3527,2025-05-26,D04,Tissues,Cold Remedy,100
3528,2025-03-30,D03,Cold & Flu Syrup,Cold Remedy,350
3528,2025-03-30,D04,Tissues,Cold Remedy,100
3529,2025-06-14,D06,Hand Sanitizer,Hygiene,150
3529,2025-06-14,D07,Face Masks,Hygiene,200
3530,2025-06-17,D05,Vitamin C Tablets,Supplements,400
3530,2025-06-17,D16,Multivitamin Gummies,Supplements,500
3531,2025-05-05,D06,Hand Sanitizer,Hygiene,150
3531,2025-05-05,D07,Face Masks,Hygiene,200
3532,2025-05-07,D06,Hand Sanitizer,Hygiene,150
3532,2025-05-07,D07,Face Masks,Hygiene,200
3532,2025-05-07,D11,Eye Drops,Vision,250
3533,2025-01-12,D15,Baby Diapers,Baby Care,1200
3533,2025-01-12,D01,Paracetamol,Pain Relief,100
3533,2025-01-12,D13,Antiseptic Cream,First Aid,200
3534,2025-01-07,D08,Sunscreen SPF50,Skincare,800
3535,2025-04-23,D12,Bandages,First Aid,150
3535,2025-04-23,D13,Antiseptic Cream,First Aid,200
3536,2025-04-26,D14,Baby Lotion,Baby Care,350
3536,2025-04-26,D15,Baby Diapers,Baby Care,1200
3537,2025-06-17,D10,Reading Glasses,Vision,600
3537,2025-06-17,D17,Reading Puzzle Book,Stationery/Leisure,300
3538,2025-05-27,D13,Antiseptic Cream,First Aid,200
3538,2025-05-27,D06,Hand Sanitizer,Hygiene,150
3538,2025-05-27,D08,Sunscreen SPF50,Skincare,800
3538,2025-05-27,D11,Eye Drops,Vision,250
3539,2025-02-23,D12,Bandages,First Aid,150
3539,2025-02-23,D13,Antiseptic Cream,First Aid,200
3539,2025-02-23,D06,Hand Sanitizer,Hygiene,150
3540,2025-06-30,D14,Baby Lotion,Baby Care,350
3540,2025-06-30,D17,Reading Puzzle Book,Stationery/Leisure,300
3541,2025-04-09,D05,Vitamin C Tablets,Supplements,400
3541,2025-04-09,D16,Multivitamin Gummies,Supplements,500
3542,2025-02-09,D03,Cold & Flu Syrup,Cold Remedy,350
3542,2025-02-09,D10,Reading Glasses,Vision,600
3542,2025-02-09,D14,Baby Lotion,Baby Care,350
3543,2025-05-02,D06,Hand Sanitizer,Hygiene,150
3543,2025-05-02,D07,Face Masks,Hygiene,200
3544,2025-01-14,D07,Face Masks,Hygiene,200
3544,2025-01-14,D03,Cold & Flu Syrup,Cold Remedy,350
3544,2025-01-14,D14,Baby Lotion,Baby Care,350
3545,2025-04-28,D05,Vitamin C Tablets,Supplements,400
3545,2025-04-28,D16,Multivitamin Gummies,Supplements,500
3546,2025-01-22,D06,Hand Sanitizer,Hygiene,150
3546,2025-01-22,D07,Face Masks,Hygiene,200
3547,2025-04-20,D05,Vitamin C Tablets,Supplements,400
3547,2025-04-20,D16,Multivitamin Gummies,Supplements,500
3548,2025-04-11,D07,Face Masks,Hygiene,200
3548,2025-04-11,D16,Multivitamin Gummies,Supplements,500
3548,2025-04-11,D09,Aloe Vera Gel,Skincare,350
3548,2025-04-11,D01,Paracetamol,Pain Relief,100
3549,2025-04-06,D14,Baby Lotion,Baby Care,350
3550,2025-06-29,D06,Hand Sanitizer,Hygiene,150
3550,2025-06-29,D07,Face Masks,Hygiene,200
3551,2025-06-22,D14,Baby Lotion,Baby Care,350
3551,2025-06-22,D15,Baby Diapers,Baby Care,1200
3552,2025-06-16,D06,Hand Sanitizer,Hygiene,150
3552,2025-06-16,D07,Face Masks,Hygiene,200
3553,2025-02-19,D06,Hand Sanitizer,Hygiene,150
3553,2025-02-19,D07,Face Masks,Hygiene,200
3554,2025-01-26,D02,Ibuprofen,Pain Relief,150
3555,2025-03-05,D03,Cold & Flu Syrup,Cold Remedy,350
3555,2025-03-05,D04,Tissues,Cold Remedy,100
3556,2025-03-22,D17,Reading Puzzle Book,Stationery/Leisure,300
3556,2025-03-22,D10,Reading Glasses,Vision,600
3557,2025-01-08,D12,Bandages,First Aid,150
3557,2025-01-08,D07,Face Masks,Hygiene,200
3557,2025-01-08,D14,Baby Lotion,Baby Care,350
3557,2025-01-08,D17,Reading Puzzle Book,Stationery/Leisure,300
3558,2025-06-19,D03,Cold & Flu Syrup,Cold Remedy,350
3558,2025-06-19,D04,Tissues,Cold Remedy,100
3559,2025-06-15,D14,Baby Lotion,Baby Care,350
3559,2025-06-15,D15,Baby Diapers,Baby Care,1200
3560,2025-06-17,D03,Cold & Flu Syrup,Cold Remedy,350
3560,2025-06-17,D04,Tissues,Cold Remedy,100
3561,2025-04-27,D06,Hand Sanitizer,Hygiene,150
3561,2025-04-27,D07,Face Masks,Hygiene,200
3562,2025-03-06,D14,Baby Lotion,Baby Care,350
3562,2025-03-06,D15,Baby Diapers,Baby Care,1200
3563,2025-04-10,D10,Reading Glasses,Vision,600
3563,2025-04-10,D17,Reading Puzzle Book,Stationery/Leisure,300
3563,2025-04-10,D11,Eye Drops,Vision,250
3564,2025-01-20,D16,Multivitamin Gummies,Supplements,500
3564,2025-01-20,D01,Paracetamol,Pain Relief,100
3564,2025-01-20,D07,Face Masks,Hygiene,200
3565,2025-05-05,D12,Bandages,First Aid,150
3565,2025-05-05,D13,Antiseptic Cream,First Aid,200
3566,2025-05-05,D06,Hand Sanitizer,Hygiene,150
3567,2025-04-11,D08,Sunscreen SPF50,Skincare,800
3567,2025-04-11,D09,Aloe Vera Gel,Skincare,350
3568,2025-06-28,D13,Antiseptic Cream,First Aid,200
3568,2025-06-28,D01,Paracetamol,Pain Relief,100
3568,2025-06-28,D08,Sunscreen SPF50,Skincare,800
3568,2025-06-28,D10,Reading Glasses,Vision,600
3569,2025-03-08,D05,Vitamin C Tablets,Supplements,400
3569,2025-03-08,D02,Ibuprofen,Pain Relief,150
3570,2025-01-03,D05,Vitamin C Tablets,Supplements,400
3570,2025-01-03,D13,Antiseptic Cream,First Aid,200
3570,2025-01-03,D04,Tissues,Cold Remedy,100
3571,2025-06-22,D10,Reading Glasses,Vision,600
3571,2025-06-22,D17,Reading Puzzle Book,Stationery/Leisure,300
3571,2025-06-22,D11,Eye Drops,Vision,250
3572,2025-05-20,D03,Cold & Flu Syrup,Cold Remedy,350
3572,2025-05-20,D04,Tissues,Cold Remedy,100
3573,2025-03-09,D10,Reading Glasses,Vision,600
3573,2025-03-09,D17,Reading Puzzle Book,Stationery/Leisure,300
3574,2025-04-18,D04,Tissues,Cold Remedy,100
3574,2025-04-18,D08,Sunscreen SPF50,Skincare,800
3574,2025-04-18,D02,Ibuprofen,Pain Relief,150
3575,2025-03-27,D05,Vitamin C Tablets,Supplements,400
3575,2025-03-27,D14,Baby Lotion,Baby Care,350
3575,2025-03-27,D06,Hand Sanitizer,Hygiene,150
3575,2025-03-27,D12,Bandages,First Aid,150
3576,2025-05-03,D08,Sunscreen SPF50,Skincare,800
3576,2025-05-03,D09,Aloe Vera Gel,Skincare,350
3576,2025-05-03,D17,Reading Puzzle Book,Stationery/Leisure,300
3577,2025-06-21,D12,Bandages,First Aid,150
3577,2025-06-21,D13,Antiseptic Cream,First Aid,200
3578,2025-01-23,D10,Reading Glasses,Vision,600
3578,2025-01-23,D17,Reading Puzzle Book,Stationery/Leisure,300
3578,2025-01-23,D11,Eye Drops,Vision,250
3579,2025-04-17,D10,Reading Glasses,Vision,600
3579,2025-04-17,D17,Reading Puzzle Book,Stationery/Leisure,300
3580,2025-02-27,D04,Tissues,Cold Remedy,100
3581,2025-06-01,D05,Vitamin C Tablets,Supplements,400
3581,2025-06-01,D16,Multivitamin Gummies,Supplements,500
3582,2025-05-11,D08,Sunscreen SPF50,Skincare,800
3583,2025-06-29,D02,Ibuprofen,Pain Relief,150
3583,2025-06-29,D16,Multivitamin Gummies,Supplements,500
3583,2025-06-29,D17,Reading Puzzle Book,Stationery/Leisure,300
3583,2025-06-29,D04,Tissues,Cold Remedy,100
3584,2025-03-26,D14,Baby Lotion,Baby Care,350
3584,2025-03-26,D15,Baby Diapers,Baby Care,1200
3585,2025-05-27,D05,Vitamin C Tablets,Supplements,400
3585,2025-05-27,D17,Reading Puzzle Book,Stationery/Leisure,300
3585,2025-05-27,D03,Cold & Flu Syrup,Cold Remedy,350
3586,2025-04-07,D03,Cold & Flu Syrup,Cold Remedy,350
3586,2025-04-07,D16,Multivitamin Gummies,Supplements,500
3586,2025-04-07,D14,Baby Lotion,Baby Care,350
3587,2025-04-01,D14,Baby Lotion,Baby Care,350
3587,2025-04-01,D15,Baby Diapers,Baby Care,1200
3588,2025-02-19,D09,Aloe Vera Gel,Skincare,350
3589,2025-03-19,D06,Hand Sanitizer,Hygiene,150
3589,2025-03-19,D07,Face Masks,Hygiene,200
3590,2025-03-23,D12,Bandages,First Aid,150
3591,2025-04-30,D12,Bandages,First Aid,150
3591,2025-04-30,D13,Antiseptic Cream,First Aid,200
3592,2025-04-12,D01,Paracetamol,Pain Relief,100
3593,2025-05-05,D05,Vitamin C Tablets,Supplements,400
3593,2025-05-05,D16,Multivitamin Gummies,Supplements,500
3594,2025-06-16,D16,Multivitamin Gummies,Supplements,500
3594,2025-06-16,D05,Vitamin C Tablets,Supplements,400
3595,2025-05-23,D03,Cold & Flu Syrup,Cold Remedy,350
3595,2025-05-23,D04,Tissues,Cold Remedy,100
3595,2025-05-23,D13,Antiseptic Cream,First Aid,200
3596,2025-03-31,D05,Vitamin C Tablets,Supplements,400
3596,2025-03-31,D16,Multivitamin Gummies,Supplements,500
3597,2025-02-08,D08,Sunscreen SPF50,Skincare,800
3597,2025-02-08,D09,Aloe Vera Gel,Skincare,350
3598,2025-05-28,D14,Baby Lotion,Baby Care,350
3598,2025-05-28,D15,Baby Diapers,Baby Care,1200
3599,2025-03-14,D10,Reading Glasses,Vision,600
3599,2025-03-14,D17,Reading Puzzle Book,Stationery/Leisure,300
3600,2025-03-28,D08,Sunscreen SPF50,Skincare,800
3600,2025-03-28,D09,Aloe Vera Gel,Skincare,350
