viewing_session_id,transaction_date,show_id,item_name,category,avg_episode_minutes
1,2025-05-07,S05,Office Antics,Sitcom,22
1,2025-05-07,S02,The Detective,Crime Drama,50
1,2025-05-07,S08,Time Anomaly,Sci-Fi,48
2,2025-06-11,S04,Laugh Track,Sitcom,25
2,2025-06-11,S05,Office Antics,Sitcom,22
3,2025-01-11,S01,Crime City,Crime Drama,45
3,2025-01-11,S02,The Detective,Crime Drama,50
3,2025-01-11,S03,Silent Witness Redux,Crime Drama,42
4,2025-06-26,S09,Toon Town,Kids,20
4,2025-06-26,S14,Parenting Unscripted,Reality TV,35
5,2025-05-20,S12,Love Island Nairobi,Reality TV,45
5,2025-05-20,S07,Galactic Wars,Sci-Fi,60
6,2025-03-17,S04,Laugh Track,Sitcom,25
6,2025-03-17,S05,Office Antics,Sitcom,22
6,2025-03-17,S01,Crime City,Crime Drama,45
7,2025-01-03,S11,Real Life Diaries,Reality TV,40
7,2025-01-03,S12,Love Island Nairobi,Reality TV,45
8,2025-06-02,S09,Toon Town,Kids,20
8,2025-06-02,S10,Little Explorers,Kids,18
9,2025-03-22,S09,Toon Town,Kids,20
9,2025-03-22,S10,Little Explorers,Kids,18
10,2025-06-08,S02,The Detective,Crime Drama,50
11,2025-03-28,S11,Real Life Diaries,Reality TV,40
12,2025-05-18,S09,Toon Town,Kids,20
12,2025-05-18,S14,Parenting Unscripted,Reality TV,35
13,2025-02-11,S01,Crime City,Crime Drama,45
13,2025-02-11,S02,The Detective,Crime Drama,50
13,2025-02-11,S03,Silent Witness Redux,Crime Drama,42
14,2025-01-03,S09,Toon Town,Kids,20
14,2025-01-03,S14,Parenting Unscripted,Reality TV,35
15,2025-04-09,S01,Crime City,Crime Drama,45
15,2025-04-09,S02,The Detective,Crime Drama,50
15,2025-04-09,S03,Silent Witness Redux,Crime Drama,42
16,2025-06-20,S01,Crime City,Crime Drama,45
17,2025-06-11,S09,Toon Town,Kids,20
17,2025-06-11,S14,Parenting Unscripted,Reality TV,35
18,2025-01-30,S07,Galactic Wars,Sci-Fi,60
18,2025-01-30,S04,Laugh Track,Sitcom,25
18,2025-01-30,S09,Toon Town,Kids,20
18,2025-01-30,S14,Parenting Unscripted,Reality TV,35
19,2025-06-04,S15,Cooking Masters,Reality TV,38
20,2025-01-28,S12,Love Island Nairobi,Reality TV,45
20,2025-01-28,S15,Cooking Masters,Reality TV,38
21,2025-01-05,S01,Crime City,Crime Drama,45
21,2025-01-05,S02,The Detective,Crime Drama,50
21,2025-01-05,S03,Silent Witness Redux,Crime Drama,42
22,2025-03-27,S04,Laugh Track,Sitcom,25
22,2025-03-27,S05,Office Antics,Sitcom,22
23,2025-02-19,S07,Galactic Wars,Sci-Fi,60
23,2025-02-19,S14,Parenting Unscripted,Reality TV,35
24,2025-01-22,S06,Space Frontier,Sci-Fi,55
24,2025-01-22,S07,Galactic Wars,Sci-Fi,60
24,2025-01-22,S08,Time Anomaly,Sci-Fi,48
25,2025-04-17,S09,Toon Town,Kids,20
25,2025-04-17,S14,Parenting Unscripted,Reality TV,35
26,2025-05-15,S02,The Detective,Crime Drama,50
27,2025-04-13,S06,Space Frontier,Sci-Fi,55
27,2025-04-13,S09,Toon Town,Kids,20
27,2025-04-13,S04,Laugh Track,Sitcom,25
28,2025-05-10,S07,Galactic Wars,Sci-Fi,60
28,2025-05-10,S12,Love Island Nairobi,Reality TV,45
28,2025-05-10,S08,Time Anomaly,Sci-Fi,48
29,2025-01-25,S06,Space Frontier,Sci-Fi,55
29,2025-01-25,S07,Galactic Wars,Sci-Fi,60
29,2025-01-25,S08,Time Anomaly,Sci-Fi,48
30,2025-01-05,S01,Crime City,Crime Drama,45
30,2025-01-05,S02,The Detective,Crime Drama,50
30,2025-01-05,S03,Silent Witness Redux,Crime Drama,42
31,2025-06-04,S11,Real Life Diaries,Reality TV,40
31,2025-06-04,S12,Love Island Nairobi,Reality TV,45
32,2025-02-20,S09,Toon Town,Kids,20
32,2025-02-20,S10,Little Explorers,Kids,18
33,2025-02-08,S03,Silent Witness Redux,Crime Drama,42
33,2025-02-08,S12,Love Island Nairobi,Reality TV,45
34,2025-03-05,S06,Space Frontier,Sci-Fi,55
34,2025-03-05,S07,Galactic Wars,Sci-Fi,60
35,2025-05-17,S01,Crime City,Crime Drama,45
35,2025-05-17,S11,Real Life Diaries,Reality TV,40
35,2025-05-17,S13,True Crime Files,Documentary,50
35,2025-05-17,S09,Toon Town,Kids,20
36,2025-06-07,S07,Galactic Wars,Sci-Fi,60
37,2025-05-15,S03,Silent Witness Redux,Crime Drama,42
37,2025-05-15,S12,Love Island Nairobi,Reality TV,45
38,2025-04-10,S09,Toon Town,Kids,20
39,2025-06-11,S01,Crime City,Crime Drama,45
39,2025-06-11,S02,The Detective,Crime Drama,50
40,2025-06-10,S09,Toon Town,Kids,20
40,2025-06-10,S14,Parenting Unscripted,Reality TV,35
41,2025-01-12,S09,Toon Town,Kids,20
41,2025-01-12,S10,Little Explorers,Kids,18
42,2025-04-15,S01,Crime City,Crime Drama,45
42,2025-04-15,S02,The Detective,Crime Drama,50
42,2025-04-15,S03,Silent Witness Redux,Crime Drama,42
43,2025-05-01,S01,Crime City,Crime Drama,45
43,2025-05-01,S02,The Detective,Crime Drama,50
43,2025-05-01,S05,Office Antics,Sitcom,22
44,2025-03-18,S13,True Crime Files,Documentary,50
44,2025-03-18,S12,Love Island Nairobi,Reality TV,45
44,2025-03-18,S15,Cooking Masters,Reality TV,38
44,2025-03-18,S08,Time Anomaly,Sci-Fi,48
45,2025-06-19,S11,Real Life Diaries,Reality TV,40
45,2025-06-19,S12,Love Island Nairobi,Reality TV,45
46,2025-03-26,S02,The Detective,Crime Drama,50
46,2025-03-26,S08,Time Anomaly,Sci-Fi,48
47,2025-05-13,S01,Crime City,Crime Drama,45
47,2025-05-13,S02,The Detective,Crime Drama,50
48,2025-05-04,S01,Crime City,Crime Drama,45
48,2025-05-04,S13,True Crime Files,Documentary,50
49,2025-06-11,S11,Real Life Diaries,Reality TV,40
49,2025-06-11,S12,Love Island Nairobi,Reality TV,45
50,2025-04-16,S06,Space Frontier,Sci-Fi,55
50,2025-04-16,S07,Galactic Wars,Sci-Fi,60
50,2025-04-16,S12,Love Island Nairobi,Reality TV,45
51,2025-03-09,S08,Time Anomaly,Sci-Fi,48
51,2025-03-09,S03,Silent Witness Redux,Crime Drama,42
51,2025-03-09,S05,Office Antics,Sitcom,22
52,2025-06-18,S11,Real Life Diaries,Reality TV,40
52,2025-06-18,S12,Love Island Nairobi,Reality TV,45
52,2025-06-18,S15,Cooking Masters,Reality TV,38
53,2025-05-18,S11,Real Life Diaries,Reality TV,40
53,2025-05-18,S12,Love Island Nairobi,Reality TV,45
54,2025-03-06,S09,Toon Town,Kids,20
54,2025-03-06,S14,Parenting Unscripted,Reality TV,35
55,2025-01-17,S09,Toon Town,Kids,20
55,2025-01-17,S14,Parenting Unscripted,Reality TV,35
56,2025-01-27,S01,Crime City,Crime Drama,45
56,2025-01-27,S13,True Crime Files,Documentary,50
57,2025-01-26,S09,Toon Town,Kids,20
58,2025-05-06,S01,Crime City,Crime Drama,45
58,2025-05-06,S02,The Detective,Crime Drama,50
59,2025-03-15,S01,Crime City,Crime Drama,45
59,2025-03-15,S13,True Crime Files,Documentary,50
60,2025-01-03,S04,Laugh Track,Sitcom,25
61,2025-04-19,S10,Little Explorers,Kids,18
61,2025-04-19,S12,Love Island Nairobi,Reality TV,45
62,2025-06-18,S15,Cooking Masters,Reality TV,38
62,2025-06-18,S06,Space Frontier,Sci-Fi,55
63,2025-05-05,S04,Laugh Track,Sitcom,25
63,2025-05-05,S11,Real Life Diaries,Reality TV,40
63,2025-05-05,S14,Parenting Unscripted,Reality TV,35
64,2025-05-14,S04,Laugh Track,Sitcom,25
64,2025-05-14,S05,Office Antics,Sitcom,22
65,2025-04-28,S13,True Crime Files,Documentary,50
65,2025-04-28,S04,Laugh Track,Sitcom,25
65,2025-04-28,S06,Space Frontier,Sci-Fi,55
65,2025-04-28,S03,Silent Witness Redux,Crime Drama,42
66,2025-04-09,S01,Crime City,Crime Drama,45
66,2025-04-09,S13,True Crime Files,Documentary,50
67,2025-06-04,S09,Toon Town,Kids,20
67,2025-06-04,S14,Parenting Unscripted,Reality TV,35
67,2025-06-04,S10,Little Explorers,Kids,18
68,2025-01-09,S11,Real Life Diaries,Reality TV,40
68,2025-01-09,S12,Love Island Nairobi,Reality TV,45
69,2025-06-30,S07,Galactic Wars,Sci-Fi,60
69,2025-06-30,S04,Laugh Track,Sitcom,25
69,2025-06-30,S01,Crime City,Crime Drama,45
70,2025-05-17,S09,Toon Town,Kids,20
70,2025-05-17,S10,Little Explorers,Kids,18
71,2025-01-11,S01,Crime City,Crime Drama,45
71,2025-01-11,S02,The Detective,Crime Drama,50
72,2025-03-05,S11,Real Life Diaries,Reality TV,40
72,2025-03-05,S12,Love Island Nairobi,Reality TV,45
73,2025-03-14,S01,Crime City,Crime Drama,45
73,2025-03-14,S02,The Detective,Crime Drama,50
74,2025-01-21,S11,Real Life Diaries,Reality TV,40
74,2025-01-21,S12,Love Island Nairobi,Reality TV,45
75,2025-06-16,S09,Toon Town,Kids,20
75,2025-06-16,S10,Little Explorers,Kids,18
76,2025-05-12,S01,Crime City,Crime Drama,45
76,2025-05-12,S13,True Crime Files,Documentary,50
77,2025-03-22,S11,Real Life Diaries,Reality TV,40
77,2025-03-22,S12,Love Island Nairobi,Reality TV,45
78,2025-02-18,S01,Crime City,Crime Drama,45
79,2025-06-21,S04,Laugh Track,Sitcom,25
79,2025-06-21,S05,Office Antics,Sitcom,22
80,2025-04-10,S01,Crime City,Crime Drama,45
80,2025-04-10,S02,The Detective,Crime Drama,50
81,2025-02-10,S08,Time Anomaly,Sci-Fi,48
81,2025-02-10,S06,Space Frontier,Sci-Fi,55
81,2025-02-10,S12,Love Island Nairobi,Reality TV,45
81,2025-02-10,S07,Galactic Wars,Sci-Fi,60
82,2025-01-18,S09,Toon Town,Kids,20
82,2025-01-18,S14,Parenting Unscripted,Reality TV,35
83,2025-02-22,S09,Toon Town,Kids,20
83,2025-02-22,S14,Parenting Unscripted,Reality TV,35
84,2025-02-14,S15,Cooking Masters,Reality TV,38
84,2025-02-14,S10,Little Explorers,Kids,18
85,2025-03-25,S04,Laugh Track,Sitcom,25
85,2025-03-25,S05,Office Antics,Sitcom,22
86,2025-04-15,S01,Crime City,Crime Drama,45
86,2025-04-15,S02,The Detective,Crime Drama,50
86,2025-04-15,S03,Silent Witness Redux,Crime Drama,42
87,2025-05-24,S06,Space Frontier,Sci-Fi,55
87,2025-05-24,S07,Galactic Wars,Sci-Fi,60
88,2025-02-12,S10,Little Explorers,Kids,18
88,2025-02-12,S06,Space Frontier,Sci-Fi,55
89,2025-03-06,S05,Office Antics,Sitcom,22
89,2025-03-06,S11,Real Life Diaries,Reality TV,40
89,2025-03-06,S08,Time Anomaly,Sci-Fi,48
90,2025-02-21,S01,Crime City,Crime Drama,45
90,2025-02-21,S02,The Detective,Crime Drama,50
90,2025-02-21,S03,Silent Witness Redux,Crime Drama,42
90,2025-02-21,S12,Love Island Nairobi,Reality TV,45
91,2025-04-21,S11,Real Life Diaries,Reality TV,40
91,2025-04-21,S12,Love Island Nairobi,Reality TV,45
92,2025-05-03,S09,Toon Town,Kids,20
92,2025-05-03,S10,Little Explorers,Kids,18
93,2025-03-24,S09,Toon Town,Kids,20
93,2025-03-24,S10,Little Explorers,Kids,18
94,2025-05-04,S09,Toon Town,Kids,20
94,2025-05-04,S10,Little Explorers,Kids,18
95,2025-03-14,S09,Toon Town,Kids,20
95,2025-03-14,S14,Parenting Unscripted,Reality TV,35
95,2025-03-14,S11,Real Life Diaries,Reality TV,40
96,2025-04-05,S11,Real Life Diaries,Reality TV,40
96,2025-04-05,S12,Love Island Nairobi,Reality TV,45
97,2025-05-25,S14,Parenting Unscripted,Reality TV,35
98,2025-04-17,S01,Crime City,Crime Drama,45
98,2025-04-17,S13,True Crime Files,Documentary,50
99,2025-05-19,S01,Crime City,Crime Drama,45
99,2025-05-19,S13,True Crime Files,Documentary,50
100,2025-03-22,S06,Space Frontier,Sci-Fi,55
100,2025-03-22,S07,Galactic Wars,Sci-Fi,60
100,2025-03-22,S08,Time Anomaly,Sci-Fi,48
101,2025-01-23,S02,The Detective,Crime Drama,50
101,2025-01-23,S09,Toon Town,Kids,20
101,2025-01-23,S10,Little Explorers,Kids,18
102,2025-04-08,S01,Crime City,Crime Drama,45
102,2025-04-08,S13,True Crime Files,Documentary,50
103,2025-05-03,S01,Crime City,Crime Drama,45
103,2025-05-03,S02,The Detective,Crime Drama,50
104,2025-02-04,S05,Office Antics,Sitcom,22
104,2025-02-04,S06,Space Frontier,Sci-Fi,55
104,2025-02-04,S03,Silent Witness Redux,Crime Drama,42
105,2025-06-01,S01,Crime City,Crime Drama,45
105,2025-06-01,S02,The Detective,Crime Drama,50
106,2025-05-09,S02,The Detective,Crime Drama,50
106,2025-05-09,S06,Space Frontier,Sci-Fi,55
106,2025-05-09,S11,Real Life Diaries,Reality TV,40
106,2025-05-09,S15,Cooking Masters,Reality TV,38
107,2025-02-01,S04,Laugh Track,Sitcom,25
107,2025-02-01,S05,Office Antics,Sitcom,22
108,2025-02-16,S14,Parenting Unscripted,Reality TV,35
108,2025-02-16,S03,Silent Witness Redux,Crime Drama,42
108,2025-02-16,S11,Real Life Diaries,Reality TV,40
108,2025-02-16,S06,Space Frontier,Sci-Fi,55
109,2025-03-09,S05,Office Antics,Sitcom,22
109,2025-03-09,S08,Time Anomaly,Sci-Fi,48
109,2025-03-09,S12,Love Island Nairobi,Reality TV,45
110,2025-03-19,S01,Crime City,Crime Drama,45
110,2025-03-19,S13,True Crime Files,Documentary,50
111,2025-03-16,S09,Toon Town,Kids,20
111,2025-03-16,S14,Parenting Unscripted,Reality TV,35
112,2025-01-10,S09,Toon Town,Kids,20
112,2025-01-10,S10,Little Explorers,Kids,18
113,2025-01-25,S11,Real Life Diaries,Reality TV,40
113,2025-01-25,S12,Love Island Nairobi,Reality TV,45
114,2025-05-14,S01,Crime City,Crime Drama,45
114,2025-05-14,S13,True Crime Files,Documentary,50
115,2025-03-22,S05,Office Antics,Sitcom,22
115,2025-03-22,S09,Toon Town,Kids,20
116,2025-04-22,S06,Space Frontier,Sci-Fi,55
116,2025-04-22,S07,Galactic Wars,Sci-Fi,60
117,2025-04-12,S06,Space Frontier,Sci-Fi,55
117,2025-04-12,S02,The Detective,Crime Drama,50
117,2025-04-12,S05,Office Antics,Sitcom,22
117,2025-04-12,S07,Galactic Wars,Sci-Fi,60
118,2025-05-18,S02,The Detective,Crime Drama,50
118,2025-05-18,S10,Little Explorers,Kids,18
119,2025-03-21,S06,Space Frontier,Sci-Fi,55
119,2025-03-21,S07,Galactic Wars,Sci-Fi,60
119,2025-03-21,S08,Time Anomaly,Sci-Fi,48
120,2025-04-19,S04,Laugh Track,Sitcom,25
120,2025-04-19,S05,Office Antics,Sitcom,22
121,2025-04-10,S14,Parenting Unscripted,Reality TV,35
122,2025-01-30,S04,Laugh Track,Sitcom,25
122,2025-01-30,S05,Office Antics,Sitcom,22
123,2025-01-16,S08,Time Anomaly,Sci-Fi,48
123,2025-01-16,S04,Laugh Track,Sitcom,25
123,2025-01-16,S01,Crime City,Crime Drama,45
123,2025-01-16,S14,Parenting Unscripted,Reality TV,35
124,2025-04-29,S02,The Detective,Crime Drama,50
124,2025-04-29,S08,Time Anomaly,Sci-Fi,48
125,2025-06-11,S11,Real Life Diaries,Reality TV,40
125,2025-06-11,S12,Love Island Nairobi,Reality TV,45
125,2025-06-11,S09,Toon Town,Kids,20
126,2025-05-25,S06,Space Frontier,Sci-Fi,55
126,2025-05-25,S07,Galactic Wars,Sci-Fi,60
126,2025-05-25,S08,Time Anomaly,Sci-Fi,48
127,2025-05-04,S04,Laugh Track,Sitcom,25
127,2025-05-04,S05,Office Antics,Sitcom,22
127,2025-05-04,S02,The Detective,Crime Drama,50
128,2025-02-15,S04,Laugh Track,Sitcom,25
128,2025-02-15,S05,Office Antics,Sitcom,22
129,2025-04-28,S04,Laugh Track,Sitcom,25
129,2025-04-28,S05,Office Antics,Sitcom,22
130,2025-04-14,S09,Toon Town,Kids,20
130,2025-04-14,S10,Little Explorers,Kids,18
131,2025-05-14,S06,Space Frontier,Sci-Fi,55
131,2025-05-14,S07,Galactic Wars,Sci-Fi,60
131,2025-05-14,S08,Time Anomaly,Sci-Fi,48
132,2025-02-01,S01,Crime City,Crime Drama,45
132,2025-02-01,S14,Parenting Unscripted,Reality TV,35
132,2025-02-01,S12,Love Island Nairobi,Reality TV,45
132,2025-02-01,S06,Space Frontier,Sci-Fi,55
133,2025-03-16,S11,Real Life Diaries,Reality TV,40
133,2025-03-16,S12,Love Island Nairobi,Reality TV,45
133,2025-03-16,S15,Cooking Masters,Reality TV,38
134,2025-03-29,S06,Space Frontier,Sci-Fi,55
134,2025-03-29,S07,Galactic Wars,Sci-Fi,60
135,2025-06-14,S10,Little Explorers,Kids,18
136,2025-02-26,S11,Real Life Diaries,Reality TV,40
136,2025-02-26,S12,Love Island Nairobi,Reality TV,45
136,2025-02-26,S15,Cooking Masters,Reality TV,38
137,2025-03-13,S09,Toon Town,Kids,20
137,2025-03-13,S10,Little Explorers,Kids,18
138,2025-05-03,S04,Laugh Track,Sitcom,25
138,2025-05-03,S05,Office Antics,Sitcom,22
139,2025-06-11,S04,Laugh Track,Sitcom,25
139,2025-06-11,S05,Office Antics,Sitcom,22
140,2025-01-18,S06,Space Frontier,Sci-Fi,55
141,2025-03-31,S04,Laugh Track,Sitcom,25
141,2025-03-31,S05,Office Antics,Sitcom,22
142,2025-03-07,S07,Galactic Wars,Sci-Fi,60
142,2025-03-07,S14,Parenting Unscripted,Reality TV,35
143,2025-03-10,S09,Toon Town,Kids,20
143,2025-03-10,S10,Little Explorers,Kids,18
143,2025-03-10,S14,Parenting Unscripted,Reality TV,35
144,2025-05-24,S11,Real Life Diaries,Reality TV,40
144,2025-05-24,S12,Love Island Nairobi,Reality TV,45
145,2025-02-27,S06,Space Frontier,Sci-Fi,55
145,2025-02-27,S07,Galactic Wars,Sci-Fi,60
146,2025-01-28,S15,Cooking Masters,Reality TV,38
147,2025-04-16,S02,The Detective,Crime Drama,50
147,2025-04-16,S08,Time Anomaly,Sci-Fi,48
147,2025-04-16,S15,Cooking Masters,Reality TV,38
147,2025-04-16,S12,Love Island Nairobi,Reality TV,45
148,2025-03-20,S11,Real Life Diaries,Reality TV,40
149,2025-03-04,S06,Space Frontier,Sci-Fi,55
149,2025-03-04,S07,Galactic Wars,Sci-Fi,60
149,2025-03-04,S08,Time Anomaly,Sci-Fi,48
150,2025-03-19,S09,Toon Town,Kids,20
150,2025-03-19,S14,Parenting Unscripted,Reality TV,35
151,2025-03-25,S10,Little Explorers,Kids,18
151,2025-03-25,S05,Office Antics,Sitcom,22
151,2025-03-25,S12,Love Island Nairobi,Reality TV,45
152,2025-03-18,S04,Laugh Track,Sitcom,25
152,2025-03-18,S05,Office Antics,Sitcom,22
153,2025-03-17,S06,Space Frontier,Sci-Fi,55
153,2025-03-17,S07,Galactic Wars,Sci-Fi,60
153,2025-03-17,S08,Time Anomaly,Sci-Fi,48
154,2025-06-19,S12,Love Island Nairobi,Reality TV,45
155,2025-03-03,S05,Office Antics,Sitcom,22
155,2025-03-03,S07,Galactic Wars,Sci-Fi,60
156,2025-05-19,S09,Toon Town,Kids,20
156,2025-05-19,S05,Office Antics,Sitcom,22
156,2025-05-19,S10,Little Explorers,Kids,18
157,2025-01-11,S09,Toon Town,Kids,20
157,2025-01-11,S10,Little Explorers,Kids,18
158,2025-01-04,S04,Laugh Track,Sitcom,25
158,2025-01-04,S05,Office Antics,Sitcom,22
159,2025-01-07,S04,Laugh Track,Sitcom,25
159,2025-01-07,S05,Office Antics,Sitcom,22
159,2025-01-07,S03,Silent Witness Redux,Crime Drama,42
160,2025-04-04,S02,The Detective,Crime Drama,50
161,2025-01-25,S11,Real Life Diaries,Reality TV,40
161,2025-01-25,S12,Love Island Nairobi,Reality TV,45
161,2025-01-25,S15,Cooking Masters,Reality TV,38
162,2025-03-22,S01,Crime City,Crime Drama,45
162,2025-03-22,S02,The Detective,Crime Drama,50
163,2025-01-31,S01,Crime City,Crime Drama,45
163,2025-01-31,S13,True Crime Files,Documentary,50
164,2025-01-14,S01,Crime City,Crime Drama,45
164,2025-01-14,S13,True Crime Files,Documentary,50
165,2025-04-16,S06,Space Frontier,Sci-Fi,55
165,2025-04-16,S07,Galactic Wars,Sci-Fi,60
166,2025-04-01,S15,Cooking Masters,Reality TV,38
166,2025-04-01,S05,Office Antics,Sitcom,22
167,2025-02-03,S11,Real Life Diaries,Reality TV,40
167,2025-02-03,S12,Love Island Nairobi,Reality TV,45
167,2025-02-03,S15,Cooking Masters,Reality TV,38
168,2025-03-05,S09,Toon Town,Kids,20
168,2025-03-05,S10,Little Explorers,Kids,18
169,2025-03-14,S04,Laugh Track,Sitcom,25
169,2025-03-14,S05,Office Antics,Sitcom,22
170,2025-03-31,S07,Galactic Wars,Sci-Fi,60
171,2025-02-04,S06,Space Frontier,Sci-Fi,55
171,2025-02-04,S10,Little Explorers,Kids,18
172,2025-02-18,S06,Space Frontier,Sci-Fi,55
172,2025-02-18,S07,Galactic Wars,Sci-Fi,60
173,2025-04-11,S09,Toon Town,Kids,20
173,2025-04-11,S14,Parenting Unscripted,Reality TV,35
174,2025-02-21,S01,Crime City,Crime Drama,45
174,2025-02-21,S13,True Crime Files,Documentary,50
175,2025-01-16,S15,Cooking Masters,Reality TV,38
175,2025-01-16,S07,Galactic Wars,Sci-Fi,60
175,2025-01-16,S11,Real Life Diaries,Reality TV,40
175,2025-01-16,S13,True Crime Files,Documentary,50
176,2025-04-28,S11,Real Life Diaries,Reality TV,40
176,2025-04-28,S12,Love Island Nairobi,Reality TV,45
176,2025-04-28,S15,Cooking Masters,Reality TV,38
177,2025-06-27,S09,Toon Town,Kids,20
177,2025-06-27,S10,Little Explorers,Kids,18
178,2025-05-21,S09,Toon Town,Kids,20
178,2025-05-21,S07,Galactic Wars,Sci-Fi,60
178,2025-05-21,S15,Cooking Masters,Reality TV,38
178,2025-05-21,S10,Little Explorers,Kids,18
179,2025-04-30,S09,Toon Town,Kids,20
179,2025-04-30,S10,Little Explorers,Kids,18
180,2025-05-17,S05,Office Antics,Sitcom,22
180,2025-05-17,S13,True Crime Files,Documentary,50
180,2025-05-17,S09,Toon Town,Kids,20
180,2025-05-17,S01,Crime City,Crime Drama,45
181,2025-04-25,S01,Crime City,Crime Drama,45
181,2025-04-25,S13,True Crime Files,Documentary,50
182,2025-06-15,S10,Little Explorers,Kids,18
183,2025-02-09,S08,Time Anomaly,Sci-Fi,48
183,2025-02-09,S07,Galactic Wars,Sci-Fi,60
183,2025-02-09,S02,The Detective,Crime Drama,50
184,2025-04-27,S06,Space Frontier,Sci-Fi,55
184,2025-04-27,S07,Galactic Wars,Sci-Fi,60
185,2025-05-13,S01,Crime City,Crime Drama,45
185,2025-05-13,S02,The Detective,Crime Drama,50
185,2025-05-13,S03,Silent Witness Redux,Crime Drama,42
186,2025-03-05,S03,Silent Witness Redux,Crime Drama,42
186,2025-03-05,S08,Time Anomaly,Sci-Fi,48
186,2025-03-05,S12,Love Island Nairobi,Reality TV,45
186,2025-03-05,S01,Crime City,Crime Drama,45
187,2025-01-18,S06,Space Frontier,Sci-Fi,55
187,2025-01-18,S07,Galactic Wars,Sci-Fi,60
188,2025-04-18,S14,Parenting Unscripted,Reality TV,35
188,2025-04-18,S04,Laugh Track,Sitcom,25
188,2025-04-18,S08,Time Anomaly,Sci-Fi,48
189,2025-01-17,S06,Space Frontier,Sci-Fi,55
189,2025-01-17,S03,Silent Witness Redux,Crime Drama,42
189,2025-01-17,S08,Time Anomaly,Sci-Fi,48
189,2025-01-17,S12,Love Island Nairobi,Reality TV,45
190,2025-05-26,S10,Little Explorers,Kids,18
191,2025-03-11,S01,Crime City,Crime Drama,45
191,2025-03-11,S13,True Crime Files,Documentary,50
192,2025-03-26,S04,Laugh Track,Sitcom,25
192,2025-03-26,S05,Office Antics,Sitcom,22
193,2025-03-21,S01,Crime City,Crime Drama,45
193,2025-03-21,S02,The Detective,Crime Drama,50
193,2025-03-21,S14,Parenting Unscripted,Reality TV,35
194,2025-03-07,S13,True Crime Files,Documentary,50
194,2025-03-07,S09,Toon Town,Kids,20
194,2025-03-07,S06,Space Frontier,Sci-Fi,55
195,2025-02-07,S11,Real Life Diaries,Reality TV,40
195,2025-02-07,S12,Love Island Nairobi,Reality TV,45
195,2025-02-07,S15,Cooking Masters,Reality TV,38
196,2025-01-28,S01,Crime City,Crime Drama,45
196,2025-01-28,S13,True Crime Files,Documentary,50
197,2025-04-26,S08,Time Anomaly,Sci-Fi,48
197,2025-04-26,S09,Toon Town,Kids,20
197,2025-04-26,S02,The Detective,Crime Drama,50
197,2025-04-26,S07,Galactic Wars,Sci-Fi,60
198,2025-03-27,S11,Real Life Diaries,Reality TV,40
198,2025-03-27,S12,Love Island Nairobi,Reality TV,45
198,2025-03-27,S15,Cooking Masters,Reality TV,38
199,2025-05-27,S05,Office Antics,Sitcom,22
199,2025-05-27,S11,Real Life Diaries,Reality TV,40
199,2025-05-27,S13,True Crime Files,Documentary,50
200,2025-06-13,S04,Laugh Track,Sitcom,25
200,2025-06-13,S05,Office Antics,Sitcom,22
201,2025-03-19,S10,Little Explorers,Kids,18
201,2025-03-19,S12,Love Island Nairobi,Reality TV,45
201,2025-03-19,S05,Office Antics,Sitcom,22
201,2025-03-19,S14,Parenting Unscripted,Reality TV,35
202,2025-05-31,S04,Laugh Track,Sitcom,25
202,2025-05-31,S09,Toon Town,Kids,20
203,2025-01-20,S09,Toon Town,Kids,20
203,2025-01-20,S04,Laugh Track,Sitcom,25
203,2025-01-20,S02,The Detective,Crime Drama,50
203,2025-01-20,S11,Real Life Diaries,Reality TV,40
204,2025-02-12,S14,Parenting Unscripted,Reality TV,35
204,2025-02-12,S05,Office Antics,Sitcom,22
205,2025-01-09,S13,True Crime Files,Documentary,50
205,2025-01-09,S08,Time Anomaly,Sci-Fi,48
205,2025-01-09,S05,Office Antics,Sitcom,22
205,2025-01-09,S06,Space Frontier,Sci-Fi,55
206,2025-02-03,S11,Real Life Diaries,Reality TV,40
206,2025-02-03,S12,Love Island Nairobi,Reality TV,45
207,2025-05-16,S09,Toon Town,Kids,20
207,2025-05-16,S10,Little Explorers,Kids,18
208,2025-05-19,S09,Toon Town,Kids,20
208,2025-05-19,S04,Laugh Track,Sitcom,25
208,2025-05-19,S10,Little Explorers,Kids,18
208,2025-05-19,S06,Space Frontier,Sci-Fi,55
209,2025-03-19,S04,Laugh Track,Sitcom,25
209,2025-03-19,S05,Office Antics,Sitcom,22
209,2025-03-19,S07,Galactic Wars,Sci-Fi,60
210,2025-04-10,S15,Cooking Masters,Reality TV,38
210,2025-04-10,S05,Office Antics,Sitcom,22
210,2025-04-10,S06,Space Frontier,Sci-Fi,55
210,2025-04-10,S02,The Detective,Crime Drama,50
211,2025-05-26,S04,Laugh Track,Sitcom,25
211,2025-05-26,S05,Office Antics,Sitcom,22
212,2025-06-01,S07,Galactic Wars,Sci-Fi,60
212,2025-06-01,S12,Love Island Nairobi,Reality TV,45
212,2025-06-01,S10,Little Explorers,Kids,18
213,2025-01-28,S08,Time Anomaly,Sci-Fi,48
213,2025-01-28,S11,Real Life Diaries,Reality TV,40
213,2025-01-28,S06,Space Frontier,Sci-Fi,55
214,2025-02-17,S13,True Crime Files,Documentary,50
214,2025-02-17,S07,Galactic Wars,Sci-Fi,60
214,2025-02-17,S04,Laugh Track,Sitcom,25
214,2025-02-17,S11,Real Life Diaries,Reality TV,40
215,2025-03-04,S10,Little Explorers,Kids,18
215,2025-03-04,S13,True Crime Files,Documentary,50
215,2025-03-04,S03,Silent Witness Redux,Crime Drama,42
216,2025-04-01,S01,Crime City,Crime Drama,45
216,2025-04-01,S13,True Crime Files,Documentary,50
216,2025-04-01,S11,Real Life Diaries,Reality TV,40
216,2025-04-01,S09,Toon Town,Kids,20
217,2025-01-13,S01,Crime City,Crime Drama,45
217,2025-01-13,S11,Real Life Diaries,Reality TV,40
217,2025-01-13,S05,Office Antics,Sitcom,22
217,2025-01-13,S03,Silent Witness Redux,Crime Drama,42
218,2025-04-24,S15,Cooking Masters,Reality TV,38
219,2025-02-15,S01,Crime City,Crime Drama,45
219,2025-02-15,S13,True Crime Files,Documentary,50
220,2025-03-14,S01,Crime City,Crime Drama,45
220,2025-03-14,S13,True Crime Files,Documentary,50
221,2025-03-14,S09,Toon Town,Kids,20
221,2025-03-14,S14,Parenting Unscripted,Reality TV,35
222,2025-03-03,S01,Crime City,Crime Drama,45
222,2025-03-03,S13,True Crime Files,Documentary,50
223,2025-02-10,S11,Real Life Diaries,Reality TV,40
223,2025-02-10,S12,Love Island Nairobi,Reality TV,45
224,2025-03-07,S01,Crime City,Crime Drama,45
224,2025-03-07,S02,The Detective,Crime Drama,50
224,2025-03-07,S03,Silent Witness Redux,Crime Drama,42
225,2025-05-15,S09,Toon Town,Kids,20
225,2025-05-15,S10,Little Explorers,Kids,18
226,2025-01-18,S01,Crime City,Crime Drama,45
226,2025-01-18,S02,The Detective,Crime Drama,50
227,2025-02-06,S04,Laugh Track,Sitcom,25
227,2025-02-06,S05,Office Antics,Sitcom,22
228,2025-05-29,S01,Crime City,Crime Drama,45
229,2025-02-10,S09,Toon Town,Kids,20
229,2025-02-10,S10,Little Explorers,Kids,18
230,2025-01-25,S04,Laugh Track,Sitcom,25
230,2025-01-25,S05,Office Antics,Sitcom,22
231,2025-01-09,S09,Toon Town,Kids,20
232,2025-01-30,S06,Space Frontier,Sci-Fi,55
232,2025-01-30,S12,Love Island Nairobi,Reality TV,45
232,2025-01-30,S02,The Detective,Crime Drama,50
233,2025-06-12,S07,Galactic Wars,Sci-Fi,60
233,2025-06-12,S09,Toon Town,Kids,20
234,2025-05-12,S01,Crime City,Crime Drama,45
234,2025-05-12,S13,True Crime Files,Documentary,50
235,2025-03-31,S10,Little Explorers,Kids,18
236,2025-05-08,S09,Toon Town,Kids,20
236,2025-05-08,S14,Parenting Unscripted,Reality TV,35
237,2025-04-15,S13,True Crime Files,Documentary,50
238,2025-06-09,S02,The Detective,Crime Drama,50
239,2025-01-02,S06,Space Frontier,Sci-Fi,55
239,2025-01-02,S07,Galactic Wars,Sci-Fi,60
240,2025-05-25,S14,Parenting Unscripted,Reality TV,35
240,2025-05-25,S12,Love Island Nairobi,Reality TV,45
240,2025-05-25,S01,Crime City,Crime Drama,45
241,2025-02-19,S06,Space Frontier,Sci-Fi,55
241,2025-02-19,S07,Galactic Wars,Sci-Fi,60
242,2025-02-04,S11,Real Life Diaries,Reality TV,40
242,2025-02-04,S12,Love Island Nairobi,Reality TV,45
242,2025-02-04,S15,Cooking Masters,Reality TV,38
242,2025-02-04,S04,Laugh Track,Sitcom,25
243,2025-01-03,S09,Toon Town,Kids,20
243,2025-01-03,S10,Little Explorers,Kids,18
243,2025-01-03,S11,Real Life Diaries,Reality TV,40
243,2025-01-03,S05,Office Antics,Sitcom,22
244,2025-04-05,S11,Real Life Diaries,Reality TV,40
244,2025-04-05,S12,Love Island Nairobi,Reality TV,45
245,2025-01-27,S09,Toon Town,Kids,20
245,2025-01-27,S10,Little Explorers,Kids,18
246,2025-01-10,S01,Crime City,Crime Drama,45
246,2025-01-10,S02,The Detective,Crime Drama,50
246,2025-01-10,S04,Laugh Track,Sitcom,25
247,2025-01-11,S11,Real Life Diaries,Reality TV,40
247,2025-01-11,S12,Love Island Nairobi,Reality TV,45
248,2025-03-02,S04,Laugh Track,Sitcom,25
248,2025-03-02,S05,Office Antics,Sitcom,22
249,2025-01-16,S06,Space Frontier,Sci-Fi,55
249,2025-01-16,S07,Galactic Wars,Sci-Fi,60
250,2025-03-29,S07,Galactic Wars,Sci-Fi,60
251,2025-03-31,S01,Crime City,Crime Drama,45
251,2025-03-31,S02,The Detective,Crime Drama,50
252,2025-03-04,S12,Love Island Nairobi,Reality TV,45
253,2025-03-07,S13,True Crime Files,Documentary,50
253,2025-03-07,S07,Galactic Wars,Sci-Fi,60
253,2025-03-07,S10,Little Explorers,Kids,18
253,2025-03-07,S04,Laugh Track,Sitcom,25
254,2025-05-08,S12,Love Island Nairobi,Reality TV,45
254,2025-05-08,S08,Time Anomaly,Sci-Fi,48
254,2025-05-08,S10,Little Explorers,Kids,18
254,2025-05-08,S02,The Detective,Crime Drama,50
255,2025-02-21,S04,Laugh Track,Sitcom,25
256,2025-01-19,S09,Toon Town,Kids,20
256,2025-01-19,S10,Little Explorers,Kids,18
257,2025-04-06,S01,Crime City,Crime Drama,45
257,2025-04-06,S13,True Crime Files,Documentary,50
258,2025-05-09,S11,Real Life Diaries,Reality TV,40
258,2025-05-09,S12,Love Island Nairobi,Reality TV,45
259,2025-05-10,S05,Office Antics,Sitcom,22
260,2025-05-09,S14,Parenting Unscripted,Reality TV,35
260,2025-05-09,S10,Little Explorers,Kids,18
260,2025-05-09,S08,Time Anomaly,Sci-Fi,48
260,2025-05-09,S07,Galactic Wars,Sci-Fi,60
261,2025-02-05,S04,Laugh Track,Sitcom,25
261,2025-02-05,S05,Office Antics,Sitcom,22
262,2025-04-26,S09,Toon Town,Kids,20
262,2025-04-26,S10,Little Explorers,Kids,18
263,2025-03-12,S06,Space Frontier,Sci-Fi,55
264,2025-01-13,S05,Office Antics,Sitcom,22
264,2025-01-13,S01,Crime City,Crime Drama,45
264,2025-01-13,S07,Galactic Wars,Sci-Fi,60
264,2025-01-13,S02,The Detective,Crime Drama,50
265,2025-05-03,S01,Crime City,Crime Drama,45
266,2025-02-02,S09,Toon Town,Kids,20
266,2025-02-02,S14,Parenting Unscripted,Reality TV,35
267,2025-04-02,S03,Silent Witness Redux,Crime Drama,42
267,2025-04-02,S11,Real Life Diaries,Reality TV,40
267,2025-04-02,S07,Galactic Wars,Sci-Fi,60
268,2025-06-30,S06,Space Frontier,Sci-Fi,55
269,2025-02-14,S11,Real Life Diaries,Reality TV,40
269,2025-02-14,S10,Little Explorers,Kids,18
269,2025-02-14,S05,Office Antics,Sitcom,22
269,2025-02-14,S12,Love Island Nairobi,Reality TV,45
270,2025-01-09,S11,Real Life Diaries,Reality TV,40
270,2025-01-09,S12,Love Island Nairobi,Reality TV,45
271,2025-03-27,S08,Time Anomaly,Sci-Fi,48
272,2025-02-15,S09,Toon Town,Kids,20
272,2025-02-15,S14,Parenting Unscripted,Reality TV,35
273,2025-02-14,S06,Space Frontier,Sci-Fi,55
273,2025-02-14,S07,Galactic Wars,Sci-Fi,60
274,2025-01-30,S11,Real Life Diaries,Reality TV,40
274,2025-01-30,S12,Love Island Nairobi,Reality TV,45
275,2025-04-17,S11,Real Life Diaries,Reality TV,40
275,2025-04-17,S12,Love Island Nairobi,Reality TV,45
275,2025-04-17,S15,Cooking Masters,Reality TV,38
276,2025-02-23,S06,Space Frontier,Sci-Fi,55
276,2025-02-23,S13,True Crime Files,Documentary,50
277,2025-05-28,S09,Toon Town,Kids,20
277,2025-05-28,S10,Little Explorers,Kids,18
278,2025-02-01,S15,Cooking Masters,Reality TV,38
279,2025-06-19,S03,Silent Witness Redux,Crime Drama,42
279,2025-06-19,S10,Little Explorers,Kids,18
279,2025-06-19,S07,Galactic Wars,Sci-Fi,60
279,2025-06-19,S09,Toon Town,Kids,20
280,2025-01-12,S06,Space Frontier,Sci-Fi,55
280,2025-01-12,S07,Galactic Wars,Sci-Fi,60
281,2025-06-26,S08,Time Anomaly,Sci-Fi,48
281,2025-06-26,S02,The Detective,Crime Drama,50
282,2025-02-28,S06,Space Frontier,Sci-Fi,55
282,2025-02-28,S07,Galactic Wars,Sci-Fi,60
283,2025-01-06,S09,Toon Town,Kids,20
283,2025-01-06,S10,Little Explorers,Kids,18
284,2025-05-25,S07,Galactic Wars,Sci-Fi,60
284,2025-05-25,S10,Little Explorers,Kids,18
284,2025-05-25,S01,Crime City,Crime Drama,45
284,2025-05-25,S09,Toon Town,Kids,20
285,2025-06-02,S09,Toon Town,Kids,20
285,2025-06-02,S14,Parenting Unscripted,Reality TV,35
286,2025-05-25,S05,Office Antics,Sitcom,22
286,2025-05-25,S15,Cooking Masters,Reality TV,38
287,2025-03-17,S01,Crime City,Crime Drama,45
288,2025-03-21,S03,Silent Witness Redux,Crime Drama,42
289,2025-04-17,S09,Toon Town,Kids,20
289,2025-04-17,S10,Little Explorers,Kids,18
290,2025-01-06,S06,Space Frontier,Sci-Fi,55
290,2025-01-06,S07,Galactic Wars,Sci-Fi,60
291,2025-01-17,S09,Toon Town,Kids,20
291,2025-01-17,S10,Little Explorers,Kids,18
292,2025-04-03,S11,Real Life Diaries,Reality TV,40
292,2025-04-03,S12,Love Island Nairobi,Reality TV,45
293,2025-02-12,S03,Silent Witness Redux,Crime Drama,42
293,2025-02-12,S14,Parenting Unscripted,Reality TV,35
293,2025-02-12,S12,Love Island Nairobi,Reality TV,45
293,2025-02-12,S15,Cooking Masters,Reality TV,38
294,2025-06-04,S10,Little Explorers,Kids,18
294,2025-06-04,S07,Galactic Wars,Sci-Fi,60
294,2025-06-04,S04,Laugh Track,Sitcom,25
295,2025-04-18,S04,Laugh Track,Sitcom,25
295,2025-04-18,S03,Silent Witness Redux,Crime Drama,42
295,2025-04-18,S08,Time Anomaly,Sci-Fi,48
296,2025-01-05,S10,Little Explorers,Kids,18
296,2025-01-05,S06,Space Frontier,Sci-Fi,55
297,2025-03-27,S11,Real Life Diaries,Reality TV,40
297,2025-03-27,S12,Love Island Nairobi,Reality TV,45
297,2025-03-27,S15,Cooking Masters,Reality TV,38
298,2025-05-25,S04,Laugh Track,Sitcom,25
298,2025-05-25,S05,Office Antics,Sitcom,22
299,2025-02-22,S07,Galactic Wars,Sci-Fi,60
299,2025-02-22,S01,Crime City,Crime Drama,45
299,2025-02-22,S06,Space Frontier,Sci-Fi,55
300,2025-01-31,S09,Toon Town,Kids,20
300,2025-01-31,S10,Little Explorers,Kids,18
301,2025-01-20,S01,Crime City,Crime Drama,45
301,2025-01-20,S02,The Detective,Crime Drama,50
302,2025-06-20,S01,Crime City,Crime Drama,45
302,2025-06-20,S02,The Detective,Crime Drama,50
303,2025-03-13,S15,Cooking Masters,Reality TV,38
304,2025-01-15,S15,Cooking Masters,Reality TV,38
304,2025-01-15,S10,Little Explorers,Kids,18
304,2025-01-15,S04,Laugh Track,Sitcom,25
305,2025-04-20,S04,Laugh Track,Sitcom,25
305,2025-04-20,S05,Office Antics,Sitcom,22
306,2025-05-08,S04,Laugh Track,Sitcom,25
306,2025-05-08,S11,Real Life Diaries,Reality TV,40
306,2025-05-08,S05,Office Antics,Sitcom,22
307,2025-01-31,S01,Crime City,Crime Drama,45
307,2025-01-31,S02,The Detective,Crime Drama,50
307,2025-01-31,S04,Laugh Track,Sitcom,25
308,2025-06-14,S01,Crime City,Crime Drama,45
308,2025-06-14,S11,Real Life Diaries,Reality TV,40
308,2025-06-14,S13,True Crime Files,Documentary,50
309,2025-01-11,S09,Toon Town,Kids,20
309,2025-01-11,S14,Parenting Unscripted,Reality TV,35
309,2025-01-11,S07,Galactic Wars,Sci-Fi,60
310,2025-01-06,S14,Parenting Unscripted,Reality TV,35
310,2025-01-06,S01,Crime City,Crime Drama,45
311,2025-03-20,S06,Space Frontier,Sci-Fi,55
311,2025-03-20,S02,The Detective,Crime Drama,50
311,2025-03-20,S11,Real Life Diaries,Reality TV,40
312,2025-06-24,S06,Space Frontier,Sci-Fi,55
312,2025-06-24,S07,Galactic Wars,Sci-Fi,60
313,2025-01-23,S09,Toon Town,Kids,20
313,2025-01-23,S14,Parenting Unscripted,Reality TV,35
314,2025-05-13,S11,Real Life Diaries,Reality TV,40
314,2025-05-13,S12,Love Island Nairobi,Reality TV,45
314,2025-05-13,S15,Cooking Masters,Reality TV,38
314,2025-05-13,S05,Office Antics,Sitcom,22
315,2025-04-04,S14,Parenting Unscripted,Reality TV,35
316,2025-02-19,S08,Time Anomaly,Sci-Fi,48
316,2025-02-19,S02,The Detective,Crime Drama,50
316,2025-02-19,S07,Galactic Wars,Sci-Fi,60
317,2025-06-07,S12,Love Island Nairobi,Reality TV,45
317,2025-06-07,S04,Laugh Track,Sitcom,25
317,2025-06-07,S14,Parenting Unscripted,Reality TV,35
317,2025-06-07,S07,Galactic Wars,Sci-Fi,60
318,2025-05-09,S06,Space Frontier,Sci-Fi,55
318,2025-05-09,S07,Galactic Wars,Sci-Fi,60
319,2025-01-05,S13,True Crime Files,Documentary,50
320,2025-06-07,S09,Toon Town,Kids,20
320,2025-06-07,S14,Parenting Unscripted,Reality TV,35
321,2025-03-12,S04,Laugh Track,Sitcom,25
321,2025-03-12,S05,Office Antics,Sitcom,22
322,2025-02-24,S10,Little Explorers,Kids,18
323,2025-02-21,S02,The Detective,Crime Drama,50
323,2025-02-21,S04,Laugh Track,Sitcom,25
324,2025-06-21,S09,Toon Town,Kids,20
324,2025-06-21,S10,Little Explorers,Kids,18
325,2025-03-03,S09,Toon Town,Kids,20
325,2025-03-03,S10,Little Explorers,Kids,18
326,2025-02-24,S11,Real Life Diaries,Reality TV,40
326,2025-02-24,S02,The Detective,Crime Drama,50
327,2025-03-03,S08,Time Anomaly,Sci-Fi,48
328,2025-01-23,S06,Space Frontier,Sci-Fi,55
328,2025-01-23,S07,Galactic Wars,Sci-Fi,60
329,2025-01-04,S09,Toon Town,Kids,20
329,2025-01-04,S10,Little Explorers,Kids,18
330,2025-06-29,S11,Real Life Diaries,Reality TV,40
330,2025-06-29,S12,Love Island Nairobi,Reality TV,45
331,2025-02-10,S09,Toon Town,Kids,20
331,2025-02-10,S14,Parenting Unscripted,Reality TV,35
332,2025-06-29,S04,Laugh Track,Sitcom,25
333,2025-01-17,S01,Crime City,Crime Drama,45
333,2025-01-17,S02,The Detective,Crime Drama,50
334,2025-05-09,S08,Time Anomaly,Sci-Fi,48
334,2025-05-09,S12,Love Island Nairobi,Reality TV,45
335,2025-02-08,S07,Galactic Wars,Sci-Fi,60
335,2025-02-08,S11,Real Life Diaries,Reality TV,40
335,2025-02-08,S12,Love Island Nairobi,Reality TV,45
335,2025-02-08,S02,The Detective,Crime Drama,50
336,2025-01-06,S11,Real Life Diaries,Reality TV,40
336,2025-01-06,S08,Time Anomaly,Sci-Fi,48
336,2025-01-06,S05,Office Antics,Sitcom,22
337,2025-03-20,S15,Cooking Masters,Reality TV,38
337,2025-03-20,S03,Silent Witness Redux,Crime Drama,42
338,2025-04-26,S06,Space Frontier,Sci-Fi,55
338,2025-04-26,S07,Galactic Wars,Sci-Fi,60
339,2025-03-21,S01,Crime City,Crime Drama,45
339,2025-03-21,S02,The Detective,Crime Drama,50
339,2025-03-21,S03,Silent Witness Redux,Crime Drama,42
340,2025-05-16,S06,Space Frontier,Sci-Fi,55
340,2025-05-16,S07,Galactic Wars,Sci-Fi,60
340,2025-05-16,S08,Time Anomaly,Sci-Fi,48
341,2025-02-23,S06,Space Frontier,Sci-Fi,55
341,2025-02-23,S07,Galactic Wars,Sci-Fi,60
341,2025-02-23,S08,Time Anomaly,Sci-Fi,48
341,2025-02-23,S14,Parenting Unscripted,Reality TV,35
342,2025-03-12,S12,Love Island Nairobi,Reality TV,45
343,2025-05-10,S06,Space Frontier,Sci-Fi,55
343,2025-05-10,S07,Galactic Wars,Sci-Fi,60
344,2025-01-25,S10,Little Explorers,Kids,18
344,2025-01-25,S02,The Detective,Crime Drama,50
345,2025-06-17,S09,Toon Town,Kids,20
345,2025-06-17,S14,Parenting Unscripted,Reality TV,35
346,2025-06-07,S04,Laugh Track,Sitcom,25
346,2025-06-07,S05,Office Antics,Sitcom,22
347,2025-06-13,S11,Real Life Diaries,Reality TV,40
347,2025-06-13,S12,Love Island Nairobi,Reality TV,45
348,2025-03-28,S01,Crime City,Crime Drama,45
348,2025-03-28,S02,The Detective,Crime Drama,50
349,2025-03-04,S14,Parenting Unscripted,Reality TV,35
349,2025-03-04,S13,True Crime Files,Documentary,50
350,2025-02-04,S01,Crime City,Crime Drama,45
351,2025-05-09,S03,Silent Witness Redux,Crime Drama,42
351,2025-05-09,S01,Crime City,Crime Drama,45
351,2025-05-09,S02,The Detective,Crime Drama,50
351,2025-05-09,S04,Laugh Track,Sitcom,25
352,2025-05-09,S01,Crime City,Crime Drama,45
352,2025-05-09,S02,The Detective,Crime Drama,50
352,2025-05-09,S03,Silent Witness Redux,Crime Drama,42
353,2025-02-11,S09,Toon Town,Kids,20
353,2025-02-11,S14,Parenting Unscripted,Reality TV,35
354,2025-05-19,S01,Crime City,Crime Drama,45
354,2025-05-19,S02,The Detective,Crime Drama,50
355,2025-04-11,S04,Laugh Track,Sitcom,25
355,2025-04-11,S05,Office Antics,Sitcom,22
356,2025-04-25,S01,Crime City,Crime Drama,45
356,2025-04-25,S02,The Detective,Crime Drama,50
356,2025-04-25,S08,Time Anomaly,Sci-Fi,48
357,2025-03-23,S10,Little Explorers,Kids,18
357,2025-03-23,S01,Crime City,Crime Drama,45
358,2025-06-18,S09,Toon Town,Kids,20
358,2025-06-18,S02,The Detective,Crime Drama,50
359,2025-05-21,S13,True Crime Files,Documentary,50
359,2025-05-21,S09,Toon Town,Kids,20
360,2025-04-23,S09,Toon Town,Kids,20
360,2025-04-23,S12,Love Island Nairobi,Reality TV,45
361,2025-04-28,S09,Toon Town,Kids,20
361,2025-04-28,S10,Little Explorers,Kids,18
362,2025-06-27,S01,Crime City,Crime Drama,45
362,2025-06-27,S12,Love Island Nairobi,Reality TV,45
363,2025-01-08,S06,Space Frontier,Sci-Fi,55
363,2025-01-08,S12,Love Island Nairobi,Reality TV,45
363,2025-01-08,S03,Silent Witness Redux,Crime Drama,42
363,2025-01-08,S14,Parenting Unscripted,Reality TV,35
364,2025-05-30,S06,Space Frontier,Sci-Fi,55
364,2025-05-30,S07,Galactic Wars,Sci-Fi,60
365,2025-04-16,S03,Silent Witness Redux,Crime Drama,42
365,2025-04-16,S14,Parenting Unscripted,Reality TV,35
365,2025-04-16,S11,Real Life Diaries,Reality TV,40
365,2025-04-16,S01,Crime City,Crime Drama,45
366,2025-04-03,S12,Love Island Nairobi,Reality TV,45
366,2025-04-03,S03,Silent Witness Redux,Crime Drama,42
366,2025-04-03,S08,Time Anomaly,Sci-Fi,48
366,2025-04-03,S09,Toon Town,Kids,20
367,2025-04-05,S11,Real Life Diaries,Reality TV,40
367,2025-04-05,S12,Love Island Nairobi,Reality TV,45
368,2025-03-12,S04,Laugh Track,Sitcom,25
368,2025-03-12,S05,Office Antics,Sitcom,22
369,2025-05-04,S04,Laugh Track,Sitcom,25
369,2025-05-04,S05,Office Antics,Sitcom,22
370,2025-05-04,S11,Real Life Diaries,Reality TV,40
370,2025-05-04,S12,Love Island Nairobi,Reality TV,45
370,2025-05-04,S15,Cooking Masters,Reality TV,38
371,2025-06-02,S01,Crime City,Crime Drama,45
371,2025-06-02,S09,Toon Town,Kids,20
371,2025-06-02,S05,Office Antics,Sitcom,22
372,2025-02-18,S01,Crime City,Crime Drama,45
372,2025-02-18,S02,The Detective,Crime Drama,50
373,2025-02-15,S06,Space Frontier,Sci-Fi,55
373,2025-02-15,S07,Galactic Wars,Sci-Fi,60
373,2025-02-15,S08,Time Anomaly,Sci-Fi,48
374,2025-05-06,S14,Parenting Unscripted,Reality TV,35
375,2025-05-10,S09,Toon Town,Kids,20
375,2025-05-10,S14,Parenting Unscripted,Reality TV,35
376,2025-06-18,S09,Toon Town,Kids,20
376,2025-06-18,S14,Parenting Unscripted,Reality TV,35
377,2025-01-19,S09,Toon Town,Kids,20
377,2025-01-19,S10,Little Explorers,Kids,18
378,2025-03-20,S09,Toon Town,Kids,20
378,2025-03-20,S14,Parenting Unscripted,Reality TV,35
378,2025-03-20,S15,Cooking Masters,Reality TV,38
379,2025-04-12,S10,Little Explorers,Kids,18
379,2025-04-12,S04,Laugh Track,Sitcom,25
379,2025-04-12,S02,The Detective,Crime Drama,50
380,2025-02-11,S13,True Crime Files,Documentary,50
380,2025-02-11,S02,The Detective,Crime Drama,50
381,2025-03-21,S04,Laugh Track,Sitcom,25
382,2025-06-10,S04,Laugh Track,Sitcom,25
382,2025-06-10,S05,Office Antics,Sitcom,22
383,2025-03-23,S04,Laugh Track,Sitcom,25
383,2025-03-23,S05,Office Antics,Sitcom,22
384,2025-04-20,S09,Toon Town,Kids,20
384,2025-04-20,S10,Little Explorers,Kids,18
385,2025-01-20,S04,Laugh Track,Sitcom,25
385,2025-01-20,S05,Office Antics,Sitcom,22
386,2025-03-18,S11,Real Life Diaries,Reality TV,40
386,2025-03-18,S09,Toon Town,Kids,20
386,2025-03-18,S13,True Crime Files,Documentary,50
386,2025-03-18,S08,Time Anomaly,Sci-Fi,48
387,2025-03-16,S01,Crime City,Crime Drama,45
387,2025-03-16,S02,The Detective,Crime Drama,50
388,2025-06-18,S14,Parenting Unscripted,Reality TV,35
388,2025-06-18,S11,Real Life Diaries,Reality TV,40
388,2025-06-18,S09,Toon Town,Kids,20
389,2025-05-31,S11,Real Life Diaries,Reality TV,40
390,2025-04-23,S03,Silent Witness Redux,Crime Drama,42
391,2025-06-20,S01,Crime City,Crime Drama,45
391,2025-06-20,S02,The Detective,Crime Drama,50
391,2025-06-20,S03,Silent Witness Redux,Crime Drama,42
392,2025-04-26,S04,Laugh Track,Sitcom,25
392,2025-04-26,S05,Office Antics,Sitcom,22
393,2025-06-14,S04,Laugh Track,Sitcom,25
393,2025-06-14,S05,Office Antics,Sitcom,22
394,2025-04-01,S12,Love Island Nairobi,Reality TV,45
395,2025-05-06,S10,Little Explorers,Kids,18
396,2025-03-08,S01,Crime City,Crime Drama,45
396,2025-03-08,S13,True Crime Files,Documentary,50
397,2025-03-26,S09,Toon Town,Kids,20
397,2025-03-26,S01,Crime City,Crime Drama,45
398,2025-01-31,S09,Toon Town,Kids,20
398,2025-01-31,S10,Little Explorers,Kids,18
399,2025-06-15,S09,Toon Town,Kids,20
400,2025-05-09,S06,Space Frontier,Sci-Fi,55
400,2025-05-09,S13,True Crime Files,Documentary,50
400,2025-05-09,S03,Silent Witness Redux,Crime Drama,42
400,2025-05-09,S02,The Detective,Crime Drama,50
401,2025-06-29,S04,Laugh Track,Sitcom,25
401,2025-06-29,S05,Office Antics,Sitcom,22
402,2025-03-01,S13,True Crime Files,Documentary,50
402,2025-03-01,S10,Little Explorers,Kids,18
403,2025-01-15,S14,Parenting Unscripted,Reality TV,35
403,2025-01-15,S15,Cooking Masters,Reality TV,38
404,2025-04-13,S06,Space Frontier,Sci-Fi,55
404,2025-04-13,S07,Galactic Wars,Sci-Fi,60
405,2025-06-14,S08,Time Anomaly,Sci-Fi,48
406,2025-04-22,S07,Galactic Wars,Sci-Fi,60
406,2025-04-22,S09,Toon Town,Kids,20
406,2025-04-22,S03,Silent Witness Redux,Crime Drama,42
406,2025-04-22,S04,Laugh Track,Sitcom,25
407,2025-04-10,S05,Office Antics,Sitcom,22
408,2025-01-01,S11,Real Life Diaries,Reality TV,40
408,2025-01-01,S12,Love Island Nairobi,Reality TV,45
408,2025-01-01,S15,Cooking Masters,Reality TV,38
409,2025-03-26,S01,Crime City,Crime Drama,45
409,2025-03-26,S13,True Crime Files,Documentary,50
410,2025-01-06,S01,Crime City,Crime Drama,45
410,2025-01-06,S02,The Detective,Crime Drama,50
410,2025-01-06,S03,Silent Witness Redux,Crime Drama,42
411,2025-03-25,S01,Crime City,Crime Drama,45
411,2025-03-25,S13,True Crime Files,Documentary,50
412,2025-04-18,S11,Real Life Diaries,Reality TV,40
412,2025-04-18,S12,Love Island Nairobi,Reality TV,45
412,2025-04-18,S15,Cooking Masters,Reality TV,38
413,2025-02-04,S07,Galactic Wars,Sci-Fi,60
414,2025-03-21,S10,Little Explorers,Kids,18
415,2025-05-14,S06,Space Frontier,Sci-Fi,55
415,2025-05-14,S07,Galactic Wars,Sci-Fi,60
415,2025-05-14,S02,The Detective,Crime Drama,50
416,2025-04-06,S01,Crime City,Crime Drama,45
416,2025-04-06,S02,The Detective,Crime Drama,50
416,2025-04-06,S03,Silent Witness Redux,Crime Drama,42
417,2025-04-14,S04,Laugh Track,Sitcom,25
417,2025-04-14,S05,Office Antics,Sitcom,22
418,2025-03-27,S14,Parenting Unscripted,Reality TV,35
418,2025-03-27,S11,Real Life Diaries,Reality TV,40
418,2025-03-27,S10,Little Explorers,Kids,18
418,2025-03-27,S06,Space Frontier,Sci-Fi,55
419,2025-04-01,S01,Crime City,Crime Drama,45
419,2025-04-01,S08,Time Anomaly,Sci-Fi,48
419,2025-04-01,S10,Little Explorers,Kids,18
420,2025-03-22,S11,Real Life Diaries,Reality TV,40
420,2025-03-22,S12,Love Island Nairobi,Reality TV,45
421,2025-03-05,S04,Laugh Track,Sitcom,25
421,2025-03-05,S05,Office Antics,Sitcom,22
422,2025-06-16,S06,Space Frontier,Sci-Fi,55
422,2025-06-16,S07,Galactic Wars,Sci-Fi,60
423,2025-04-16,S11,Real Life Diaries,Reality TV,40
423,2025-04-16,S04,Laugh Track,Sitcom,25
423,2025-04-16,S07,Galactic Wars,Sci-Fi,60
424,2025-01-18,S11,Real Life Diaries,Reality TV,40
424,2025-01-18,S12,Love Island Nairobi,Reality TV,45
425,2025-01-28,S11,Real Life Diaries,Reality TV,40
425,2025-01-28,S12,Love Island Nairobi,Reality TV,45
426,2025-03-08,S09,Toon Town,Kids,20
426,2025-03-08,S14,Parenting Unscripted,Reality TV,35
427,2025-03-12,S01,Crime City,Crime Drama,45
427,2025-03-12,S02,The Detective,Crime Drama,50
428,2025-04-27,S04,Laugh Track,Sitcom,25
428,2025-04-27,S05,Office Antics,Sitcom,22
429,2025-06-02,S11,Real Life Diaries,Reality TV,40
429,2025-06-02,S12,Love Island Nairobi,Reality TV,45
429,2025-06-02,S15,Cooking Masters,Reality TV,38
430,2025-02-07,S01,Crime City,Crime Drama,45
431,2025-01-06,S06,Space Frontier,Sci-Fi,55
431,2025-01-06,S07,Galactic Wars,Sci-Fi,60
432,2025-06-22,S11,Real Life Diaries,Reality TV,40
432,2025-06-22,S12,Love Island Nairobi,Reality TV,45
433,2025-06-01,S09,Toon Town,Kids,20
433,2025-06-01,S02,The Detective,Crime Drama,50
433,2025-06-01,S06,Space Frontier,Sci-Fi,55
434,2025-01-07,S06,Space Frontier,Sci-Fi,55
434,2025-01-07,S07,Galactic Wars,Sci-Fi,60
435,2025-05-17,S04,Laugh Track,Sitcom,25
435,2025-05-17,S05,Office Antics,Sitcom,22
436,2025-03-06,S11,Real Life Diaries,Reality TV,40
436,2025-03-06,S12,Love Island Nairobi,Reality TV,45
437,2025-05-24,S06,Space Frontier,Sci-Fi,55
437,2025-05-24,S07,Galactic Wars,Sci-Fi,60
438,2025-04-19,S09,Toon Town,Kids,20
438,2025-04-19,S14,Parenting Unscripted,Reality TV,35
439,2025-04-29,S14,Parenting Unscripted,Reality TV,35
439,2025-04-29,S08,Time Anomaly,Sci-Fi,48
439,2025-04-29,S11,Real Life Diaries,Reality TV,40
440,2025-05-02,S03,Silent Witness Redux,Crime Drama,42
440,2025-05-02,S06,Space Frontier,Sci-Fi,55
440,2025-05-02,S07,Galactic Wars,Sci-Fi,60
440,2025-05-02,S10,Little Explorers,Kids,18
441,2025-06-23,S01,Crime City,Crime Drama,45
441,2025-06-23,S02,The Detective,Crime Drama,50
442,2025-06-24,S01,Crime City,Crime Drama,45
442,2025-06-24,S13,True Crime Files,Documentary,50
443,2025-03-26,S02,The Detective,Crime Drama,50
443,2025-03-26,S05,Office Antics,Sitcom,22
444,2025-02-20,S02,The Detective,Crime Drama,50
444,2025-02-20,S13,True Crime Files,Documentary,50
445,2025-03-26,S01,Crime City,Crime Drama,45
445,2025-03-26,S13,True Crime Files,Documentary,50
445,2025-03-26,S10,Little Explorers,Kids,18
446,2025-02-27,S01,Crime City,Crime Drama,45
446,2025-02-27,S02,The Detective,Crime Drama,50
447,2025-01-05,S02,The Detective,Crime Drama,50
447,2025-01-05,S10,Little Explorers,Kids,18
447,2025-01-05,S06,Space Frontier,Sci-Fi,55
447,2025-01-05,S14,Parenting Unscripted,Reality TV,35
448,2025-01-20,S09,Toon Town,Kids,20
448,2025-01-20,S14,Parenting Unscripted,Reality TV,35
449,2025-01-01,S02,The Detective,Crime Drama,50
449,2025-01-01,S01,Crime City,Crime Drama,45
449,2025-01-01,S09,Toon Town,Kids,20
450,2025-05-10,S09,Toon Town,Kids,20
450,2025-05-10,S14,Parenting Unscripted,Reality TV,35
451,2025-04-10,S06,Space Frontier,Sci-Fi,55
451,2025-04-10,S04,Laugh Track,Sitcom,25
451,2025-04-10,S02,The Detective,Crime Drama,50
452,2025-04-15,S01,Crime City,Crime Drama,45
452,2025-04-15,S15,Cooking Masters,Reality TV,38
452,2025-04-15,S11,Real Life Diaries,Reality TV,40
453,2025-06-30,S11,Real Life Diaries,Reality TV,40
453,2025-06-30,S07,Galactic Wars,Sci-Fi,60
453,2025-06-30,S10,Little Explorers,Kids,18
453,2025-06-30,S09,Toon Town,Kids,20
454,2025-06-12,S09,Toon Town,Kids,20
454,2025-06-12,S10,Little Explorers,Kids,18
454,2025-06-12,S12,Love Island Nairobi,Reality TV,45
455,2025-06-13,S11,Real Life Diaries,Reality TV,40
455,2025-06-13,S12,Love Island Nairobi,Reality TV,45
456,2025-05-14,S06,Space Frontier,Sci-Fi,55
456,2025-05-14,S07,Galactic Wars,Sci-Fi,60
457,2025-02-07,S10,Little Explorers,Kids,18
458,2025-02-25,S04,Laugh Track,Sitcom,25
458,2025-02-25,S05,Office Antics,Sitcom,22
459,2025-02-04,S06,Space Frontier,Sci-Fi,55
459,2025-02-04,S07,Galactic Wars,Sci-Fi,60
459,2025-02-04,S08,Time Anomaly,Sci-Fi,48
460,2025-06-17,S11,Real Life Diaries,Reality TV,40
460,2025-06-17,S12,Love Island Nairobi,Reality TV,45
460,2025-06-17,S15,Cooking Masters,Reality TV,38
460,2025-06-17,S06,Space Frontier,Sci-Fi,55
461,2025-06-16,S01,Crime City,Crime Drama,45
461,2025-06-16,S02,The Detective,Crime Drama,50
462,2025-04-15,S01,Crime City,Crime Drama,45
462,2025-04-15,S13,True Crime Files,Documentary,50
463,2025-05-29,S01,Crime City,Crime Drama,45
463,2025-05-29,S03,Silent Witness Redux,Crime Drama,42
463,2025-05-29,S12,Love Island Nairobi,Reality TV,45
464,2025-02-07,S01,Crime City,Crime Drama,45
464,2025-02-07,S13,True Crime Files,Documentary,50
465,2025-02-28,S08,Time Anomaly,Sci-Fi,48
466,2025-03-07,S06,Space Frontier,Sci-Fi,55
466,2025-03-07,S10,Little Explorers,Kids,18
466,2025-03-07,S02,The Detective,Crime Drama,50
466,2025-03-07,S09,Toon Town,Kids,20
467,2025-05-18,S09,Toon Town,Kids,20
467,2025-05-18,S14,Parenting Unscripted,Reality TV,35
468,2025-04-21,S01,Crime City,Crime Drama,45
468,2025-04-21,S02,The Detective,Crime Drama,50
469,2025-06-06,S04,Laugh Track,Sitcom,25
469,2025-06-06,S05,Office Antics,Sitcom,22
470,2025-06-26,S08,Time Anomaly,Sci-Fi,48
470,2025-06-26,S07,Galactic Wars,Sci-Fi,60
470,2025-06-26,S14,Parenting Unscripted,Reality TV,35
471,2025-05-24,S14,Parenting Unscripted,Reality TV,35
471,2025-05-24,S03,Silent Witness Redux,Crime Drama,42
471,2025-05-24,S01,Crime City,Crime Drama,45
472,2025-06-01,S06,Space Frontier,Sci-Fi,55
472,2025-06-01,S07,Galactic Wars,Sci-Fi,60
472,2025-06-01,S01,Crime City,Crime Drama,45
473,2025-02-17,S06,Space Frontier,Sci-Fi,55
473,2025-02-17,S07,Galactic Wars,Sci-Fi,60
474,2025-05-31,S01,Crime City,Crime Drama,45
474,2025-05-31,S13,True Crime Files,Documentary,50
475,2025-05-17,S10,Little Explorers,Kids,18
476,2025-01-28,S04,Laugh Track,Sitcom,25
477,2025-01-14,S09,Toon Town,Kids,20
477,2025-01-14,S14,Parenting Unscripted,Reality TV,35
478,2025-02-14,S06,Space Frontier,Sci-Fi,55
478,2025-02-14,S07,Galactic Wars,Sci-Fi,60
479,2025-02-19,S15,Cooking Masters,Reality TV,38
479,2025-02-19,S08,Time Anomaly,Sci-Fi,48
479,2025-02-19,S11,Real Life Diaries,Reality TV,40
479,2025-02-19,S09,Toon Town,Kids,20
480,2025-06-23,S04,Laugh Track,Sitcom,25
480,2025-06-23,S12,Love Island Nairobi,Reality TV,45
481,2025-02-20,S06,Space Frontier,Sci-Fi,55
481,2025-02-20,S07,Galactic Wars,Sci-Fi,60
482,2025-03-20,S09,Toon Town,Kids,20
482,2025-03-20,S12,Love Island Nairobi,Reality TV,45
482,2025-03-20,S14,Parenting Unscripted,Reality TV,35
482,2025-03-20,S08,Time Anomaly,Sci-Fi,48
483,2025-04-07,S09,Toon Town,Kids,20
483,2025-04-07,S14,Parenting Unscripted,Reality TV,35
484,2025-05-12,S04,Laugh Track,Sitcom,25
484,2025-05-12,S05,Office Antics,Sitcom,22
485,2025-04-28,S14,Parenting Unscripted,Reality TV,35
485,2025-04-28,S05,Office Antics,Sitcom,22
486,2025-04-12,S01,Crime City,Crime Drama,45
486,2025-04-12,S02,The Detective,Crime Drama,50
486,2025-04-12,S03,Silent Witness Redux,Crime Drama,42
487,2025-06-04,S12,Love Island Nairobi,Reality TV,45
488,2025-01-12,S09,Toon Town,Kids,20
489,2025-04-04,S04,Laugh Track,Sitcom,25
489,2025-04-04,S05,Office Antics,Sitcom,22
489,2025-04-04,S11,Real Life Diaries,Reality TV,40
490,2025-05-23,S01,Crime City,Crime Drama,45
491,2025-02-08,S09,Toon Town,Kids,20
491,2025-02-08,S10,Little Explorers,Kids,18
492,2025-02-09,S04,Laugh Track,Sitcom,25
492,2025-02-09,S05,Office Antics,Sitcom,22
493,2025-03-05,S06,Space Frontier,Sci-Fi,55
493,2025-03-05,S07,Galactic Wars,Sci-Fi,60
493,2025-03-05,S08,Time Anomaly,Sci-Fi,48
494,2025-06-06,S02,The Detective,Crime Drama,50
494,2025-06-06,S03,Silent Witness Redux,Crime Drama,42
494,2025-06-06,S15,Cooking Masters,Reality TV,38
494,2025-06-06,S07,Galactic Wars,Sci-Fi,60
495,2025-01-24,S12,Love Island Nairobi,Reality TV,45
495,2025-01-24,S03,Silent Witness Redux,Crime Drama,42
496,2025-03-02,S02,The Detective,Crime Drama,50
496,2025-03-02,S05,Office Antics,Sitcom,22
496,2025-03-02,S14,Parenting Unscripted,Reality TV,35
496,2025-03-02,S11,Real Life Diaries,Reality TV,40
497,2025-02-04,S04,Laugh Track,Sitcom,25
497,2025-02-04,S05,Office Antics,Sitcom,22
498,2025-03-22,S08,Time Anomaly,Sci-Fi,48
498,2025-03-22,S15,Cooking Masters,Reality TV,38
499,2025-03-17,S01,Crime City,Crime Drama,45
499,2025-03-17,S13,True Crime Files,Documentary,50
499,2025-03-17,S06,Space Frontier,Sci-Fi,55
500,2025-03-23,S07,Galactic Wars,Sci-Fi,60
500,2025-03-23,S09,Toon Town,Kids,20
501,2025-04-06,S08,Time Anomaly,Sci-Fi,48
501,2025-04-06,S10,Little Explorers,Kids,18
501,2025-04-06,S14,Parenting Unscripted,Reality TV,35
502,2025-03-23,S11,Real Life Diaries,Reality TV,40
502,2025-03-23,S12,Love Island Nairobi,Reality TV,45
502,2025-03-23,S15,Cooking Masters,Reality TV,38
503,2025-01-16,S11,Real Life Diaries,Reality TV,40
503,2025-01-16,S12,Love Island Nairobi,Reality TV,45
504,2025-02-07,S10,Little Explorers,Kids,18
504,2025-02-07,S06,Space Frontier,Sci-Fi,55
504,2025-02-07,S11,Real Life Diaries,Reality TV,40
504,2025-02-07,S03,Silent Witness Redux,Crime Drama,42
505,2025-06-13,S11,Real Life Diaries,Reality TV,40
505,2025-06-13,S12,Love Island Nairobi,Reality TV,45
505,2025-06-13,S15,Cooking Masters,Reality TV,38
506,2025-04-04,S06,Space Frontier,Sci-Fi,55
506,2025-04-04,S07,Galactic Wars,Sci-Fi,60
506,2025-04-04,S08,Time Anomaly,Sci-Fi,48
507,2025-02-22,S07,Galactic Wars,Sci-Fi,60
507,2025-02-22,S10,Little Explorers,Kids,18
507,2025-02-22,S12,Love Island Nairobi,Reality TV,45
507,2025-02-22,S15,Cooking Masters,Reality TV,38
508,2025-03-20,S01,Crime City,Crime Drama,45
508,2025-03-20,S02,The Detective,Crime Drama,50
509,2025-02-08,S01,Crime City,Crime Drama,45
509,2025-02-08,S02,The Detective,Crime Drama,50
510,2025-01-19,S04,Laugh Track,Sitcom,25
510,2025-01-19,S05,Office Antics,Sitcom,22
511,2025-04-05,S05,Office Antics,Sitcom,22
511,2025-04-05,S12,Love Island Nairobi,Reality TV,45
512,2025-06-30,S09,Toon Town,Kids,20
512,2025-06-30,S10,Little Explorers,Kids,18
512,2025-06-30,S14,Parenting Unscripted,Reality TV,35
513,2025-02-27,S11,Real Life Diaries,Reality TV,40
513,2025-02-27,S02,The Detective,Crime Drama,50
514,2025-02-28,S06,Space Frontier,Sci-Fi,55
514,2025-02-28,S12,Love Island Nairobi,Reality TV,45
514,2025-02-28,S14,Parenting Unscripted,Reality TV,35
514,2025-02-28,S04,Laugh Track,Sitcom,25
515,2025-01-14,S01,Crime City,Crime Drama,45
515,2025-01-14,S02,The Detective,Crime Drama,50
516,2025-01-21,S02,The Detective,Crime Drama,50
516,2025-01-21,S14,Parenting Unscripted,Reality TV,35
516,2025-01-21,S03,Silent Witness Redux,Crime Drama,42
517,2025-03-25,S11,Real Life Diaries,Reality TV,40
517,2025-03-25,S12,Love Island Nairobi,Reality TV,45
518,2025-06-05,S11,Real Life Diaries,Reality TV,40
518,2025-06-05,S12,Love Island Nairobi,Reality TV,45
518,2025-06-05,S15,Cooking Masters,Reality TV,38
519,2025-02-05,S14,Parenting Unscripted,Reality TV,35
519,2025-02-05,S15,Cooking Masters,Reality TV,38
519,2025-02-05,S04,Laugh Track,Sitcom,25
519,2025-02-05,S08,Time Anomaly,Sci-Fi,48
520,2025-05-17,S05,Office Antics,Sitcom,22
521,2025-04-03,S09,Toon Town,Kids,20
521,2025-04-03,S10,Little Explorers,Kids,18
521,2025-04-03,S15,Cooking Masters,Reality TV,38
522,2025-04-19,S01,Crime City,Crime Drama,45
522,2025-04-19,S13,True Crime Files,Documentary,50
523,2025-04-04,S09,Toon Town,Kids,20
523,2025-04-04,S14,Parenting Unscripted,Reality TV,35
524,2025-05-31,S01,Crime City,Crime Drama,45
524,2025-05-31,S02,The Detective,Crime Drama,50
524,2025-05-31,S03,Silent Witness Redux,Crime Drama,42
525,2025-04-10,S06,Space Frontier,Sci-Fi,55
525,2025-04-10,S02,The Detective,Crime Drama,50
526,2025-06-19,S06,Space Frontier,Sci-Fi,55
526,2025-06-19,S07,Galactic Wars,Sci-Fi,60
527,2025-06-16,S03,Silent Witness Redux,Crime Drama,42
528,2025-05-01,S12,Love Island Nairobi,Reality TV,45
528,2025-05-01,S15,Cooking Masters,Reality TV,38
528,2025-05-01,S05,Office Antics,Sitcom,22
528,2025-05-01,S10,Little Explorers,Kids,18
529,2025-01-16,S01,Crime City,Crime Drama,45
529,2025-01-16,S02,The Detective,Crime Drama,50
529,2025-01-16,S03,Silent Witness Redux,Crime Drama,42
529,2025-01-16,S14,Parenting Unscripted,Reality TV,35
530,2025-05-11,S01,Crime City,Crime Drama,45
530,2025-05-11,S02,The Detective,Crime Drama,50
531,2025-04-06,S01,Crime City,Crime Drama,45
531,2025-04-06,S13,True Crime Files,Documentary,50
532,2025-05-30,S11,Real Life Diaries,Reality TV,40
532,2025-05-30,S12,Love Island Nairobi,Reality TV,45
532,2025-05-30,S15,Cooking Masters,Reality TV,38
533,2025-03-17,S09,Toon Town,Kids,20
533,2025-03-17,S14,Parenting Unscripted,Reality TV,35
534,2025-02-18,S02,The Detective,Crime Drama,50
534,2025-02-18,S10,Little Explorers,Kids,18
534,2025-02-18,S04,Laugh Track,Sitcom,25
535,2025-03-07,S03,Silent Witness Redux,Crime Drama,42
535,2025-03-07,S14,Parenting Unscripted,Reality TV,35
535,2025-03-07,S05,Office Antics,Sitcom,22
535,2025-03-07,S11,Real Life Diaries,Reality TV,40
536,2025-05-21,S13,True Crime Files,Documentary,50
536,2025-05-21,S07,Galactic Wars,Sci-Fi,60
537,2025-06-03,S09,Toon Town,Kids,20
537,2025-06-03,S14,Parenting Unscripted,Reality TV,35
538,2025-05-01,S11,Real Life Diaries,Reality TV,40
539,2025-05-10,S01,Crime City,Crime Drama,45
539,2025-05-10,S02,The Detective,Crime Drama,50
540,2025-01-13,S13,True Crime Files,Documentary,50
541,2025-05-22,S09,Toon Town,Kids,20
541,2025-05-22,S07,Galactic Wars,Sci-Fi,60
541,2025-05-22,S12,Love Island Nairobi,Reality TV,45
541,2025-05-22,S05,Office Antics,Sitcom,22
542,2025-06-13,S07,Galactic Wars,Sci-Fi,60
542,2025-06-13,S14,Parenting Unscripted,Reality TV,35
542,2025-06-13,S08,Time Anomaly,Sci-Fi,48
542,2025-06-13,S04,Laugh Track,Sitcom,25
543,2025-03-25,S11,Real Life Diaries,Reality TV,40
543,2025-03-25,S12,Love Island Nairobi,Reality TV,45
543,2025-03-25,S15,Cooking Masters,Reality TV,38
544,2025-06-14,S05,Office Antics,Sitcom,22
544,2025-06-14,S13,True Crime Files,Documentary,50
544,2025-06-14,S12,Love Island Nairobi,Reality TV,45
545,2025-04-24,S01,Crime City,Crime Drama,45
545,2025-04-24,S13,True Crime Files,Documentary,50
546,2025-05-11,S07,Galactic Wars,Sci-Fi,60
546,2025-05-11,S05,Office Antics,Sitcom,22
547,2025-05-29,S06,Space Frontier,Sci-Fi,55
547,2025-05-29,S07,Galactic Wars,Sci-Fi,60
548,2025-06-30,S02,The Detective,Crime Drama,50
548,2025-06-30,S07,Galactic Wars,Sci-Fi,60
548,2025-06-30,S14,Parenting Unscripted,Reality TV,35
548,2025-06-30,S03,Silent Witness Redux,Crime Drama,42
549,2025-04-10,S01,Crime City,Crime Drama,45
550,2025-05-06,S04,Laugh Track,Sitcom,25
550,2025-05-06,S05,Office Antics,Sitcom,22
551,2025-06-19,S06,Space Frontier,Sci-Fi,55
551,2025-06-19,S07,Galactic Wars,Sci-Fi,60
551,2025-06-19,S08,Time Anomaly,Sci-Fi,48
552,2025-02-16,S06,Space Frontier,Sci-Fi,55
552,2025-02-16,S15,Cooking Masters,Reality TV,38
552,2025-02-16,S10,Little Explorers,Kids,18
553,2025-04-05,S01,Crime City,Crime Drama,45
553,2025-04-05,S13,True Crime Files,Documentary,50
554,2025-02-16,S07,Galactic Wars,Sci-Fi,60
555,2025-06-25,S11,Real Life Diaries,Reality TV,40
555,2025-06-25,S12,Love Island Nairobi,Reality TV,45
556,2025-04-08,S06,Space Frontier,Sci-Fi,55
556,2025-04-08,S07,Galactic Wars,Sci-Fi,60
557,2025-04-03,S09,Toon Town,Kids,20
557,2025-04-03,S10,Little Explorers,Kids,18
558,2025-01-10,S01,Crime City,Crime Drama,45
558,2025-01-10,S13,True Crime Files,Documentary,50
559,2025-02-24,S07,Galactic Wars,Sci-Fi,60
559,2025-02-24,S08,Time Anomaly,Sci-Fi,48
559,2025-02-24,S15,Cooking Masters,Reality TV,38
559,2025-02-24,S01,Crime City,Crime Drama,45
560,2025-03-21,S09,Toon Town,Kids,20
560,2025-03-21,S14,Parenting Unscripted,Reality TV,35
561,2025-01-18,S04,Laugh Track,Sitcom,25
561,2025-01-18,S05,Office Antics,Sitcom,22
562,2025-01-09,S11,Real Life Diaries,Reality TV,40
562,2025-01-09,S12,Love Island Nairobi,Reality TV,45
562,2025-01-09,S10,Little Explorers,Kids,18
563,2025-03-04,S04,Laugh Track,Sitcom,25
563,2025-03-04,S05,Office Antics,Sitcom,22
564,2025-03-03,S01,Crime City,Crime Drama,45
564,2025-03-03,S02,The Detective,Crime Drama,50
564,2025-03-03,S03,Silent Witness Redux,Crime Drama,42
565,2025-05-08,S06,Space Frontier,Sci-Fi,55
565,2025-05-08,S07,Galactic Wars,Sci-Fi,60
566,2025-03-28,S11,Real Life Diaries,Reality TV,40
566,2025-03-28,S12,Love Island Nairobi,Reality TV,45
567,2025-01-22,S06,Space Frontier,Sci-Fi,55
567,2025-01-22,S07,Galactic Wars,Sci-Fi,60
568,2025-06-16,S01,Crime City,Crime Drama,45
568,2025-06-16,S02,The Detective,Crime Drama,50
568,2025-06-16,S03,Silent Witness Redux,Crime Drama,42
569,2025-01-11,S04,Laugh Track,Sitcom,25
570,2025-04-29,S01,Crime City,Crime Drama,45
570,2025-04-29,S13,True Crime Files,Documentary,50
570,2025-04-29,S07,Galactic Wars,Sci-Fi,60
571,2025-05-08,S01,Crime City,Crime Drama,45
571,2025-05-08,S02,The Detective,Crime Drama,50
572,2025-01-20,S09,Toon Town,Kids,20
572,2025-01-20,S10,Little Explorers,Kids,18
573,2025-05-14,S01,Crime City,Crime Drama,45
573,2025-05-14,S10,Little Explorers,Kids,18
573,2025-05-14,S07,Galactic Wars,Sci-Fi,60
574,2025-04-08,S04,Laugh Track,Sitcom,25
574,2025-04-08,S05,Office Antics,Sitcom,22
575,2025-06-06,S02,The Detective,Crime Drama,50
576,2025-04-07,S15,Cooking Masters,Reality TV,38
577,2025-02-27,S14,Parenting Unscripted,Reality TV,35
577,2025-02-27,S05,Office Antics,Sitcom,22
578,2025-03-18,S09,Toon Town,Kids,20
578,2025-03-18,S14,Parenting Unscripted,Reality TV,35
579,2025-01-27,S07,Galactic Wars,Sci-Fi,60
580,2025-03-24,S11,Real Life Diaries,Reality TV,40
580,2025-03-24,S08,Time Anomaly,Sci-Fi,48
581,2025-02-26,S03,Silent Witness Redux,Crime Drama,42
581,2025-02-26,S12,Love Island Nairobi,Reality TV,45
582,2025-02-15,S06,Space Frontier,Sci-Fi,55
582,2025-02-15,S07,Galactic Wars,Sci-Fi,60
583,2025-05-07,S01,Crime City,Crime Drama,45
584,2025-04-22,S11,Real Life Diaries,Reality TV,40
584,2025-04-22,S12,Love Island Nairobi,Reality TV,45
585,2025-03-29,S13,True Crime Files,Documentary,50
585,2025-03-29,S04,Laugh Track,Sitcom,25
585,2025-03-29,S08,Time Anomaly,Sci-Fi,48
586,2025-01-07,S10,Little Explorers,Kids,18
586,2025-01-07,S04,Laugh Track,Sitcom,25
586,2025-01-07,S08,Time Anomaly,Sci-Fi,48
587,2025-02-02,S02,The Detective,Crime Drama,50
588,2025-01-02,S11,Real Life Diaries,Reality TV,40
588,2025-01-02,S12,Love Island Nairobi,Reality TV,45
588,2025-01-02,S15,Cooking Masters,Reality TV,38
589,2025-02-07,S08,Time Anomaly,Sci-Fi,48
589,2025-02-07,S09,Toon Town,Kids,20
589,2025-02-07,S05,Office Antics,Sitcom,22
590,2025-05-22,S06,Space Frontier,Sci-Fi,55
590,2025-05-22,S07,Galactic Wars,Sci-Fi,60
590,2025-05-22,S08,Time Anomaly,Sci-Fi,48
591,2025-01-08,S02,The Detective,Crime Drama,50
592,2025-03-08,S06,Space Frontier,Sci-Fi,55
592,2025-03-08,S07,Galactic Wars,Sci-Fi,60
593,2025-06-01,S11,Real Life Diaries,Reality TV,40
593,2025-06-01,S12,Love Island Nairobi,Reality TV,45
594,2025-03-13,S07,Galactic Wars,Sci-Fi,60
594,2025-03-13,S12,Love Island Nairobi,Reality TV,45
594,2025-03-13,S15,Cooking Masters,Reality TV,38
594,2025-03-13,S09,Toon Town,Kids,20
595,2025-01-04,S07,Galactic Wars,Sci-Fi,60
595,2025-01-04,S15,Cooking Masters,Reality TV,38
595,2025-01-04,S06,Space Frontier,Sci-Fi,55
596,2025-05-11,S06,Space Frontier,Sci-Fi,55
596,2025-05-11,S07,Galactic Wars,Sci-Fi,60
596,2025-05-11,S08,Time Anomaly,Sci-Fi,48
597,2025-04-27,S08,Time Anomaly,Sci-Fi,48
598,2025-02-26,S11,Real Life Diaries,Reality TV,40
598,2025-02-26,S12,Love Island Nairobi,Reality TV,45
598,2025-02-26,S09,Toon Town,Kids,20
599,2025-02-03,S11,Real Life Diaries,Reality TV,40
599,2025-02-03,S12,Love Island Nairobi,Reality TV,45
599,2025-02-03,S15,Cooking Masters,Reality TV,38
600,2025-02-18,S11,Real Life Diaries,Reality TV,40
600,2025-02-18,S09,Toon Town,Kids,20
600,2025-02-18,S14,Parenting Unscripted,Reality TV,35
601,2025-05-07,S01,Crime City,Crime Drama,45
601,2025-05-07,S02,The Detective,Crime Drama,50
601,2025-05-07,S03,Silent Witness Redux,Crime Drama,42
602,2025-01-15,S06,Space Frontier,Sci-Fi,55
602,2025-01-15,S07,Galactic Wars,Sci-Fi,60
603,2025-03-04,S11,Real Life Diaries,Reality TV,40
603,2025-03-04,S12,Love Island Nairobi,Reality TV,45
604,2025-04-26,S09,Toon Town,Kids,20
604,2025-04-26,S10,Little Explorers,Kids,18
605,2025-06-04,S04,Laugh Track,Sitcom,25
605,2025-06-04,S05,Office Antics,Sitcom,22
606,2025-06-01,S04,Laugh Track,Sitcom,25
606,2025-06-01,S05,Office Antics,Sitcom,22
607,2025-05-07,S05,Office Antics,Sitcom,22
607,2025-05-07,S02,The Detective,Crime Drama,50
607,2025-05-07,S14,Parenting Unscripted,Reality TV,35
608,2025-06-28,S01,Crime City,Crime Drama,45
608,2025-06-28,S02,The Detective,Crime Drama,50
608,2025-06-28,S03,Silent Witness Redux,Crime Drama,42
609,2025-05-08,S08,Time Anomaly,Sci-Fi,48
609,2025-05-08,S14,Parenting Unscripted,Reality TV,35
609,2025-05-08,S11,Real Life Diaries,Reality TV,40
610,2025-04-07,S03,Silent Witness Redux,Crime Drama,42
610,2025-04-07,S15,Cooking Masters,Reality TV,38
610,2025-04-07,S02,The Detective,Crime Drama,50
611,2025-02-19,S06,Space Frontier,Sci-Fi,55
611,2025-02-19,S07,Galactic Wars,Sci-Fi,60
612,2025-05-30,S09,Toon Town,Kids,20
612,2025-05-30,S10,Little Explorers,Kids,18
613,2025-05-17,S11,Real Life Diaries,Reality TV,40
613,2025-05-17,S15,Cooking Masters,Reality TV,38
613,2025-05-17,S07,Galactic Wars,Sci-Fi,60
613,2025-05-17,S09,Toon Town,Kids,20
614,2025-03-20,S12,Love Island Nairobi,Reality TV,45
615,2025-05-07,S06,Space Frontier,Sci-Fi,55
616,2025-06-15,S01,Crime City,Crime Drama,45
616,2025-06-15,S13,True Crime Files,Documentary,50
617,2025-02-17,S09,Toon Town,Kids,20
618,2025-05-03,S01,Crime City,Crime Drama,45
618,2025-05-03,S02,The Detective,Crime Drama,50
619,2025-04-26,S04,Laugh Track,Sitcom,25
619,2025-04-26,S05,Office Antics,Sitcom,22
620,2025-05-05,S07,Galactic Wars,Sci-Fi,60
620,2025-05-05,S10,Little Explorers,Kids,18
621,2025-06-15,S11,Real Life Diaries,Reality TV,40
621,2025-06-15,S12,Love Island Nairobi,Reality TV,45
622,2025-01-27,S09,Toon Town,Kids,20
622,2025-01-27,S10,Little Explorers,Kids,18
623,2025-05-14,S02,The Detective,Crime Drama,50
623,2025-05-14,S15,Cooking Masters,Reality TV,38
623,2025-05-14,S14,Parenting Unscripted,Reality TV,35
624,2025-05-12,S01,Crime City,Crime Drama,45
624,2025-05-12,S13,True Crime Files,Documentary,50
625,2025-03-16,S03,Silent Witness Redux,Crime Drama,42
625,2025-03-16,S10,Little Explorers,Kids,18
626,2025-05-13,S09,Toon Town,Kids,20
626,2025-05-13,S10,Little Explorers,Kids,18
627,2025-01-28,S08,Time Anomaly,Sci-Fi,48
627,2025-01-28,S06,Space Frontier,Sci-Fi,55
628,2025-03-02,S06,Space Frontier,Sci-Fi,55
628,2025-03-02,S07,Galactic Wars,Sci-Fi,60
629,2025-01-22,S10,Little Explorers,Kids,18
629,2025-01-22,S15,Cooking Masters,Reality TV,38
629,2025-01-22,S07,Galactic Wars,Sci-Fi,60
630,2025-05-22,S09,Toon Town,Kids,20
630,2025-05-22,S14,Parenting Unscripted,Reality TV,35
631,2025-04-19,S12,Love Island Nairobi,Reality TV,45
631,2025-04-19,S05,Office Antics,Sitcom,22
631,2025-04-19,S14,Parenting Unscripted,Reality TV,35
631,2025-04-19,S04,Laugh Track,Sitcom,25
632,2025-01-01,S09,Toon Town,Kids,20
632,2025-01-01,S01,Crime City,Crime Drama,45
632,2025-01-01,S15,Cooking Masters,Reality TV,38
632,2025-01-01,S04,Laugh Track,Sitcom,25
633,2025-01-23,S06,Space Frontier,Sci-Fi,55
634,2025-02-15,S04,Laugh Track,Sitcom,25
634,2025-02-15,S11,Real Life Diaries,Reality TV,40
634,2025-02-15,S06,Space Frontier,Sci-Fi,55
634,2025-02-15,S13,True Crime Files,Documentary,50
635,2025-06-12,S09,Toon Town,Kids,20
635,2025-06-12,S10,Little Explorers,Kids,18
636,2025-02-24,S11,Real Life Diaries,Reality TV,40
636,2025-02-24,S12,Love Island Nairobi,Reality TV,45
636,2025-02-24,S15,Cooking Masters,Reality TV,38
637,2025-01-20,S02,The Detective,Crime Drama,50
638,2025-05-21,S09,Toon Town,Kids,20
638,2025-05-21,S10,Little Explorers,Kids,18
639,2025-06-27,S12,Love Island Nairobi,Reality TV,45
639,2025-06-27,S05,Office Antics,Sitcom,22
640,2025-06-12,S11,Real Life Diaries,Reality TV,40
640,2025-06-12,S12,Love Island Nairobi,Reality TV,45
641,2025-03-03,S01,Crime City,Crime Drama,45
641,2025-03-03,S02,The Detective,Crime Drama,50
641,2025-03-03,S03,Silent Witness Redux,Crime Drama,42
642,2025-04-18,S01,Crime City,Crime Drama,45
643,2025-01-02,S12,Love Island Nairobi,Reality TV,45
643,2025-01-02,S13,True Crime Files,Documentary,50
643,2025-01-02,S03,Silent Witness Redux,Crime Drama,42
644,2025-05-31,S09,Toon Town,Kids,20
644,2025-05-31,S14,Parenting Unscripted,Reality TV,35
645,2025-05-11,S07,Galactic Wars,Sci-Fi,60
645,2025-05-11,S01,Crime City,Crime Drama,45
645,2025-05-11,S11,Real Life Diaries,Reality TV,40
646,2025-06-06,S06,Space Frontier,Sci-Fi,55
646,2025-06-06,S07,Galactic Wars,Sci-Fi,60
646,2025-06-06,S08,Time Anomaly,Sci-Fi,48
647,2025-03-06,S04,Laugh Track,Sitcom,25
647,2025-03-06,S11,Real Life Diaries,Reality TV,40
647,2025-03-06,S07,Galactic Wars,Sci-Fi,60
648,2025-06-16,S06,Space Frontier,Sci-Fi,55
648,2025-06-16,S07,Galactic Wars,Sci-Fi,60
648,2025-06-16,S08,Time Anomaly,Sci-Fi,48
649,2025-01-20,S11,Real Life Diaries,Reality TV,40
650,2025-06-29,S09,Toon Town,Kids,20
650,2025-06-29,S10,Little Explorers,Kids,18
650,2025-06-29,S03,Silent Witness Redux,Crime Drama,42
651,2025-04-16,S06,Space Frontier,Sci-Fi,55
651,2025-04-16,S02,The Detective,Crime Drama,50
651,2025-04-16,S13,True Crime Files,Documentary,50
652,2025-04-11,S02,The Detective,Crime Drama,50
652,2025-04-11,S11,Real Life Diaries,Reality TV,40
652,2025-04-11,S01,Crime City,Crime Drama,45
652,2025-04-11,S13,True Crime Files,Documentary,50
653,2025-06-20,S06,Space Frontier,Sci-Fi,55
653,2025-06-20,S07,Galactic Wars,Sci-Fi,60
653,2025-06-20,S08,Time Anomaly,Sci-Fi,48
654,2025-01-02,S15,Cooking Masters,Reality TV,38
654,2025-01-02,S08,Time Anomaly,Sci-Fi,48
654,2025-01-02,S03,Silent Witness Redux,Crime Drama,42
654,2025-01-02,S11,Real Life Diaries,Reality TV,40
655,2025-04-08,S06,Space Frontier,Sci-Fi,55
655,2025-04-08,S07,Galactic Wars,Sci-Fi,60
655,2025-04-08,S08,Time Anomaly,Sci-Fi,48
656,2025-01-13,S11,Real Life Diaries,Reality TV,40
656,2025-01-13,S12,Love Island Nairobi,Reality TV,45
656,2025-01-13,S15,Cooking Masters,Reality TV,38
657,2025-01-08,S11,Real Life Diaries,Reality TV,40
658,2025-06-08,S04,Laugh Track,Sitcom,25
658,2025-06-08,S05,Office Antics,Sitcom,22
659,2025-02-02,S06,Space Frontier,Sci-Fi,55
659,2025-02-02,S05,Office Antics,Sitcom,22
659,2025-02-02,S15,Cooking Masters,Reality TV,38
660,2025-01-10,S08,Time Anomaly,Sci-Fi,48
661,2025-03-23,S09,Toon Town,Kids,20
661,2025-03-23,S14,Parenting Unscripted,Reality TV,35
662,2025-05-04,S08,Time Anomaly,Sci-Fi,48
663,2025-06-27,S14,Parenting Unscripted,Reality TV,35
663,2025-06-27,S02,The Detective,Crime Drama,50
663,2025-06-27,S15,Cooking Masters,Reality TV,38
664,2025-06-04,S10,Little Explorers,Kids,18
665,2025-04-10,S06,Space Frontier,Sci-Fi,55
665,2025-04-10,S02,The Detective,Crime Drama,50
665,2025-04-10,S14,Parenting Unscripted,Reality TV,35
665,2025-04-10,S10,Little Explorers,Kids,18
666,2025-06-02,S06,Space Frontier,Sci-Fi,55
666,2025-06-02,S14,Parenting Unscripted,Reality TV,35
667,2025-04-09,S09,Toon Town,Kids,20
667,2025-04-09,S10,Little Explorers,Kids,18
668,2025-04-09,S04,Laugh Track,Sitcom,25
668,2025-04-09,S06,Space Frontier,Sci-Fi,55
668,2025-04-09,S01,Crime City,Crime Drama,45
669,2025-02-12,S06,Space Frontier,Sci-Fi,55
669,2025-02-12,S07,Galactic Wars,Sci-Fi,60
670,2025-06-13,S06,Space Frontier,Sci-Fi,55
670,2025-06-13,S07,Galactic Wars,Sci-Fi,60
671,2025-01-24,S01,Crime City,Crime Drama,45
671,2025-01-24,S02,The Detective,Crime Drama,50
672,2025-02-08,S11,Real Life Diaries,Reality TV,40
672,2025-02-08,S12,Love Island Nairobi,Reality TV,45
673,2025-06-19,S12,Love Island Nairobi,Reality TV,45
673,2025-06-19,S01,Crime City,Crime Drama,45
674,2025-06-29,S10,Little Explorers,Kids,18
675,2025-04-05,S09,Toon Town,Kids,20
675,2025-04-05,S10,Little Explorers,Kids,18
676,2025-04-15,S03,Silent Witness Redux,Crime Drama,42
677,2025-02-01,S09,Toon Town,Kids,20
677,2025-02-01,S10,Little Explorers,Kids,18
678,2025-05-10,S04,Laugh Track,Sitcom,25
678,2025-05-10,S05,Office Antics,Sitcom,22
679,2025-01-22,S01,Crime City,Crime Drama,45
679,2025-01-22,S02,The Detective,Crime Drama,50
679,2025-01-22,S03,Silent Witness Redux,Crime Drama,42
680,2025-04-21,S01,Crime City,Crime Drama,45
680,2025-04-21,S02,The Detective,Crime Drama,50
680,2025-04-21,S03,Silent Witness Redux,Crime Drama,42
681,2025-05-22,S09,Toon Town,Kids,20
681,2025-05-22,S14,Parenting Unscripted,Reality TV,35
682,2025-05-03,S11,Real Life Diaries,Reality TV,40
682,2025-05-03,S12,Love Island Nairobi,Reality TV,45
683,2025-03-15,S11,Real Life Diaries,Reality TV,40
683,2025-03-15,S01,Crime City,Crime Drama,45
684,2025-03-15,S08,Time Anomaly,Sci-Fi,48
685,2025-03-28,S12,Love Island Nairobi,Reality TV,45
685,2025-03-28,S06,Space Frontier,Sci-Fi,55
685,2025-03-28,S04,Laugh Track,Sitcom,25
685,2025-03-28,S15,Cooking Masters,Reality TV,38
686,2025-03-18,S13,True Crime Files,Documentary,50
686,2025-03-18,S02,The Detective,Crime Drama,50
686,2025-03-18,S08,Time Anomaly,Sci-Fi,48
686,2025-03-18,S11,Real Life Diaries,Reality TV,40
687,2025-06-22,S09,Toon Town,Kids,20
687,2025-06-22,S10,Little Explorers,Kids,18
688,2025-06-09,S06,Space Frontier,Sci-Fi,55
688,2025-06-09,S07,Galactic Wars,Sci-Fi,60
688,2025-06-09,S08,Time Anomaly,Sci-Fi,48
688,2025-06-09,S14,Parenting Unscripted,Reality TV,35
689,2025-03-25,S13,True Crime Files,Documentary,50
690,2025-06-22,S04,Laugh Track,Sitcom,25
690,2025-06-22,S05,Office Antics,Sitcom,22
690,2025-06-22,S14,Parenting Unscripted,Reality TV,35
691,2025-03-14,S08,Time Anomaly,Sci-Fi,48
691,2025-03-14,S04,Laugh Track,Sitcom,25
691,2025-03-14,S05,Office Antics,Sitcom,22
692,2025-03-02,S14,Parenting Unscripted,Reality TV,35
692,2025-03-02,S04,Laugh Track,Sitcom,25
692,2025-03-02,S06,Space Frontier,Sci-Fi,55
693,2025-01-27,S09,Toon Town,Kids,20
693,2025-01-27,S10,Little Explorers,Kids,18
694,2025-04-05,S07,Galactic Wars,Sci-Fi,60
694,2025-04-05,S06,Space Frontier,Sci-Fi,55
695,2025-01-30,S04,Laugh Track,Sitcom,25
696,2025-06-28,S04,Laugh Track,Sitcom,25
696,2025-06-28,S05,Office Antics,Sitcom,22
697,2025-06-19,S01,Crime City,Crime Drama,45
697,2025-06-19,S07,Galactic Wars,Sci-Fi,60
697,2025-06-19,S11,Real Life Diaries,Reality TV,40
697,2025-06-19,S03,Silent Witness Redux,Crime Drama,42
698,2025-03-11,S11,Real Life Diaries,Reality TV,40
698,2025-03-11,S12,Love Island Nairobi,Reality TV,45
699,2025-03-18,S11,Real Life Diaries,Reality TV,40
699,2025-03-18,S06,Space Frontier,Sci-Fi,55
700,2025-02-26,S01,Crime City,Crime Drama,45
700,2025-02-26,S13,True Crime Files,Documentary,50
701,2025-03-13,S15,Cooking Masters,Reality TV,38
701,2025-03-13,S08,Time Anomaly,Sci-Fi,48
701,2025-03-13,S06,Space Frontier,Sci-Fi,55
701,2025-03-13,S14,Parenting Unscripted,Reality TV,35
702,2025-02-24,S06,Space Frontier,Sci-Fi,55
702,2025-02-24,S07,Galactic Wars,Sci-Fi,60
702,2025-02-24,S08,Time Anomaly,Sci-Fi,48
703,2025-03-01,S01,Crime City,Crime Drama,45
703,2025-03-01,S13,True Crime Files,Documentary,50
704,2025-01-30,S09,Toon Town,Kids,20
704,2025-01-30,S14,Parenting Unscripted,Reality TV,35
705,2025-01-04,S06,Space Frontier,Sci-Fi,55
705,2025-01-04,S07,Galactic Wars,Sci-Fi,60
706,2025-01-31,S09,Toon Town,Kids,20
706,2025-01-31,S14,Parenting Unscripted,Reality TV,35
707,2025-06-05,S11,Real Life Diaries,Reality TV,40
708,2025-03-23,S06,Space Frontier,Sci-Fi,55
708,2025-03-23,S07,Galactic Wars,Sci-Fi,60
709,2025-06-23,S04,Laugh Track,Sitcom,25
709,2025-06-23,S13,True Crime Files,Documentary,50
709,2025-06-23,S11,Real Life Diaries,Reality TV,40
710,2025-02-02,S11,Real Life Diaries,Reality TV,40
710,2025-02-02,S10,Little Explorers,Kids,18
711,2025-01-03,S09,Toon Town,Kids,20
711,2025-01-03,S10,Little Explorers,Kids,18
712,2025-02-18,S04,Laugh Track,Sitcom,25
712,2025-02-18,S05,Office Antics,Sitcom,22
713,2025-04-29,S13,True Crime Files,Documentary,50
713,2025-04-29,S01,Crime City,Crime Drama,45
713,2025-04-29,S09,Toon Town,Kids,20
714,2025-06-17,S14,Parenting Unscripted,Reality TV,35
715,2025-02-02,S02,The Detective,Crime Drama,50
715,2025-02-02,S10,Little Explorers,Kids,18
716,2025-03-25,S09,Toon Town,Kids,20
716,2025-03-25,S10,Little Explorers,Kids,18
717,2025-01-11,S06,Space Frontier,Sci-Fi,55
717,2025-01-11,S07,Galactic Wars,Sci-Fi,60
718,2025-01-02,S09,Toon Town,Kids,20
718,2025-01-02,S15,Cooking Masters,Reality TV,38
718,2025-01-02,S13,True Crime Files,Documentary,50
719,2025-02-13,S11,Real Life Diaries,Reality TV,40
719,2025-02-13,S12,Love Island Nairobi,Reality TV,45
720,2025-03-23,S04,Laugh Track,Sitcom,25
720,2025-03-23,S05,Office Antics,Sitcom,22
721,2025-03-06,S07,Galactic Wars,Sci-Fi,60
721,2025-03-06,S06,Space Frontier,Sci-Fi,55
721,2025-03-06,S09,Toon Town,Kids,20
721,2025-03-06,S08,Time Anomaly,Sci-Fi,48
722,2025-04-03,S04,Laugh Track,Sitcom,25
722,2025-04-03,S05,Office Antics,Sitcom,22
723,2025-02-23,S07,Galactic Wars,Sci-Fi,60
724,2025-02-09,S01,Crime City,Crime Drama,45
724,2025-02-09,S02,The Detective,Crime Drama,50
725,2025-02-02,S01,Crime City,Crime Drama,45
725,2025-02-02,S02,The Detective,Crime Drama,50
726,2025-03-09,S04,Laugh Track,Sitcom,25
726,2025-03-09,S05,Office Antics,Sitcom,22
726,2025-03-09,S02,The Detective,Crime Drama,50
727,2025-05-21,S06,Space Frontier,Sci-Fi,55
727,2025-05-21,S05,Office Antics,Sitcom,22
728,2025-02-01,S01,Crime City,Crime Drama,45
728,2025-02-01,S13,True Crime Files,Documentary,50
729,2025-04-06,S01,Crime City,Crime Drama,45
729,2025-04-06,S13,True Crime Files,Documentary,50
730,2025-03-15,S03,Silent Witness Redux,Crime Drama,42
730,2025-03-15,S08,Time Anomaly,Sci-Fi,48
730,2025-03-15,S12,Love Island Nairobi,Reality TV,45
730,2025-03-15,S01,Crime City,Crime Drama,45
731,2025-03-12,S05,Office Antics,Sitcom,22
731,2025-03-12,S15,Cooking Masters,Reality TV,38
731,2025-03-12,S09,Toon Town,Kids,20
732,2025-01-30,S06,Space Frontier,Sci-Fi,55
732,2025-01-30,S07,Galactic Wars,Sci-Fi,60
733,2025-03-23,S09,Toon Town,Kids,20
733,2025-03-23,S10,Little Explorers,Kids,18
734,2025-06-29,S09,Toon Town,Kids,20
734,2025-06-29,S14,Parenting Unscripted,Reality TV,35
735,2025-03-05,S09,Toon Town,Kids,20
735,2025-03-05,S14,Parenting Unscripted,Reality TV,35
736,2025-03-06,S07,Galactic Wars,Sci-Fi,60
736,2025-03-06,S13,True Crime Files,Documentary,50
737,2025-03-16,S01,Crime City,Crime Drama,45
737,2025-03-16,S02,The Detective,Crime Drama,50
737,2025-03-16,S03,Silent Witness Redux,Crime Drama,42
738,2025-03-01,S01,Crime City,Crime Drama,45
738,2025-03-01,S02,The Detective,Crime Drama,50
739,2025-02-24,S09,Toon Town,Kids,20
739,2025-02-24,S10,Little Explorers,Kids,18
740,2025-02-23,S11,Real Life Diaries,Reality TV,40
740,2025-02-23,S08,Time Anomaly,Sci-Fi,48
741,2025-05-27,S09,Toon Town,Kids,20
742,2025-05-12,S09,Toon Town,Kids,20
742,2025-05-12,S14,Parenting Unscripted,Reality TV,35
743,2025-02-19,S01,Crime City,Crime Drama,45
743,2025-02-19,S02,The Detective,Crime Drama,50
743,2025-02-19,S03,Silent Witness Redux,Crime Drama,42
744,2025-05-07,S09,Toon Town,Kids,20
744,2025-05-07,S10,Little Explorers,Kids,18
745,2025-01-24,S09,Toon Town,Kids,20
745,2025-01-24,S10,Little Explorers,Kids,18
746,2025-04-12,S11,Real Life Diaries,Reality TV,40
746,2025-04-12,S12,Love Island Nairobi,Reality TV,45
747,2025-02-27,S11,Real Life Diaries,Reality TV,40
747,2025-02-27,S12,Love Island Nairobi,Reality TV,45
748,2025-05-27,S11,Real Life Diaries,Reality TV,40
748,2025-05-27,S12,Love Island Nairobi,Reality TV,45
749,2025-01-30,S01,Crime City,Crime Drama,45
749,2025-01-30,S13,True Crime Files,Documentary,50
750,2025-03-01,S01,Crime City,Crime Drama,45
751,2025-05-25,S11,Real Life Diaries,Reality TV,40
751,2025-05-25,S12,Love Island Nairobi,Reality TV,45
752,2025-05-27,S09,Toon Town,Kids,20
752,2025-05-27,S14,Parenting Unscripted,Reality TV,35
753,2025-02-13,S08,Time Anomaly,Sci-Fi,48
753,2025-02-13,S04,Laugh Track,Sitcom,25
754,2025-03-16,S09,Toon Town,Kids,20
754,2025-03-16,S14,Parenting Unscripted,Reality TV,35
755,2025-04-07,S01,Crime City,Crime Drama,45
755,2025-04-07,S02,The Detective,Crime Drama,50
755,2025-04-07,S03,Silent Witness Redux,Crime Drama,42
756,2025-01-23,S09,Toon Town,Kids,20
756,2025-01-23,S14,Parenting Unscripted,Reality TV,35
757,2025-03-10,S04,Laugh Track,Sitcom,25
757,2025-03-10,S05,Office Antics,Sitcom,22
758,2025-02-04,S11,Real Life Diaries,Reality TV,40
759,2025-04-12,S09,Toon Town,Kids,20
759,2025-04-12,S14,Parenting Unscripted,Reality TV,35
760,2025-02-04,S09,Toon Town,Kids,20
760,2025-02-04,S14,Parenting Unscripted,Reality TV,35
761,2025-01-16,S08,Time Anomaly,Sci-Fi,48
761,2025-01-16,S12,Love Island Nairobi,Reality TV,45
761,2025-01-16,S11,Real Life Diaries,Reality TV,40
762,2025-03-23,S01,Crime City,Crime Drama,45
762,2025-03-23,S02,The Detective,Crime Drama,50
762,2025-03-23,S03,Silent Witness Redux,Crime Drama,42
763,2025-01-12,S06,Space Frontier,Sci-Fi,55
763,2025-01-12,S07,Galactic Wars,Sci-Fi,60
764,2025-02-22,S09,Toon Town,Kids,20
764,2025-02-22,S10,Little Explorers,Kids,18
764,2025-02-22,S11,Real Life Diaries,Reality TV,40
765,2025-05-27,S09,Toon Town,Kids,20
765,2025-05-27,S10,Little Explorers,Kids,18
766,2025-05-08,S15,Cooking Masters,Reality TV,38
766,2025-05-08,S10,Little Explorers,Kids,18
766,2025-05-08,S09,Toon Town,Kids,20
766,2025-05-08,S02,The Detective,Crime Drama,50
767,2025-02-24,S14,Parenting Unscripted,Reality TV,35
768,2025-02-21,S01,Crime City,Crime Drama,45
768,2025-02-21,S02,The Detective,Crime Drama,50
768,2025-02-21,S03,Silent Witness Redux,Crime Drama,42
769,2025-01-07,S04,Laugh Track,Sitcom,25
769,2025-01-07,S05,Office Antics,Sitcom,22
770,2025-05-14,S14,Parenting Unscripted,Reality TV,35
770,2025-05-14,S04,Laugh Track,Sitcom,25
770,2025-05-14,S05,Office Antics,Sitcom,22
770,2025-05-14,S06,Space Frontier,Sci-Fi,55
771,2025-05-26,S11,Real Life Diaries,Reality TV,40
771,2025-05-26,S12,Love Island Nairobi,Reality TV,45
772,2025-03-25,S01,Crime City,Crime Drama,45
772,2025-03-25,S02,The Detective,Crime Drama,50
773,2025-02-04,S09,Toon Town,Kids,20
773,2025-02-04,S14,Parenting Unscripted,Reality TV,35
774,2025-02-06,S01,Crime City,Crime Drama,45
774,2025-02-06,S13,True Crime Files,Documentary,50
774,2025-02-06,S11,Real Life Diaries,Reality TV,40
775,2025-03-04,S01,Crime City,Crime Drama,45
775,2025-03-04,S13,True Crime Files,Documentary,50
776,2025-03-30,S04,Laugh Track,Sitcom,25
776,2025-03-30,S06,Space Frontier,Sci-Fi,55
777,2025-05-05,S09,Toon Town,Kids,20
777,2025-05-05,S10,Little Explorers,Kids,18
778,2025-04-20,S04,Laugh Track,Sitcom,25
778,2025-04-20,S05,Office Antics,Sitcom,22
779,2025-02-06,S11,Real Life Diaries,Reality TV,40
779,2025-02-06,S10,Little Explorers,Kids,18
780,2025-01-14,S08,Time Anomaly,Sci-Fi,48
780,2025-01-14,S06,Space Frontier,Sci-Fi,55
781,2025-02-23,S13,True Crime Files,Documentary,50
781,2025-02-23,S15,Cooking Masters,Reality TV,38
781,2025-02-23,S14,Parenting Unscripted,Reality TV,35
782,2025-03-29,S10,Little Explorers,Kids,18
782,2025-03-29,S04,Laugh Track,Sitcom,25
782,2025-03-29,S01,Crime City,Crime Drama,45
783,2025-02-19,S01,Crime City,Crime Drama,45
783,2025-02-19,S02,The Detective,Crime Drama,50
784,2025-03-06,S01,Crime City,Crime Drama,45
784,2025-03-06,S02,The Detective,Crime Drama,50
784,2025-03-06,S13,True Crime Files,Documentary,50
785,2025-06-16,S06,Space Frontier,Sci-Fi,55
785,2025-06-16,S07,Galactic Wars,Sci-Fi,60
785,2025-06-16,S08,Time Anomaly,Sci-Fi,48
786,2025-03-25,S09,Toon Town,Kids,20
786,2025-03-25,S15,Cooking Masters,Reality TV,38
787,2025-01-01,S03,Silent Witness Redux,Crime Drama,42
787,2025-01-01,S11,Real Life Diaries,Reality TV,40
787,2025-01-01,S13,True Crime Files,Documentary,50
788,2025-05-07,S01,Crime City,Crime Drama,45
788,2025-05-07,S02,The Detective,Crime Drama,50
789,2025-02-22,S01,Crime City,Crime Drama,45
789,2025-02-22,S02,The Detective,Crime Drama,50
789,2025-02-22,S03,Silent Witness Redux,Crime Drama,42
790,2025-04-04,S04,Laugh Track,Sitcom,25
790,2025-04-04,S05,Office Antics,Sitcom,22
791,2025-01-18,S10,Little Explorers,Kids,18
791,2025-01-18,S14,Parenting Unscripted,Reality TV,35
791,2025-01-18,S03,Silent Witness Redux,Crime Drama,42
791,2025-01-18,S06,Space Frontier,Sci-Fi,55
792,2025-03-14,S06,Space Frontier,Sci-Fi,55
792,2025-03-14,S07,Galactic Wars,Sci-Fi,60
793,2025-01-28,S09,Toon Town,Kids,20
793,2025-01-28,S10,Little Explorers,Kids,18
794,2025-06-02,S07,Galactic Wars,Sci-Fi,60
794,2025-06-02,S03,Silent Witness Redux,Crime Drama,42
794,2025-06-02,S14,Parenting Unscripted,Reality TV,35
794,2025-06-02,S05,Office Antics,Sitcom,22
795,2025-02-05,S06,Space Frontier,Sci-Fi,55
795,2025-02-05,S07,Galactic Wars,Sci-Fi,60
795,2025-02-05,S08,Time Anomaly,Sci-Fi,48
796,2025-04-22,S01,Crime City,Crime Drama,45
796,2025-04-22,S13,True Crime Files,Documentary,50
797,2025-05-19,S07,Galactic Wars,Sci-Fi,60
798,2025-02-13,S11,Real Life Diaries,Reality TV,40
798,2025-02-13,S12,Love Island Nairobi,Reality TV,45
799,2025-03-06,S11,Real Life Diaries,Reality TV,40
799,2025-03-06,S12,Love Island Nairobi,Reality TV,45
799,2025-03-06,S02,The Detective,Crime Drama,50
800,2025-06-06,S13,True Crime Files,Documentary,50
800,2025-06-06,S11,Real Life Diaries,Reality TV,40
801,2025-05-08,S14,Parenting Unscripted,Reality TV,35
802,2025-01-15,S08,Time Anomaly,Sci-Fi,48
802,2025-01-15,S10,Little Explorers,Kids,18
802,2025-01-15,S12,Love Island Nairobi,Reality TV,45
802,2025-01-15,S04,Laugh Track,Sitcom,25
803,2025-05-10,S06,Space Frontier,Sci-Fi,55
803,2025-05-10,S07,Galactic Wars,Sci-Fi,60
803,2025-05-10,S03,Silent Witness Redux,Crime Drama,42
804,2025-01-18,S02,The Detective,Crime Drama,50
804,2025-01-18,S10,Little Explorers,Kids,18
804,2025-01-18,S09,Toon Town,Kids,20
804,2025-01-18,S06,Space Frontier,Sci-Fi,55
805,2025-01-06,S05,Office Antics,Sitcom,22
805,2025-01-06,S01,Crime City,Crime Drama,45
806,2025-05-30,S13,True Crime Files,Documentary,50
806,2025-05-30,S10,Little Explorers,Kids,18
806,2025-05-30,S01,Crime City,Crime Drama,45
806,2025-05-30,S15,Cooking Masters,Reality TV,38
807,2025-05-26,S11,Real Life Diaries,Reality TV,40
807,2025-05-26,S06,Space Frontier,Sci-Fi,55
807,2025-05-26,S03,Silent Witness Redux,Crime Drama,42
808,2025-02-09,S05,Office Antics,Sitcom,22
808,2025-02-09,S04,Laugh Track,Sitcom,25
808,2025-02-09,S09,Toon Town,Kids,20
809,2025-05-22,S01,Crime City,Crime Drama,45
809,2025-05-22,S13,True Crime Files,Documentary,50
810,2025-02-05,S09,Toon Town,Kids,20
810,2025-02-05,S14,Parenting Unscripted,Reality TV,35
811,2025-01-31,S09,Toon Town,Kids,20
811,2025-01-31,S08,Time Anomaly,Sci-Fi,48
811,2025-01-31,S10,Little Explorers,Kids,18
812,2025-03-21,S09,Toon Town,Kids,20
812,2025-03-21,S14,Parenting Unscripted,Reality TV,35
813,2025-05-12,S04,Laugh Track,Sitcom,25
814,2025-02-25,S06,Space Frontier,Sci-Fi,55
814,2025-02-25,S07,Galactic Wars,Sci-Fi,60
815,2025-05-18,S09,Toon Town,Kids,20
815,2025-05-18,S14,Parenting Unscripted,Reality TV,35
816,2025-03-26,S15,Cooking Masters,Reality TV,38
816,2025-03-26,S10,Little Explorers,Kids,18
816,2025-03-26,S09,Toon Town,Kids,20
817,2025-02-01,S01,Crime City,Crime Drama,45
817,2025-02-01,S02,The Detective,Crime Drama,50
817,2025-02-01,S03,Silent Witness Redux,Crime Drama,42
818,2025-05-16,S11,Real Life Diaries,Reality TV,40
819,2025-04-24,S09,Toon Town,Kids,20
819,2025-04-24,S14,Parenting Unscripted,Reality TV,35
819,2025-04-24,S03,Silent Witness Redux,Crime Drama,42
820,2025-01-31,S01,Crime City,Crime Drama,45
820,2025-01-31,S13,True Crime Files,Documentary,50
820,2025-01-31,S08,Time Anomaly,Sci-Fi,48
821,2025-04-18,S01,Crime City,Crime Drama,45
821,2025-04-18,S02,The Detective,Crime Drama,50
821,2025-04-18,S03,Silent Witness Redux,Crime Drama,42
822,2025-01-17,S09,Toon Town,Kids,20
822,2025-01-17,S10,Little Explorers,Kids,18
823,2025-01-21,S03,Silent Witness Redux,Crime Drama,42
823,2025-01-21,S07,Galactic Wars,Sci-Fi,60
823,2025-01-21,S02,The Detective,Crime Drama,50
824,2025-06-10,S10,Little Explorers,Kids,18
824,2025-06-10,S09,Toon Town,Kids,20
825,2025-01-14,S11,Real Life Diaries,Reality TV,40
825,2025-01-14,S12,Love Island Nairobi,Reality TV,45
825,2025-01-14,S15,Cooking Masters,Reality TV,38
826,2025-02-24,S01,Crime City,Crime Drama,45
826,2025-02-24,S04,Laugh Track,Sitcom,25
827,2025-01-10,S01,Crime City,Crime Drama,45
828,2025-04-06,S09,Toon Town,Kids,20
828,2025-04-06,S10,Little Explorers,Kids,18
829,2025-04-24,S06,Space Frontier,Sci-Fi,55
829,2025-04-24,S07,Galactic Wars,Sci-Fi,60
829,2025-04-24,S08,Time Anomaly,Sci-Fi,48
830,2025-01-30,S08,Time Anomaly,Sci-Fi,48
831,2025-02-18,S08,Time Anomaly,Sci-Fi,48
832,2025-05-31,S15,Cooking Masters,Reality TV,38
833,2025-04-27,S06,Space Frontier,Sci-Fi,55
833,2025-04-27,S07,Galactic Wars,Sci-Fi,60
833,2025-04-27,S08,Time Anomaly,Sci-Fi,48
834,2025-02-27,S11,Real Life Diaries,Reality TV,40
835,2025-04-20,S07,Galactic Wars,Sci-Fi,60
835,2025-04-20,S12,Love Island Nairobi,Reality TV,45
835,2025-04-20,S06,Space Frontier,Sci-Fi,55
835,2025-04-20,S10,Little Explorers,Kids,18
836,2025-05-13,S06,Space Frontier,Sci-Fi,55
836,2025-05-13,S07,Galactic Wars,Sci-Fi,60
837,2025-01-24,S09,Toon Town,Kids,20
838,2025-04-20,S04,Laugh Track,Sitcom,25
838,2025-04-20,S05,Office Antics,Sitcom,22
839,2025-01-02,S11,Real Life Diaries,Reality TV,40
839,2025-01-02,S12,Love Island Nairobi,Reality TV,45
840,2025-04-30,S10,Little Explorers,Kids,18
840,2025-04-30,S07,Galactic Wars,Sci-Fi,60
840,2025-04-30,S15,Cooking Masters,Reality TV,38
841,2025-06-22,S04,Laugh Track,Sitcom,25
841,2025-06-22,S05,Office Antics,Sitcom,22
842,2025-06-02,S09,Toon Town,Kids,20
842,2025-06-02,S10,Little Explorers,Kids,18
843,2025-01-04,S10,Little Explorers,Kids,18
844,2025-02-28,S06,Space Frontier,Sci-Fi,55
845,2025-05-19,S11,Real Life Diaries,Reality TV,40
845,2025-05-19,S01,Crime City,Crime Drama,45
845,2025-05-19,S03,Silent Witness Redux,Crime Drama,42
846,2025-03-14,S09,Toon Town,Kids,20
847,2025-06-17,S02,The Detective,Crime Drama,50
847,2025-06-17,S06,Space Frontier,Sci-Fi,55
847,2025-06-17,S03,Silent Witness Redux,Crime Drama,42
848,2025-02-04,S01,Crime City,Crime Drama,45
848,2025-02-04,S13,True Crime Files,Documentary,50
849,2025-03-13,S03,Silent Witness Redux,Crime Drama,42
849,2025-03-13,S14,Parenting Unscripted,Reality TV,35
849,2025-03-13,S04,Laugh Track,Sitcom,25
850,2025-04-07,S11,Real Life Diaries,Reality TV,40
850,2025-04-07,S12,Love Island Nairobi,Reality TV,45
850,2025-04-07,S15,Cooking Masters,Reality TV,38
851,2025-02-07,S01,Crime City,Crime Drama,45
851,2025-02-07,S13,True Crime Files,Documentary,50
852,2025-05-03,S01,Crime City,Crime Drama,45
852,2025-05-03,S02,The Detective,Crime Drama,50
853,2025-05-21,S02,The Detective,Crime Drama,50
853,2025-05-21,S06,Space Frontier,Sci-Fi,55
854,2025-04-19,S04,Laugh Track,Sitcom,25
854,2025-04-19,S05,Office Antics,Sitcom,22
855,2025-05-16,S11,Real Life Diaries,Reality TV,40
855,2025-05-16,S12,Love Island Nairobi,Reality TV,45
855,2025-05-16,S15,Cooking Masters,Reality TV,38
856,2025-02-27,S01,Crime City,Crime Drama,45
856,2025-02-27,S02,The Detective,Crime Drama,50
857,2025-03-24,S05,Office Antics,Sitcom,22
858,2025-01-11,S09,Toon Town,Kids,20
858,2025-01-11,S11,Real Life Diaries,Reality TV,40
858,2025-01-11,S13,True Crime Files,Documentary,50
858,2025-01-11,S01,Crime City,Crime Drama,45
859,2025-04-09,S01,Crime City,Crime Drama,45
859,2025-04-09,S02,The Detective,Crime Drama,50
860,2025-02-09,S01,Crime City,Crime Drama,45
860,2025-02-09,S02,The Detective,Crime Drama,50
860,2025-02-09,S03,Silent Witness Redux,Crime Drama,42
861,2025-03-31,S08,Time Anomaly,Sci-Fi,48
861,2025-03-31,S09,Toon Town,Kids,20
861,2025-03-31,S12,Love Island Nairobi,Reality TV,45
861,2025-03-31,S01,Crime City,Crime Drama,45
862,2025-04-02,S09,Toon Town,Kids,20
862,2025-04-02,S14,Parenting Unscripted,Reality TV,35
863,2025-02-18,S11,Real Life Diaries,Reality TV,40
863,2025-02-18,S13,True Crime Files,Documentary,50
863,2025-02-18,S04,Laugh Track,Sitcom,25
863,2025-02-18,S08,Time Anomaly,Sci-Fi,48
864,2025-01-20,S13,True Crime Files,Documentary,50
865,2025-06-03,S12,Love Island Nairobi,Reality TV,45
866,2025-01-23,S03,Silent Witness Redux,Crime Drama,42
866,2025-01-23,S15,Cooking Masters,Reality TV,38
867,2025-03-25,S11,Real Life Diaries,Reality TV,40
867,2025-03-25,S12,Love Island Nairobi,Reality TV,45
868,2025-01-15,S06,Space Frontier,Sci-Fi,55
868,2025-01-15,S10,Little Explorers,Kids,18
868,2025-01-15,S15,Cooking Masters,Reality TV,38
868,2025-01-15,S12,Love Island Nairobi,Reality TV,45
869,2025-02-03,S01,Crime City,Crime Drama,45
869,2025-02-03,S13,True Crime Files,Documentary,50
870,2025-02-16,S09,Toon Town,Kids,20
870,2025-02-16,S10,Little Explorers,Kids,18
871,2025-03-13,S10,Little Explorers,Kids,18
872,2025-01-23,S06,Space Frontier,Sci-Fi,55
872,2025-01-23,S07,Galactic Wars,Sci-Fi,60
873,2025-06-28,S11,Real Life Diaries,Reality TV,40
873,2025-06-28,S12,Love Island Nairobi,Reality TV,45
874,2025-05-05,S06,Space Frontier,Sci-Fi,55
874,2025-05-05,S08,Time Anomaly,Sci-Fi,48
875,2025-04-19,S15,Cooking Masters,Reality TV,38
876,2025-06-26,S11,Real Life Diaries,Reality TV,40
876,2025-06-26,S12,Love Island Nairobi,Reality TV,45
877,2025-01-13,S09,Toon Town,Kids,20
877,2025-01-13,S10,Little Explorers,Kids,18
878,2025-04-09,S05,Office Antics,Sitcom,22
879,2025-03-11,S09,Toon Town,Kids,20
879,2025-03-11,S10,Little Explorers,Kids,18
880,2025-03-16,S10,Little Explorers,Kids,18
880,2025-03-16,S11,Real Life Diaries,Reality TV,40
880,2025-03-16,S15,Cooking Masters,Reality TV,38
881,2025-05-14,S12,Love Island Nairobi,Reality TV,45
882,2025-02-01,S09,Toon Town,Kids,20
882,2025-02-01,S10,Little Explorers,Kids,18
883,2025-06-03,S08,Time Anomaly,Sci-Fi,48
883,2025-06-03,S05,Office Antics,Sitcom,22
883,2025-06-03,S04,Laugh Track,Sitcom,25
884,2025-06-18,S01,Crime City,Crime Drama,45
884,2025-06-18,S14,Parenting Unscripted,Reality TV,35
884,2025-06-18,S12,Love Island Nairobi,Reality TV,45
885,2025-06-21,S11,Real Life Diaries,Reality TV,40
885,2025-06-21,S12,Love Island Nairobi,Reality TV,45
886,2025-06-01,S01,Crime City,Crime Drama,45
886,2025-06-01,S13,True Crime Files,Documentary,50
886,2025-06-01,S10,Little Explorers,Kids,18
887,2025-06-11,S12,Love Island Nairobi,Reality TV,45
887,2025-06-11,S08,Time Anomaly,Sci-Fi,48
887,2025-06-11,S11,Real Life Diaries,Reality TV,40
887,2025-06-11,S06,Space Frontier,Sci-Fi,55
888,2025-03-03,S05,Office Antics,Sitcom,22
888,2025-03-03,S10,Little Explorers,Kids,18
888,2025-03-03,S06,Space Frontier,Sci-Fi,55
889,2025-04-11,S14,Parenting Unscripted,Reality TV,35
889,2025-04-11,S10,Little Explorers,Kids,18
889,2025-04-11,S06,Space Frontier,Sci-Fi,55
889,2025-04-11,S05,Office Antics,Sitcom,22
890,2025-01-28,S01,Crime City,Crime Drama,45
890,2025-01-28,S02,The Detective,Crime Drama,50
891,2025-05-20,S15,Cooking Masters,Reality TV,38
891,2025-05-20,S06,Space Frontier,Sci-Fi,55
891,2025-05-20,S01,Crime City,Crime Drama,45
891,2025-05-20,S07,Galactic Wars,Sci-Fi,60
892,2025-04-24,S06,Space Frontier,Sci-Fi,55
892,2025-04-24,S07,Galactic Wars,Sci-Fi,60
893,2025-01-06,S12,Love Island Nairobi,Reality TV,45
894,2025-03-20,S06,Space Frontier,Sci-Fi,55
894,2025-03-20,S07,Galactic Wars,Sci-Fi,60
895,2025-01-04,S03,Silent Witness Redux,Crime Drama,42
895,2025-01-04,S07,Galactic Wars,Sci-Fi,60
896,2025-02-09,S04,Laugh Track,Sitcom,25
896,2025-02-09,S05,Office Antics,Sitcom,22
897,2025-01-16,S04,Laugh Track,Sitcom,25
897,2025-01-16,S15,Cooking Masters,Reality TV,38
897,2025-01-16,S06,Space Frontier,Sci-Fi,55
897,2025-01-16,S07,Galactic Wars,Sci-Fi,60
898,2025-02-25,S09,Toon Town,Kids,20
898,2025-02-25,S10,Little Explorers,Kids,18
899,2025-02-04,S09,Toon Town,Kids,20
899,2025-02-04,S10,Little Explorers,Kids,18
900,2025-01-07,S01,Crime City,Crime Drama,45
900,2025-01-07,S13,True Crime Files,Documentary,50
900,2025-01-07,S08,Time Anomaly,Sci-Fi,48
901,2025-05-24,S15,Cooking Masters,Reality TV,38
901,2025-05-24,S09,Toon Town,Kids,20
902,2025-04-30,S03,Silent Witness Redux,Crime Drama,42
902,2025-04-30,S01,Crime City,Crime Drama,45
902,2025-04-30,S13,True Crime Files,Documentary,50
903,2025-05-28,S13,True Crime Files,Documentary,50
903,2025-05-28,S01,Crime City,Crime Drama,45
904,2025-06-10,S11,Real Life Diaries,Reality TV,40
904,2025-06-10,S12,Love Island Nairobi,Reality TV,45
904,2025-06-10,S15,Cooking Masters,Reality TV,38
904,2025-06-10,S01,Crime City,Crime Drama,45
905,2025-03-27,S09,Toon Town,Kids,20
906,2025-06-25,S01,Crime City,Crime Drama,45
907,2025-05-18,S02,The Detective,Crime Drama,50
907,2025-05-18,S06,Space Frontier,Sci-Fi,55
907,2025-05-18,S01,Crime City,Crime Drama,45
908,2025-02-12,S01,Crime City,Crime Drama,45
908,2025-02-12,S13,True Crime Files,Documentary,50
909,2025-05-19,S11,Real Life Diaries,Reality TV,40
909,2025-05-19,S12,Love Island Nairobi,Reality TV,45
910,2025-02-12,S11,Real Life Diaries,Reality TV,40
911,2025-01-15,S11,Real Life Diaries,Reality TV,40
911,2025-01-15,S12,Love Island Nairobi,Reality TV,45
911,2025-01-15,S15,Cooking Masters,Reality TV,38
912,2025-02-27,S11,Real Life Diaries,Reality TV,40
912,2025-02-27,S12,Love Island Nairobi,Reality TV,45
912,2025-02-27,S09,Toon Town,Kids,20
912,2025-02-27,S15,Cooking Masters,Reality TV,38
913,2025-05-09,S01,Crime City,Crime Drama,45
913,2025-05-09,S06,Space Frontier,Sci-Fi,55
913,2025-05-09,S04,Laugh Track,Sitcom,25
914,2025-03-16,S01,Crime City,Crime Drama,45
914,2025-03-16,S04,Laugh Track,Sitcom,25
915,2025-03-22,S09,Toon Town,Kids,20
915,2025-03-22,S14,Parenting Unscripted,Reality TV,35
916,2025-04-06,S08,Time Anomaly,Sci-Fi,48
917,2025-05-07,S04,Laugh Track,Sitcom,25
917,2025-05-07,S05,Office Antics,Sitcom,22
917,2025-05-07,S01,Crime City,Crime Drama,45
918,2025-06-21,S02,The Detective,Crime Drama,50
918,2025-06-21,S06,Space Frontier,Sci-Fi,55
919,2025-03-31,S11,Real Life Diaries,Reality TV,40
919,2025-03-31,S12,Love Island Nairobi,Reality TV,45
920,2025-05-17,S10,Little Explorers,Kids,18
921,2025-01-22,S11,Real Life Diaries,Reality TV,40
921,2025-01-22,S12,Love Island Nairobi,Reality TV,45
921,2025-01-22,S15,Cooking Masters,Reality TV,38
922,2025-01-20,S11,Real Life Diaries,Reality TV,40
922,2025-01-20,S09,Toon Town,Kids,20
922,2025-01-20,S13,True Crime Files,Documentary,50
922,2025-01-20,S06,Space Frontier,Sci-Fi,55
923,2025-06-04,S04,Laugh Track,Sitcom,25
923,2025-06-04,S05,Office Antics,Sitcom,22
923,2025-06-04,S14,Parenting Unscripted,Reality TV,35
924,2025-05-19,S01,Crime City,Crime Drama,45
924,2025-05-19,S02,The Detective,Crime Drama,50
925,2025-03-03,S13,True Crime Files,Documentary,50
925,2025-03-03,S01,Crime City,Crime Drama,45
926,2025-01-04,S04,Laugh Track,Sitcom,25
926,2025-01-04,S05,Office Antics,Sitcom,22
927,2025-06-25,S01,Crime City,Crime Drama,45
927,2025-06-25,S13,True Crime Files,Documentary,50
928,2025-01-06,S12,Love Island Nairobi,Reality TV,45
928,2025-01-06,S08,Time Anomaly,Sci-Fi,48
928,2025-01-06,S04,Laugh Track,Sitcom,25
928,2025-01-06,S14,Parenting Unscripted,Reality TV,35
929,2025-04-08,S06,Space Frontier,Sci-Fi,55
929,2025-04-08,S07,Galactic Wars,Sci-Fi,60
929,2025-04-08,S12,Love Island Nairobi,Reality TV,45
930,2025-03-01,S09,Toon Town,Kids,20
930,2025-03-01,S10,Little Explorers,Kids,18
931,2025-02-09,S01,Crime City,Crime Drama,45
931,2025-02-09,S13,True Crime Files,Documentary,50
932,2025-04-15,S04,Laugh Track,Sitcom,25
932,2025-04-15,S05,Office Antics,Sitcom,22
933,2025-05-17,S09,Toon Town,Kids,20
933,2025-05-17,S10,Little Explorers,Kids,18
934,2025-05-12,S11,Real Life Diaries,Reality TV,40
934,2025-05-12,S12,Love Island Nairobi,Reality TV,45
934,2025-05-12,S15,Cooking Masters,Reality TV,38
935,2025-06-12,S06,Space Frontier,Sci-Fi,55
935,2025-06-12,S07,Galactic Wars,Sci-Fi,60
936,2025-01-14,S04,Laugh Track,Sitcom,25
936,2025-01-14,S14,Parenting Unscripted,Reality TV,35
937,2025-06-04,S01,Crime City,Crime Drama,45
937,2025-06-04,S02,The Detective,Crime Drama,50
937,2025-06-04,S03,Silent Witness Redux,Crime Drama,42
938,2025-06-17,S09,Toon Town,Kids,20
939,2025-01-05,S07,Galactic Wars,Sci-Fi,60
940,2025-06-28,S01,Crime City,Crime Drama,45
940,2025-06-28,S13,True Crime Files,Documentary,50
941,2025-01-10,S04,Laugh Track,Sitcom,25
941,2025-01-10,S05,Office Antics,Sitcom,22
942,2025-02-22,S06,Space Frontier,Sci-Fi,55
942,2025-02-22,S07,Galactic Wars,Sci-Fi,60
943,2025-06-17,S05,Office Antics,Sitcom,22
943,2025-06-17,S11,Real Life Diaries,Reality TV,40
943,2025-06-17,S14,Parenting Unscripted,Reality TV,35
944,2025-04-06,S09,Toon Town,Kids,20
944,2025-04-06,S10,Little Explorers,Kids,18
945,2025-01-27,S05,Office Antics,Sitcom,22
945,2025-01-27,S02,The Detective,Crime Drama,50
945,2025-01-27,S13,True Crime Files,Documentary,50
946,2025-05-01,S06,Space Frontier,Sci-Fi,55
946,2025-05-01,S07,Galactic Wars,Sci-Fi,60
946,2025-05-01,S08,Time Anomaly,Sci-Fi,48
947,2025-03-05,S05,Office Antics,Sitcom,22
948,2025-01-02,S03,Silent Witness Redux,Crime Drama,42
948,2025-01-02,S09,Toon Town,Kids,20
948,2025-01-02,S07,Galactic Wars,Sci-Fi,60
948,2025-01-02,S04,Laugh Track,Sitcom,25
949,2025-05-25,S08,Time Anomaly,Sci-Fi,48
949,2025-05-25,S09,Toon Town,Kids,20
949,2025-05-25,S15,Cooking Masters,Reality TV,38
950,2025-02-07,S04,Laugh Track,Sitcom,25
950,2025-02-07,S05,Office Antics,Sitcom,22
951,2025-05-19,S04,Laugh Track,Sitcom,25
951,2025-05-19,S05,Office Antics,Sitcom,22
952,2025-05-24,S14,Parenting Unscripted,Reality TV,35
952,2025-05-24,S07,Galactic Wars,Sci-Fi,60
952,2025-05-24,S12,Love Island Nairobi,Reality TV,45
952,2025-05-24,S13,True Crime Files,Documentary,50
953,2025-06-11,S01,Crime City,Crime Drama,45
953,2025-06-11,S13,True Crime Files,Documentary,50
954,2025-02-23,S10,Little Explorers,Kids,18
955,2025-03-17,S06,Space Frontier,Sci-Fi,55
955,2025-03-17,S07,Galactic Wars,Sci-Fi,60
956,2025-04-22,S05,Office Antics,Sitcom,22
957,2025-06-21,S01,Crime City,Crime Drama,45
957,2025-06-21,S13,True Crime Files,Documentary,50
957,2025-06-21,S03,Silent Witness Redux,Crime Drama,42
958,2025-05-16,S15,Cooking Masters,Reality TV,38
958,2025-05-16,S04,Laugh Track,Sitcom,25
958,2025-05-16,S08,Time Anomaly,Sci-Fi,48
959,2025-06-05,S09,Toon Town,Kids,20
959,2025-06-05,S14,Parenting Unscripted,Reality TV,35
960,2025-01-01,S06,Space Frontier,Sci-Fi,55
960,2025-01-01,S07,Galactic Wars,Sci-Fi,60
961,2025-03-14,S11,Real Life Diaries,Reality TV,40
961,2025-03-14,S03,Silent Witness Redux,Crime Drama,42
961,2025-03-14,S10,Little Explorers,Kids,18
962,2025-05-23,S06,Space Frontier,Sci-Fi,55
962,2025-05-23,S07,Galactic Wars,Sci-Fi,60
962,2025-05-23,S08,Time Anomaly,Sci-Fi,48
963,2025-06-02,S01,Crime City,Crime Drama,45
963,2025-06-02,S02,The Detective,Crime Drama,50
964,2025-02-15,S04,Laugh Track,Sitcom,25
964,2025-02-15,S05,Office Antics,Sitcom,22
965,2025-05-15,S09,Toon Town,Kids,20
965,2025-05-15,S14,Parenting Unscripted,Reality TV,35
965,2025-05-15,S10,Little Explorers,Kids,18
966,2025-06-21,S11,Real Life Diaries,Reality TV,40
966,2025-06-21,S04,Laugh Track,Sitcom,25
967,2025-01-18,S04,Laugh Track,Sitcom,25
968,2025-03-28,S06,Space Frontier,Sci-Fi,55
969,2025-01-05,S05,Office Antics,Sitcom,22
969,2025-01-05,S09,Toon Town,Kids,20
969,2025-01-05,S11,Real Life Diaries,Reality TV,40
969,2025-01-05,S14,Parenting Unscripted,Reality TV,35
970,2025-05-10,S04,Laugh Track,Sitcom,25
970,2025-05-10,S05,Office Antics,Sitcom,22
971,2025-01-12,S01,Crime City,Crime Drama,45
971,2025-01-12,S13,True Crime Files,Documentary,50
972,2025-05-16,S06,Space Frontier,Sci-Fi,55
972,2025-05-16,S07,Galactic Wars,Sci-Fi,60
973,2025-05-24,S06,Space Frontier,Sci-Fi,55
973,2025-05-24,S07,Galactic Wars,Sci-Fi,60
974,2025-01-15,S04,Laugh Track,Sitcom,25
975,2025-05-28,S01,Crime City,Crime Drama,45
975,2025-05-28,S02,The Detective,Crime Drama,50
975,2025-05-28,S05,Office Antics,Sitcom,22
976,2025-03-20,S01,Crime City,Crime Drama,45
976,2025-03-20,S02,The Detective,Crime Drama,50
977,2025-04-01,S09,Toon Town,Kids,20
977,2025-04-01,S10,Little Explorers,Kids,18
978,2025-05-18,S12,Love Island Nairobi,Reality TV,45
979,2025-05-19,S09,Toon Town,Kids,20
980,2025-04-01,S02,The Detective,Crime Drama,50
980,2025-04-01,S06,Space Frontier,Sci-Fi,55
981,2025-01-08,S14,Parenting Unscripted,Reality TV,35
982,2025-04-17,S09,Toon Town,Kids,20
982,2025-04-17,S14,Parenting Unscripted,Reality TV,35
983,2025-04-20,S01,Crime City,Crime Drama,45
983,2025-04-20,S13,True Crime Files,Documentary,50
983,2025-04-20,S03,Silent Witness Redux,Crime Drama,42
984,2025-02-04,S13,True Crime Files,Documentary,50
984,2025-02-04,S06,Space Frontier,Sci-Fi,55
984,2025-02-04,S02,The Detective,Crime Drama,50
984,2025-02-04,S09,Toon Town,Kids,20
985,2025-06-26,S04,Laugh Track,Sitcom,25
985,2025-06-26,S05,Office Antics,Sitcom,22
985,2025-06-26,S10,Little Explorers,Kids,18
986,2025-02-18,S15,Cooking Masters,Reality TV,38
986,2025-02-18,S12,Love Island Nairobi,Reality TV,45
987,2025-03-08,S01,Crime City,Crime Drama,45
987,2025-03-08,S02,The Detective,Crime Drama,50
987,2025-03-08,S03,Silent Witness Redux,Crime Drama,42
988,2025-05-24,S09,Toon Town,Kids,20
988,2025-05-24,S10,Little Explorers,Kids,18
989,2025-04-17,S01,Crime City,Crime Drama,45
989,2025-04-17,S02,The Detective,Crime Drama,50
990,2025-03-19,S11,Real Life Diaries,Reality TV,40
990,2025-03-19,S03,Silent Witness Redux,Crime Drama,42
990,2025-03-19,S06,Space Frontier,Sci-Fi,55
990,2025-03-19,S12,Love Island Nairobi,Reality TV,45
991,2025-01-03,S10,Little Explorers,Kids,18
991,2025-01-03,S02,The Detective,Crime Drama,50
992,2025-01-28,S13,True Crime Files,Documentary,50
992,2025-01-28,S07,Galactic Wars,Sci-Fi,60
992,2025-01-28,S01,Crime City,Crime Drama,45
992,2025-01-28,S11,Real Life Diaries,Reality TV,40
993,2025-06-25,S08,Time Anomaly,Sci-Fi,48
993,2025-06-25,S04,Laugh Track,Sitcom,25
993,2025-06-25,S06,Space Frontier,Sci-Fi,55
994,2025-01-03,S14,Parenting Unscripted,Reality TV,35
994,2025-01-03,S01,Crime City,Crime Drama,45
994,2025-01-03,S06,Space Frontier,Sci-Fi,55
994,2025-01-03,S11,Real Life Diaries,Reality TV,40
995,2025-06-05,S15,Cooking Masters,Reality TV,38
996,2025-03-06,S04,Laugh Track,Sitcom,25
996,2025-03-06,S05,Office Antics,Sitcom,22
997,2025-06-20,S11,Real Life Diaries,Reality TV,40
997,2025-06-20,S12,Love Island Nairobi,Reality TV,45
998,2025-02-17,S10,Little Explorers,Kids,18
998,2025-02-17,S15,Cooking Masters,Reality TV,38
998,2025-02-17,S05,Office Antics,Sitcom,22
998,2025-02-17,S13,True Crime Files,Documentary,50
999,2025-05-19,S09,Toon Town,Kids,20
999,2025-05-19,S14,Parenting Unscripted,Reality TV,35
1000,2025-04-19,S09,Toon Town,Kids,20
1000,2025-04-19,S10,Little Explorers,Kids,18
1001,2025-02-13,S04,Laugh Track,Sitcom,25
1001,2025-02-13,S05,Office Antics,Sitcom,22
1002,2025-06-25,S11,Real Life Diaries,Reality TV,40
1002,2025-06-25,S13,True Crime Files,Documentary,50
1003,2025-04-22,S04,Laugh Track,Sitcom,25
1003,2025-04-22,S05,Office Antics,Sitcom,22
1004,2025-01-14,S01,Crime City,Crime Drama,45
1004,2025-01-14,S13,True Crime Files,Documentary,50
1005,2025-04-15,S07,Galactic Wars,Sci-Fi,60
1005,2025-04-15,S10,Little Explorers,Kids,18
1006,2025-06-18,S02,The Detective,Crime Drama,50
1006,2025-06-18,S10,Little Explorers,Kids,18
1006,2025-06-18,S05,Office Antics,Sitcom,22
1006,2025-06-18,S12,Love Island Nairobi,Reality TV,45
1007,2025-02-14,S04,Laugh Track,Sitcom,25
1007,2025-02-14,S05,Office Antics,Sitcom,22
1007,2025-02-14,S14,Parenting Unscripted,Reality TV,35
1008,2025-05-29,S01,Crime City,Crime Drama,45
1009,2025-04-26,S12,Love Island Nairobi,Reality TV,45
1009,2025-04-26,S11,Real Life Diaries,Reality TV,40
1009,2025-04-26,S06,Space Frontier,Sci-Fi,55
1010,2025-06-26,S01,Crime City,Crime Drama,45
1010,2025-06-26,S13,True Crime Files,Documentary,50
1011,2025-06-03,S01,Crime City,Crime Drama,45
1011,2025-06-03,S02,The Detective,Crime Drama,50
1012,2025-06-03,S09,Toon Town,Kids,20
1012,2025-06-03,S14,Parenting Unscripted,Reality TV,35
1013,2025-01-14,S01,Crime City,Crime Drama,45
1013,2025-01-14,S02,The Detective,Crime Drama,50
1014,2025-06-06,S09,Toon Town,Kids,20
1014,2025-06-06,S14,Parenting Unscripted,Reality TV,35
1014,2025-06-06,S07,Galactic Wars,Sci-Fi,60
1015,2025-05-10,S03,Silent Witness Redux,Crime Drama,42
1015,2025-05-10,S06,Space Frontier,Sci-Fi,55
1015,2025-05-10,S02,The Detective,Crime Drama,50
1015,2025-05-10,S04,Laugh Track,Sitcom,25
1016,2025-04-04,S09,Toon Town,Kids,20
1016,2025-04-04,S14,Parenting Unscripted,Reality TV,35
1017,2025-05-26,S09,Toon Town,Kids,20
1017,2025-05-26,S10,Little Explorers,Kids,18
1018,2025-04-21,S09,Toon Town,Kids,20
1018,2025-04-21,S10,Little Explorers,Kids,18
1019,2025-01-01,S01,Crime City,Crime Drama,45
1019,2025-01-01,S02,The Detective,Crime Drama,50
1020,2025-01-23,S07,Galactic Wars,Sci-Fi,60
1021,2025-06-25,S04,Laugh Track,Sitcom,25
1021,2025-06-25,S05,Office Antics,Sitcom,22
1022,2025-01-02,S13,True Crime Files,Documentary,50
1023,2025-01-10,S09,Toon Town,Kids,20
1023,2025-01-10,S10,Little Explorers,Kids,18
1024,2025-05-17,S11,Real Life Diaries,Reality TV,40
1024,2025-05-17,S12,Love Island Nairobi,Reality TV,45
1025,2025-06-04,S12,Love Island Nairobi,Reality TV,45
1025,2025-06-04,S04,Laugh Track,Sitcom,25
1026,2025-01-16,S09,Toon Town,Kids,20
1026,2025-01-16,S10,Little Explorers,Kids,18
1027,2025-03-20,S11,Real Life Diaries,Reality TV,40
1027,2025-03-20,S01,Crime City,Crime Drama,45
1027,2025-03-20,S02,The Detective,Crime Drama,50
1027,2025-03-20,S13,True Crime Files,Documentary,50
1028,2025-01-31,S06,Space Frontier,Sci-Fi,55
1028,2025-01-31,S03,Silent Witness Redux,Crime Drama,42
1028,2025-01-31,S10,Little Explorers,Kids,18
1028,2025-01-31,S14,Parenting Unscripted,Reality TV,35
1029,2025-04-13,S09,Toon Town,Kids,20
1029,2025-04-13,S10,Little Explorers,Kids,18
1030,2025-03-05,S01,Crime City,Crime Drama,45
1030,2025-03-05,S13,True Crime Files,Documentary,50
1031,2025-01-01,S01,Crime City,Crime Drama,45
1031,2025-01-01,S02,The Detective,Crime Drama,50
1031,2025-01-01,S03,Silent Witness Redux,Crime Drama,42
1032,2025-02-08,S14,Parenting Unscripted,Reality TV,35
1033,2025-03-15,S06,Space Frontier,Sci-Fi,55
1034,2025-03-14,S06,Space Frontier,Sci-Fi,55
1034,2025-03-14,S07,Galactic Wars,Sci-Fi,60
1034,2025-03-14,S08,Time Anomaly,Sci-Fi,48
1035,2025-04-02,S06,Space Frontier,Sci-Fi,55
1035,2025-04-02,S07,Galactic Wars,Sci-Fi,60
1036,2025-03-24,S01,Crime City,Crime Drama,45
1036,2025-03-24,S02,The Detective,Crime Drama,50
1037,2025-02-18,S07,Galactic Wars,Sci-Fi,60
1037,2025-02-18,S06,Space Frontier,Sci-Fi,55
1037,2025-02-18,S08,Time Anomaly,Sci-Fi,48
1037,2025-02-18,S11,Real Life Diaries,Reality TV,40
1038,2025-05-22,S15,Cooking Masters,Reality TV,38
1038,2025-05-22,S10,Little Explorers,Kids,18
1038,2025-05-22,S07,Galactic Wars,Sci-Fi,60
1038,2025-05-22,S01,Crime City,Crime Drama,45
1039,2025-03-22,S05,Office Antics,Sitcom,22
1039,2025-03-22,S11,Real Life Diaries,Reality TV,40
1039,2025-03-22,S09,Toon Town,Kids,20
1040,2025-01-16,S06,Space Frontier,Sci-Fi,55
1040,2025-01-16,S07,Galactic Wars,Sci-Fi,60
1040,2025-01-16,S08,Time Anomaly,Sci-Fi,48
1040,2025-01-16,S10,Little Explorers,Kids,18
1041,2025-03-22,S08,Time Anomaly,Sci-Fi,48
1042,2025-02-13,S01,Crime City,Crime Drama,45
1042,2025-02-13,S02,The Detective,Crime Drama,50
1043,2025-01-15,S04,Laugh Track,Sitcom,25
1043,2025-01-15,S05,Office Antics,Sitcom,22
1044,2025-04-30,S09,Toon Town,Kids,20
1044,2025-04-30,S10,Little Explorers,Kids,18
1045,2025-01-28,S01,Crime City,Crime Drama,45
1045,2025-01-28,S13,True Crime Files,Documentary,50
1046,2025-05-13,S09,Toon Town,Kids,20
1046,2025-05-13,S10,Little Explorers,Kids,18
1047,2025-03-08,S09,Toon Town,Kids,20
1047,2025-03-08,S14,Parenting Unscripted,Reality TV,35
1048,2025-04-27,S11,Real Life Diaries,Reality TV,40
1048,2025-04-27,S12,Love Island Nairobi,Reality TV,45
1049,2025-05-01,S09,Toon Town,Kids,20
1049,2025-05-01,S10,Little Explorers,Kids,18
1050,2025-06-23,S09,Toon Town,Kids,20
1050,2025-06-23,S03,Silent Witness Redux,Crime Drama,42
1050,2025-06-23,S07,Galactic Wars,Sci-Fi,60
1051,2025-04-21,S13,True Crime Files,Documentary,50
1051,2025-04-21,S10,Little Explorers,Kids,18
1052,2025-04-25,S01,Crime City,Crime Drama,45
1052,2025-04-25,S02,The Detective,Crime Drama,50
1052,2025-04-25,S03,Silent Witness Redux,Crime Drama,42
1053,2025-04-27,S04,Laugh Track,Sitcom,25
1053,2025-04-27,S08,Time Anomaly,Sci-Fi,48
1053,2025-04-27,S15,Cooking Masters,Reality TV,38
1053,2025-04-27,S07,Galactic Wars,Sci-Fi,60
1054,2025-03-04,S04,Laugh Track,Sitcom,25
1054,2025-03-04,S11,Real Life Diaries,Reality TV,40
1055,2025-02-20,S09,Toon Town,Kids,20
1055,2025-02-20,S14,Parenting Unscripted,Reality TV,35
1056,2025-01-06,S05,Office Antics,Sitcom,22
1056,2025-01-06,S08,Time Anomaly,Sci-Fi,48
1056,2025-01-06,S09,Toon Town,Kids,20
1056,2025-01-06,S04,Laugh Track,Sitcom,25
1057,2025-01-16,S09,Toon Town,Kids,20
1057,2025-01-16,S10,Little Explorers,Kids,18
1058,2025-02-03,S04,Laugh Track,Sitcom,25
1058,2025-02-03,S15,Cooking Masters,Reality TV,38
1058,2025-02-03,S05,Office Antics,Sitcom,22
1058,2025-02-03,S11,Real Life Diaries,Reality TV,40
1059,2025-06-01,S04,Laugh Track,Sitcom,25
1059,2025-06-01,S05,Office Antics,Sitcom,22
1060,2025-03-18,S09,Toon Town,Kids,20
1060,2025-03-18,S10,Little Explorers,Kids,18
1061,2025-01-07,S11,Real Life Diaries,Reality TV,40
1061,2025-01-07,S05,Office Antics,Sitcom,22
1061,2025-01-07,S08,Time Anomaly,Sci-Fi,48
1061,2025-01-07,S07,Galactic Wars,Sci-Fi,60
1062,2025-02-17,S11,Real Life Diaries,Reality TV,40
1062,2025-02-17,S14,Parenting Unscripted,Reality TV,35
1062,2025-02-17,S05,Office Antics,Sitcom,22
1062,2025-02-17,S15,Cooking Masters,Reality TV,38
1063,2025-05-15,S06,Space Frontier,Sci-Fi,55
1063,2025-05-15,S11,Real Life Diaries,Reality TV,40
1063,2025-05-15,S05,Office Antics,Sitcom,22
1063,2025-05-15,S07,Galactic Wars,Sci-Fi,60
1064,2025-02-13,S01,Crime City,Crime Drama,45
1064,2025-02-13,S02,The Detective,Crime Drama,50
1065,2025-06-12,S04,Laugh Track,Sitcom,25
1065,2025-06-12,S05,Office Antics,Sitcom,22
1066,2025-05-10,S04,Laugh Track,Sitcom,25
1066,2025-05-10,S05,Office Antics,Sitcom,22
1067,2025-05-16,S01,Crime City,Crime Drama,45
1067,2025-05-16,S10,Little Explorers,Kids,18
1068,2025-06-03,S06,Space Frontier,Sci-Fi,55
1068,2025-06-03,S07,Galactic Wars,Sci-Fi,60
1068,2025-06-03,S08,Time Anomaly,Sci-Fi,48
1069,2025-04-21,S01,Crime City,Crime Drama,45
1069,2025-04-21,S13,True Crime Files,Documentary,50
1070,2025-03-08,S09,Toon Town,Kids,20
1070,2025-03-08,S10,Little Explorers,Kids,18
1071,2025-04-07,S01,Crime City,Crime Drama,45
1071,2025-04-07,S02,The Detective,Crime Drama,50
1071,2025-04-07,S03,Silent Witness Redux,Crime Drama,42
1072,2025-02-20,S07,Galactic Wars,Sci-Fi,60
1073,2025-02-18,S06,Space Frontier,Sci-Fi,55
1073,2025-02-18,S15,Cooking Masters,Reality TV,38
1073,2025-02-18,S10,Little Explorers,Kids,18
1073,2025-02-18,S03,Silent Witness Redux,Crime Drama,42
1074,2025-04-01,S01,Crime City,Crime Drama,45
1074,2025-04-01,S13,True Crime Files,Documentary,50
1075,2025-05-07,S15,Cooking Masters,Reality TV,38
1075,2025-05-07,S08,Time Anomaly,Sci-Fi,48
1075,2025-05-07,S12,Love Island Nairobi,Reality TV,45
1075,2025-05-07,S14,Parenting Unscripted,Reality TV,35
1076,2025-03-15,S11,Real Life Diaries,Reality TV,40
1076,2025-03-15,S12,Love Island Nairobi,Reality TV,45
1077,2025-01-13,S02,The Detective,Crime Drama,50
1077,2025-01-13,S13,True Crime Files,Documentary,50
1077,2025-01-13,S11,Real Life Diaries,Reality TV,40
1077,2025-01-13,S01,Crime City,Crime Drama,45
1078,2025-06-07,S07,Galactic Wars,Sci-Fi,60
1078,2025-06-07,S10,Little Explorers,Kids,18
1078,2025-06-07,S09,Toon Town,Kids,20
1078,2025-06-07,S05,Office Antics,Sitcom,22
1079,2025-05-12,S09,Toon Town,Kids,20
1079,2025-05-12,S14,Parenting Unscripted,Reality TV,35
1080,2025-01-03,S11,Real Life Diaries,Reality TV,40
1080,2025-01-03,S12,Love Island Nairobi,Reality TV,45
1081,2025-01-13,S15,Cooking Masters,Reality TV,38
1081,2025-01-13,S12,Love Island Nairobi,Reality TV,45
1081,2025-01-13,S05,Office Antics,Sitcom,22
1082,2025-03-09,S03,Silent Witness Redux,Crime Drama,42
1082,2025-03-09,S14,Parenting Unscripted,Reality TV,35
1082,2025-03-09,S08,Time Anomaly,Sci-Fi,48
1082,2025-03-09,S10,Little Explorers,Kids,18
1083,2025-04-27,S04,Laugh Track,Sitcom,25
1083,2025-04-27,S13,True Crime Files,Documentary,50
1084,2025-04-27,S11,Real Life Diaries,Reality TV,40
1084,2025-04-27,S12,Love Island Nairobi,Reality TV,45
1084,2025-04-27,S15,Cooking Masters,Reality TV,38
1085,2025-02-28,S05,Office Antics,Sitcom,22
1086,2025-03-19,S04,Laugh Track,Sitcom,25
1086,2025-03-19,S05,Office Antics,Sitcom,22
1087,2025-05-20,S01,Crime City,Crime Drama,45
1087,2025-05-20,S13,True Crime Files,Documentary,50
1088,2025-02-11,S01,Crime City,Crime Drama,45
1088,2025-02-11,S02,The Detective,Crime Drama,50
1089,2025-04-10,S11,Real Life Diaries,Reality TV,40
1089,2025-04-10,S07,Galactic Wars,Sci-Fi,60
1089,2025-04-10,S14,Parenting Unscripted,Reality TV,35
1089,2025-04-10,S12,Love Island Nairobi,Reality TV,45
1090,2025-04-13,S04,Laugh Track,Sitcom,25
1090,2025-04-13,S08,Time Anomaly,Sci-Fi,48
1090,2025-04-13,S02,The Detective,Crime Drama,50
1090,2025-04-13,S12,Love Island Nairobi,Reality TV,45
1091,2025-05-28,S10,Little Explorers,Kids,18
1091,2025-05-28,S03,Silent Witness Redux,Crime Drama,42
1092,2025-06-29,S12,Love Island Nairobi,Reality TV,45
1092,2025-06-29,S09,Toon Town,Kids,20
1092,2025-06-29,S06,Space Frontier,Sci-Fi,55
1092,2025-06-29,S08,Time Anomaly,Sci-Fi,48
1093,2025-05-28,S04,Laugh Track,Sitcom,25
1093,2025-05-28,S05,Office Antics,Sitcom,22
1094,2025-05-03,S06,Space Frontier,Sci-Fi,55
1094,2025-05-03,S13,True Crime Files,Documentary,50
1094,2025-05-03,S03,Silent Witness Redux,Crime Drama,42
1095,2025-05-22,S04,Laugh Track,Sitcom,25
1095,2025-05-22,S05,Office Antics,Sitcom,22
1096,2025-02-13,S09,Toon Town,Kids,20
1096,2025-02-13,S14,Parenting Unscripted,Reality TV,35
1097,2025-02-25,S15,Cooking Masters,Reality TV,38
1098,2025-02-21,S01,Crime City,Crime Drama,45
1098,2025-02-21,S13,True Crime Files,Documentary,50
1099,2025-01-27,S09,Toon Town,Kids,20
1099,2025-01-27,S10,Little Explorers,Kids,18
1100,2025-01-03,S14,Parenting Unscripted,Reality TV,35
1100,2025-01-03,S10,Little Explorers,Kids,18
1100,2025-01-03,S06,Space Frontier,Sci-Fi,55
1100,2025-01-03,S04,Laugh Track,Sitcom,25
1101,2025-03-06,S01,Crime City,Crime Drama,45
1101,2025-03-06,S13,True Crime Files,Documentary,50
1102,2025-04-16,S01,Crime City,Crime Drama,45
1102,2025-04-16,S13,True Crime Files,Documentary,50
1102,2025-04-16,S02,The Detective,Crime Drama,50
1103,2025-01-20,S05,Office Antics,Sitcom,22
1104,2025-03-25,S01,Crime City,Crime Drama,45
1104,2025-03-25,S02,The Detective,Crime Drama,50
1105,2025-04-16,S09,Toon Town,Kids,20
1105,2025-04-16,S10,Little Explorers,Kids,18
1106,2025-02-28,S09,Toon Town,Kids,20
1106,2025-02-28,S14,Parenting Unscripted,Reality TV,35
1107,2025-04-03,S06,Space Frontier,Sci-Fi,55
1107,2025-04-03,S07,Galactic Wars,Sci-Fi,60
1107,2025-04-03,S08,Time Anomaly,Sci-Fi,48
1108,2025-04-01,S11,Real Life Diaries,Reality TV,40
1108,2025-04-01,S12,Love Island Nairobi,Reality TV,45
1108,2025-04-01,S15,Cooking Masters,Reality TV,38
1109,2025-05-07,S07,Galactic Wars,Sci-Fi,60
1109,2025-05-07,S02,The Detective,Crime Drama,50
1109,2025-05-07,S09,Toon Town,Kids,20
1109,2025-05-07,S15,Cooking Masters,Reality TV,38
1110,2025-05-16,S02,The Detective,Crime Drama,50
1110,2025-05-16,S07,Galactic Wars,Sci-Fi,60
1110,2025-05-16,S05,Office Antics,Sitcom,22
1111,2025-03-27,S09,Toon Town,Kids,20
1111,2025-03-27,S14,Parenting Unscripted,Reality TV,35
1112,2025-05-24,S04,Laugh Track,Sitcom,25
1112,2025-05-24,S05,Office Antics,Sitcom,22
1113,2025-04-05,S04,Laugh Track,Sitcom,25
1113,2025-04-05,S05,Office Antics,Sitcom,22
1114,2025-06-20,S09,Toon Town,Kids,20
1114,2025-06-20,S10,Little Explorers,Kids,18
1115,2025-04-20,S04,Laugh Track,Sitcom,25
1115,2025-04-20,S05,Office Antics,Sitcom,22
1116,2025-02-07,S09,Toon Town,Kids,20
1116,2025-02-07,S10,Little Explorers,Kids,18
1117,2025-01-07,S01,Crime City,Crime Drama,45
1117,2025-01-07,S02,The Detective,Crime Drama,50
1118,2025-02-10,S02,The Detective,Crime Drama,50
1118,2025-02-10,S06,Space Frontier,Sci-Fi,55
1118,2025-02-10,S10,Little Explorers,Kids,18
1118,2025-02-10,S13,True Crime Files,Documentary,50
1119,2025-01-26,S01,Crime City,Crime Drama,45
1119,2025-01-26,S02,The Detective,Crime Drama,50
1119,2025-01-26,S03,Silent Witness Redux,Crime Drama,42
1120,2025-06-04,S09,Toon Town,Kids,20
1120,2025-06-04,S14,Parenting Unscripted,Reality TV,35
1121,2025-05-03,S06,Space Frontier,Sci-Fi,55
1121,2025-05-03,S07,Galactic Wars,Sci-Fi,60
1122,2025-01-02,S11,Real Life Diaries,Reality TV,40
1122,2025-01-02,S12,Love Island Nairobi,Reality TV,45
1122,2025-01-02,S15,Cooking Masters,Reality TV,38
1123,2025-03-21,S14,Parenting Unscripted,Reality TV,35
1124,2025-04-01,S02,The Detective,Crime Drama,50
1124,2025-04-01,S14,Parenting Unscripted,Reality TV,35
1124,2025-04-01,S04,Laugh Track,Sitcom,25
1124,2025-04-01,S01,Crime City,Crime Drama,45
1125,2025-06-30,S04,Laugh Track,Sitcom,25
1125,2025-06-30,S05,Office Antics,Sitcom,22
1126,2025-01-01,S06,Space Frontier,Sci-Fi,55
1126,2025-01-01,S07,Galactic Wars,Sci-Fi,60
1126,2025-01-01,S08,Time Anomaly,Sci-Fi,48
1127,2025-02-26,S11,Real Life Diaries,Reality TV,40
1127,2025-02-26,S12,Love Island Nairobi,Reality TV,45
1127,2025-02-26,S15,Cooking Masters,Reality TV,38
1128,2025-03-31,S06,Space Frontier,Sci-Fi,55
1128,2025-03-31,S07,Galactic Wars,Sci-Fi,60
1129,2025-03-26,S01,Crime City,Crime Drama,45
1129,2025-03-26,S02,The Detective,Crime Drama,50
1130,2025-03-15,S06,Space Frontier,Sci-Fi,55
1130,2025-03-15,S07,Galactic Wars,Sci-Fi,60
1131,2025-02-14,S06,Space Frontier,Sci-Fi,55
1131,2025-02-14,S07,Galactic Wars,Sci-Fi,60
1132,2025-04-05,S03,Silent Witness Redux,Crime Drama,42
1132,2025-04-05,S04,Laugh Track,Sitcom,25
1132,2025-04-05,S14,Parenting Unscripted,Reality TV,35
1132,2025-04-05,S11,Real Life Diaries,Reality TV,40
1133,2025-06-14,S15,Cooking Masters,Reality TV,38
1133,2025-06-14,S07,Galactic Wars,Sci-Fi,60
1133,2025-06-14,S06,Space Frontier,Sci-Fi,55
1134,2025-06-26,S11,Real Life Diaries,Reality TV,40
1134,2025-06-26,S12,Love Island Nairobi,Reality TV,45
1135,2025-03-13,S10,Little Explorers,Kids,18
1135,2025-03-13,S14,Parenting Unscripted,Reality TV,35
1135,2025-03-13,S05,Office Antics,Sitcom,22
1136,2025-01-26,S04,Laugh Track,Sitcom,25
1136,2025-01-26,S05,Office Antics,Sitcom,22
1137,2025-06-27,S11,Real Life Diaries,Reality TV,40
1138,2025-04-30,S09,Toon Town,Kids,20
1138,2025-04-30,S14,Parenting Unscripted,Reality TV,35
1139,2025-01-04,S01,Crime City,Crime Drama,45
1139,2025-01-04,S13,True Crime Files,Documentary,50
1140,2025-02-25,S10,Little Explorers,Kids,18
1140,2025-02-25,S01,Crime City,Crime Drama,45
1141,2025-02-12,S01,Crime City,Crime Drama,45
1141,2025-02-12,S13,True Crime Files,Documentary,50
1142,2025-04-25,S11,Real Life Diaries,Reality TV,40
1142,2025-04-25,S12,Love Island Nairobi,Reality TV,45
1142,2025-04-25,S15,Cooking Masters,Reality TV,38
1143,2025-05-22,S09,Toon Town,Kids,20
1143,2025-05-22,S14,Parenting Unscripted,Reality TV,35
1144,2025-05-05,S01,Crime City,Crime Drama,45
1144,2025-05-05,S02,The Detective,Crime Drama,50
1144,2025-05-05,S03,Silent Witness Redux,Crime Drama,42
1144,2025-05-05,S13,True Crime Files,Documentary,50
1145,2025-01-04,S09,Toon Town,Kids,20
1145,2025-01-04,S14,Parenting Unscripted,Reality TV,35
1146,2025-03-02,S01,Crime City,Crime Drama,45
1146,2025-03-02,S02,The Detective,Crime Drama,50
1147,2025-03-29,S06,Space Frontier,Sci-Fi,55
1147,2025-03-29,S07,Galactic Wars,Sci-Fi,60
1147,2025-03-29,S08,Time Anomaly,Sci-Fi,48
1148,2025-05-02,S09,Toon Town,Kids,20
1149,2025-02-07,S11,Real Life Diaries,Reality TV,40
1149,2025-02-07,S12,Love Island Nairobi,Reality TV,45
1149,2025-02-07,S15,Cooking Masters,Reality TV,38
1150,2025-04-23,S06,Space Frontier,Sci-Fi,55
1151,2025-01-15,S09,Toon Town,Kids,20
1151,2025-01-15,S10,Little Explorers,Kids,18
1152,2025-06-28,S05,Office Antics,Sitcom,22
1152,2025-06-28,S13,True Crime Files,Documentary,50
1152,2025-06-28,S15,Cooking Masters,Reality TV,38
1153,2025-03-25,S02,The Detective,Crime Drama,50
1153,2025-03-25,S07,Galactic Wars,Sci-Fi,60
1154,2025-05-13,S01,Crime City,Crime Drama,45
1154,2025-05-13,S02,The Detective,Crime Drama,50
1154,2025-05-13,S03,Silent Witness Redux,Crime Drama,42
1155,2025-05-22,S01,Crime City,Crime Drama,45
1155,2025-05-22,S02,The Detective,Crime Drama,50
1156,2025-04-19,S07,Galactic Wars,Sci-Fi,60
1156,2025-04-19,S09,Toon Town,Kids,20
1156,2025-04-19,S04,Laugh Track,Sitcom,25
1157,2025-06-19,S15,Cooking Masters,Reality TV,38
1157,2025-06-19,S05,Office Antics,Sitcom,22
1157,2025-06-19,S02,The Detective,Crime Drama,50
1158,2025-06-13,S05,Office Antics,Sitcom,22
1158,2025-06-13,S10,Little Explorers,Kids,18
1159,2025-01-07,S06,Space Frontier,Sci-Fi,55
1159,2025-01-07,S07,Galactic Wars,Sci-Fi,60
1159,2025-01-07,S08,Time Anomaly,Sci-Fi,48
1160,2025-03-24,S12,Love Island Nairobi,Reality TV,45
1160,2025-03-24,S14,Parenting Unscripted,Reality TV,35
1160,2025-03-24,S15,Cooking Masters,Reality TV,38
1161,2025-04-15,S01,Crime City,Crime Drama,45
1161,2025-04-15,S02,The Detective,Crime Drama,50
1162,2025-01-07,S09,Toon Town,Kids,20
1162,2025-01-07,S14,Parenting Unscripted,Reality TV,35
1163,2025-01-10,S08,Time Anomaly,Sci-Fi,48
1164,2025-06-16,S01,Crime City,Crime Drama,45
1164,2025-06-16,S02,The Detective,Crime Drama,50
1164,2025-06-16,S03,Silent Witness Redux,Crime Drama,42
1165,2025-01-04,S07,Galactic Wars,Sci-Fi,60
1165,2025-01-04,S14,Parenting Unscripted,Reality TV,35
1165,2025-01-04,S09,Toon Town,Kids,20
1166,2025-01-12,S11,Real Life Diaries,Reality TV,40
1166,2025-01-12,S15,Cooking Masters,Reality TV,38
1166,2025-01-12,S07,Galactic Wars,Sci-Fi,60
1166,2025-01-12,S08,Time Anomaly,Sci-Fi,48
1167,2025-01-03,S06,Space Frontier,Sci-Fi,55
1167,2025-01-03,S07,Galactic Wars,Sci-Fi,60
1167,2025-01-03,S08,Time Anomaly,Sci-Fi,48
1168,2025-02-10,S13,True Crime Files,Documentary,50
1168,2025-02-10,S11,Real Life Diaries,Reality TV,40
1168,2025-02-10,S02,The Detective,Crime Drama,50
1168,2025-02-10,S07,Galactic Wars,Sci-Fi,60
1169,2025-05-07,S01,Crime City,Crime Drama,45
1169,2025-05-07,S13,True Crime Files,Documentary,50
1170,2025-06-21,S11,Real Life Diaries,Reality TV,40
1170,2025-06-21,S12,Love Island Nairobi,Reality TV,45
1171,2025-02-25,S01,Crime City,Crime Drama,45
1171,2025-02-25,S02,The Detective,Crime Drama,50
1172,2025-01-09,S01,Crime City,Crime Drama,45
1172,2025-01-09,S02,The Detective,Crime Drama,50
1173,2025-01-18,S10,Little Explorers,Kids,18
1173,2025-01-18,S08,Time Anomaly,Sci-Fi,48
1173,2025-01-18,S01,Crime City,Crime Drama,45
1173,2025-01-18,S14,Parenting Unscripted,Reality TV,35
1174,2025-05-14,S09,Toon Town,Kids,20
1174,2025-05-14,S12,Love Island Nairobi,Reality TV,45
1174,2025-05-14,S06,Space Frontier,Sci-Fi,55
1175,2025-04-12,S15,Cooking Masters,Reality TV,38
1175,2025-04-12,S10,Little Explorers,Kids,18
1175,2025-04-12,S02,The Detective,Crime Drama,50
1176,2025-03-22,S09,Toon Town,Kids,20
1176,2025-03-22,S10,Little Explorers,Kids,18
1177,2025-04-14,S11,Real Life Diaries,Reality TV,40
1178,2025-06-29,S01,Crime City,Crime Drama,45
1178,2025-06-29,S02,The Detective,Crime Drama,50
1178,2025-06-29,S03,Silent Witness Redux,Crime Drama,42
1179,2025-03-20,S09,Toon Town,Kids,20
1179,2025-03-20,S14,Parenting Unscripted,Reality TV,35
1180,2025-04-22,S02,The Detective,Crime Drama,50
1180,2025-04-22,S07,Galactic Wars,Sci-Fi,60
1181,2025-06-27,S04,Laugh Track,Sitcom,25
1181,2025-06-27,S05,Office Antics,Sitcom,22
1182,2025-05-26,S14,Parenting Unscripted,Reality TV,35
1182,2025-05-26,S02,The Detective,Crime Drama,50
1182,2025-05-26,S01,Crime City,Crime Drama,45
1182,2025-05-26,S09,Toon Town,Kids,20
1183,2025-02-24,S04,Laugh Track,Sitcom,25
1183,2025-02-24,S05,Office Antics,Sitcom,22
1184,2025-04-02,S01,Crime City,Crime Drama,45
1184,2025-04-02,S02,The Detective,Crime Drama,50
1184,2025-04-02,S03,Silent Witness Redux,Crime Drama,42
1185,2025-03-25,S01,Crime City,Crime Drama,45
1185,2025-03-25,S13,True Crime Files,Documentary,50
1186,2025-03-24,S09,Toon Town,Kids,20
1186,2025-03-24,S14,Parenting Unscripted,Reality TV,35
1186,2025-03-24,S12,Love Island Nairobi,Reality TV,45
1187,2025-05-08,S04,Laugh Track,Sitcom,25
1187,2025-05-08,S09,Toon Town,Kids,20
1187,2025-05-08,S02,The Detective,Crime Drama,50
1187,2025-05-08,S05,Office Antics,Sitcom,22
1188,2025-06-21,S10,Little Explorers,Kids,18
1188,2025-06-21,S01,Crime City,Crime Drama,45
1188,2025-06-21,S07,Galactic Wars,Sci-Fi,60
1188,2025-06-21,S08,Time Anomaly,Sci-Fi,48
1189,2025-06-14,S11,Real Life Diaries,Reality TV,40
1189,2025-06-14,S12,Love Island Nairobi,Reality TV,45
1190,2025-03-29,S09,Toon Town,Kids,20
1190,2025-03-29,S10,Little Explorers,Kids,18
1191,2025-03-10,S09,Toon Town,Kids,20
1191,2025-03-10,S10,Little Explorers,Kids,18
1192,2025-03-12,S04,Laugh Track,Sitcom,25
1192,2025-03-12,S05,Office Antics,Sitcom,22
1193,2025-06-28,S08,Time Anomaly,Sci-Fi,48
1194,2025-05-14,S09,Toon Town,Kids,20
1194,2025-05-14,S10,Little Explorers,Kids,18
1195,2025-04-24,S01,Crime City,Crime Drama,45
1195,2025-04-24,S11,Real Life Diaries,Reality TV,40
1196,2025-06-04,S08,Time Anomaly,Sci-Fi,48
1196,2025-06-04,S15,Cooking Masters,Reality TV,38
1197,2025-05-23,S01,Crime City,Crime Drama,45
1197,2025-05-23,S02,The Detective,Crime Drama,50
1198,2025-04-01,S13,True Crime Files,Documentary,50
1198,2025-04-01,S09,Toon Town,Kids,20
1198,2025-04-01,S14,Parenting Unscripted,Reality TV,35
1199,2025-02-25,S14,Parenting Unscripted,Reality TV,35
1200,2025-05-20,S06,Space Frontier,Sci-Fi,55
1200,2025-05-20,S07,Galactic Wars,Sci-Fi,60
1201,2025-05-01,S04,Laugh Track,Sitcom,25
1201,2025-05-01,S05,Office Antics,Sitcom,22
1202,2025-01-12,S01,Crime City,Crime Drama,45
1202,2025-01-12,S13,True Crime Files,Documentary,50
1203,2025-05-18,S14,Parenting Unscripted,Reality TV,35
1203,2025-05-18,S15,Cooking Masters,Reality TV,38
1203,2025-05-18,S10,Little Explorers,Kids,18
1204,2025-03-14,S02,The Detective,Crime Drama,50
1204,2025-03-14,S07,Galactic Wars,Sci-Fi,60
1204,2025-03-14,S14,Parenting Unscripted,Reality TV,35
1204,2025-03-14,S03,Silent Witness Redux,Crime Drama,42
1205,2025-03-28,S06,Space Frontier,Sci-Fi,55
1205,2025-03-28,S07,Galactic Wars,Sci-Fi,60
1206,2025-05-24,S06,Space Frontier,Sci-Fi,55
1206,2025-05-24,S07,Galactic Wars,Sci-Fi,60
1207,2025-01-03,S01,Crime City,Crime Drama,45
1207,2025-01-03,S02,The Detective,Crime Drama,50
1208,2025-02-26,S08,Time Anomaly,Sci-Fi,48
1208,2025-02-26,S14,Parenting Unscripted,Reality TV,35
1209,2025-05-14,S03,Silent Witness Redux,Crime Drama,42
1209,2025-05-14,S10,Little Explorers,Kids,18
1209,2025-05-14,S14,Parenting Unscripted,Reality TV,35
1210,2025-06-24,S01,Crime City,Crime Drama,45
1210,2025-06-24,S02,The Detective,Crime Drama,50
1210,2025-06-24,S03,Silent Witness Redux,Crime Drama,42
1211,2025-06-09,S01,Crime City,Crime Drama,45
1211,2025-06-09,S02,The Detective,Crime Drama,50
1212,2025-05-07,S11,Real Life Diaries,Reality TV,40
1212,2025-05-07,S12,Love Island Nairobi,Reality TV,45
1212,2025-05-07,S15,Cooking Masters,Reality TV,38
1213,2025-04-15,S09,Toon Town,Kids,20
1213,2025-04-15,S10,Little Explorers,Kids,18
1214,2025-04-01,S11,Real Life Diaries,Reality TV,40
1214,2025-04-01,S12,Love Island Nairobi,Reality TV,45
1215,2025-05-10,S09,Toon Town,Kids,20
1215,2025-05-10,S14,Parenting Unscripted,Reality TV,35
1216,2025-06-10,S03,Silent Witness Redux,Crime Drama,42
1217,2025-03-31,S08,Time Anomaly,Sci-Fi,48
1217,2025-03-31,S07,Galactic Wars,Sci-Fi,60
1218,2025-03-24,S04,Laugh Track,Sitcom,25
1218,2025-03-24,S05,Office Antics,Sitcom,22
1219,2025-01-25,S01,Crime City,Crime Drama,45
1219,2025-01-25,S15,Cooking Masters,Reality TV,38
1220,2025-04-25,S01,Crime City,Crime Drama,45
1220,2025-04-25,S13,True Crime Files,Documentary,50
1221,2025-06-12,S01,Crime City,Crime Drama,45
1221,2025-06-12,S13,True Crime Files,Documentary,50
1222,2025-05-10,S11,Real Life Diaries,Reality TV,40
1223,2025-02-23,S12,Love Island Nairobi,Reality TV,45
1224,2025-04-16,S09,Toon Town,Kids,20
1224,2025-04-16,S14,Parenting Unscripted,Reality TV,35
1225,2025-03-06,S04,Laugh Track,Sitcom,25
1226,2025-04-13,S05,Office Antics,Sitcom,22
1226,2025-04-13,S15,Cooking Masters,Reality TV,38
1227,2025-05-09,S01,Crime City,Crime Drama,45
1227,2025-05-09,S13,True Crime Files,Documentary,50
1228,2025-03-04,S04,Laugh Track,Sitcom,25
1228,2025-03-04,S05,Office Antics,Sitcom,22
1229,2025-06-15,S11,Real Life Diaries,Reality TV,40
1229,2025-06-15,S12,Love Island Nairobi,Reality TV,45
1230,2025-03-22,S14,Parenting Unscripted,Reality TV,35
1231,2025-02-22,S04,Laugh Track,Sitcom,25
1232,2025-05-27,S11,Real Life Diaries,Reality TV,40
1232,2025-05-27,S07,Galactic Wars,Sci-Fi,60
1232,2025-05-27,S15,Cooking Masters,Reality TV,38
1232,2025-05-27,S02,The Detective,Crime Drama,50
1233,2025-04-07,S08,Time Anomaly,Sci-Fi,48
1234,2025-03-03,S04,Laugh Track,Sitcom,25
1234,2025-03-03,S05,Office Antics,Sitcom,22
1235,2025-03-17,S08,Time Anomaly,Sci-Fi,48
1235,2025-03-17,S12,Love Island Nairobi,Reality TV,45
1236,2025-04-05,S13,True Crime Files,Documentary,50
1237,2025-02-20,S07,Galactic Wars,Sci-Fi,60
1237,2025-02-20,S01,Crime City,Crime Drama,45
1237,2025-02-20,S11,Real Life Diaries,Reality TV,40
1238,2025-06-27,S06,Space Frontier,Sci-Fi,55
1238,2025-06-27,S04,Laugh Track,Sitcom,25
1238,2025-06-27,S07,Galactic Wars,Sci-Fi,60
1239,2025-01-09,S01,Crime City,Crime Drama,45
1239,2025-01-09,S02,The Detective,Crime Drama,50
1239,2025-01-09,S03,Silent Witness Redux,Crime Drama,42
1240,2025-06-29,S09,Toon Town,Kids,20
1240,2025-06-29,S07,Galactic Wars,Sci-Fi,60
1241,2025-03-01,S15,Cooking Masters,Reality TV,38
1241,2025-03-01,S13,True Crime Files,Documentary,50
1241,2025-03-01,S10,Little Explorers,Kids,18
1242,2025-01-19,S10,Little Explorers,Kids,18
1242,2025-01-19,S05,Office Antics,Sitcom,22
1242,2025-01-19,S11,Real Life Diaries,Reality TV,40
1242,2025-01-19,S06,Space Frontier,Sci-Fi,55
1243,2025-01-06,S03,Silent Witness Redux,Crime Drama,42
1243,2025-01-06,S12,Love Island Nairobi,Reality TV,45
1244,2025-03-17,S01,Crime City,Crime Drama,45
1244,2025-03-17,S13,True Crime Files,Documentary,50
1245,2025-05-13,S11,Real Life Diaries,Reality TV,40
1245,2025-05-13,S12,Love Island Nairobi,Reality TV,45
1246,2025-05-30,S10,Little Explorers,Kids,18
1246,2025-05-30,S06,Space Frontier,Sci-Fi,55
1247,2025-03-21,S09,Toon Town,Kids,20
1247,2025-03-21,S10,Little Explorers,Kids,18
1248,2025-02-02,S12,Love Island Nairobi,Reality TV,45
1248,2025-02-02,S02,The Detective,Crime Drama,50
1248,2025-02-02,S03,Silent Witness Redux,Crime Drama,42
1249,2025-05-20,S15,Cooking Masters,Reality TV,38
1250,2025-04-19,S11,Real Life Diaries,Reality TV,40
1250,2025-04-19,S12,Love Island Nairobi,Reality TV,45
1251,2025-06-21,S11,Real Life Diaries,Reality TV,40
1252,2025-01-06,S03,Silent Witness Redux,Crime Drama,42
1252,2025-01-06,S04,Laugh Track,Sitcom,25
1253,2025-06-28,S05,Office Antics,Sitcom,22
1253,2025-06-28,S09,Toon Town,Kids,20
1254,2025-05-13,S01,Crime City,Crime Drama,45
1254,2025-05-13,S10,Little Explorers,Kids,18
1254,2025-05-13,S06,Space Frontier,Sci-Fi,55
1254,2025-05-13,S13,True Crime Files,Documentary,50
1255,2025-06-28,S06,Space Frontier,Sci-Fi,55
1255,2025-06-28,S04,Laugh Track,Sitcom,25
1255,2025-06-28,S11,Real Life Diaries,Reality TV,40
1256,2025-02-22,S01,Crime City,Crime Drama,45
1256,2025-02-22,S13,True Crime Files,Documentary,50
1257,2025-04-01,S01,Crime City,Crime Drama,45
1257,2025-04-01,S13,True Crime Files,Documentary,50
1258,2025-02-11,S02,The Detective,Crime Drama,50
1259,2025-04-14,S04,Laugh Track,Sitcom,25
1259,2025-04-14,S05,Office Antics,Sitcom,22
1260,2025-02-21,S10,Little Explorers,Kids,18
1260,2025-02-21,S07,Galactic Wars,Sci-Fi,60
1260,2025-02-21,S06,Space Frontier,Sci-Fi,55
1261,2025-04-22,S04,Laugh Track,Sitcom,25
1261,2025-04-22,S05,Office Antics,Sitcom,22
1262,2025-06-17,S01,Crime City,Crime Drama,45
1262,2025-06-17,S02,The Detective,Crime Drama,50
1263,2025-05-14,S04,Laugh Track,Sitcom,25
1263,2025-05-14,S05,Office Antics,Sitcom,22
1264,2025-05-05,S09,Toon Town,Kids,20
1264,2025-05-05,S10,Little Explorers,Kids,18
1265,2025-06-24,S04,Laugh Track,Sitcom,25
1265,2025-06-24,S05,Office Antics,Sitcom,22
1266,2025-03-02,S06,Space Frontier,Sci-Fi,55
1266,2025-03-02,S07,Galactic Wars,Sci-Fi,60
1267,2025-04-10,S01,Crime City,Crime Drama,45
1267,2025-04-10,S13,True Crime Files,Documentary,50
1268,2025-05-24,S07,Galactic Wars,Sci-Fi,60
1268,2025-05-24,S06,Space Frontier,Sci-Fi,55
1269,2025-01-08,S04,Laugh Track,Sitcom,25
1269,2025-01-08,S02,The Detective,Crime Drama,50
1269,2025-01-08,S11,Real Life Diaries,Reality TV,40
1269,2025-01-08,S14,Parenting Unscripted,Reality TV,35
1270,2025-02-25,S09,Toon Town,Kids,20
1270,2025-02-25,S10,Little Explorers,Kids,18
1271,2025-04-16,S06,Space Frontier,Sci-Fi,55
1271,2025-04-16,S15,Cooking Masters,Reality TV,38
1271,2025-04-16,S07,Galactic Wars,Sci-Fi,60
1271,2025-04-16,S01,Crime City,Crime Drama,45
1272,2025-04-13,S09,Toon Town,Kids,20
1272,2025-04-13,S14,Parenting Unscripted,Reality TV,35
1273,2025-03-07,S15,Cooking Masters,Reality TV,38
1273,2025-03-07,S02,The Detective,Crime Drama,50
1273,2025-03-07,S05,Office Antics,Sitcom,22
1274,2025-06-17,S06,Space Frontier,Sci-Fi,55
1274,2025-06-17,S07,Galactic Wars,Sci-Fi,60
1275,2025-05-14,S01,Crime City,Crime Drama,45
1275,2025-05-14,S02,The Detective,Crime Drama,50
1276,2025-04-11,S07,Galactic Wars,Sci-Fi,60
1277,2025-04-02,S01,Crime City,Crime Drama,45
1277,2025-04-02,S13,True Crime Files,Documentary,50
1278,2025-05-08,S08,Time Anomaly,Sci-Fi,48
1279,2025-05-03,S11,Real Life Diaries,Reality TV,40
1279,2025-05-03,S12,Love Island Nairobi,Reality TV,45
1279,2025-05-03,S09,Toon Town,Kids,20
1280,2025-02-12,S10,Little Explorers,Kids,18
1280,2025-02-12,S09,Toon Town,Kids,20
1280,2025-02-12,S14,Parenting Unscripted,Reality TV,35
1281,2025-02-08,S09,Toon Town,Kids,20
1281,2025-02-08,S10,Little Explorers,Kids,18
1282,2025-06-22,S08,Time Anomaly,Sci-Fi,48
1282,2025-06-22,S10,Little Explorers,Kids,18
1282,2025-06-22,S09,Toon Town,Kids,20
1282,2025-06-22,S01,Crime City,Crime Drama,45
1283,2025-03-20,S15,Cooking Masters,Reality TV,38
1283,2025-03-20,S10,Little Explorers,Kids,18
1283,2025-03-20,S09,Toon Town,Kids,20
1283,2025-03-20,S07,Galactic Wars,Sci-Fi,60
1284,2025-02-22,S09,Toon Town,Kids,20
1284,2025-02-22,S14,Parenting Unscripted,Reality TV,35
1285,2025-03-09,S03,Silent Witness Redux,Crime Drama,42
1286,2025-01-24,S11,Real Life Diaries,Reality TV,40
1286,2025-01-24,S12,Love Island Nairobi,Reality TV,45
1286,2025-01-24,S15,Cooking Masters,Reality TV,38
1287,2025-06-21,S06,Space Frontier,Sci-Fi,55
1287,2025-06-21,S07,Galactic Wars,Sci-Fi,60
1288,2025-02-03,S14,Parenting Unscripted,Reality TV,35
1288,2025-02-03,S05,Office Antics,Sitcom,22
1289,2025-01-05,S01,Crime City,Crime Drama,45
1289,2025-01-05,S02,The Detective,Crime Drama,50
1290,2025-04-23,S09,Toon Town,Kids,20
1290,2025-04-23,S14,Parenting Unscripted,Reality TV,35
1291,2025-04-09,S09,Toon Town,Kids,20
1291,2025-04-09,S14,Parenting Unscripted,Reality TV,35
1292,2025-05-12,S01,Crime City,Crime Drama,45
1292,2025-05-12,S02,The Detective,Crime Drama,50
1292,2025-05-12,S03,Silent Witness Redux,Crime Drama,42
1293,2025-03-15,S12,Love Island Nairobi,Reality TV,45
1294,2025-03-13,S11,Real Life Diaries,Reality TV,40
1294,2025-03-13,S12,Love Island Nairobi,Reality TV,45
1295,2025-06-26,S04,Laugh Track,Sitcom,25
1295,2025-06-26,S05,Office Antics,Sitcom,22
1296,2025-02-28,S01,Crime City,Crime Drama,45
1296,2025-02-28,S02,The Detective,Crime Drama,50
1297,2025-04-30,S05,Office Antics,Sitcom,22
1298,2025-06-16,S09,Toon Town,Kids,20
1298,2025-06-16,S02,The Detective,Crime Drama,50
1298,2025-06-16,S04,Laugh Track,Sitcom,25
1299,2025-04-12,S01,Crime City,Crime Drama,45
1299,2025-04-12,S10,Little Explorers,Kids,18
1299,2025-04-12,S08,Time Anomaly,Sci-Fi,48
1299,2025-04-12,S12,Love Island Nairobi,Reality TV,45
1300,2025-02-18,S09,Toon Town,Kids,20
1300,2025-02-18,S14,Parenting Unscripted,Reality TV,35
1301,2025-01-19,S09,Toon Town,Kids,20
1301,2025-01-19,S01,Crime City,Crime Drama,45
1301,2025-01-19,S15,Cooking Masters,Reality TV,38
1301,2025-01-19,S05,Office Antics,Sitcom,22
1302,2025-04-04,S03,Silent Witness Redux,Crime Drama,42
1302,2025-04-04,S12,Love Island Nairobi,Reality TV,45
1303,2025-01-18,S01,Crime City,Crime Drama,45
1304,2025-03-13,S08,Time Anomaly,Sci-Fi,48
1305,2025-06-13,S01,Crime City,Crime Drama,45
1305,2025-06-13,S13,True Crime Files,Documentary,50
1306,2025-03-14,S06,Space Frontier,Sci-Fi,55
1306,2025-03-14,S07,Galactic Wars,Sci-Fi,60
1307,2025-06-28,S09,Toon Town,Kids,20
1307,2025-06-28,S10,Little Explorers,Kids,18
1307,2025-06-28,S06,Space Frontier,Sci-Fi,55
1308,2025-03-08,S15,Cooking Masters,Reality TV,38
1308,2025-03-08,S12,Love Island Nairobi,Reality TV,45
1309,2025-03-08,S04,Laugh Track,Sitcom,25
1309,2025-03-08,S05,Office Antics,Sitcom,22
1310,2025-03-17,S01,Crime City,Crime Drama,45
1310,2025-03-17,S02,The Detective,Crime Drama,50
1311,2025-06-30,S06,Space Frontier,Sci-Fi,55
1311,2025-06-30,S07,Galactic Wars,Sci-Fi,60
1311,2025-06-30,S10,Little Explorers,Kids,18
1312,2025-03-27,S14,Parenting Unscripted,Reality TV,35
1312,2025-03-27,S13,True Crime Files,Documentary,50
1313,2025-06-26,S02,The Detective,Crime Drama,50
1314,2025-03-16,S01,Crime City,Crime Drama,45
1314,2025-03-16,S13,True Crime Files,Documentary,50
1315,2025-03-08,S07,Galactic Wars,Sci-Fi,60
1315,2025-03-08,S08,Time Anomaly,Sci-Fi,48
1315,2025-03-08,S12,Love Island Nairobi,Reality TV,45
1315,2025-03-08,S13,True Crime Files,Documentary,50
1316,2025-05-08,S14,Parenting Unscripted,Reality TV,35
1317,2025-06-19,S06,Space Frontier,Sci-Fi,55
1317,2025-06-19,S07,Galactic Wars,Sci-Fi,60
1318,2025-02-10,S11,Real Life Diaries,Reality TV,40
1318,2025-02-10,S12,Love Island Nairobi,Reality TV,45
1318,2025-02-10,S09,Toon Town,Kids,20
1319,2025-02-08,S06,Space Frontier,Sci-Fi,55
1319,2025-02-08,S15,Cooking Masters,Reality TV,38
1319,2025-02-08,S08,Time Anomaly,Sci-Fi,48
1320,2025-05-26,S09,Toon Town,Kids,20
1320,2025-05-26,S14,Parenting Unscripted,Reality TV,35
1321,2025-03-25,S06,Space Frontier,Sci-Fi,55
1321,2025-03-25,S07,Galactic Wars,Sci-Fi,60
1322,2025-03-25,S05,Office Antics,Sitcom,22
1322,2025-03-25,S10,Little Explorers,Kids,18
1322,2025-03-25,S14,Parenting Unscripted,Reality TV,35
1322,2025-03-25,S03,Silent Witness Redux,Crime Drama,42
1323,2025-04-15,S15,Cooking Masters,Reality TV,38
1323,2025-04-15,S12,Love Island Nairobi,Reality TV,45
1324,2025-03-05,S01,Crime City,Crime Drama,45
1324,2025-03-05,S13,True Crime Files,Documentary,50
1325,2025-01-14,S09,Toon Town,Kids,20
1325,2025-01-14,S10,Little Explorers,Kids,18
1326,2025-03-29,S03,Silent Witness Redux,Crime Drama,42
1327,2025-01-19,S06,Space Frontier,Sci-Fi,55
1328,2025-03-19,S12,Love Island Nairobi,Reality TV,45
1328,2025-03-19,S07,Galactic Wars,Sci-Fi,60
1329,2025-02-18,S03,Silent Witness Redux,Crime Drama,42
1329,2025-02-18,S02,The Detective,Crime Drama,50
1329,2025-02-18,S08,Time Anomaly,Sci-Fi,48
1329,2025-02-18,S07,Galactic Wars,Sci-Fi,60
1330,2025-06-05,S09,Toon Town,Kids,20
1330,2025-06-05,S13,True Crime Files,Documentary,50
1330,2025-06-05,S01,Crime City,Crime Drama,45
1331,2025-03-08,S13,True Crime Files,Documentary,50
1331,2025-03-08,S01,Crime City,Crime Drama,45
1331,2025-03-08,S09,Toon Town,Kids,20
1332,2025-02-22,S06,Space Frontier,Sci-Fi,55
1332,2025-02-22,S07,Galactic Wars,Sci-Fi,60
1332,2025-02-22,S08,Time Anomaly,Sci-Fi,48
1333,2025-03-22,S04,Laugh Track,Sitcom,25
1333,2025-03-22,S05,Office Antics,Sitcom,22
1334,2025-04-25,S01,Crime City,Crime Drama,45
1334,2025-04-25,S13,True Crime Files,Documentary,50
1335,2025-04-07,S10,Little Explorers,Kids,18
1335,2025-04-07,S13,True Crime Files,Documentary,50
1336,2025-02-02,S05,Office Antics,Sitcom,22
1336,2025-02-02,S08,Time Anomaly,Sci-Fi,48
1336,2025-02-02,S03,Silent Witness Redux,Crime Drama,42
1336,2025-02-02,S02,The Detective,Crime Drama,50
1337,2025-02-27,S10,Little Explorers,Kids,18
1338,2025-03-07,S14,Parenting Unscripted,Reality TV,35
1338,2025-03-07,S05,Office Antics,Sitcom,22
1338,2025-03-07,S13,True Crime Files,Documentary,50
1339,2025-04-02,S01,Crime City,Crime Drama,45
1339,2025-04-02,S13,True Crime Files,Documentary,50
1339,2025-04-02,S09,Toon Town,Kids,20
1340,2025-03-20,S06,Space Frontier,Sci-Fi,55
1340,2025-03-20,S07,Galactic Wars,Sci-Fi,60
1341,2025-01-28,S11,Real Life Diaries,Reality TV,40
1341,2025-01-28,S12,Love Island Nairobi,Reality TV,45
1341,2025-01-28,S15,Cooking Masters,Reality TV,38
1342,2025-03-16,S09,Toon Town,Kids,20
1342,2025-03-16,S14,Parenting Unscripted,Reality TV,35
1343,2025-05-30,S04,Laugh Track,Sitcom,25
1343,2025-05-30,S05,Office Antics,Sitcom,22
1344,2025-04-11,S01,Crime City,Crime Drama,45
1344,2025-04-11,S13,True Crime Files,Documentary,50
1345,2025-03-21,S09,Toon Town,Kids,20
1346,2025-05-16,S06,Space Frontier,Sci-Fi,55
1346,2025-05-16,S07,Galactic Wars,Sci-Fi,60
1347,2025-02-10,S07,Galactic Wars,Sci-Fi,60
1347,2025-02-10,S03,Silent Witness Redux,Crime Drama,42
1347,2025-02-10,S06,Space Frontier,Sci-Fi,55
1347,2025-02-10,S09,Toon Town,Kids,20
1348,2025-04-21,S04,Laugh Track,Sitcom,25
1348,2025-04-21,S05,Office Antics,Sitcom,22
1349,2025-03-17,S09,Toon Town,Kids,20
1349,2025-03-17,S14,Parenting Unscripted,Reality TV,35
1350,2025-04-29,S12,Love Island Nairobi,Reality TV,45
1350,2025-04-29,S01,Crime City,Crime Drama,45
1351,2025-01-01,S09,Toon Town,Kids,20
1351,2025-01-01,S10,Little Explorers,Kids,18
1352,2025-02-21,S01,Crime City,Crime Drama,45
1352,2025-02-21,S02,The Detective,Crime Drama,50
1353,2025-06-22,S07,Galactic Wars,Sci-Fi,60
1353,2025-06-22,S13,True Crime Files,Documentary,50
1354,2025-04-18,S10,Little Explorers,Kids,18
1354,2025-04-18,S03,Silent Witness Redux,Crime Drama,42
1354,2025-04-18,S15,Cooking Masters,Reality TV,38
1354,2025-04-18,S04,Laugh Track,Sitcom,25
1355,2025-06-30,S04,Laugh Track,Sitcom,25
1355,2025-06-30,S05,Office Antics,Sitcom,22
1356,2025-04-09,S01,Crime City,Crime Drama,45
1356,2025-04-09,S13,True Crime Files,Documentary,50
1357,2025-03-06,S05,Office Antics,Sitcom,22
1357,2025-03-06,S02,The Detective,Crime Drama,50
1358,2025-02-10,S04,Laugh Track,Sitcom,25
1358,2025-02-10,S05,Office Antics,Sitcom,22
1359,2025-04-30,S09,Toon Town,Kids,20
1359,2025-04-30,S10,Little Explorers,Kids,18
1359,2025-04-30,S11,Real Life Diaries,Reality TV,40
1360,2025-01-30,S07,Galactic Wars,Sci-Fi,60
1361,2025-02-13,S09,Toon Town,Kids,20
1361,2025-02-13,S14,Parenting Unscripted,Reality TV,35
1362,2025-06-10,S09,Toon Town,Kids,20
1362,2025-06-10,S14,Parenting Unscripted,Reality TV,35
1363,2025-02-28,S09,Toon Town,Kids,20
1363,2025-02-28,S10,Little Explorers,Kids,18
1364,2025-04-30,S04,Laugh Track,Sitcom,25
1364,2025-04-30,S05,Office Antics,Sitcom,22
1365,2025-04-18,S11,Real Life Diaries,Reality TV,40
1365,2025-04-18,S12,Love Island Nairobi,Reality TV,45
1365,2025-04-18,S15,Cooking Masters,Reality TV,38
1366,2025-03-19,S14,Parenting Unscripted,Reality TV,35
1366,2025-03-19,S05,Office Antics,Sitcom,22
1367,2025-06-12,S08,Time Anomaly,Sci-Fi,48
1367,2025-06-12,S15,Cooking Masters,Reality TV,38
1367,2025-06-12,S11,Real Life Diaries,Reality TV,40
1368,2025-03-05,S01,Crime City,Crime Drama,45
1368,2025-03-05,S02,The Detective,Crime Drama,50
1368,2025-03-05,S03,Silent Witness Redux,Crime Drama,42
1369,2025-02-18,S09,Toon Town,Kids,20
1369,2025-02-18,S10,Little Explorers,Kids,18
1370,2025-02-11,S13,True Crime Files,Documentary,50
1370,2025-02-11,S03,Silent Witness Redux,Crime Drama,42
1370,2025-02-11,S01,Crime City,Crime Drama,45
1370,2025-02-11,S07,Galactic Wars,Sci-Fi,60
1371,2025-06-22,S06,Space Frontier,Sci-Fi,55
1371,2025-06-22,S07,Galactic Wars,Sci-Fi,60
1372,2025-03-07,S09,Toon Town,Kids,20
1372,2025-03-07,S14,Parenting Unscripted,Reality TV,35
1373,2025-05-18,S07,Galactic Wars,Sci-Fi,60
1373,2025-05-18,S02,The Detective,Crime Drama,50
1373,2025-05-18,S14,Parenting Unscripted,Reality TV,35
1373,2025-05-18,S15,Cooking Masters,Reality TV,38
1374,2025-05-13,S04,Laugh Track,Sitcom,25
1375,2025-03-30,S03,Silent Witness Redux,Crime Drama,42
1375,2025-03-30,S07,Galactic Wars,Sci-Fi,60
1376,2025-05-09,S11,Real Life Diaries,Reality TV,40
1376,2025-05-09,S12,Love Island Nairobi,Reality TV,45
1377,2025-02-17,S09,Toon Town,Kids,20
1377,2025-02-17,S10,Little Explorers,Kids,18
1378,2025-06-17,S14,Parenting Unscripted,Reality TV,35
1379,2025-06-16,S04,Laugh Track,Sitcom,25
1379,2025-06-16,S05,Office Antics,Sitcom,22
1380,2025-04-14,S11,Real Life Diaries,Reality TV,40
1380,2025-04-14,S07,Galactic Wars,Sci-Fi,60
1380,2025-04-14,S15,Cooking Masters,Reality TV,38
1381,2025-02-21,S13,True Crime Files,Documentary,50
1381,2025-02-21,S14,Parenting Unscripted,Reality TV,35
1381,2025-02-21,S04,Laugh Track,Sitcom,25
1382,2025-03-23,S13,True Crime Files,Documentary,50
1382,2025-03-23,S09,Toon Town,Kids,20
1382,2025-03-23,S06,Space Frontier,Sci-Fi,55
1382,2025-03-23,S15,Cooking Masters,Reality TV,38
1383,2025-05-25,S14,Parenting Unscripted,Reality TV,35
1383,2025-05-25,S07,Galactic Wars,Sci-Fi,60
1383,2025-05-25,S09,Toon Town,Kids,20
1384,2025-04-03,S04,Laugh Track,Sitcom,25
1384,2025-04-03,S05,Office Antics,Sitcom,22
1385,2025-06-01,S09,Toon Town,Kids,20
1385,2025-06-01,S10,Little Explorers,Kids,18
1386,2025-05-26,S09,Toon Town,Kids,20
1386,2025-05-26,S14,Parenting Unscripted,Reality TV,35
1386,2025-05-26,S07,Galactic Wars,Sci-Fi,60
1387,2025-03-05,S07,Galactic Wars,Sci-Fi,60
1387,2025-03-05,S11,Real Life Diaries,Reality TV,40
1387,2025-03-05,S12,Love Island Nairobi,Reality TV,45
1388,2025-05-08,S11,Real Life Diaries,Reality TV,40
1389,2025-04-15,S03,Silent Witness Redux,Crime Drama,42
1389,2025-04-15,S13,True Crime Files,Documentary,50
1390,2025-04-07,S01,Crime City,Crime Drama,45
1390,2025-04-07,S02,The Detective,Crime Drama,50
1391,2025-03-26,S08,Time Anomaly,Sci-Fi,48
1392,2025-05-31,S11,Real Life Diaries,Reality TV,40
1393,2025-01-22,S12,Love Island Nairobi,Reality TV,45
1394,2025-06-13,S12,Love Island Nairobi,Reality TV,45
1395,2025-01-12,S01,Crime City,Crime Drama,45
1396,2025-05-10,S15,Cooking Masters,Reality TV,38
1396,2025-05-10,S06,Space Frontier,Sci-Fi,55
1396,2025-05-10,S02,The Detective,Crime Drama,50
1396,2025-05-10,S10,Little Explorers,Kids,18
1397,2025-03-28,S06,Space Frontier,Sci-Fi,55
1397,2025-03-28,S07,Galactic Wars,Sci-Fi,60
1398,2025-04-27,S12,Love Island Nairobi,Reality TV,45
1398,2025-04-27,S08,Time Anomaly,Sci-Fi,48
1398,2025-04-27,S01,Crime City,Crime Drama,45
1398,2025-04-27,S10,Little Explorers,Kids,18
1399,2025-01-16,S11,Real Life Diaries,Reality TV,40
1399,2025-01-16,S12,Love Island Nairobi,Reality TV,45
1400,2025-01-15,S04,Laugh Track,Sitcom,25
1400,2025-01-15,S05,Office Antics,Sitcom,22
1401,2025-05-29,S01,Crime City,Crime Drama,45
1401,2025-05-29,S02,The Detective,Crime Drama,50
1402,2025-02-12,S04,Laugh Track,Sitcom,25
1402,2025-02-12,S05,Office Antics,Sitcom,22
1402,2025-02-12,S12,Love Island Nairobi,Reality TV,45
1403,2025-01-27,S13,True Crime Files,Documentary,50
1403,2025-01-27,S02,The Detective,Crime Drama,50
1403,2025-01-27,S12,Love Island Nairobi,Reality TV,45
1404,2025-01-24,S04,Laugh Track,Sitcom,25
1404,2025-01-24,S05,Office Antics,Sitcom,22
1405,2025-05-04,S09,Toon Town,Kids,20
1405,2025-05-04,S14,Parenting Unscripted,Reality TV,35
1406,2025-05-27,S09,Toon Town,Kids,20
1406,2025-05-27,S14,Parenting Unscripted,Reality TV,35
1407,2025-03-10,S04,Laugh Track,Sitcom,25
1407,2025-03-10,S05,Office Antics,Sitcom,22
1408,2025-06-17,S09,Toon Town,Kids,20
1408,2025-06-17,S14,Parenting Unscripted,Reality TV,35
1409,2025-03-18,S09,Toon Town,Kids,20
1410,2025-01-13,S01,Crime City,Crime Drama,45
1411,2025-04-02,S06,Space Frontier,Sci-Fi,55
1411,2025-04-02,S07,Galactic Wars,Sci-Fi,60
1412,2025-06-06,S01,Crime City,Crime Drama,45
1412,2025-06-06,S05,Office Antics,Sitcom,22
1412,2025-06-06,S14,Parenting Unscripted,Reality TV,35
1412,2025-06-06,S04,Laugh Track,Sitcom,25
1413,2025-05-02,S01,Crime City,Crime Drama,45
1413,2025-05-02,S13,True Crime Files,Documentary,50
1414,2025-04-26,S02,The Detective,Crime Drama,50
1414,2025-04-26,S08,Time Anomaly,Sci-Fi,48
1414,2025-04-26,S05,Office Antics,Sitcom,22
1414,2025-04-26,S15,Cooking Masters,Reality TV,38
1415,2025-05-06,S12,Love Island Nairobi,Reality TV,45
1415,2025-05-06,S05,Office Antics,Sitcom,22
1415,2025-05-06,S13,True Crime Files,Documentary,50
1416,2025-01-17,S09,Toon Town,Kids,20
1416,2025-01-17,S10,Little Explorers,Kids,18
1417,2025-04-07,S10,Little Explorers,Kids,18
1418,2025-01-29,S09,Toon Town,Kids,20
1418,2025-01-29,S10,Little Explorers,Kids,18
1419,2025-04-29,S01,Crime City,Crime Drama,45
1419,2025-04-29,S06,Space Frontier,Sci-Fi,55
1419,2025-04-29,S02,The Detective,Crime Drama,50
1420,2025-04-30,S01,Crime City,Crime Drama,45
1421,2025-06-29,S09,Toon Town,Kids,20
1421,2025-06-29,S10,Little Explorers,Kids,18
1422,2025-06-06,S14,Parenting Unscripted,Reality TV,35
1422,2025-06-06,S05,Office Antics,Sitcom,22
1423,2025-06-13,S04,Laugh Track,Sitcom,25
1423,2025-06-13,S05,Office Antics,Sitcom,22
1424,2025-06-13,S06,Space Frontier,Sci-Fi,55
1424,2025-06-13,S14,Parenting Unscripted,Reality TV,35
1424,2025-06-13,S01,Crime City,Crime Drama,45
1425,2025-05-28,S09,Toon Town,Kids,20
1425,2025-05-28,S14,Parenting Unscripted,Reality TV,35
1426,2025-02-07,S04,Laugh Track,Sitcom,25
1426,2025-02-07,S05,Office Antics,Sitcom,22
1427,2025-04-22,S09,Toon Town,Kids,20
1427,2025-04-22,S14,Parenting Unscripted,Reality TV,35
1428,2025-01-09,S02,The Detective,Crime Drama,50
1428,2025-01-09,S09,Toon Town,Kids,20
1428,2025-01-09,S05,Office Antics,Sitcom,22
1429,2025-02-02,S04,Laugh Track,Sitcom,25
1429,2025-02-02,S05,Office Antics,Sitcom,22
1430,2025-06-03,S05,Office Antics,Sitcom,22
1430,2025-06-03,S09,Toon Town,Kids,20
1430,2025-06-03,S14,Parenting Unscripted,Reality TV,35
1431,2025-05-15,S03,Silent Witness Redux,Crime Drama,42
1431,2025-05-15,S04,Laugh Track,Sitcom,25
1431,2025-05-15,S02,The Detective,Crime Drama,50
1431,2025-05-15,S15,Cooking Masters,Reality TV,38
1432,2025-05-06,S01,Crime City,Crime Drama,45
1432,2025-05-06,S02,The Detective,Crime Drama,50
1433,2025-01-28,S01,Crime City,Crime Drama,45
1433,2025-01-28,S06,Space Frontier,Sci-Fi,55
1434,2025-03-23,S09,Toon Town,Kids,20
1434,2025-03-23,S10,Little Explorers,Kids,18
1435,2025-06-23,S01,Crime City,Crime Drama,45
1435,2025-06-23,S13,True Crime Files,Documentary,50
1436,2025-05-20,S01,Crime City,Crime Drama,45
1436,2025-05-20,S09,Toon Town,Kids,20
1436,2025-05-20,S04,Laugh Track,Sitcom,25
1437,2025-02-15,S09,Toon Town,Kids,20
1438,2025-03-05,S01,Crime City,Crime Drama,45
1438,2025-03-05,S13,True Crime Files,Documentary,50
1439,2025-03-17,S07,Galactic Wars,Sci-Fi,60
1439,2025-03-17,S13,True Crime Files,Documentary,50
1440,2025-05-16,S09,Toon Town,Kids,20
1440,2025-05-16,S10,Little Explorers,Kids,18
1441,2025-06-22,S06,Space Frontier,Sci-Fi,55
1441,2025-06-22,S07,Galactic Wars,Sci-Fi,60
1442,2025-04-29,S01,Crime City,Crime Drama,45
1442,2025-04-29,S02,The Detective,Crime Drama,50
1443,2025-03-15,S15,Cooking Masters,Reality TV,38
1444,2025-06-25,S01,Crime City,Crime Drama,45
1444,2025-06-25,S13,True Crime Files,Documentary,50
1445,2025-05-28,S09,Toon Town,Kids,20
1445,2025-05-28,S14,Parenting Unscripted,Reality TV,35
1446,2025-03-17,S09,Toon Town,Kids,20
1446,2025-03-17,S10,Little Explorers,Kids,18
1447,2025-06-11,S01,Crime City,Crime Drama,45
1447,2025-06-11,S02,The Detective,Crime Drama,50
1447,2025-06-11,S03,Silent Witness Redux,Crime Drama,42
1448,2025-01-14,S10,Little Explorers,Kids,18
1448,2025-01-14,S15,Cooking Masters,Reality TV,38
1448,2025-01-14,S01,Crime City,Crime Drama,45
1448,2025-01-14,S04,Laugh Track,Sitcom,25
1449,2025-04-05,S11,Real Life Diaries,Reality TV,40
1449,2025-04-05,S12,Love Island Nairobi,Reality TV,45
1449,2025-04-05,S15,Cooking Masters,Reality TV,38
1449,2025-04-05,S08,Time Anomaly,Sci-Fi,48
1450,2025-04-20,S10,Little Explorers,Kids,18
1451,2025-01-17,S11,Real Life Diaries,Reality TV,40
1451,2025-01-17,S08,Time Anomaly,Sci-Fi,48
1451,2025-01-17,S13,True Crime Files,Documentary,50
1452,2025-05-17,S11,Real Life Diaries,Reality TV,40
1452,2025-05-17,S12,Love Island Nairobi,Reality TV,45
1453,2025-02-12,S04,Laugh Track,Sitcom,25
1454,2025-06-28,S11,Real Life Diaries,Reality TV,40
1454,2025-06-28,S12,Love Island Nairobi,Reality TV,45
1455,2025-02-26,S01,Crime City,Crime Drama,45
1455,2025-02-26,S02,The Detective,Crime Drama,50
1456,2025-03-28,S12,Love Island Nairobi,Reality TV,45
1456,2025-03-28,S13,True Crime Files,Documentary,50
1457,2025-03-25,S01,Crime City,Crime Drama,45
1457,2025-03-25,S13,True Crime Files,Documentary,50
1458,2025-04-17,S06,Space Frontier,Sci-Fi,55
1458,2025-04-17,S01,Crime City,Crime Drama,45
1458,2025-04-17,S07,Galactic Wars,Sci-Fi,60
1458,2025-04-17,S15,Cooking Masters,Reality TV,38
1459,2025-03-06,S01,Crime City,Crime Drama,45
1459,2025-03-06,S02,The Detective,Crime Drama,50
1460,2025-03-10,S06,Space Frontier,Sci-Fi,55
1460,2025-03-10,S07,Galactic Wars,Sci-Fi,60
1460,2025-03-10,S08,Time Anomaly,Sci-Fi,48
1461,2025-04-13,S12,Love Island Nairobi,Reality TV,45
1461,2025-04-13,S13,True Crime Files,Documentary,50
1461,2025-04-13,S15,Cooking Masters,Reality TV,38
1461,2025-04-13,S09,Toon Town,Kids,20
1462,2025-01-30,S14,Parenting Unscripted,Reality TV,35
1462,2025-01-30,S09,Toon Town,Kids,20
1463,2025-04-30,S09,Toon Town,Kids,20
1463,2025-04-30,S14,Parenting Unscripted,Reality TV,35
1463,2025-04-30,S07,Galactic Wars,Sci-Fi,60
1464,2025-03-06,S13,True Crime Files,Documentary,50
1464,2025-03-06,S07,Galactic Wars,Sci-Fi,60
1465,2025-01-12,S01,Crime City,Crime Drama,45
1465,2025-01-12,S13,True Crime Files,Documentary,50
1466,2025-02-07,S02,The Detective,Crime Drama,50
1466,2025-02-07,S12,Love Island Nairobi,Reality TV,45
1467,2025-01-23,S11,Real Life Diaries,Reality TV,40
1467,2025-01-23,S12,Love Island Nairobi,Reality TV,45
1468,2025-02-27,S08,Time Anomaly,Sci-Fi,48
1468,2025-02-27,S09,Toon Town,Kids,20
1468,2025-02-27,S01,Crime City,Crime Drama,45
1468,2025-02-27,S10,Little Explorers,Kids,18
1469,2025-05-27,S10,Little Explorers,Kids,18
1470,2025-03-18,S08,Time Anomaly,Sci-Fi,48
1471,2025-05-21,S04,Laugh Track,Sitcom,25
1471,2025-05-21,S12,Love Island Nairobi,Reality TV,45
1471,2025-05-21,S14,Parenting Unscripted,Reality TV,35
1471,2025-05-21,S08,Time Anomaly,Sci-Fi,48
1472,2025-06-27,S06,Space Frontier,Sci-Fi,55
1472,2025-06-27,S10,Little Explorers,Kids,18
1473,2025-01-24,S09,Toon Town,Kids,20
1473,2025-01-24,S14,Parenting Unscripted,Reality TV,35
1474,2025-05-10,S01,Crime City,Crime Drama,45
1474,2025-05-10,S02,The Detective,Crime Drama,50
1475,2025-05-22,S04,Laugh Track,Sitcom,25
1476,2025-04-08,S07,Galactic Wars,Sci-Fi,60
1476,2025-04-08,S14,Parenting Unscripted,Reality TV,35
1476,2025-04-08,S15,Cooking Masters,Reality TV,38
1476,2025-04-08,S10,Little Explorers,Kids,18
1477,2025-03-10,S09,Toon Town,Kids,20
1477,2025-03-10,S14,Parenting Unscripted,Reality TV,35
1478,2025-02-06,S01,Crime City,Crime Drama,45
1478,2025-02-06,S02,The Detective,Crime Drama,50
1479,2025-01-18,S09,Toon Town,Kids,20
1479,2025-01-18,S12,Love Island Nairobi,Reality TV,45
1479,2025-01-18,S10,Little Explorers,Kids,18
1480,2025-06-07,S04,Laugh Track,Sitcom,25
1480,2025-06-07,S05,Office Antics,Sitcom,22
1481,2025-06-14,S10,Little Explorers,Kids,18
1482,2025-06-29,S01,Crime City,Crime Drama,45
1482,2025-06-29,S13,True Crime Files,Documentary,50
1483,2025-05-21,S09,Toon Town,Kids,20
1483,2025-05-21,S10,Little Explorers,Kids,18
1484,2025-03-07,S02,The Detective,Crime Drama,50
1485,2025-04-03,S06,Space Frontier,Sci-Fi,55
1485,2025-04-03,S07,Galactic Wars,Sci-Fi,60
1485,2025-04-03,S08,Time Anomaly,Sci-Fi,48
1486,2025-03-03,S15,Cooking Masters,Reality TV,38
1486,2025-03-03,S06,Space Frontier,Sci-Fi,55
1486,2025-03-03,S04,Laugh Track,Sitcom,25
1487,2025-03-31,S04,Laugh Track,Sitcom,25
1487,2025-03-31,S05,Office Antics,Sitcom,22
1488,2025-04-26,S05,Office Antics,Sitcom,22
1489,2025-01-17,S13,True Crime Files,Documentary,50
1490,2025-04-04,S01,Crime City,Crime Drama,45
1490,2025-04-04,S02,The Detective,Crime Drama,50
1490,2025-04-04,S03,Silent Witness Redux,Crime Drama,42
1491,2025-02-25,S04,Laugh Track,Sitcom,25
1491,2025-02-25,S05,Office Antics,Sitcom,22
1492,2025-02-06,S11,Real Life Diaries,Reality TV,40
1492,2025-02-06,S12,Love Island Nairobi,Reality TV,45
1493,2025-03-31,S04,Laugh Track,Sitcom,25
1493,2025-03-31,S05,Office Antics,Sitcom,22
1494,2025-02-10,S13,True Crime Files,Documentary,50
1494,2025-02-10,S05,Office Antics,Sitcom,22
1495,2025-04-19,S11,Real Life Diaries,Reality TV,40
1495,2025-04-19,S12,Love Island Nairobi,Reality TV,45
1495,2025-04-19,S15,Cooking Masters,Reality TV,38
1496,2025-04-13,S11,Real Life Diaries,Reality TV,40
1496,2025-04-13,S12,Love Island Nairobi,Reality TV,45
1496,2025-04-13,S15,Cooking Masters,Reality TV,38
1497,2025-04-05,S09,Toon Town,Kids,20
1497,2025-04-05,S10,Little Explorers,Kids,18
1498,2025-04-17,S01,Crime City,Crime Drama,45
1498,2025-04-17,S13,True Crime Files,Documentary,50
1499,2025-06-27,S02,The Detective,Crime Drama,50
1500,2025-03-16,S01,Crime City,Crime Drama,45
1500,2025-03-16,S13,True Crime Files,Documentary,50
1501,2025-02-23,S09,Toon Town,Kids,20
1501,2025-02-23,S04,Laugh Track,Sitcom,25
1501,2025-02-23,S06,Space Frontier,Sci-Fi,55
1502,2025-04-02,S04,Laugh Track,Sitcom,25
1502,2025-04-02,S05,Office Antics,Sitcom,22
1503,2025-01-08,S13,True Crime Files,Documentary,50
1503,2025-01-08,S07,Galactic Wars,Sci-Fi,60
1503,2025-01-08,S02,The Detective,Crime Drama,50
1504,2025-01-24,S01,Crime City,Crime Drama,45
1504,2025-01-24,S13,True Crime Files,Documentary,50
1505,2025-04-06,S11,Real Life Diaries,Reality TV,40
1505,2025-04-06,S12,Love Island Nairobi,Reality TV,45
1505,2025-04-06,S10,Little Explorers,Kids,18
1506,2025-04-27,S01,Crime City,Crime Drama,45
1506,2025-04-27,S02,The Detective,Crime Drama,50
1506,2025-04-27,S03,Silent Witness Redux,Crime Drama,42
1507,2025-01-16,S01,Crime City,Crime Drama,45
1507,2025-01-16,S08,Time Anomaly,Sci-Fi,48
1508,2025-05-11,S09,Toon Town,Kids,20
1508,2025-05-11,S14,Parenting Unscripted,Reality TV,35
1509,2025-01-30,S09,Toon Town,Kids,20
1510,2025-06-25,S06,Space Frontier,Sci-Fi,55
1510,2025-06-25,S07,Galactic Wars,Sci-Fi,60
1510,2025-06-25,S08,Time Anomaly,Sci-Fi,48
1511,2025-01-30,S06,Space Frontier,Sci-Fi,55
1511,2025-01-30,S09,Toon Town,Kids,20
1512,2025-01-01,S09,Toon Town,Kids,20
1512,2025-01-01,S14,Parenting Unscripted,Reality TV,35
1513,2025-06-28,S01,Crime City,Crime Drama,45
1513,2025-06-28,S13,True Crime Files,Documentary,50
1514,2025-04-27,S04,Laugh Track,Sitcom,25
1514,2025-04-27,S05,Office Antics,Sitcom,22
1515,2025-03-18,S01,Crime City,Crime Drama,45
1515,2025-03-18,S13,True Crime Files,Documentary,50
1516,2025-03-17,S04,Laugh Track,Sitcom,25
1516,2025-03-17,S09,Toon Town,Kids,20
1516,2025-03-17,S08,Time Anomaly,Sci-Fi,48
1516,2025-03-17,S01,Crime City,Crime Drama,45
1517,2025-04-24,S09,Toon Town,Kids,20
1517,2025-04-24,S10,Little Explorers,Kids,18
1518,2025-06-18,S01,Crime City,Crime Drama,45
1519,2025-03-24,S03,Silent Witness Redux,Crime Drama,42
1520,2025-03-21,S04,Laugh Track,Sitcom,25
1520,2025-03-21,S05,Office Antics,Sitcom,22
1521,2025-03-08,S01,Crime City,Crime Drama,45
1521,2025-03-08,S13,True Crime Files,Documentary,50
1522,2025-02-07,S06,Space Frontier,Sci-Fi,55
1522,2025-02-07,S07,Galactic Wars,Sci-Fi,60
1523,2025-02-12,S06,Space Frontier,Sci-Fi,55
1523,2025-02-12,S07,Galactic Wars,Sci-Fi,60
1523,2025-02-12,S13,True Crime Files,Documentary,50
1524,2025-04-08,S09,Toon Town,Kids,20
1524,2025-04-08,S10,Little Explorers,Kids,18
1525,2025-03-17,S04,Laugh Track,Sitcom,25
1525,2025-03-17,S05,Office Antics,Sitcom,22
1526,2025-06-10,S08,Time Anomaly,Sci-Fi,48
1526,2025-06-10,S11,Real Life Diaries,Reality TV,40
1526,2025-06-10,S06,Space Frontier,Sci-Fi,55
1526,2025-06-10,S02,The Detective,Crime Drama,50
1527,2025-06-12,S09,Toon Town,Kids,20
1527,2025-06-12,S14,Parenting Unscripted,Reality TV,35
1528,2025-03-05,S11,Real Life Diaries,Reality TV,40
1529,2025-05-23,S12,Love Island Nairobi,Reality TV,45
1530,2025-01-22,S14,Parenting Unscripted,Reality TV,35
1530,2025-01-22,S02,The Detective,Crime Drama,50
1530,2025-01-22,S12,Love Island Nairobi,Reality TV,45
1531,2025-05-18,S09,Toon Town,Kids,20
1531,2025-05-18,S10,Little Explorers,Kids,18
1532,2025-04-26,S06,Space Frontier,Sci-Fi,55
1532,2025-04-26,S07,Galactic Wars,Sci-Fi,60
1532,2025-04-26,S08,Time Anomaly,Sci-Fi,48
1533,2025-01-22,S09,Toon Town,Kids,20
1533,2025-01-22,S14,Parenting Unscripted,Reality TV,35
1534,2025-01-25,S04,Laugh Track,Sitcom,25
1534,2025-01-25,S05,Office Antics,Sitcom,22
1535,2025-01-10,S11,Real Life Diaries,Reality TV,40
1535,2025-01-10,S12,Love Island Nairobi,Reality TV,45
1536,2025-02-20,S04,Laugh Track,Sitcom,25
1536,2025-02-20,S05,Office Antics,Sitcom,22
1537,2025-02-12,S15,Cooking Masters,Reality TV,38
1537,2025-02-12,S04,Laugh Track,Sitcom,25
1537,2025-02-12,S11,Real Life Diaries,Reality TV,40
1537,2025-02-12,S05,Office Antics,Sitcom,22
1538,2025-02-12,S04,Laugh Track,Sitcom,25
1538,2025-02-12,S05,Office Antics,Sitcom,22
1539,2025-04-16,S11,Real Life Diaries,Reality TV,40
1539,2025-04-16,S06,Space Frontier,Sci-Fi,55
1539,2025-04-16,S05,Office Antics,Sitcom,22
1540,2025-01-03,S06,Space Frontier,Sci-Fi,55
1540,2025-01-03,S07,Galactic Wars,Sci-Fi,60
1541,2025-01-13,S13,True Crime Files,Documentary,50
1541,2025-01-13,S02,The Detective,Crime Drama,50
1542,2025-01-27,S11,Real Life Diaries,Reality TV,40
1542,2025-01-27,S12,Love Island Nairobi,Reality TV,45
1543,2025-02-05,S09,Toon Town,Kids,20
1543,2025-02-05,S10,Little Explorers,Kids,18
1544,2025-06-01,S10,Little Explorers,Kids,18
1544,2025-06-01,S11,Real Life Diaries,Reality TV,40
1544,2025-06-01,S05,Office Antics,Sitcom,22
1544,2025-06-01,S06,Space Frontier,Sci-Fi,55
1545,2025-06-25,S01,Crime City,Crime Drama,45
1545,2025-06-25,S02,The Detective,Crime Drama,50
1545,2025-06-25,S03,Silent Witness Redux,Crime Drama,42
1546,2025-01-11,S04,Laugh Track,Sitcom,25
1546,2025-01-11,S03,Silent Witness Redux,Crime Drama,42
1546,2025-01-11,S12,Love Island Nairobi,Reality TV,45
1547,2025-04-04,S11,Real Life Diaries,Reality TV,40
1547,2025-04-04,S12,Love Island Nairobi,Reality TV,45
1547,2025-04-04,S15,Cooking Masters,Reality TV,38
1548,2025-06-17,S06,Space Frontier,Sci-Fi,55
1548,2025-06-17,S07,Galactic Wars,Sci-Fi,60
1549,2025-04-26,S06,Space Frontier,Sci-Fi,55
1549,2025-04-26,S07,Galactic Wars,Sci-Fi,60
1550,2025-02-09,S04,Laugh Track,Sitcom,25
1550,2025-02-09,S05,Office Antics,Sitcom,22
1551,2025-06-08,S15,Cooking Masters,Reality TV,38
1552,2025-05-08,S04,Laugh Track,Sitcom,25
1552,2025-05-08,S05,Office Antics,Sitcom,22
1553,2025-04-22,S09,Toon Town,Kids,20
1553,2025-04-22,S14,Parenting Unscripted,Reality TV,35
1554,2025-02-07,S09,Toon Town,Kids,20
1554,2025-02-07,S10,Little Explorers,Kids,18
1555,2025-02-17,S01,Crime City,Crime Drama,45
1555,2025-02-17,S02,The Detective,Crime Drama,50
1556,2025-01-16,S09,Toon Town,Kids,20
1556,2025-01-16,S14,Parenting Unscripted,Reality TV,35
1557,2025-04-10,S09,Toon Town,Kids,20
1557,2025-04-10,S14,Parenting Unscripted,Reality TV,35
1558,2025-04-16,S13,True Crime Files,Documentary,50
1558,2025-04-16,S15,Cooking Masters,Reality TV,38
1558,2025-04-16,S06,Space Frontier,Sci-Fi,55
1558,2025-04-16,S10,Little Explorers,Kids,18
1559,2025-02-13,S01,Crime City,Crime Drama,45
1559,2025-02-13,S13,True Crime Files,Documentary,50
1560,2025-01-05,S01,Crime City,Crime Drama,45
1560,2025-01-05,S02,The Detective,Crime Drama,50
1561,2025-06-02,S06,Space Frontier,Sci-Fi,55
1561,2025-06-02,S07,Galactic Wars,Sci-Fi,60
1562,2025-04-05,S11,Real Life Diaries,Reality TV,40
1562,2025-04-05,S12,Love Island Nairobi,Reality TV,45
1562,2025-04-05,S15,Cooking Masters,Reality TV,38
1563,2025-04-17,S01,Crime City,Crime Drama,45
1563,2025-04-17,S02,The Detective,Crime Drama,50
1563,2025-04-17,S03,Silent Witness Redux,Crime Drama,42
1563,2025-04-17,S06,Space Frontier,Sci-Fi,55
1564,2025-05-16,S11,Real Life Diaries,Reality TV,40
1564,2025-05-16,S12,Love Island Nairobi,Reality TV,45
1565,2025-06-08,S11,Real Life Diaries,Reality TV,40
1565,2025-06-08,S12,Love Island Nairobi,Reality TV,45
1565,2025-06-08,S15,Cooking Masters,Reality TV,38
1566,2025-05-20,S04,Laugh Track,Sitcom,25
1566,2025-05-20,S05,Office Antics,Sitcom,22
1567,2025-05-07,S09,Toon Town,Kids,20
1567,2025-05-07,S10,Little Explorers,Kids,18
1568,2025-04-11,S06,Space Frontier,Sci-Fi,55
1569,2025-02-02,S01,Crime City,Crime Drama,45
1569,2025-02-02,S13,True Crime Files,Documentary,50
1570,2025-04-05,S12,Love Island Nairobi,Reality TV,45
1570,2025-04-05,S15,Cooking Masters,Reality TV,38
1571,2025-06-22,S01,Crime City,Crime Drama,45
1571,2025-06-22,S02,The Detective,Crime Drama,50
1571,2025-06-22,S03,Silent Witness Redux,Crime Drama,42
1572,2025-01-19,S01,Crime City,Crime Drama,45
1572,2025-01-19,S02,The Detective,Crime Drama,50
1573,2025-02-12,S09,Toon Town,Kids,20
1573,2025-02-12,S04,Laugh Track,Sitcom,25
1574,2025-01-29,S09,Toon Town,Kids,20
1574,2025-01-29,S14,Parenting Unscripted,Reality TV,35
1575,2025-01-04,S13,True Crime Files,Documentary,50
1575,2025-01-04,S14,Parenting Unscripted,Reality TV,35
1575,2025-01-04,S08,Time Anomaly,Sci-Fi,48
1576,2025-01-12,S07,Galactic Wars,Sci-Fi,60
1576,2025-01-12,S11,Real Life Diaries,Reality TV,40
1576,2025-01-12,S04,Laugh Track,Sitcom,25
1577,2025-04-28,S06,Space Frontier,Sci-Fi,55
1578,2025-02-21,S13,True Crime Files,Documentary,50
1579,2025-06-27,S01,Crime City,Crime Drama,45
1579,2025-06-27,S13,True Crime Files,Documentary,50
1580,2025-01-01,S10,Little Explorers,Kids,18
1580,2025-01-01,S14,Parenting Unscripted,Reality TV,35
1580,2025-01-01,S03,Silent Witness Redux,Crime Drama,42
1581,2025-01-20,S04,Laugh Track,Sitcom,25
1581,2025-01-20,S05,Office Antics,Sitcom,22
1582,2025-05-01,S02,The Detective,Crime Drama,50
1582,2025-05-01,S06,Space Frontier,Sci-Fi,55
1582,2025-05-01,S13,True Crime Files,Documentary,50
1582,2025-05-01,S04,Laugh Track,Sitcom,25
1583,2025-03-30,S11,Real Life Diaries,Reality TV,40
1583,2025-03-30,S12,Love Island Nairobi,Reality TV,45
1583,2025-03-30,S15,Cooking Masters,Reality TV,38
1583,2025-03-30,S14,Parenting Unscripted,Reality TV,35
1584,2025-03-21,S06,Space Frontier,Sci-Fi,55
1584,2025-03-21,S10,Little Explorers,Kids,18
1585,2025-02-05,S11,Real Life Diaries,Reality TV,40
1585,2025-02-05,S12,Love Island Nairobi,Reality TV,45
1585,2025-02-05,S15,Cooking Masters,Reality TV,38
1586,2025-03-19,S01,Crime City,Crime Drama,45
1586,2025-03-19,S13,True Crime Files,Documentary,50
1587,2025-03-30,S13,True Crime Files,Documentary,50
1587,2025-03-30,S05,Office Antics,Sitcom,22
1588,2025-05-12,S04,Laugh Track,Sitcom,25
1588,2025-05-12,S05,Office Antics,Sitcom,22
1589,2025-02-06,S01,Crime City,Crime Drama,45
1589,2025-02-06,S13,True Crime Files,Documentary,50
1590,2025-04-17,S15,Cooking Masters,Reality TV,38
1590,2025-04-17,S01,Crime City,Crime Drama,45
1590,2025-04-17,S04,Laugh Track,Sitcom,25
1591,2025-04-10,S01,Crime City,Crime Drama,45
1592,2025-01-30,S04,Laugh Track,Sitcom,25
1592,2025-01-30,S05,Office Antics,Sitcom,22
1593,2025-03-12,S05,Office Antics,Sitcom,22
1594,2025-06-14,S09,Toon Town,Kids,20
1594,2025-06-14,S10,Little Explorers,Kids,18
1595,2025-02-11,S01,Crime City,Crime Drama,45
1595,2025-02-11,S13,True Crime Files,Documentary,50
1596,2025-01-12,S04,Laugh Track,Sitcom,25
1596,2025-01-12,S05,Office Antics,Sitcom,22
1597,2025-01-11,S01,Crime City,Crime Drama,45
1597,2025-01-11,S02,The Detective,Crime Drama,50
1597,2025-01-11,S03,Silent Witness Redux,Crime Drama,42
1598,2025-06-22,S11,Real Life Diaries,Reality TV,40
1598,2025-06-22,S12,Love Island Nairobi,Reality TV,45
1599,2025-04-04,S04,Laugh Track,Sitcom,25
1599,2025-04-04,S05,Office Antics,Sitcom,22
1600,2025-01-03,S09,Toon Town,Kids,20
1600,2025-01-03,S14,Parenting Unscripted,Reality TV,35
1601,2025-02-19,S02,The Detective,Crime Drama,50
1601,2025-02-19,S10,Little Explorers,Kids,18
1601,2025-02-19,S14,Parenting Unscripted,Reality TV,35
1601,2025-02-19,S11,Real Life Diaries,Reality TV,40
1602,2025-01-20,S15,Cooking Masters,Reality TV,38
1602,2025-01-20,S10,Little Explorers,Kids,18
1603,2025-05-08,S01,Crime City,Crime Drama,45
1603,2025-05-08,S02,The Detective,Crime Drama,50
1603,2025-05-08,S03,Silent Witness Redux,Crime Drama,42
1603,2025-05-08,S12,Love Island Nairobi,Reality TV,45
1604,2025-02-19,S09,Toon Town,Kids,20
1605,2025-05-15,S15,Cooking Masters,Reality TV,38
1606,2025-03-04,S06,Space Frontier,Sci-Fi,55
1606,2025-03-04,S07,Galactic Wars,Sci-Fi,60
1607,2025-02-26,S06,Space Frontier,Sci-Fi,55
1607,2025-02-26,S07,Galactic Wars,Sci-Fi,60
1608,2025-01-03,S01,Crime City,Crime Drama,45
1608,2025-01-03,S02,The Detective,Crime Drama,50
1609,2025-03-29,S11,Real Life Diaries,Reality TV,40
1609,2025-03-29,S12,Love Island Nairobi,Reality TV,45
1609,2025-03-29,S15,Cooking Masters,Reality TV,38
1610,2025-03-13,S09,Toon Town,Kids,20
1610,2025-03-13,S14,Parenting Unscripted,Reality TV,35
1611,2025-03-12,S04,Laugh Track,Sitcom,25
1611,2025-03-12,S05,Office Antics,Sitcom,22
1612,2025-04-13,S01,Crime City,Crime Drama,45
1612,2025-04-13,S02,The Detective,Crime Drama,50
1612,2025-04-13,S11,Real Life Diaries,Reality TV,40
1613,2025-01-14,S04,Laugh Track,Sitcom,25
1613,2025-01-14,S05,Office Antics,Sitcom,22
1614,2025-06-22,S01,Crime City,Crime Drama,45
1614,2025-06-22,S13,True Crime Files,Documentary,50
1615,2025-04-08,S09,Toon Town,Kids,20
1615,2025-04-08,S14,Parenting Unscripted,Reality TV,35
1616,2025-01-24,S09,Toon Town,Kids,20
1617,2025-02-13,S11,Real Life Diaries,Reality TV,40
1617,2025-02-13,S12,Love Island Nairobi,Reality TV,45
1618,2025-03-08,S03,Silent Witness Redux,Crime Drama,42
1618,2025-03-08,S12,Love Island Nairobi,Reality TV,45
1619,2025-06-21,S09,Toon Town,Kids,20
1619,2025-06-21,S14,Parenting Unscripted,Reality TV,35
1620,2025-03-14,S09,Toon Town,Kids,20
1620,2025-03-14,S10,Little Explorers,Kids,18
1621,2025-01-14,S10,Little Explorers,Kids,18
1621,2025-01-14,S14,Parenting Unscripted,Reality TV,35
1621,2025-01-14,S04,Laugh Track,Sitcom,25
1621,2025-01-14,S05,Office Antics,Sitcom,22
1622,2025-03-14,S06,Space Frontier,Sci-Fi,55
1622,2025-03-14,S07,Galactic Wars,Sci-Fi,60
1623,2025-02-02,S09,Toon Town,Kids,20
1623,2025-02-02,S10,Little Explorers,Kids,18
1624,2025-06-10,S01,Crime City,Crime Drama,45
1625,2025-06-21,S04,Laugh Track,Sitcom,25
1625,2025-06-21,S05,Office Antics,Sitcom,22
1626,2025-06-27,S09,Toon Town,Kids,20
1626,2025-06-27,S10,Little Explorers,Kids,18
1627,2025-04-29,S06,Space Frontier,Sci-Fi,55
1628,2025-06-30,S02,The Detective,Crime Drama,50
1628,2025-06-30,S10,Little Explorers,Kids,18
1628,2025-06-30,S01,Crime City,Crime Drama,45
1628,2025-06-30,S05,Office Antics,Sitcom,22
1629,2025-03-31,S05,Office Antics,Sitcom,22
1629,2025-03-31,S11,Real Life Diaries,Reality TV,40
1629,2025-03-31,S07,Galactic Wars,Sci-Fi,60
1630,2025-04-03,S03,Silent Witness Redux,Crime Drama,42
1630,2025-04-03,S09,Toon Town,Kids,20
1630,2025-04-03,S12,Love Island Nairobi,Reality TV,45
1631,2025-04-13,S14,Parenting Unscripted,Reality TV,35
1631,2025-04-13,S08,Time Anomaly,Sci-Fi,48
1632,2025-05-09,S09,Toon Town,Kids,20
1632,2025-05-09,S10,Little Explorers,Kids,18
1633,2025-05-14,S04,Laugh Track,Sitcom,25
1633,2025-05-14,S05,Office Antics,Sitcom,22
1634,2025-04-03,S05,Office Antics,Sitcom,22
1635,2025-04-06,S03,Silent Witness Redux,Crime Drama,42
1636,2025-02-21,S04,Laugh Track,Sitcom,25
1636,2025-02-21,S05,Office Antics,Sitcom,22
1637,2025-02-12,S11,Real Life Diaries,Reality TV,40
1637,2025-02-12,S12,Love Island Nairobi,Reality TV,45
1638,2025-03-25,S01,Crime City,Crime Drama,45
1638,2025-03-25,S06,Space Frontier,Sci-Fi,55
1638,2025-03-25,S04,Laugh Track,Sitcom,25
1639,2025-06-30,S07,Galactic Wars,Sci-Fi,60
1639,2025-06-30,S14,Parenting Unscripted,Reality TV,35
1639,2025-06-30,S06,Space Frontier,Sci-Fi,55
1639,2025-06-30,S01,Crime City,Crime Drama,45
1640,2025-01-19,S09,Toon Town,Kids,20
1640,2025-01-19,S14,Parenting Unscripted,Reality TV,35
1641,2025-04-17,S09,Toon Town,Kids,20
1641,2025-04-17,S10,Little Explorers,Kids,18
1642,2025-06-29,S09,Toon Town,Kids,20
1642,2025-06-29,S04,Laugh Track,Sitcom,25
1642,2025-06-29,S06,Space Frontier,Sci-Fi,55
1642,2025-06-29,S08,Time Anomaly,Sci-Fi,48
1643,2025-04-27,S15,Cooking Masters,Reality TV,38
1643,2025-04-27,S04,Laugh Track,Sitcom,25
1643,2025-04-27,S05,Office Antics,Sitcom,22
1643,2025-04-27,S14,Parenting Unscripted,Reality TV,35
1644,2025-02-21,S06,Space Frontier,Sci-Fi,55
1644,2025-02-21,S07,Galactic Wars,Sci-Fi,60
1645,2025-03-07,S11,Real Life Diaries,Reality TV,40
1645,2025-03-07,S12,Love Island Nairobi,Reality TV,45
1646,2025-04-11,S10,Little Explorers,Kids,18
1647,2025-04-25,S12,Love Island Nairobi,Reality TV,45
1648,2025-01-17,S11,Real Life Diaries,Reality TV,40
1648,2025-01-17,S12,Love Island Nairobi,Reality TV,45
1649,2025-05-27,S13,True Crime Files,Documentary,50
1649,2025-05-27,S02,The Detective,Crime Drama,50
1649,2025-05-27,S09,Toon Town,Kids,20
1650,2025-04-03,S09,Toon Town,Kids,20
1650,2025-04-03,S14,Parenting Unscripted,Reality TV,35
1651,2025-05-18,S10,Little Explorers,Kids,18
1651,2025-05-18,S14,Parenting Unscripted,Reality TV,35
1652,2025-02-28,S06,Space Frontier,Sci-Fi,55
1652,2025-02-28,S07,Galactic Wars,Sci-Fi,60
1653,2025-01-03,S01,Crime City,Crime Drama,45
1653,2025-01-03,S13,True Crime Files,Documentary,50
1654,2025-02-26,S09,Toon Town,Kids,20
1654,2025-02-26,S10,Little Explorers,Kids,18
1655,2025-03-02,S08,Time Anomaly,Sci-Fi,48
1655,2025-03-02,S05,Office Antics,Sitcom,22
1656,2025-02-27,S11,Real Life Diaries,Reality TV,40
1657,2025-03-11,S11,Real Life Diaries,Reality TV,40
1657,2025-03-11,S12,Love Island Nairobi,Reality TV,45
1658,2025-01-22,S13,True Crime Files,Documentary,50
1659,2025-06-05,S04,Laugh Track,Sitcom,25
1659,2025-06-05,S14,Parenting Unscripted,Reality TV,35
1659,2025-06-05,S11,Real Life Diaries,Reality TV,40
1660,2025-01-15,S11,Real Life Diaries,Reality TV,40
1660,2025-01-15,S12,Love Island Nairobi,Reality TV,45
1661,2025-05-28,S04,Laugh Track,Sitcom,25
1662,2025-05-19,S09,Toon Town,Kids,20
1663,2025-01-15,S06,Space Frontier,Sci-Fi,55
1663,2025-01-15,S15,Cooking Masters,Reality TV,38
1663,2025-01-15,S08,Time Anomaly,Sci-Fi,48
1664,2025-01-17,S09,Toon Town,Kids,20
1664,2025-01-17,S10,Little Explorers,Kids,18
1665,2025-06-02,S06,Space Frontier,Sci-Fi,55
1665,2025-06-02,S04,Laugh Track,Sitcom,25
1665,2025-06-02,S05,Office Antics,Sitcom,22
1666,2025-03-21,S04,Laugh Track,Sitcom,25
1667,2025-06-07,S05,Office Antics,Sitcom,22
1667,2025-06-07,S14,Parenting Unscripted,Reality TV,35
1668,2025-02-23,S11,Real Life Diaries,Reality TV,40
1668,2025-02-23,S12,Love Island Nairobi,Reality TV,45
1669,2025-04-11,S04,Laugh Track,Sitcom,25
1669,2025-04-11,S05,Office Antics,Sitcom,22
1670,2025-06-02,S09,Toon Town,Kids,20
1670,2025-06-02,S10,Little Explorers,Kids,18
1671,2025-06-05,S01,Crime City,Crime Drama,45
1671,2025-06-05,S13,True Crime Files,Documentary,50
1671,2025-06-05,S12,Love Island Nairobi,Reality TV,45
1672,2025-03-17,S01,Crime City,Crime Drama,45
1673,2025-04-06,S09,Toon Town,Kids,20
1673,2025-04-06,S03,Silent Witness Redux,Crime Drama,42
1673,2025-04-06,S10,Little Explorers,Kids,18
1674,2025-04-23,S08,Time Anomaly,Sci-Fi,48
1674,2025-04-23,S04,Laugh Track,Sitcom,25
1675,2025-05-14,S09,Toon Town,Kids,20
1675,2025-05-14,S14,Parenting Unscripted,Reality TV,35
1676,2025-06-18,S11,Real Life Diaries,Reality TV,40
1676,2025-06-18,S02,The Detective,Crime Drama,50
1677,2025-03-08,S01,Crime City,Crime Drama,45
1677,2025-03-08,S02,The Detective,Crime Drama,50
1678,2025-03-28,S01,Crime City,Crime Drama,45
1678,2025-03-28,S02,The Detective,Crime Drama,50
1679,2025-02-27,S09,Toon Town,Kids,20
1679,2025-02-27,S10,Little Explorers,Kids,18
1680,2025-02-08,S14,Parenting Unscripted,Reality TV,35
1681,2025-01-13,S01,Crime City,Crime Drama,45
1681,2025-01-13,S13,True Crime Files,Documentary,50
1682,2025-03-17,S06,Space Frontier,Sci-Fi,55
1682,2025-03-17,S07,Galactic Wars,Sci-Fi,60
1683,2025-03-25,S01,Crime City,Crime Drama,45
1683,2025-03-25,S13,True Crime Files,Documentary,50
1684,2025-05-02,S11,Real Life Diaries,Reality TV,40
1684,2025-05-02,S02,The Detective,Crime Drama,50
1685,2025-01-23,S04,Laugh Track,Sitcom,25
1685,2025-01-23,S05,Office Antics,Sitcom,22
1686,2025-02-16,S08,Time Anomaly,Sci-Fi,48
1687,2025-03-11,S08,Time Anomaly,Sci-Fi,48
1687,2025-03-11,S12,Love Island Nairobi,Reality TV,45
1687,2025-03-11,S06,Space Frontier,Sci-Fi,55
1688,2025-06-27,S02,The Detective,Crime Drama,50
1688,2025-06-27,S15,Cooking Masters,Reality TV,38
1688,2025-06-27,S14,Parenting Unscripted,Reality TV,35
1689,2025-05-04,S09,Toon Town,Kids,20
1689,2025-05-04,S10,Little Explorers,Kids,18
1690,2025-03-31,S10,Little Explorers,Kids,18
1690,2025-03-31,S03,Silent Witness Redux,Crime Drama,42
1691,2025-03-23,S01,Crime City,Crime Drama,45
1691,2025-03-23,S02,The Detective,Crime Drama,50
1692,2025-02-02,S01,Crime City,Crime Drama,45
1692,2025-02-02,S13,True Crime Files,Documentary,50
1693,2025-05-07,S04,Laugh Track,Sitcom,25
1693,2025-05-07,S05,Office Antics,Sitcom,22
1694,2025-05-31,S11,Real Life Diaries,Reality TV,40
1694,2025-05-31,S12,Love Island Nairobi,Reality TV,45
1694,2025-05-31,S15,Cooking Masters,Reality TV,38
1695,2025-04-17,S06,Space Frontier,Sci-Fi,55
1695,2025-04-17,S09,Toon Town,Kids,20
1695,2025-04-17,S10,Little Explorers,Kids,18
1695,2025-04-17,S01,Crime City,Crime Drama,45
1696,2025-01-08,S08,Time Anomaly,Sci-Fi,48
1696,2025-01-08,S03,Silent Witness Redux,Crime Drama,42
1696,2025-01-08,S02,The Detective,Crime Drama,50
1696,2025-01-08,S04,Laugh Track,Sitcom,25
1697,2025-01-24,S04,Laugh Track,Sitcom,25
1697,2025-01-24,S05,Office Antics,Sitcom,22
1698,2025-05-31,S09,Toon Town,Kids,20
1698,2025-05-31,S14,Parenting Unscripted,Reality TV,35
1699,2025-01-04,S06,Space Frontier,Sci-Fi,55
1699,2025-01-04,S07,Galactic Wars,Sci-Fi,60
1700,2025-05-03,S05,Office Antics,Sitcom,22
1701,2025-02-22,S04,Laugh Track,Sitcom,25
1701,2025-02-22,S05,Office Antics,Sitcom,22
1701,2025-02-22,S01,Crime City,Crime Drama,45
1702,2025-01-06,S03,Silent Witness Redux,Crime Drama,42
1702,2025-01-06,S11,Real Life Diaries,Reality TV,40
1703,2025-01-26,S09,Toon Town,Kids,20
1703,2025-01-26,S10,Little Explorers,Kids,18
1704,2025-03-09,S11,Real Life Diaries,Reality TV,40
1704,2025-03-09,S12,Love Island Nairobi,Reality TV,45
1705,2025-01-06,S15,Cooking Masters,Reality TV,38
1705,2025-01-06,S04,Laugh Track,Sitcom,25
1705,2025-01-06,S01,Crime City,Crime Drama,45
1705,2025-01-06,S11,Real Life Diaries,Reality TV,40
1706,2025-06-20,S11,Real Life Diaries,Reality TV,40
1706,2025-06-20,S12,Love Island Nairobi,Reality TV,45
1706,2025-06-20,S15,Cooking Masters,Reality TV,38
1707,2025-06-21,S09,Toon Town,Kids,20
1707,2025-06-21,S10,Little Explorers,Kids,18
1708,2025-04-02,S09,Toon Town,Kids,20
1708,2025-04-02,S14,Parenting Unscripted,Reality TV,35
1709,2025-04-19,S02,The Detective,Crime Drama,50
1709,2025-04-19,S12,Love Island Nairobi,Reality TV,45
1709,2025-04-19,S11,Real Life Diaries,Reality TV,40
1709,2025-04-19,S01,Crime City,Crime Drama,45
1710,2025-06-30,S01,Crime City,Crime Drama,45
1710,2025-06-30,S02,The Detective,Crime Drama,50
1711,2025-06-09,S10,Little Explorers,Kids,18
1711,2025-06-09,S12,Love Island Nairobi,Reality TV,45
1711,2025-06-09,S15,Cooking Masters,Reality TV,38
1711,2025-06-09,S04,Laugh Track,Sitcom,25
1712,2025-01-22,S01,Crime City,Crime Drama,45
1712,2025-01-22,S13,True Crime Files,Documentary,50
1713,2025-02-22,S07,Galactic Wars,Sci-Fi,60
1713,2025-02-22,S01,Crime City,Crime Drama,45
1713,2025-02-22,S12,Love Island Nairobi,Reality TV,45
1713,2025-02-22,S14,Parenting Unscripted,Reality TV,35
1714,2025-05-08,S09,Toon Town,Kids,20
1714,2025-05-08,S14,Parenting Unscripted,Reality TV,35
1715,2025-01-04,S01,Crime City,Crime Drama,45
1715,2025-01-04,S06,Space Frontier,Sci-Fi,55
1715,2025-01-04,S14,Parenting Unscripted,Reality TV,35
1715,2025-01-04,S11,Real Life Diaries,Reality TV,40
1716,2025-04-07,S09,Toon Town,Kids,20
1716,2025-04-07,S14,Parenting Unscripted,Reality TV,35
1716,2025-04-07,S08,Time Anomaly,Sci-Fi,48
1717,2025-01-02,S12,Love Island Nairobi,Reality TV,45
1717,2025-01-02,S13,True Crime Files,Documentary,50
1717,2025-01-02,S15,Cooking Masters,Reality TV,38
1717,2025-01-02,S11,Real Life Diaries,Reality TV,40
1718,2025-06-05,S15,Cooking Masters,Reality TV,38
1719,2025-05-24,S09,Toon Town,Kids,20
1719,2025-05-24,S10,Little Explorers,Kids,18
1720,2025-03-03,S04,Laugh Track,Sitcom,25
1720,2025-03-03,S05,Office Antics,Sitcom,22
1720,2025-03-03,S14,Parenting Unscripted,Reality TV,35
1721,2025-01-23,S11,Real Life Diaries,Reality TV,40
1721,2025-01-23,S12,Love Island Nairobi,Reality TV,45
1722,2025-03-05,S02,The Detective,Crime Drama,50
1722,2025-03-05,S10,Little Explorers,Kids,18
1722,2025-03-05,S07,Galactic Wars,Sci-Fi,60
1722,2025-03-05,S08,Time Anomaly,Sci-Fi,48
1723,2025-02-20,S05,Office Antics,Sitcom,22
1724,2025-02-20,S09,Toon Town,Kids,20
1724,2025-02-20,S11,Real Life Diaries,Reality TV,40
1725,2025-04-28,S03,Silent Witness Redux,Crime Drama,42
1726,2025-04-26,S11,Real Life Diaries,Reality TV,40
1726,2025-04-26,S12,Love Island Nairobi,Reality TV,45
1727,2025-05-08,S01,Crime City,Crime Drama,45
1727,2025-05-08,S02,The Detective,Crime Drama,50
1727,2025-05-08,S05,Office Antics,Sitcom,22
1728,2025-02-28,S01,Crime City,Crime Drama,45
1728,2025-02-28,S13,True Crime Files,Documentary,50
1729,2025-06-05,S09,Toon Town,Kids,20
1729,2025-06-05,S14,Parenting Unscripted,Reality TV,35
1730,2025-03-01,S02,The Detective,Crime Drama,50
1730,2025-03-01,S13,True Crime Files,Documentary,50
1730,2025-03-01,S15,Cooking Masters,Reality TV,38
1730,2025-03-01,S04,Laugh Track,Sitcom,25
1731,2025-01-09,S01,Crime City,Crime Drama,45
1731,2025-01-09,S13,True Crime Files,Documentary,50
1732,2025-02-14,S09,Toon Town,Kids,20
1732,2025-02-14,S14,Parenting Unscripted,Reality TV,35
1733,2025-02-02,S01,Crime City,Crime Drama,45
1733,2025-02-02,S02,The Detective,Crime Drama,50
1734,2025-03-20,S09,Toon Town,Kids,20
1734,2025-03-20,S10,Little Explorers,Kids,18
1735,2025-03-13,S06,Space Frontier,Sci-Fi,55
1735,2025-03-13,S07,Galactic Wars,Sci-Fi,60
1736,2025-03-10,S12,Love Island Nairobi,Reality TV,45
1736,2025-03-10,S15,Cooking Masters,Reality TV,38
1736,2025-03-10,S02,The Detective,Crime Drama,50
1736,2025-03-10,S11,Real Life Diaries,Reality TV,40
1737,2025-06-06,S11,Real Life Diaries,Reality TV,40
1737,2025-06-06,S13,True Crime Files,Documentary,50
1737,2025-06-06,S15,Cooking Masters,Reality TV,38
1738,2025-02-17,S11,Real Life Diaries,Reality TV,40
1738,2025-02-17,S12,Love Island Nairobi,Reality TV,45
1738,2025-02-17,S15,Cooking Masters,Reality TV,38
1739,2025-06-11,S11,Real Life Diaries,Reality TV,40
1739,2025-06-11,S12,Love Island Nairobi,Reality TV,45
1740,2025-01-04,S11,Real Life Diaries,Reality TV,40
1740,2025-01-04,S01,Crime City,Crime Drama,45
1741,2025-04-02,S01,Crime City,Crime Drama,45
1741,2025-04-02,S13,True Crime Files,Documentary,50
1742,2025-04-20,S13,True Crime Files,Documentary,50
1742,2025-04-20,S11,Real Life Diaries,Reality TV,40
1742,2025-04-20,S14,Parenting Unscripted,Reality TV,35
1743,2025-02-18,S13,True Crime Files,Documentary,50
1743,2025-02-18,S08,Time Anomaly,Sci-Fi,48
1743,2025-02-18,S01,Crime City,Crime Drama,45
1743,2025-02-18,S04,Laugh Track,Sitcom,25
1744,2025-06-29,S09,Toon Town,Kids,20
1744,2025-06-29,S14,Parenting Unscripted,Reality TV,35
1745,2025-01-11,S03,Silent Witness Redux,Crime Drama,42
1746,2025-03-09,S01,Crime City,Crime Drama,45
1746,2025-03-09,S02,The Detective,Crime Drama,50
1746,2025-03-09,S03,Silent Witness Redux,Crime Drama,42
1746,2025-03-09,S10,Little Explorers,Kids,18
1747,2025-01-02,S12,Love Island Nairobi,Reality TV,45
1747,2025-01-02,S14,Parenting Unscripted,Reality TV,35
1747,2025-01-02,S02,The Detective,Crime Drama,50
1748,2025-04-27,S11,Real Life Diaries,Reality TV,40
1748,2025-04-27,S12,Love Island Nairobi,Reality TV,45
1749,2025-03-25,S11,Real Life Diaries,Reality TV,40
1749,2025-03-25,S12,Love Island Nairobi,Reality TV,45
1749,2025-03-25,S15,Cooking Masters,Reality TV,38
1750,2025-06-08,S09,Toon Town,Kids,20
1750,2025-06-08,S14,Parenting Unscripted,Reality TV,35
1751,2025-04-27,S14,Parenting Unscripted,Reality TV,35
1752,2025-02-27,S07,Galactic Wars,Sci-Fi,60
1753,2025-02-01,S04,Laugh Track,Sitcom,25
1753,2025-02-01,S05,Office Antics,Sitcom,22
1754,2025-06-29,S06,Space Frontier,Sci-Fi,55
1754,2025-06-29,S13,True Crime Files,Documentary,50
1755,2025-05-27,S13,True Crime Files,Documentary,50
1756,2025-05-07,S04,Laugh Track,Sitcom,25
1756,2025-05-07,S05,Office Antics,Sitcom,22
1757,2025-01-03,S09,Toon Town,Kids,20
1757,2025-01-03,S10,Little Explorers,Kids,18
1758,2025-05-19,S09,Toon Town,Kids,20
1758,2025-05-19,S10,Little Explorers,Kids,18
1759,2025-04-14,S11,Real Life Diaries,Reality TV,40
1759,2025-04-14,S12,Love Island Nairobi,Reality TV,45
1760,2025-02-12,S09,Toon Town,Kids,20
1760,2025-02-12,S10,Little Explorers,Kids,18
1761,2025-04-13,S01,Crime City,Crime Drama,45
1761,2025-04-13,S02,The Detective,Crime Drama,50
1762,2025-06-03,S01,Crime City,Crime Drama,45
1762,2025-06-03,S13,True Crime Files,Documentary,50
1762,2025-06-03,S05,Office Antics,Sitcom,22
1763,2025-04-18,S04,Laugh Track,Sitcom,25
1763,2025-04-18,S05,Office Antics,Sitcom,22
1764,2025-03-29,S07,Galactic Wars,Sci-Fi,60
1765,2025-01-31,S09,Toon Town,Kids,20
1765,2025-01-31,S10,Little Explorers,Kids,18
1766,2025-02-20,S09,Toon Town,Kids,20
1766,2025-02-20,S10,Little Explorers,Kids,18
1767,2025-01-05,S11,Real Life Diaries,Reality TV,40
1767,2025-01-05,S12,Love Island Nairobi,Reality TV,45
1767,2025-01-05,S07,Galactic Wars,Sci-Fi,60
1768,2025-03-09,S14,Parenting Unscripted,Reality TV,35
1768,2025-03-09,S03,Silent Witness Redux,Crime Drama,42
1768,2025-03-09,S10,Little Explorers,Kids,18
1768,2025-03-09,S06,Space Frontier,Sci-Fi,55
1769,2025-03-17,S01,Crime City,Crime Drama,45
1769,2025-03-17,S07,Galactic Wars,Sci-Fi,60
1769,2025-03-17,S13,True Crime Files,Documentary,50
1769,2025-03-17,S05,Office Antics,Sitcom,22
1770,2025-06-29,S02,The Detective,Crime Drama,50
1771,2025-03-21,S09,Toon Town,Kids,20
1771,2025-03-21,S10,Little Explorers,Kids,18
1772,2025-01-02,S01,Crime City,Crime Drama,45
1772,2025-01-02,S02,The Detective,Crime Drama,50
1773,2025-01-15,S01,Crime City,Crime Drama,45
1773,2025-01-15,S13,True Crime Files,Documentary,50
1773,2025-01-15,S03,Silent Witness Redux,Crime Drama,42
1774,2025-02-22,S06,Space Frontier,Sci-Fi,55
1774,2025-02-22,S10,Little Explorers,Kids,18
1774,2025-02-22,S09,Toon Town,Kids,20
1774,2025-02-22,S05,Office Antics,Sitcom,22
1775,2025-06-03,S01,Crime City,Crime Drama,45
1775,2025-06-03,S13,True Crime Files,Documentary,50
1776,2025-04-22,S11,Real Life Diaries,Reality TV,40
1776,2025-04-22,S12,Love Island Nairobi,Reality TV,45
1777,2025-06-20,S09,Toon Town,Kids,20
1777,2025-06-20,S14,Parenting Unscripted,Reality TV,35
1778,2025-05-29,S09,Toon Town,Kids,20
1778,2025-05-29,S14,Parenting Unscripted,Reality TV,35
1779,2025-03-27,S11,Real Life Diaries,Reality TV,40
1780,2025-03-24,S11,Real Life Diaries,Reality TV,40
1780,2025-03-24,S12,Love Island Nairobi,Reality TV,45
1780,2025-03-24,S15,Cooking Masters,Reality TV,38
1781,2025-03-20,S05,Office Antics,Sitcom,22
1782,2025-06-28,S11,Real Life Diaries,Reality TV,40
1782,2025-06-28,S12,Love Island Nairobi,Reality TV,45
1783,2025-02-12,S11,Real Life Diaries,Reality TV,40
1784,2025-01-25,S06,Space Frontier,Sci-Fi,55
1784,2025-01-25,S07,Galactic Wars,Sci-Fi,60
1785,2025-05-18,S09,Toon Town,Kids,20
1785,2025-05-18,S14,Parenting Unscripted,Reality TV,35
1786,2025-06-14,S04,Laugh Track,Sitcom,25
1786,2025-06-14,S05,Office Antics,Sitcom,22
1787,2025-03-22,S11,Real Life Diaries,Reality TV,40
1787,2025-03-22,S12,Love Island Nairobi,Reality TV,45
1788,2025-03-20,S01,Crime City,Crime Drama,45
1788,2025-03-20,S02,The Detective,Crime Drama,50
1788,2025-03-20,S03,Silent Witness Redux,Crime Drama,42
1788,2025-03-20,S07,Galactic Wars,Sci-Fi,60
1789,2025-02-21,S09,Toon Town,Kids,20
1789,2025-02-21,S10,Little Explorers,Kids,18
1790,2025-05-05,S15,Cooking Masters,Reality TV,38
1791,2025-03-23,S01,Crime City,Crime Drama,45
1791,2025-03-23,S13,True Crime Files,Documentary,50
1792,2025-02-21,S08,Time Anomaly,Sci-Fi,48
1792,2025-02-21,S06,Space Frontier,Sci-Fi,55
1793,2025-03-16,S09,Toon Town,Kids,20
1793,2025-03-16,S14,Parenting Unscripted,Reality TV,35
1794,2025-04-28,S04,Laugh Track,Sitcom,25
1794,2025-04-28,S02,The Detective,Crime Drama,50
1794,2025-04-28,S09,Toon Town,Kids,20
1795,2025-06-28,S01,Crime City,Crime Drama,45
1795,2025-06-28,S02,The Detective,Crime Drama,50
1796,2025-05-27,S05,Office Antics,Sitcom,22
1796,2025-05-27,S02,The Detective,Crime Drama,50
1796,2025-05-27,S13,True Crime Files,Documentary,50
1797,2025-05-11,S11,Real Life Diaries,Reality TV,40
1797,2025-05-11,S08,Time Anomaly,Sci-Fi,48
1798,2025-05-28,S04,Laugh Track,Sitcom,25
1799,2025-04-04,S04,Laugh Track,Sitcom,25
1799,2025-04-04,S05,Office Antics,Sitcom,22
1800,2025-02-04,S14,Parenting Unscripted,Reality TV,35
1801,2025-05-25,S04,Laugh Track,Sitcom,25
1801,2025-05-25,S05,Office Antics,Sitcom,22
1802,2025-03-17,S06,Space Frontier,Sci-Fi,55
1802,2025-03-17,S07,Galactic Wars,Sci-Fi,60
1802,2025-03-17,S08,Time Anomaly,Sci-Fi,48
1803,2025-03-09,S06,Space Frontier,Sci-Fi,55
1803,2025-03-09,S07,Galactic Wars,Sci-Fi,60
1803,2025-03-09,S08,Time Anomaly,Sci-Fi,48
1804,2025-05-12,S09,Toon Town,Kids,20
1804,2025-05-12,S10,Little Explorers,Kids,18
1805,2025-04-29,S05,Office Antics,Sitcom,22
1805,2025-04-29,S07,Galactic Wars,Sci-Fi,60
1806,2025-03-27,S11,Real Life Diaries,Reality TV,40
1807,2025-01-02,S01,Crime City,Crime Drama,45
1807,2025-01-02,S02,The Detective,Crime Drama,50
1808,2025-02-21,S04,Laugh Track,Sitcom,25
1808,2025-02-21,S05,Office Antics,Sitcom,22
1809,2025-06-21,S02,The Detective,Crime Drama,50
1809,2025-06-21,S06,Space Frontier,Sci-Fi,55
1809,2025-06-21,S01,Crime City,Crime Drama,45
1809,2025-06-21,S08,Time Anomaly,Sci-Fi,48
1810,2025-04-09,S07,Galactic Wars,Sci-Fi,60
1811,2025-03-14,S11,Real Life Diaries,Reality TV,40
1811,2025-03-14,S12,Love Island Nairobi,Reality TV,45
1812,2025-05-02,S01,Crime City,Crime Drama,45
1813,2025-05-09,S01,Crime City,Crime Drama,45
1813,2025-05-09,S13,True Crime Files,Documentary,50
1813,2025-05-09,S04,Laugh Track,Sitcom,25
1814,2025-03-27,S04,Laugh Track,Sitcom,25
1814,2025-03-27,S07,Galactic Wars,Sci-Fi,60
1814,2025-03-27,S02,The Detective,Crime Drama,50
1815,2025-01-26,S09,Toon Town,Kids,20
1815,2025-01-26,S10,Little Explorers,Kids,18
1816,2025-06-30,S01,Crime City,Crime Drama,45
1816,2025-06-30,S02,The Detective,Crime Drama,50
1816,2025-06-30,S03,Silent Witness Redux,Crime Drama,42
1817,2025-04-02,S04,Laugh Track,Sitcom,25
1817,2025-04-02,S05,Office Antics,Sitcom,22
1818,2025-02-12,S09,Toon Town,Kids,20
1818,2025-02-12,S14,Parenting Unscripted,Reality TV,35
1819,2025-05-25,S03,Silent Witness Redux,Crime Drama,42
1819,2025-05-25,S02,The Detective,Crime Drama,50
1820,2025-04-15,S06,Space Frontier,Sci-Fi,55
1820,2025-04-15,S07,Galactic Wars,Sci-Fi,60
1821,2025-06-26,S01,Crime City,Crime Drama,45
1821,2025-06-26,S02,The Detective,Crime Drama,50
1821,2025-06-26,S03,Silent Witness Redux,Crime Drama,42
1822,2025-05-28,S06,Space Frontier,Sci-Fi,55
1822,2025-05-28,S14,Parenting Unscripted,Reality TV,35
1822,2025-05-28,S05,Office Antics,Sitcom,22
1823,2025-04-01,S15,Cooking Masters,Reality TV,38
1823,2025-04-01,S02,The Detective,Crime Drama,50
1823,2025-04-01,S14,Parenting Unscripted,Reality TV,35
1823,2025-04-01,S01,Crime City,Crime Drama,45
1824,2025-01-29,S04,Laugh Track,Sitcom,25
1824,2025-01-29,S05,Office Antics,Sitcom,22
1825,2025-06-18,S07,Galactic Wars,Sci-Fi,60
1825,2025-06-18,S12,Love Island Nairobi,Reality TV,45
1826,2025-02-14,S11,Real Life Diaries,Reality TV,40
1827,2025-06-01,S09,Toon Town,Kids,20
1827,2025-06-01,S10,Little Explorers,Kids,18
1827,2025-06-01,S14,Parenting Unscripted,Reality TV,35
1828,2025-06-28,S07,Galactic Wars,Sci-Fi,60
1828,2025-06-28,S02,The Detective,Crime Drama,50
1829,2025-04-04,S11,Real Life Diaries,Reality TV,40
1830,2025-01-21,S15,Cooking Masters,Reality TV,38
1830,2025-01-21,S12,Love Island Nairobi,Reality TV,45
1830,2025-01-21,S09,Toon Town,Kids,20
1831,2025-03-19,S04,Laugh Track,Sitcom,25
1831,2025-03-19,S05,Office Antics,Sitcom,22
1832,2025-04-23,S01,Crime City,Crime Drama,45
1832,2025-04-23,S13,True Crime Files,Documentary,50
1833,2025-02-27,S10,Little Explorers,Kids,18
1833,2025-02-27,S08,Time Anomaly,Sci-Fi,48
1833,2025-02-27,S13,True Crime Files,Documentary,50
1834,2025-02-28,S05,Office Antics,Sitcom,22
1835,2025-01-05,S01,Crime City,Crime Drama,45
1835,2025-01-05,S02,The Detective,Crime Drama,50
1835,2025-01-05,S03,Silent Witness Redux,Crime Drama,42
1836,2025-03-16,S07,Galactic Wars,Sci-Fi,60
1836,2025-03-16,S04,Laugh Track,Sitcom,25
1836,2025-03-16,S14,Parenting Unscripted,Reality TV,35
1836,2025-03-16,S10,Little Explorers,Kids,18
1837,2025-06-21,S01,Crime City,Crime Drama,45
1837,2025-06-21,S13,True Crime Files,Documentary,50
1838,2025-03-01,S01,Crime City,Crime Drama,45
1838,2025-03-01,S13,True Crime Files,Documentary,50
1839,2025-02-14,S09,Toon Town,Kids,20
1839,2025-02-14,S14,Parenting Unscripted,Reality TV,35
1840,2025-04-14,S13,True Crime Files,Documentary,50
1840,2025-04-14,S02,The Detective,Crime Drama,50
1841,2025-01-23,S01,Crime City,Crime Drama,45
1841,2025-01-23,S13,True Crime Files,Documentary,50
1842,2025-04-30,S10,Little Explorers,Kids,18
1843,2025-04-06,S09,Toon Town,Kids,20
1844,2025-03-26,S12,Love Island Nairobi,Reality TV,45
1844,2025-03-26,S01,Crime City,Crime Drama,45
1844,2025-03-26,S03,Silent Witness Redux,Crime Drama,42
1844,2025-03-26,S10,Little Explorers,Kids,18
1845,2025-03-01,S01,Crime City,Crime Drama,45
1845,2025-03-01,S13,True Crime Files,Documentary,50
1846,2025-02-03,S07,Galactic Wars,Sci-Fi,60
1847,2025-05-20,S09,Toon Town,Kids,20
1847,2025-05-20,S14,Parenting Unscripted,Reality TV,35
1848,2025-01-27,S01,Crime City,Crime Drama,45
1848,2025-01-27,S11,Real Life Diaries,Reality TV,40
1849,2025-03-24,S06,Space Frontier,Sci-Fi,55
1850,2025-03-09,S07,Galactic Wars,Sci-Fi,60
1850,2025-03-09,S14,Parenting Unscripted,Reality TV,35
1851,2025-01-03,S01,Crime City,Crime Drama,45
1851,2025-01-03,S13,True Crime Files,Documentary,50
1852,2025-01-28,S10,Little Explorers,Kids,18
1852,2025-01-28,S07,Galactic Wars,Sci-Fi,60
1853,2025-02-10,S06,Space Frontier,Sci-Fi,55
1853,2025-02-10,S07,Galactic Wars,Sci-Fi,60
1854,2025-06-24,S09,Toon Town,Kids,20
1854,2025-06-24,S10,Little Explorers,Kids,18
1855,2025-01-11,S07,Galactic Wars,Sci-Fi,60
1855,2025-01-11,S10,Little Explorers,Kids,18
1855,2025-01-11,S09,Toon Town,Kids,20
1856,2025-01-16,S11,Real Life Diaries,Reality TV,40
1856,2025-01-16,S12,Love Island Nairobi,Reality TV,45
1857,2025-03-18,S09,Toon Town,Kids,20
1857,2025-03-18,S14,Parenting Unscripted,Reality TV,35
1857,2025-03-18,S01,Crime City,Crime Drama,45
1858,2025-06-30,S10,Little Explorers,Kids,18
1858,2025-06-30,S02,The Detective,Crime Drama,50
1858,2025-06-30,S13,True Crime Files,Documentary,50
1859,2025-05-28,S09,Toon Town,Kids,20
1859,2025-05-28,S14,Parenting Unscripted,Reality TV,35
1860,2025-02-08,S09,Toon Town,Kids,20
1860,2025-02-08,S14,Parenting Unscripted,Reality TV,35
1861,2025-01-05,S11,Real Life Diaries,Reality TV,40
1861,2025-01-05,S12,Love Island Nairobi,Reality TV,45
1862,2025-02-14,S02,The Detective,Crime Drama,50
1863,2025-03-11,S06,Space Frontier,Sci-Fi,55
1863,2025-03-11,S13,True Crime Files,Documentary,50
1864,2025-02-10,S11,Real Life Diaries,Reality TV,40
1864,2025-02-10,S04,Laugh Track,Sitcom,25
1865,2025-01-29,S09,Toon Town,Kids,20
1865,2025-01-29,S10,Little Explorers,Kids,18
1866,2025-03-07,S01,Crime City,Crime Drama,45
1866,2025-03-07,S13,True Crime Files,Documentary,50
1867,2025-01-04,S04,Laugh Track,Sitcom,25
1867,2025-01-04,S05,Office Antics,Sitcom,22
1868,2025-06-23,S04,Laugh Track,Sitcom,25
1868,2025-06-23,S05,Office Antics,Sitcom,22
1869,2025-03-30,S06,Space Frontier,Sci-Fi,55
1869,2025-03-30,S07,Galactic Wars,Sci-Fi,60
1869,2025-03-30,S08,Time Anomaly,Sci-Fi,48
1870,2025-01-17,S09,Toon Town,Kids,20
1870,2025-01-17,S14,Parenting Unscripted,Reality TV,35
1871,2025-01-05,S09,Toon Town,Kids,20
1871,2025-01-05,S10,Little Explorers,Kids,18
1872,2025-01-16,S01,Crime City,Crime Drama,45
1872,2025-01-16,S13,True Crime Files,Documentary,50
1873,2025-05-01,S01,Crime City,Crime Drama,45
1873,2025-05-01,S13,True Crime Files,Documentary,50
1873,2025-05-01,S14,Parenting Unscripted,Reality TV,35
1874,2025-01-22,S05,Office Antics,Sitcom,22
1874,2025-01-22,S15,Cooking Masters,Reality TV,38
1874,2025-01-22,S12,Love Island Nairobi,Reality TV,45
1875,2025-04-30,S09,Toon Town,Kids,20
1875,2025-04-30,S10,Little Explorers,Kids,18
1876,2025-01-19,S10,Little Explorers,Kids,18
1876,2025-01-19,S14,Parenting Unscripted,Reality TV,35
1876,2025-01-19,S15,Cooking Masters,Reality TV,38
1877,2025-05-18,S11,Real Life Diaries,Reality TV,40
1877,2025-05-18,S08,Time Anomaly,Sci-Fi,48
1877,2025-05-18,S06,Space Frontier,Sci-Fi,55
1878,2025-05-21,S14,Parenting Unscripted,Reality TV,35
1878,2025-05-21,S10,Little Explorers,Kids,18
1878,2025-05-21,S11,Real Life Diaries,Reality TV,40
1878,2025-05-21,S04,Laugh Track,Sitcom,25
1879,2025-01-19,S11,Real Life Diaries,Reality TV,40
1879,2025-01-19,S04,Laugh Track,Sitcom,25
1879,2025-01-19,S08,Time Anomaly,Sci-Fi,48
1879,2025-01-19,S06,Space Frontier,Sci-Fi,55
1880,2025-04-11,S04,Laugh Track,Sitcom,25
1880,2025-04-11,S08,Time Anomaly,Sci-Fi,48
1881,2025-05-26,S09,Toon Town,Kids,20
1881,2025-05-26,S10,Little Explorers,Kids,18
1882,2025-05-16,S09,Toon Town,Kids,20
1882,2025-05-16,S10,Little Explorers,Kids,18
1882,2025-05-16,S15,Cooking Masters,Reality TV,38
1883,2025-03-03,S04,Laugh Track,Sitcom,25
1883,2025-03-03,S05,Office Antics,Sitcom,22
1884,2025-02-22,S06,Space Frontier,Sci-Fi,55
1884,2025-02-22,S07,Galactic Wars,Sci-Fi,60
1884,2025-02-22,S08,Time Anomaly,Sci-Fi,48
1885,2025-01-15,S15,Cooking Masters,Reality TV,38
1885,2025-01-15,S01,Crime City,Crime Drama,45
1885,2025-01-15,S09,Toon Town,Kids,20
1885,2025-01-15,S03,Silent Witness Redux,Crime Drama,42
1886,2025-05-13,S06,Space Frontier,Sci-Fi,55
1886,2025-05-13,S07,Galactic Wars,Sci-Fi,60
1886,2025-05-13,S08,Time Anomaly,Sci-Fi,48
1887,2025-02-06,S06,Space Frontier,Sci-Fi,55
1887,2025-02-06,S03,Silent Witness Redux,Crime Drama,42
1888,2025-05-26,S09,Toon Town,Kids,20
1888,2025-05-26,S14,Parenting Unscripted,Reality TV,35
1889,2025-05-17,S09,Toon Town,Kids,20
1889,2025-05-17,S14,Parenting Unscripted,Reality TV,35
1890,2025-04-16,S10,Little Explorers,Kids,18
1890,2025-04-16,S09,Toon Town,Kids,20
1890,2025-04-16,S14,Parenting Unscripted,Reality TV,35
1891,2025-01-03,S12,Love Island Nairobi,Reality TV,45
1892,2025-04-14,S11,Real Life Diaries,Reality TV,40
1893,2025-01-18,S11,Real Life Diaries,Reality TV,40
1894,2025-06-19,S01,Crime City,Crime Drama,45
1894,2025-06-19,S02,The Detective,Crime Drama,50
1895,2025-01-19,S14,Parenting Unscripted,Reality TV,35
1896,2025-01-27,S12,Love Island Nairobi,Reality TV,45
1896,2025-01-27,S07,Galactic Wars,Sci-Fi,60
1896,2025-01-27,S15,Cooking Masters,Reality TV,38
1896,2025-01-27,S05,Office Antics,Sitcom,22
1897,2025-03-01,S04,Laugh Track,Sitcom,25
1897,2025-03-01,S05,Office Antics,Sitcom,22
1898,2025-03-06,S12,Love Island Nairobi,Reality TV,45
1898,2025-03-06,S15,Cooking Masters,Reality TV,38
1898,2025-03-06,S04,Laugh Track,Sitcom,25
1899,2025-03-08,S01,Crime City,Crime Drama,45
1899,2025-03-08,S13,True Crime Files,Documentary,50
1900,2025-04-18,S10,Little Explorers,Kids,18
1900,2025-04-18,S15,Cooking Masters,Reality TV,38
1900,2025-04-18,S14,Parenting Unscripted,Reality TV,35
1901,2025-04-01,S06,Space Frontier,Sci-Fi,55
1901,2025-04-01,S07,Galactic Wars,Sci-Fi,60
1901,2025-04-01,S08,Time Anomaly,Sci-Fi,48
1902,2025-03-09,S09,Toon Town,Kids,20
1902,2025-03-09,S14,Parenting Unscripted,Reality TV,35
1903,2025-06-10,S06,Space Frontier,Sci-Fi,55
1903,2025-06-10,S07,Galactic Wars,Sci-Fi,60
1903,2025-06-10,S12,Love Island Nairobi,Reality TV,45
1904,2025-01-14,S05,Office Antics,Sitcom,22
1904,2025-01-14,S11,Real Life Diaries,Reality TV,40
1905,2025-02-02,S04,Laugh Track,Sitcom,25
1905,2025-02-02,S05,Office Antics,Sitcom,22
1906,2025-03-03,S15,Cooking Masters,Reality TV,38
1906,2025-03-03,S06,Space Frontier,Sci-Fi,55
1906,2025-03-03,S07,Galactic Wars,Sci-Fi,60
1906,2025-03-03,S01,Crime City,Crime Drama,45
1907,2025-03-26,S01,Crime City,Crime Drama,45
1907,2025-03-26,S02,The Detective,Crime Drama,50
1907,2025-03-26,S03,Silent Witness Redux,Crime Drama,42
1908,2025-03-22,S15,Cooking Masters,Reality TV,38
1908,2025-03-22,S12,Love Island Nairobi,Reality TV,45
1909,2025-06-14,S14,Parenting Unscripted,Reality TV,35
1910,2025-02-13,S01,Crime City,Crime Drama,45
1910,2025-02-13,S02,The Detective,Crime Drama,50
1910,2025-02-13,S03,Silent Witness Redux,Crime Drama,42
1911,2025-02-18,S02,The Detective,Crime Drama,50
1911,2025-02-18,S08,Time Anomaly,Sci-Fi,48
1912,2025-06-03,S12,Love Island Nairobi,Reality TV,45
1912,2025-06-03,S15,Cooking Masters,Reality TV,38
1913,2025-01-09,S09,Toon Town,Kids,20
1913,2025-01-09,S10,Little Explorers,Kids,18
1914,2025-04-10,S01,Crime City,Crime Drama,45
1914,2025-04-10,S02,The Detective,Crime Drama,50
1914,2025-04-10,S03,Silent Witness Redux,Crime Drama,42
1914,2025-04-10,S10,Little Explorers,Kids,18
1915,2025-06-07,S10,Little Explorers,Kids,18
1916,2025-01-31,S09,Toon Town,Kids,20
1916,2025-01-31,S14,Parenting Unscripted,Reality TV,35
1917,2025-05-15,S09,Toon Town,Kids,20
1917,2025-05-15,S14,Parenting Unscripted,Reality TV,35
1918,2025-01-26,S06,Space Frontier,Sci-Fi,55
1918,2025-01-26,S07,Galactic Wars,Sci-Fi,60
1918,2025-01-26,S02,The Detective,Crime Drama,50
1919,2025-02-21,S12,Love Island Nairobi,Reality TV,45
1919,2025-02-21,S06,Space Frontier,Sci-Fi,55
1920,2025-03-01,S01,Crime City,Crime Drama,45
1920,2025-03-01,S02,The Detective,Crime Drama,50
1921,2025-05-16,S01,Crime City,Crime Drama,45
1921,2025-05-16,S09,Toon Town,Kids,20
1922,2025-06-19,S01,Crime City,Crime Drama,45
1922,2025-06-19,S13,True Crime Files,Documentary,50
1923,2025-01-30,S06,Space Frontier,Sci-Fi,55
1923,2025-01-30,S07,Galactic Wars,Sci-Fi,60
1923,2025-01-30,S08,Time Anomaly,Sci-Fi,48
1924,2025-05-12,S08,Time Anomaly,Sci-Fi,48
1924,2025-05-12,S03,Silent Witness Redux,Crime Drama,42
1924,2025-05-12,S09,Toon Town,Kids,20
1925,2025-06-21,S06,Space Frontier,Sci-Fi,55
1925,2025-06-21,S07,Galactic Wars,Sci-Fi,60
1926,2025-02-02,S06,Space Frontier,Sci-Fi,55
1926,2025-02-02,S07,Galactic Wars,Sci-Fi,60
1927,2025-01-22,S02,The Detective,Crime Drama,50
1928,2025-04-12,S02,The Detective,Crime Drama,50
1928,2025-04-12,S15,Cooking Masters,Reality TV,38
1928,2025-04-12,S10,Little Explorers,Kids,18
1928,2025-04-12,S11,Real Life Diaries,Reality TV,40
1929,2025-02-22,S09,Toon Town,Kids,20
1929,2025-02-22,S14,Parenting Unscripted,Reality TV,35
1930,2025-01-04,S09,Toon Town,Kids,20
1930,2025-01-04,S10,Little Explorers,Kids,18
1931,2025-01-11,S04,Laugh Track,Sitcom,25
1931,2025-01-11,S05,Office Antics,Sitcom,22
1932,2025-02-20,S01,Crime City,Crime Drama,45
1932,2025-02-20,S02,The Detective,Crime Drama,50
1933,2025-04-23,S01,Crime City,Crime Drama,45
1933,2025-04-23,S02,The Detective,Crime Drama,50
1933,2025-04-23,S03,Silent Witness Redux,Crime Drama,42
1934,2025-06-14,S04,Laugh Track,Sitcom,25
1934,2025-06-14,S05,Office Antics,Sitcom,22
1935,2025-04-28,S01,Crime City,Crime Drama,45
1935,2025-04-28,S02,The Detective,Crime Drama,50
1936,2025-06-30,S04,Laugh Track,Sitcom,25
1936,2025-06-30,S05,Office Antics,Sitcom,22
1937,2025-04-23,S04,Laugh Track,Sitcom,25
1937,2025-04-23,S05,Office Antics,Sitcom,22
1938,2025-03-11,S06,Space Frontier,Sci-Fi,55
1938,2025-03-11,S07,Galactic Wars,Sci-Fi,60
1938,2025-03-11,S03,Silent Witness Redux,Crime Drama,42
1939,2025-02-19,S12,Love Island Nairobi,Reality TV,45
1940,2025-06-19,S01,Crime City,Crime Drama,45
1940,2025-06-19,S09,Toon Town,Kids,20
1940,2025-06-19,S10,Little Explorers,Kids,18
1941,2025-05-18,S15,Cooking Masters,Reality TV,38
1941,2025-05-18,S04,Laugh Track,Sitcom,25
1942,2025-02-06,S04,Laugh Track,Sitcom,25
1942,2025-02-06,S08,Time Anomaly,Sci-Fi,48
1942,2025-02-06,S06,Space Frontier,Sci-Fi,55
1943,2025-03-04,S06,Space Frontier,Sci-Fi,55
1943,2025-03-04,S07,Galactic Wars,Sci-Fi,60
1943,2025-03-04,S08,Time Anomaly,Sci-Fi,48
1944,2025-01-22,S01,Crime City,Crime Drama,45
1944,2025-01-22,S02,The Detective,Crime Drama,50
1944,2025-01-22,S03,Silent Witness Redux,Crime Drama,42
1945,2025-02-27,S11,Real Life Diaries,Reality TV,40
1945,2025-02-27,S02,The Detective,Crime Drama,50
1945,2025-02-27,S15,Cooking Masters,Reality TV,38
1945,2025-02-27,S01,Crime City,Crime Drama,45
1946,2025-06-30,S06,Space Frontier,Sci-Fi,55
1946,2025-06-30,S03,Silent Witness Redux,Crime Drama,42
1946,2025-06-30,S08,Time Anomaly,Sci-Fi,48
1947,2025-03-10,S07,Galactic Wars,Sci-Fi,60
1947,2025-03-10,S02,The Detective,Crime Drama,50
1947,2025-03-10,S06,Space Frontier,Sci-Fi,55
1948,2025-05-24,S05,Office Antics,Sitcom,22
1948,2025-05-24,S04,Laugh Track,Sitcom,25
1948,2025-05-24,S13,True Crime Files,Documentary,50
1948,2025-05-24,S02,The Detective,Crime Drama,50
1949,2025-01-19,S11,Real Life Diaries,Reality TV,40
1949,2025-01-19,S12,Love Island Nairobi,Reality TV,45
1950,2025-02-25,S05,Office Antics,Sitcom,22
1950,2025-02-25,S06,Space Frontier,Sci-Fi,55
1951,2025-01-22,S07,Galactic Wars,Sci-Fi,60
1951,2025-01-22,S09,Toon Town,Kids,20
1951,2025-01-22,S06,Space Frontier,Sci-Fi,55
1952,2025-02-18,S04,Laugh Track,Sitcom,25
1952,2025-02-18,S05,Office Antics,Sitcom,22
1952,2025-02-18,S02,The Detective,Crime Drama,50
1953,2025-05-02,S01,Crime City,Crime Drama,45
1953,2025-05-02,S02,The Detective,Crime Drama,50
1953,2025-05-02,S03,Silent Witness Redux,Crime Drama,42
1954,2025-03-14,S13,True Crime Files,Documentary,50
1955,2025-05-03,S01,Crime City,Crime Drama,45
1955,2025-05-03,S13,True Crime Files,Documentary,50
1956,2025-04-17,S01,Crime City,Crime Drama,45
1956,2025-04-17,S13,True Crime Files,Documentary,50
1957,2025-03-12,S09,Toon Town,Kids,20
1957,2025-03-12,S10,Little Explorers,Kids,18
1958,2025-03-12,S12,Love Island Nairobi,Reality TV,45
1959,2025-01-05,S01,Crime City,Crime Drama,45
1959,2025-01-05,S13,True Crime Files,Documentary,50
1960,2025-03-17,S01,Crime City,Crime Drama,45
1960,2025-03-17,S11,Real Life Diaries,Reality TV,40
1961,2025-06-20,S01,Crime City,Crime Drama,45
1961,2025-06-20,S02,The Detective,Crime Drama,50
1961,2025-06-20,S03,Silent Witness Redux,Crime Drama,42
1962,2025-04-27,S02,The Detective,Crime Drama,50
1962,2025-04-27,S09,Toon Town,Kids,20
1963,2025-02-15,S04,Laugh Track,Sitcom,25
1964,2025-04-27,S06,Space Frontier,Sci-Fi,55
1964,2025-04-27,S07,Galactic Wars,Sci-Fi,60
1964,2025-04-27,S08,Time Anomaly,Sci-Fi,48
1965,2025-05-25,S03,Silent Witness Redux,Crime Drama,42
1965,2025-05-25,S08,Time Anomaly,Sci-Fi,48
1965,2025-05-25,S07,Galactic Wars,Sci-Fi,60
1965,2025-05-25,S06,Space Frontier,Sci-Fi,55
1966,2025-06-28,S11,Real Life Diaries,Reality TV,40
1966,2025-06-28,S12,Love Island Nairobi,Reality TV,45
1967,2025-01-29,S04,Laugh Track,Sitcom,25
1967,2025-01-29,S05,Office Antics,Sitcom,22
1968,2025-01-03,S04,Laugh Track,Sitcom,25
1968,2025-01-03,S01,Crime City,Crime Drama,45
1968,2025-01-03,S02,The Detective,Crime Drama,50
1968,2025-01-03,S11,Real Life Diaries,Reality TV,40
1969,2025-06-09,S09,Toon Town,Kids,20
1969,2025-06-09,S14,Parenting Unscripted,Reality TV,35
1970,2025-06-25,S09,Toon Town,Kids,20
1971,2025-03-19,S04,Laugh Track,Sitcom,25
1971,2025-03-19,S05,Office Antics,Sitcom,22
1972,2025-06-24,S07,Galactic Wars,Sci-Fi,60
1973,2025-04-25,S06,Space Frontier,Sci-Fi,55
1974,2025-06-05,S12,Love Island Nairobi,Reality TV,45
1974,2025-06-05,S05,Office Antics,Sitcom,22
1974,2025-06-05,S14,Parenting Unscripted,Reality TV,35
1975,2025-06-22,S09,Toon Town,Kids,20
1975,2025-06-22,S14,Parenting Unscripted,Reality TV,35
1976,2025-02-27,S14,Parenting Unscripted,Reality TV,35
1976,2025-02-27,S10,Little Explorers,Kids,18
1977,2025-06-14,S02,The Detective,Crime Drama,50
1977,2025-06-14,S06,Space Frontier,Sci-Fi,55
1977,2025-06-14,S08,Time Anomaly,Sci-Fi,48
1977,2025-06-14,S04,Laugh Track,Sitcom,25
1978,2025-01-07,S09,Toon Town,Kids,20
1978,2025-01-07,S14,Parenting Unscripted,Reality TV,35
1979,2025-04-22,S03,Silent Witness Redux,Crime Drama,42
1979,2025-04-22,S08,Time Anomaly,Sci-Fi,48
1980,2025-03-15,S15,Cooking Masters,Reality TV,38
1981,2025-05-15,S01,Crime City,Crime Drama,45
1981,2025-05-15,S13,True Crime Files,Documentary,50
1982,2025-03-07,S04,Laugh Track,Sitcom,25
1983,2025-01-27,S01,Crime City,Crime Drama,45
1983,2025-01-27,S13,True Crime Files,Documentary,50
1984,2025-05-16,S12,Love Island Nairobi,Reality TV,45
1984,2025-05-16,S06,Space Frontier,Sci-Fi,55
1984,2025-05-16,S14,Parenting Unscripted,Reality TV,35
1985,2025-02-22,S01,Crime City,Crime Drama,45
1985,2025-02-22,S02,The Detective,Crime Drama,50
1986,2025-04-25,S15,Cooking Masters,Reality TV,38
1987,2025-04-25,S06,Space Frontier,Sci-Fi,55
1987,2025-04-25,S07,Galactic Wars,Sci-Fi,60
1987,2025-04-25,S08,Time Anomaly,Sci-Fi,48
1988,2025-02-28,S14,Parenting Unscripted,Reality TV,35
1989,2025-06-22,S09,Toon Town,Kids,20
1989,2025-06-22,S10,Little Explorers,Kids,18
1990,2025-01-20,S06,Space Frontier,Sci-Fi,55
1990,2025-01-20,S07,Galactic Wars,Sci-Fi,60
1991,2025-06-10,S04,Laugh Track,Sitcom,25
1991,2025-06-10,S05,Office Antics,Sitcom,22
1992,2025-01-27,S15,Cooking Masters,Reality TV,38
1992,2025-01-27,S10,Little Explorers,Kids,18
1992,2025-01-27,S08,Time Anomaly,Sci-Fi,48
1993,2025-01-19,S14,Parenting Unscripted,Reality TV,35
1993,2025-01-19,S01,Crime City,Crime Drama,45
1994,2025-02-09,S09,Toon Town,Kids,20
1995,2025-05-10,S05,Office Antics,Sitcom,22
1995,2025-05-10,S14,Parenting Unscripted,Reality TV,35
1996,2025-01-17,S09,Toon Town,Kids,20
1996,2025-01-17,S14,Parenting Unscripted,Reality TV,35
1997,2025-02-04,S11,Real Life Diaries,Reality TV,40
1997,2025-02-04,S12,Love Island Nairobi,Reality TV,45
1997,2025-02-04,S15,Cooking Masters,Reality TV,38
1998,2025-01-27,S01,Crime City,Crime Drama,45
1998,2025-01-27,S02,The Detective,Crime Drama,50
1999,2025-04-29,S11,Real Life Diaries,Reality TV,40
1999,2025-04-29,S02,The Detective,Crime Drama,50
2000,2025-06-30,S08,Time Anomaly,Sci-Fi,48
2000,2025-06-30,S11,Real Life Diaries,Reality TV,40
2000,2025-06-30,S12,Love Island Nairobi,Reality TV,45
2001,2025-02-12,S01,Crime City,Crime Drama,45
2001,2025-02-12,S13,True Crime Files,Documentary,50
2001,2025-02-12,S10,Little Explorers,Kids,18
2002,2025-06-19,S01,Crime City,Crime Drama,45
2002,2025-06-19,S02,The Detective,Crime Drama,50
2002,2025-06-19,S03,Silent Witness Redux,Crime Drama,42
2003,2025-02-22,S07,Galactic Wars,Sci-Fi,60
2003,2025-02-22,S15,Cooking Masters,Reality TV,38
2003,2025-02-22,S09,Toon Town,Kids,20
2003,2025-02-22,S13,True Crime Files,Documentary,50
2004,2025-03-15,S09,Toon Town,Kids,20
2005,2025-03-21,S04,Laugh Track,Sitcom,25
2005,2025-03-21,S05,Office Antics,Sitcom,22
2006,2025-01-06,S04,Laugh Track,Sitcom,25
2006,2025-01-06,S03,Silent Witness Redux,Crime Drama,42
2006,2025-01-06,S10,Little Explorers,Kids,18
2007,2025-06-22,S01,Crime City,Crime Drama,45
2007,2025-06-22,S02,The Detective,Crime Drama,50
2007,2025-06-22,S03,Silent Witness Redux,Crime Drama,42
2008,2025-04-25,S01,Crime City,Crime Drama,45
2008,2025-04-25,S02,The Detective,Crime Drama,50
2008,2025-04-25,S15,Cooking Masters,Reality TV,38
2009,2025-05-16,S03,Silent Witness Redux,Crime Drama,42
2009,2025-05-16,S11,Real Life Diaries,Reality TV,40
2010,2025-04-10,S08,Time Anomaly,Sci-Fi,48
2010,2025-04-10,S03,Silent Witness Redux,Crime Drama,42
2010,2025-04-10,S10,Little Explorers,Kids,18
2011,2025-04-17,S09,Toon Town,Kids,20
2011,2025-04-17,S10,Little Explorers,Kids,18
2012,2025-01-16,S04,Laugh Track,Sitcom,25
2012,2025-01-16,S05,Office Antics,Sitcom,22
2013,2025-04-02,S11,Real Life Diaries,Reality TV,40
2013,2025-04-02,S12,Love Island Nairobi,Reality TV,45
2014,2025-05-22,S06,Space Frontier,Sci-Fi,55
2014,2025-05-22,S07,Galactic Wars,Sci-Fi,60
2014,2025-05-22,S08,Time Anomaly,Sci-Fi,48
2015,2025-01-06,S01,Crime City,Crime Drama,45
2015,2025-01-06,S13,True Crime Files,Documentary,50
2015,2025-01-06,S09,Toon Town,Kids,20
2015,2025-01-06,S08,Time Anomaly,Sci-Fi,48
2016,2025-05-07,S05,Office Antics,Sitcom,22
2016,2025-05-07,S12,Love Island Nairobi,Reality TV,45
2017,2025-03-13,S01,Crime City,Crime Drama,45
2017,2025-03-13,S02,The Detective,Crime Drama,50
2018,2025-05-22,S11,Real Life Diaries,Reality TV,40
2018,2025-05-22,S12,Love Island Nairobi,Reality TV,45
2019,2025-05-30,S09,Toon Town,Kids,20
2019,2025-05-30,S10,Little Explorers,Kids,18
2020,2025-03-05,S11,Real Life Diaries,Reality TV,40
2020,2025-03-05,S12,Love Island Nairobi,Reality TV,45
2021,2025-02-09,S01,Crime City,Crime Drama,45
2022,2025-02-04,S09,Toon Town,Kids,20
2022,2025-02-04,S14,Parenting Unscripted,Reality TV,35
2023,2025-06-03,S10,Little Explorers,Kids,18
2023,2025-06-03,S03,Silent Witness Redux,Crime Drama,42
2024,2025-05-19,S01,Crime City,Crime Drama,45
2024,2025-05-19,S13,True Crime Files,Documentary,50
2025,2025-02-15,S11,Real Life Diaries,Reality TV,40
2025,2025-02-15,S12,Love Island Nairobi,Reality TV,45
2026,2025-01-01,S09,Toon Town,Kids,20
2026,2025-01-01,S14,Parenting Unscripted,Reality TV,35
2027,2025-01-20,S01,Crime City,Crime Drama,45
2027,2025-01-20,S13,True Crime Files,Documentary,50
2028,2025-06-07,S15,Cooking Masters,Reality TV,38
2028,2025-06-07,S01,Crime City,Crime Drama,45
2028,2025-06-07,S06,Space Frontier,Sci-Fi,55
2029,2025-02-20,S10,Little Explorers,Kids,18
2029,2025-02-20,S04,Laugh Track,Sitcom,25
2029,2025-02-20,S03,Silent Witness Redux,Crime Drama,42
2029,2025-02-20,S08,Time Anomaly,Sci-Fi,48
2030,2025-03-28,S12,Love Island Nairobi,Reality TV,45
2031,2025-05-12,S05,Office Antics,Sitcom,22
2031,2025-05-12,S02,The Detective,Crime Drama,50
2031,2025-05-12,S06,Space Frontier,Sci-Fi,55
2032,2025-02-24,S11,Real Life Diaries,Reality TV,40
2032,2025-02-24,S12,Love Island Nairobi,Reality TV,45
2033,2025-01-09,S01,Crime City,Crime Drama,45
2033,2025-01-09,S02,The Detective,Crime Drama,50
2034,2025-05-21,S04,Laugh Track,Sitcom,25
2034,2025-05-21,S05,Office Antics,Sitcom,22
2035,2025-01-12,S14,Parenting Unscripted,Reality TV,35
2035,2025-01-12,S13,True Crime Files,Documentary,50
2036,2025-02-15,S06,Space Frontier,Sci-Fi,55
2037,2025-06-01,S13,True Crime Files,Documentary,50
2037,2025-06-01,S14,Parenting Unscripted,Reality TV,35
2038,2025-05-29,S07,Galactic Wars,Sci-Fi,60
2039,2025-04-16,S11,Real Life Diaries,Reality TV,40
2040,2025-03-02,S11,Real Life Diaries,Reality TV,40
2040,2025-03-02,S02,The Detective,Crime Drama,50
2040,2025-03-02,S01,Crime City,Crime Drama,45
2041,2025-01-12,S07,Galactic Wars,Sci-Fi,60
2041,2025-01-12,S01,Crime City,Crime Drama,45
2041,2025-01-12,S04,Laugh Track,Sitcom,25
2042,2025-03-13,S02,The Detective,Crime Drama,50
2042,2025-03-13,S10,Little Explorers,Kids,18
2042,2025-03-13,S05,Office Antics,Sitcom,22
2043,2025-03-06,S09,Toon Town,Kids,20
2043,2025-03-06,S14,Parenting Unscripted,Reality TV,35
2044,2025-03-30,S04,Laugh Track,Sitcom,25
2044,2025-03-30,S05,Office Antics,Sitcom,22
2045,2025-01-30,S09,Toon Town,Kids,20
2046,2025-05-31,S15,Cooking Masters,Reality TV,38
2047,2025-02-22,S09,Toon Town,Kids,20
2047,2025-02-22,S14,Parenting Unscripted,Reality TV,35
2048,2025-06-22,S11,Real Life Diaries,Reality TV,40
2048,2025-06-22,S12,Love Island Nairobi,Reality TV,45
2048,2025-06-22,S15,Cooking Masters,Reality TV,38
2049,2025-03-12,S09,Toon Town,Kids,20
2049,2025-03-12,S14,Parenting Unscripted,Reality TV,35
2050,2025-03-22,S11,Real Life Diaries,Reality TV,40
2050,2025-03-22,S12,Love Island Nairobi,Reality TV,45
2050,2025-03-22,S09,Toon Town,Kids,20
2051,2025-05-20,S13,True Crime Files,Documentary,50
2051,2025-05-20,S06,Space Frontier,Sci-Fi,55
2051,2025-05-20,S15,Cooking Masters,Reality TV,38
2052,2025-01-10,S01,Crime City,Crime Drama,45
2052,2025-01-10,S13,True Crime Files,Documentary,50
2053,2025-02-01,S10,Little Explorers,Kids,18
2053,2025-02-01,S12,Love Island Nairobi,Reality TV,45
2053,2025-02-01,S06,Space Frontier,Sci-Fi,55
2054,2025-04-25,S12,Love Island Nairobi,Reality TV,45
2055,2025-03-25,S01,Crime City,Crime Drama,45
2055,2025-03-25,S02,The Detective,Crime Drama,50
2056,2025-06-19,S07,Galactic Wars,Sci-Fi,60
2056,2025-06-19,S02,The Detective,Crime Drama,50
2056,2025-06-19,S09,Toon Town,Kids,20
2057,2025-03-31,S06,Space Frontier,Sci-Fi,55
2057,2025-03-31,S07,Galactic Wars,Sci-Fi,60
2058,2025-03-30,S10,Little Explorers,Kids,18
2058,2025-03-30,S01,Crime City,Crime Drama,45
2059,2025-04-27,S01,Crime City,Crime Drama,45
2059,2025-04-27,S02,The Detective,Crime Drama,50
2059,2025-04-27,S03,Silent Witness Redux,Crime Drama,42
2060,2025-02-02,S04,Laugh Track,Sitcom,25
2060,2025-02-02,S05,Office Antics,Sitcom,22
2061,2025-02-15,S07,Galactic Wars,Sci-Fi,60
2061,2025-02-15,S13,True Crime Files,Documentary,50
2062,2025-06-21,S04,Laugh Track,Sitcom,25
2062,2025-06-21,S05,Office Antics,Sitcom,22
2063,2025-05-23,S15,Cooking Masters,Reality TV,38
2064,2025-06-22,S01,Crime City,Crime Drama,45
2064,2025-06-22,S02,The Detective,Crime Drama,50
2064,2025-06-22,S03,Silent Witness Redux,Crime Drama,42
2065,2025-05-21,S05,Office Antics,Sitcom,22
2065,2025-05-21,S01,Crime City,Crime Drama,45
2065,2025-05-21,S10,Little Explorers,Kids,18
2065,2025-05-21,S15,Cooking Masters,Reality TV,38
2066,2025-02-01,S09,Toon Town,Kids,20
2066,2025-02-01,S10,Little Explorers,Kids,18
2067,2025-01-07,S04,Laugh Track,Sitcom,25
2067,2025-01-07,S05,Office Antics,Sitcom,22
2068,2025-01-09,S12,Love Island Nairobi,Reality TV,45
2068,2025-01-09,S03,Silent Witness Redux,Crime Drama,42
2069,2025-02-25,S02,The Detective,Crime Drama,50
2070,2025-05-30,S07,Galactic Wars,Sci-Fi,60
2070,2025-05-30,S08,Time Anomaly,Sci-Fi,48
2070,2025-05-30,S11,Real Life Diaries,Reality TV,40
2071,2025-05-08,S11,Real Life Diaries,Reality TV,40
2072,2025-04-26,S04,Laugh Track,Sitcom,25
2072,2025-04-26,S05,Office Antics,Sitcom,22
2073,2025-01-12,S01,Crime City,Crime Drama,45
2073,2025-01-12,S10,Little Explorers,Kids,18
2073,2025-01-12,S03,Silent Witness Redux,Crime Drama,42
2074,2025-03-16,S10,Little Explorers,Kids,18
2075,2025-02-11,S01,Crime City,Crime Drama,45
2075,2025-02-11,S02,The Detective,Crime Drama,50
2076,2025-02-01,S03,Silent Witness Redux,Crime Drama,42
2077,2025-06-14,S04,Laugh Track,Sitcom,25
2077,2025-06-14,S05,Office Antics,Sitcom,22
2078,2025-04-13,S06,Space Frontier,Sci-Fi,55
2078,2025-04-13,S07,Galactic Wars,Sci-Fi,60
2078,2025-04-13,S08,Time Anomaly,Sci-Fi,48
2079,2025-06-05,S11,Real Life Diaries,Reality TV,40
2079,2025-06-05,S12,Love Island Nairobi,Reality TV,45
2080,2025-04-18,S04,Laugh Track,Sitcom,25
2080,2025-04-18,S05,Office Antics,Sitcom,22
2081,2025-01-04,S09,Toon Town,Kids,20
2081,2025-01-04,S10,Little Explorers,Kids,18
2081,2025-01-04,S13,True Crime Files,Documentary,50
2082,2025-03-12,S03,Silent Witness Redux,Crime Drama,42
2083,2025-01-18,S06,Space Frontier,Sci-Fi,55
2083,2025-01-18,S07,Galactic Wars,Sci-Fi,60
2083,2025-01-18,S08,Time Anomaly,Sci-Fi,48
2084,2025-03-19,S01,Crime City,Crime Drama,45
2084,2025-03-19,S02,The Detective,Crime Drama,50
2085,2025-01-13,S06,Space Frontier,Sci-Fi,55
2085,2025-01-13,S14,Parenting Unscripted,Reality TV,35
2086,2025-01-10,S12,Love Island Nairobi,Reality TV,45
2087,2025-04-28,S11,Real Life Diaries,Reality TV,40
2087,2025-04-28,S12,Love Island Nairobi,Reality TV,45
2088,2025-01-18,S06,Space Frontier,Sci-Fi,55
2088,2025-01-18,S01,Crime City,Crime Drama,45
2089,2025-01-12,S06,Space Frontier,Sci-Fi,55
2089,2025-01-12,S07,Galactic Wars,Sci-Fi,60
2090,2025-06-16,S11,Real Life Diaries,Reality TV,40
2090,2025-06-16,S12,Love Island Nairobi,Reality TV,45
2090,2025-06-16,S15,Cooking Masters,Reality TV,38
2091,2025-05-29,S09,Toon Town,Kids,20
2091,2025-05-29,S14,Parenting Unscripted,Reality TV,35
2092,2025-03-23,S03,Silent Witness Redux,Crime Drama,42
2092,2025-03-23,S10,Little Explorers,Kids,18
2092,2025-03-23,S07,Galactic Wars,Sci-Fi,60
2092,2025-03-23,S09,Toon Town,Kids,20
2093,2025-02-24,S01,Crime City,Crime Drama,45
2093,2025-02-24,S13,True Crime Files,Documentary,50
2094,2025-01-31,S11,Real Life Diaries,Reality TV,40
2094,2025-01-31,S12,Love Island Nairobi,Reality TV,45
2095,2025-05-09,S06,Space Frontier,Sci-Fi,55
2095,2025-05-09,S07,Galactic Wars,Sci-Fi,60
2096,2025-06-01,S12,Love Island Nairobi,Reality TV,45
2097,2025-05-07,S06,Space Frontier,Sci-Fi,55
2097,2025-05-07,S07,Galactic Wars,Sci-Fi,60
2098,2025-03-03,S06,Space Frontier,Sci-Fi,55
2098,2025-03-03,S07,Galactic Wars,Sci-Fi,60
2099,2025-05-11,S08,Time Anomaly,Sci-Fi,48
2099,2025-05-11,S12,Love Island Nairobi,Reality TV,45
2099,2025-05-11,S04,Laugh Track,Sitcom,25
2099,2025-05-11,S11,Real Life Diaries,Reality TV,40
2100,2025-06-06,S07,Galactic Wars,Sci-Fi,60
2100,2025-06-06,S12,Love Island Nairobi,Reality TV,45
2100,2025-06-06,S13,True Crime Files,Documentary,50
2101,2025-03-11,S06,Space Frontier,Sci-Fi,55
2101,2025-03-11,S07,Galactic Wars,Sci-Fi,60
2102,2025-05-15,S11,Real Life Diaries,Reality TV,40
2102,2025-05-15,S12,Love Island Nairobi,Reality TV,45
2103,2025-02-28,S15,Cooking Masters,Reality TV,38
2104,2025-06-11,S12,Love Island Nairobi,Reality TV,45
2104,2025-06-11,S09,Toon Town,Kids,20
2104,2025-06-11,S13,True Crime Files,Documentary,50
2105,2025-06-16,S12,Love Island Nairobi,Reality TV,45
2105,2025-06-16,S04,Laugh Track,Sitcom,25
2105,2025-06-16,S11,Real Life Diaries,Reality TV,40
2106,2025-04-21,S09,Toon Town,Kids,20
2106,2025-04-21,S10,Little Explorers,Kids,18
2107,2025-03-14,S10,Little Explorers,Kids,18
2107,2025-03-14,S04,Laugh Track,Sitcom,25
2107,2025-03-14,S05,Office Antics,Sitcom,22
2108,2025-04-03,S02,The Detective,Crime Drama,50
2109,2025-06-12,S03,Silent Witness Redux,Crime Drama,42
2110,2025-04-09,S13,True Crime Files,Documentary,50
2110,2025-04-09,S01,Crime City,Crime Drama,45
2111,2025-04-12,S01,Crime City,Crime Drama,45
2111,2025-04-12,S02,The Detective,Crime Drama,50
2111,2025-04-12,S03,Silent Witness Redux,Crime Drama,42
2112,2025-06-10,S01,Crime City,Crime Drama,45
2112,2025-06-10,S02,The Detective,Crime Drama,50
2113,2025-02-19,S13,True Crime Files,Documentary,50
2113,2025-02-19,S08,Time Anomaly,Sci-Fi,48
2113,2025-02-19,S02,The Detective,Crime Drama,50
2113,2025-02-19,S12,Love Island Nairobi,Reality TV,45
2114,2025-04-17,S11,Real Life Diaries,Reality TV,40
2114,2025-04-17,S12,Love Island Nairobi,Reality TV,45
2114,2025-04-17,S08,Time Anomaly,Sci-Fi,48
2114,2025-04-17,S01,Crime City,Crime Drama,45
2115,2025-01-03,S09,Toon Town,Kids,20
2115,2025-01-03,S14,Parenting Unscripted,Reality TV,35
2115,2025-01-03,S03,Silent Witness Redux,Crime Drama,42
2116,2025-04-07,S01,Crime City,Crime Drama,45
2116,2025-04-07,S02,The Detective,Crime Drama,50
2116,2025-04-07,S03,Silent Witness Redux,Crime Drama,42
2117,2025-01-04,S04,Laugh Track,Sitcom,25
2117,2025-01-04,S05,Office Antics,Sitcom,22
2118,2025-03-04,S01,Crime City,Crime Drama,45
2119,2025-02-11,S03,Silent Witness Redux,Crime Drama,42
2119,2025-02-11,S05,Office Antics,Sitcom,22
2119,2025-02-11,S02,The Detective,Crime Drama,50
2119,2025-02-11,S13,True Crime Files,Documentary,50
2120,2025-03-26,S01,Crime City,Crime Drama,45
2121,2025-01-22,S01,Crime City,Crime Drama,45
2121,2025-01-22,S02,The Detective,Crime Drama,50
2121,2025-01-22,S09,Toon Town,Kids,20
2122,2025-03-15,S11,Real Life Diaries,Reality TV,40
2122,2025-03-15,S12,Love Island Nairobi,Reality TV,45
2123,2025-03-07,S07,Galactic Wars,Sci-Fi,60
2123,2025-03-07,S06,Space Frontier,Sci-Fi,55
2123,2025-03-07,S09,Toon Town,Kids,20
2123,2025-03-07,S15,Cooking Masters,Reality TV,38
2124,2025-03-04,S06,Space Frontier,Sci-Fi,55
2124,2025-03-04,S07,Galactic Wars,Sci-Fi,60
2125,2025-05-10,S05,Office Antics,Sitcom,22
2125,2025-05-10,S01,Crime City,Crime Drama,45
2125,2025-05-10,S15,Cooking Masters,Reality TV,38
2126,2025-01-24,S09,Toon Town,Kids,20
2126,2025-01-24,S14,Parenting Unscripted,Reality TV,35
2127,2025-02-13,S08,Time Anomaly,Sci-Fi,48
2128,2025-03-22,S14,Parenting Unscripted,Reality TV,35
2128,2025-03-22,S11,Real Life Diaries,Reality TV,40
2128,2025-03-22,S03,Silent Witness Redux,Crime Drama,42
2128,2025-03-22,S08,Time Anomaly,Sci-Fi,48
2129,2025-03-14,S03,Silent Witness Redux,Crime Drama,42
2130,2025-05-23,S13,True Crime Files,Documentary,50
2131,2025-04-28,S11,Real Life Diaries,Reality TV,40
2131,2025-04-28,S12,Love Island Nairobi,Reality TV,45
2132,2025-03-12,S09,Toon Town,Kids,20
2132,2025-03-12,S14,Parenting Unscripted,Reality TV,35
2132,2025-03-12,S04,Laugh Track,Sitcom,25
2133,2025-02-22,S10,Little Explorers,Kids,18
2134,2025-02-16,S09,Toon Town,Kids,20
2134,2025-02-16,S14,Parenting Unscripted,Reality TV,35
2135,2025-06-23,S11,Real Life Diaries,Reality TV,40
2135,2025-06-23,S12,Love Island Nairobi,Reality TV,45
2136,2025-04-26,S06,Space Frontier,Sci-Fi,55
2136,2025-04-26,S07,Galactic Wars,Sci-Fi,60
2137,2025-04-07,S02,The Detective,Crime Drama,50
2138,2025-03-12,S14,Parenting Unscripted,Reality TV,35
2139,2025-03-19,S03,Silent Witness Redux,Crime Drama,42
2140,2025-04-18,S09,Toon Town,Kids,20
2140,2025-04-18,S14,Parenting Unscripted,Reality TV,35
2141,2025-02-16,S04,Laugh Track,Sitcom,25
2141,2025-02-16,S05,Office Antics,Sitcom,22
2142,2025-02-20,S09,Toon Town,Kids,20
2142,2025-02-20,S15,Cooking Masters,Reality TV,38
2142,2025-02-20,S02,The Detective,Crime Drama,50
2143,2025-06-15,S04,Laugh Track,Sitcom,25
2143,2025-06-15,S05,Office Antics,Sitcom,22
2143,2025-06-15,S02,The Detective,Crime Drama,50
2144,2025-05-04,S15,Cooking Masters,Reality TV,38
2144,2025-05-04,S09,Toon Town,Kids,20
2144,2025-05-04,S03,Silent Witness Redux,Crime Drama,42
2144,2025-05-04,S12,Love Island Nairobi,Reality TV,45
2145,2025-04-17,S01,Crime City,Crime Drama,45
2145,2025-04-17,S02,The Detective,Crime Drama,50
2145,2025-04-17,S03,Silent Witness Redux,Crime Drama,42
2146,2025-03-31,S05,Office Antics,Sitcom,22
2147,2025-05-16,S09,Toon Town,Kids,20
2147,2025-05-16,S10,Little Explorers,Kids,18
2148,2025-05-07,S11,Real Life Diaries,Reality TV,40
2148,2025-05-07,S12,Love Island Nairobi,Reality TV,45
2149,2025-01-12,S01,Crime City,Crime Drama,45
2149,2025-01-12,S02,The Detective,Crime Drama,50
2149,2025-01-12,S03,Silent Witness Redux,Crime Drama,42
2150,2025-02-12,S05,Office Antics,Sitcom,22
2150,2025-02-12,S10,Little Explorers,Kids,18
2150,2025-02-12,S09,Toon Town,Kids,20
2151,2025-04-02,S02,The Detective,Crime Drama,50
2151,2025-04-02,S12,Love Island Nairobi,Reality TV,45
2151,2025-04-02,S10,Little Explorers,Kids,18
2152,2025-03-07,S06,Space Frontier,Sci-Fi,55
2152,2025-03-07,S07,Galactic Wars,Sci-Fi,60
2153,2025-02-20,S04,Laugh Track,Sitcom,25
2153,2025-02-20,S05,Office Antics,Sitcom,22
2154,2025-05-03,S09,Toon Town,Kids,20
2154,2025-05-03,S10,Little Explorers,Kids,18
2155,2025-03-17,S04,Laugh Track,Sitcom,25
2155,2025-03-17,S13,True Crime Files,Documentary,50
2155,2025-03-17,S10,Little Explorers,Kids,18
2156,2025-02-17,S12,Love Island Nairobi,Reality TV,45
2157,2025-05-15,S09,Toon Town,Kids,20
2157,2025-05-15,S14,Parenting Unscripted,Reality TV,35
2158,2025-01-20,S06,Space Frontier,Sci-Fi,55
2158,2025-01-20,S09,Toon Town,Kids,20
2158,2025-01-20,S02,The Detective,Crime Drama,50
2159,2025-04-15,S04,Laugh Track,Sitcom,25
2159,2025-04-15,S05,Office Antics,Sitcom,22
2160,2025-05-28,S06,Space Frontier,Sci-Fi,55
2160,2025-05-28,S10,Little Explorers,Kids,18
2160,2025-05-28,S11,Real Life Diaries,Reality TV,40
2161,2025-06-26,S09,Toon Town,Kids,20
2161,2025-06-26,S10,Little Explorers,Kids,18
2162,2025-01-28,S09,Toon Town,Kids,20
2162,2025-01-28,S10,Little Explorers,Kids,18
2163,2025-02-23,S09,Toon Town,Kids,20
2164,2025-01-17,S10,Little Explorers,Kids,18
2164,2025-01-17,S13,True Crime Files,Documentary,50
2164,2025-01-17,S07,Galactic Wars,Sci-Fi,60
2165,2025-04-27,S07,Galactic Wars,Sci-Fi,60
2166,2025-03-16,S01,Crime City,Crime Drama,45
2166,2025-03-16,S07,Galactic Wars,Sci-Fi,60
2166,2025-03-16,S09,Toon Town,Kids,20
2167,2025-04-10,S01,Crime City,Crime Drama,45
2167,2025-04-10,S02,The Detective,Crime Drama,50
2168,2025-04-01,S04,Laugh Track,Sitcom,25
2168,2025-04-01,S12,Love Island Nairobi,Reality TV,45
2168,2025-04-01,S05,Office Antics,Sitcom,22
2169,2025-02-08,S09,Toon Town,Kids,20
2169,2025-02-08,S10,Little Explorers,Kids,18
2170,2025-04-30,S01,Crime City,Crime Drama,45
2170,2025-04-30,S13,True Crime Files,Documentary,50
2171,2025-05-22,S04,Laugh Track,Sitcom,25
2171,2025-05-22,S05,Office Antics,Sitcom,22
2172,2025-06-19,S09,Toon Town,Kids,20
2172,2025-06-19,S14,Parenting Unscripted,Reality TV,35
2172,2025-06-19,S12,Love Island Nairobi,Reality TV,45
2173,2025-01-01,S06,Space Frontier,Sci-Fi,55
2173,2025-01-01,S07,Galactic Wars,Sci-Fi,60
2174,2025-06-15,S15,Cooking Masters,Reality TV,38
2174,2025-06-15,S01,Crime City,Crime Drama,45
2175,2025-05-11,S05,Office Antics,Sitcom,22
2175,2025-05-11,S11,Real Life Diaries,Reality TV,40
2175,2025-05-11,S14,Parenting Unscripted,Reality TV,35
2175,2025-05-11,S10,Little Explorers,Kids,18
2176,2025-02-20,S01,Crime City,Crime Drama,45
2176,2025-02-20,S02,The Detective,Crime Drama,50
2177,2025-04-18,S14,Parenting Unscripted,Reality TV,35
2178,2025-06-16,S09,Toon Town,Kids,20
2178,2025-06-16,S14,Parenting Unscripted,Reality TV,35
2179,2025-04-02,S01,Crime City,Crime Drama,45
2179,2025-04-02,S02,The Detective,Crime Drama,50
2179,2025-04-02,S03,Silent Witness Redux,Crime Drama,42
2179,2025-04-02,S13,True Crime Files,Documentary,50
2180,2025-02-19,S08,Time Anomaly,Sci-Fi,48
2180,2025-02-19,S06,Space Frontier,Sci-Fi,55
2180,2025-02-19,S05,Office Antics,Sitcom,22
2180,2025-02-19,S02,The Detective,Crime Drama,50
2181,2025-04-26,S06,Space Frontier,Sci-Fi,55
2181,2025-04-26,S07,Galactic Wars,Sci-Fi,60
2182,2025-06-29,S04,Laugh Track,Sitcom,25
2183,2025-04-11,S05,Office Antics,Sitcom,22
2183,2025-04-11,S02,The Detective,Crime Drama,50
2183,2025-04-11,S09,Toon Town,Kids,20
2184,2025-06-01,S06,Space Frontier,Sci-Fi,55
2184,2025-06-01,S07,Galactic Wars,Sci-Fi,60
2184,2025-06-01,S08,Time Anomaly,Sci-Fi,48
2185,2025-05-21,S13,True Crime Files,Documentary,50
2186,2025-01-26,S04,Laugh Track,Sitcom,25
2186,2025-01-26,S05,Office Antics,Sitcom,22
2187,2025-04-29,S11,Real Life Diaries,Reality TV,40
2187,2025-04-29,S12,Love Island Nairobi,Reality TV,45
2187,2025-04-29,S15,Cooking Masters,Reality TV,38
2187,2025-04-29,S13,True Crime Files,Documentary,50
2188,2025-06-17,S01,Crime City,Crime Drama,45
2188,2025-06-17,S02,The Detective,Crime Drama,50
2188,2025-06-17,S03,Silent Witness Redux,Crime Drama,42
2189,2025-06-23,S01,Crime City,Crime Drama,45
2189,2025-06-23,S13,True Crime Files,Documentary,50
2190,2025-05-29,S09,Toon Town,Kids,20
2190,2025-05-29,S14,Parenting Unscripted,Reality TV,35
2191,2025-01-27,S11,Real Life Diaries,Reality TV,40
2191,2025-01-27,S12,Love Island Nairobi,Reality TV,45
2192,2025-06-26,S01,Crime City,Crime Drama,45
2192,2025-06-26,S03,Silent Witness Redux,Crime Drama,42
2193,2025-03-21,S04,Laugh Track,Sitcom,25
2193,2025-03-21,S05,Office Antics,Sitcom,22
2194,2025-06-15,S03,Silent Witness Redux,Crime Drama,42
2194,2025-06-15,S14,Parenting Unscripted,Reality TV,35
2195,2025-02-17,S08,Time Anomaly,Sci-Fi,48
2195,2025-02-17,S06,Space Frontier,Sci-Fi,55
2196,2025-01-31,S11,Real Life Diaries,Reality TV,40
2196,2025-01-31,S12,Love Island Nairobi,Reality TV,45
2197,2025-01-07,S14,Parenting Unscripted,Reality TV,35
2197,2025-01-07,S07,Galactic Wars,Sci-Fi,60
2198,2025-01-23,S12,Love Island Nairobi,Reality TV,45
2198,2025-01-23,S02,The Detective,Crime Drama,50
2198,2025-01-23,S09,Toon Town,Kids,20
2199,2025-06-20,S12,Love Island Nairobi,Reality TV,45
2199,2025-06-20,S13,True Crime Files,Documentary,50
2199,2025-06-20,S03,Silent Witness Redux,Crime Drama,42
2200,2025-01-31,S03,Silent Witness Redux,Crime Drama,42
2200,2025-01-31,S04,Laugh Track,Sitcom,25
2200,2025-01-31,S05,Office Antics,Sitcom,22
2201,2025-05-28,S06,Space Frontier,Sci-Fi,55
2201,2025-05-28,S07,Galactic Wars,Sci-Fi,60
2201,2025-05-28,S08,Time Anomaly,Sci-Fi,48
2202,2025-01-03,S01,Crime City,Crime Drama,45
2202,2025-01-03,S02,The Detective,Crime Drama,50
2202,2025-01-03,S03,Silent Witness Redux,Crime Drama,42
2203,2025-06-23,S11,Real Life Diaries,Reality TV,40
2203,2025-06-23,S09,Toon Town,Kids,20
2203,2025-06-23,S07,Galactic Wars,Sci-Fi,60
2204,2025-03-26,S07,Galactic Wars,Sci-Fi,60
2204,2025-03-26,S02,The Detective,Crime Drama,50
2204,2025-03-26,S11,Real Life Diaries,Reality TV,40
2204,2025-03-26,S08,Time Anomaly,Sci-Fi,48
2205,2025-05-28,S13,True Crime Files,Documentary,50
2205,2025-05-28,S07,Galactic Wars,Sci-Fi,60
2205,2025-05-28,S09,Toon Town,Kids,20
2206,2025-01-27,S09,Toon Town,Kids,20
2207,2025-04-05,S09,Toon Town,Kids,20
2207,2025-04-05,S14,Parenting Unscripted,Reality TV,35
2208,2025-05-18,S06,Space Frontier,Sci-Fi,55
2208,2025-05-18,S07,Galactic Wars,Sci-Fi,60
2209,2025-02-13,S04,Laugh Track,Sitcom,25
2209,2025-02-13,S05,Office Antics,Sitcom,22
2210,2025-01-20,S09,Toon Town,Kids,20
2211,2025-02-01,S09,Toon Town,Kids,20
2211,2025-02-01,S14,Parenting Unscripted,Reality TV,35
2212,2025-03-06,S01,Crime City,Crime Drama,45
2212,2025-03-06,S13,True Crime Files,Documentary,50
2213,2025-05-18,S06,Space Frontier,Sci-Fi,55
2213,2025-05-18,S07,Galactic Wars,Sci-Fi,60
2214,2025-05-02,S01,Crime City,Crime Drama,45
2214,2025-05-02,S02,The Detective,Crime Drama,50
2214,2025-05-02,S13,True Crime Files,Documentary,50
2215,2025-01-10,S01,Crime City,Crime Drama,45
2215,2025-01-10,S13,True Crime Files,Documentary,50
2216,2025-03-28,S13,True Crime Files,Documentary,50
2216,2025-03-28,S14,Parenting Unscripted,Reality TV,35
2216,2025-03-28,S10,Little Explorers,Kids,18
2217,2025-06-26,S11,Real Life Diaries,Reality TV,40
2217,2025-06-26,S02,The Detective,Crime Drama,50
2218,2025-01-27,S04,Laugh Track,Sitcom,25
2218,2025-01-27,S05,Office Antics,Sitcom,22
2219,2025-06-17,S15,Cooking Masters,Reality TV,38
2219,2025-06-17,S04,Laugh Track,Sitcom,25
2219,2025-06-17,S06,Space Frontier,Sci-Fi,55
2220,2025-03-04,S15,Cooking Masters,Reality TV,38
2220,2025-03-04,S14,Parenting Unscripted,Reality TV,35
2220,2025-03-04,S02,The Detective,Crime Drama,50
2221,2025-03-22,S04,Laugh Track,Sitcom,25
2221,2025-03-22,S05,Office Antics,Sitcom,22
2222,2025-04-03,S06,Space Frontier,Sci-Fi,55
2222,2025-04-03,S07,Galactic Wars,Sci-Fi,60
2222,2025-04-03,S08,Time Anomaly,Sci-Fi,48
2223,2025-01-14,S06,Space Frontier,Sci-Fi,55
2223,2025-01-14,S07,Galactic Wars,Sci-Fi,60
2224,2025-02-12,S09,Toon Town,Kids,20
2224,2025-02-12,S10,Little Explorers,Kids,18
2224,2025-02-12,S01,Crime City,Crime Drama,45
2225,2025-01-11,S11,Real Life Diaries,Reality TV,40
2225,2025-01-11,S10,Little Explorers,Kids,18
2225,2025-01-11,S04,Laugh Track,Sitcom,25
2226,2025-04-17,S01,Crime City,Crime Drama,45
2226,2025-04-17,S13,True Crime Files,Documentary,50
2227,2025-01-21,S09,Toon Town,Kids,20
2227,2025-01-21,S14,Parenting Unscripted,Reality TV,35
2228,2025-05-17,S08,Time Anomaly,Sci-Fi,48
2229,2025-05-11,S14,Parenting Unscripted,Reality TV,35
2229,2025-05-11,S06,Space Frontier,Sci-Fi,55
2229,2025-05-11,S01,Crime City,Crime Drama,45
2229,2025-05-11,S07,Galactic Wars,Sci-Fi,60
2230,2025-03-06,S06,Space Frontier,Sci-Fi,55
2230,2025-03-06,S05,Office Antics,Sitcom,22
2230,2025-03-06,S14,Parenting Unscripted,Reality TV,35
2231,2025-05-28,S04,Laugh Track,Sitcom,25
2231,2025-05-28,S05,Office Antics,Sitcom,22
2232,2025-01-12,S10,Little Explorers,Kids,18
2232,2025-01-12,S11,Real Life Diaries,Reality TV,40
2233,2025-02-09,S12,Love Island Nairobi,Reality TV,45
2233,2025-02-09,S08,Time Anomaly,Sci-Fi,48
2233,2025-02-09,S10,Little Explorers,Kids,18
2234,2025-04-02,S05,Office Antics,Sitcom,22
2235,2025-03-06,S06,Space Frontier,Sci-Fi,55
2235,2025-03-06,S07,Galactic Wars,Sci-Fi,60
2236,2025-06-16,S11,Real Life Diaries,Reality TV,40
2236,2025-06-16,S12,Love Island Nairobi,Reality TV,45
2236,2025-06-16,S15,Cooking Masters,Reality TV,38
2237,2025-02-18,S02,The Detective,Crime Drama,50
2238,2025-06-25,S01,Crime City,Crime Drama,45
2238,2025-06-25,S02,The Detective,Crime Drama,50
2238,2025-06-25,S03,Silent Witness Redux,Crime Drama,42
2239,2025-03-18,S05,Office Antics,Sitcom,22
2239,2025-03-18,S14,Parenting Unscripted,Reality TV,35
2240,2025-01-29,S15,Cooking Masters,Reality TV,38
2240,2025-01-29,S12,Love Island Nairobi,Reality TV,45
2241,2025-02-18,S15,Cooking Masters,Reality TV,38
2241,2025-02-18,S05,Office Antics,Sitcom,22
2241,2025-02-18,S06,Space Frontier,Sci-Fi,55
2242,2025-01-13,S01,Crime City,Crime Drama,45
2242,2025-01-13,S13,True Crime Files,Documentary,50
2243,2025-06-21,S09,Toon Town,Kids,20
2243,2025-06-21,S10,Little Explorers,Kids,18
2244,2025-02-14,S06,Space Frontier,Sci-Fi,55
2244,2025-02-14,S15,Cooking Masters,Reality TV,38
2245,2025-02-27,S09,Toon Town,Kids,20
2245,2025-02-27,S14,Parenting Unscripted,Reality TV,35
2246,2025-02-26,S09,Toon Town,Kids,20
2246,2025-02-26,S07,Galactic Wars,Sci-Fi,60
2247,2025-04-06,S01,Crime City,Crime Drama,45
2247,2025-04-06,S02,The Detective,Crime Drama,50
2247,2025-04-06,S14,Parenting Unscripted,Reality TV,35
2247,2025-04-06,S09,Toon Town,Kids,20
2248,2025-06-20,S04,Laugh Track,Sitcom,25
2248,2025-06-20,S05,Office Antics,Sitcom,22
2249,2025-02-06,S14,Parenting Unscripted,Reality TV,35
2250,2025-04-18,S01,Crime City,Crime Drama,45
2250,2025-04-18,S13,True Crime Files,Documentary,50
2251,2025-04-07,S15,Cooking Masters,Reality TV,38
2251,2025-04-07,S04,Laugh Track,Sitcom,25
2251,2025-04-07,S08,Time Anomaly,Sci-Fi,48
2251,2025-04-07,S06,Space Frontier,Sci-Fi,55
2252,2025-02-01,S09,Toon Town,Kids,20
2252,2025-02-01,S14,Parenting Unscripted,Reality TV,35
2253,2025-06-28,S09,Toon Town,Kids,20
2253,2025-06-28,S10,Little Explorers,Kids,18
2253,2025-06-28,S01,Crime City,Crime Drama,45
2254,2025-01-27,S04,Laugh Track,Sitcom,25
2254,2025-01-27,S05,Office Antics,Sitcom,22
2255,2025-05-31,S01,Crime City,Crime Drama,45
2255,2025-05-31,S13,True Crime Files,Documentary,50
2256,2025-06-17,S12,Love Island Nairobi,Reality TV,45
2256,2025-06-17,S11,Real Life Diaries,Reality TV,40
2256,2025-06-17,S10,Little Explorers,Kids,18
2256,2025-06-17,S06,Space Frontier,Sci-Fi,55
2257,2025-03-11,S11,Real Life Diaries,Reality TV,40
2258,2025-04-05,S04,Laugh Track,Sitcom,25
2259,2025-05-12,S09,Toon Town,Kids,20
2259,2025-05-12,S14,Parenting Unscripted,Reality TV,35
2260,2025-03-13,S04,Laugh Track,Sitcom,25
2260,2025-03-13,S05,Office Antics,Sitcom,22
2261,2025-01-18,S09,Toon Town,Kids,20
2261,2025-01-18,S10,Little Explorers,Kids,18
2262,2025-03-09,S13,True Crime Files,Documentary,50
2262,2025-03-09,S08,Time Anomaly,Sci-Fi,48
2263,2025-03-13,S03,Silent Witness Redux,Crime Drama,42
2263,2025-03-13,S10,Little Explorers,Kids,18
2263,2025-03-13,S08,Time Anomaly,Sci-Fi,48
2264,2025-03-22,S01,Crime City,Crime Drama,45
2265,2025-04-04,S11,Real Life Diaries,Reality TV,40
2265,2025-04-04,S12,Love Island Nairobi,Reality TV,45
2266,2025-05-03,S03,Silent Witness Redux,Crime Drama,42
2266,2025-05-03,S04,Laugh Track,Sitcom,25
2266,2025-05-03,S14,Parenting Unscripted,Reality TV,35
2266,2025-05-03,S06,Space Frontier,Sci-Fi,55
2267,2025-04-23,S09,Toon Town,Kids,20
2267,2025-04-23,S08,Time Anomaly,Sci-Fi,48
2268,2025-05-27,S11,Real Life Diaries,Reality TV,40
2268,2025-05-27,S02,The Detective,Crime Drama,50
2269,2025-04-18,S09,Toon Town,Kids,20
2269,2025-04-18,S10,Little Explorers,Kids,18
2270,2025-04-03,S11,Real Life Diaries,Reality TV,40
2270,2025-04-03,S12,Love Island Nairobi,Reality TV,45
2270,2025-04-03,S15,Cooking Masters,Reality TV,38
2271,2025-06-21,S05,Office Antics,Sitcom,22
2271,2025-06-21,S04,Laugh Track,Sitcom,25
2271,2025-06-21,S07,Galactic Wars,Sci-Fi,60
2271,2025-06-21,S10,Little Explorers,Kids,18
2272,2025-01-07,S05,Office Antics,Sitcom,22
2272,2025-01-07,S02,The Detective,Crime Drama,50
2273,2025-04-13,S09,Toon Town,Kids,20
2273,2025-04-13,S04,Laugh Track,Sitcom,25
2273,2025-04-13,S03,Silent Witness Redux,Crime Drama,42
2274,2025-03-29,S11,Real Life Diaries,Reality TV,40
2274,2025-03-29,S12,Love Island Nairobi,Reality TV,45
2274,2025-03-29,S15,Cooking Masters,Reality TV,38
2275,2025-06-19,S14,Parenting Unscripted,Reality TV,35
2276,2025-04-22,S14,Parenting Unscripted,Reality TV,35
2277,2025-06-30,S15,Cooking Masters,Reality TV,38
2278,2025-02-26,S15,Cooking Masters,Reality TV,38
2278,2025-02-26,S02,The Detective,Crime Drama,50
2278,2025-02-26,S01,Crime City,Crime Drama,45
2279,2025-04-21,S02,The Detective,Crime Drama,50
2280,2025-01-31,S09,Toon Town,Kids,20
2280,2025-01-31,S10,Little Explorers,Kids,18
2281,2025-01-23,S09,Toon Town,Kids,20
2281,2025-01-23,S10,Little Explorers,Kids,18
2282,2025-05-28,S10,Little Explorers,Kids,18
2282,2025-05-28,S05,Office Antics,Sitcom,22
2283,2025-06-27,S11,Real Life Diaries,Reality TV,40
2283,2025-06-27,S12,Love Island Nairobi,Reality TV,45
2284,2025-06-07,S06,Space Frontier,Sci-Fi,55
2284,2025-06-07,S07,Galactic Wars,Sci-Fi,60
2284,2025-06-07,S08,Time Anomaly,Sci-Fi,48
2285,2025-02-10,S04,Laugh Track,Sitcom,25
2285,2025-02-10,S05,Office Antics,Sitcom,22
2286,2025-01-21,S06,Space Frontier,Sci-Fi,55
2286,2025-01-21,S07,Galactic Wars,Sci-Fi,60
2286,2025-01-21,S08,Time Anomaly,Sci-Fi,48
2287,2025-01-08,S04,Laugh Track,Sitcom,25
2287,2025-01-08,S05,Office Antics,Sitcom,22
2288,2025-05-26,S04,Laugh Track,Sitcom,25
2288,2025-05-26,S08,Time Anomaly,Sci-Fi,48
2289,2025-01-11,S01,Crime City,Crime Drama,45
2289,2025-01-11,S02,The Detective,Crime Drama,50
2290,2025-03-03,S08,Time Anomaly,Sci-Fi,48
2291,2025-01-08,S01,Crime City,Crime Drama,45
2291,2025-01-08,S06,Space Frontier,Sci-Fi,55
2291,2025-01-08,S04,Laugh Track,Sitcom,25
2291,2025-01-08,S14,Parenting Unscripted,Reality TV,35
2292,2025-01-23,S09,Toon Town,Kids,20
2292,2025-01-23,S14,Parenting Unscripted,Reality TV,35
2293,2025-06-06,S04,Laugh Track,Sitcom,25
2293,2025-06-06,S05,Office Antics,Sitcom,22
2294,2025-03-23,S09,Toon Town,Kids,20
2294,2025-03-23,S10,Little Explorers,Kids,18
2295,2025-02-15,S06,Space Frontier,Sci-Fi,55
2295,2025-02-15,S07,Galactic Wars,Sci-Fi,60
2295,2025-02-15,S08,Time Anomaly,Sci-Fi,48
2295,2025-02-15,S14,Parenting Unscripted,Reality TV,35
2296,2025-06-11,S01,Crime City,Crime Drama,45
2296,2025-06-11,S02,The Detective,Crime Drama,50
2296,2025-06-11,S03,Silent Witness Redux,Crime Drama,42
2297,2025-03-17,S02,The Detective,Crime Drama,50
2297,2025-03-17,S04,Laugh Track,Sitcom,25
2297,2025-03-17,S09,Toon Town,Kids,20
2297,2025-03-17,S06,Space Frontier,Sci-Fi,55
2298,2025-03-16,S04,Laugh Track,Sitcom,25
2298,2025-03-16,S05,Office Antics,Sitcom,22
2298,2025-03-16,S12,Love Island Nairobi,Reality TV,45
2299,2025-05-26,S01,Crime City,Crime Drama,45
2299,2025-05-26,S13,True Crime Files,Documentary,50
2299,2025-05-26,S07,Galactic Wars,Sci-Fi,60
2300,2025-04-02,S01,Crime City,Crime Drama,45
2301,2025-01-22,S11,Real Life Diaries,Reality TV,40
2301,2025-01-22,S09,Toon Town,Kids,20
2301,2025-01-22,S06,Space Frontier,Sci-Fi,55
2302,2025-06-18,S01,Crime City,Crime Drama,45
2302,2025-06-18,S13,True Crime Files,Documentary,50
2303,2025-02-21,S01,Crime City,Crime Drama,45
2303,2025-02-21,S13,True Crime Files,Documentary,50
2303,2025-02-21,S10,Little Explorers,Kids,18
2304,2025-02-12,S12,Love Island Nairobi,Reality TV,45
2304,2025-02-12,S13,True Crime Files,Documentary,50
2304,2025-02-12,S07,Galactic Wars,Sci-Fi,60
2304,2025-02-12,S01,Crime City,Crime Drama,45
2305,2025-06-21,S01,Crime City,Crime Drama,45
2305,2025-06-21,S13,True Crime Files,Documentary,50
2306,2025-02-13,S09,Toon Town,Kids,20
2306,2025-02-13,S10,Little Explorers,Kids,18
2307,2025-06-09,S04,Laugh Track,Sitcom,25
2307,2025-06-09,S05,Office Antics,Sitcom,22
2308,2025-06-05,S06,Space Frontier,Sci-Fi,55
2308,2025-06-05,S07,Galactic Wars,Sci-Fi,60
2309,2025-02-10,S11,Real Life Diaries,Reality TV,40
2309,2025-02-10,S12,Love Island Nairobi,Reality TV,45
2310,2025-05-21,S01,Crime City,Crime Drama,45
2310,2025-05-21,S03,Silent Witness Redux,Crime Drama,42
2310,2025-05-21,S15,Cooking Masters,Reality TV,38
2310,2025-05-21,S04,Laugh Track,Sitcom,25
2311,2025-05-25,S09,Toon Town,Kids,20
2311,2025-05-25,S13,True Crime Files,Documentary,50
2311,2025-05-25,S05,Office Antics,Sitcom,22
2311,2025-05-25,S11,Real Life Diaries,Reality TV,40
2312,2025-02-04,S01,Crime City,Crime Drama,45
2312,2025-02-04,S13,True Crime Files,Documentary,50
2313,2025-05-20,S01,Crime City,Crime Drama,45
2313,2025-05-20,S11,Real Life Diaries,Reality TV,40
2314,2025-04-09,S15,Cooking Masters,Reality TV,38
2315,2025-02-09,S14,Parenting Unscripted,Reality TV,35
2316,2025-05-02,S04,Laugh Track,Sitcom,25
2316,2025-05-02,S05,Office Antics,Sitcom,22
2317,2025-05-26,S02,The Detective,Crime Drama,50
2318,2025-05-07,S04,Laugh Track,Sitcom,25
2318,2025-05-07,S05,Office Antics,Sitcom,22
2319,2025-06-11,S01,Crime City,Crime Drama,45
2319,2025-06-11,S02,The Detective,Crime Drama,50
2319,2025-06-11,S03,Silent Witness Redux,Crime Drama,42
2320,2025-01-21,S01,Crime City,Crime Drama,45
2320,2025-01-21,S13,True Crime Files,Documentary,50
2321,2025-04-19,S11,Real Life Diaries,Reality TV,40
2321,2025-04-19,S12,Love Island Nairobi,Reality TV,45
2322,2025-01-21,S01,Crime City,Crime Drama,45
2322,2025-01-21,S02,The Detective,Crime Drama,50
2323,2025-02-11,S01,Crime City,Crime Drama,45
2323,2025-02-11,S13,True Crime Files,Documentary,50
2324,2025-05-10,S11,Real Life Diaries,Reality TV,40
2325,2025-03-11,S14,Parenting Unscripted,Reality TV,35
2326,2025-02-22,S09,Toon Town,Kids,20
2326,2025-02-22,S14,Parenting Unscripted,Reality TV,35
2327,2025-02-02,S01,Crime City,Crime Drama,45
2327,2025-02-02,S02,The Detective,Crime Drama,50
2327,2025-02-02,S03,Silent Witness Redux,Crime Drama,42
2328,2025-01-13,S07,Galactic Wars,Sci-Fi,60
2329,2025-06-08,S06,Space Frontier,Sci-Fi,55
2329,2025-06-08,S03,Silent Witness Redux,Crime Drama,42
2329,2025-06-08,S12,Love Island Nairobi,Reality TV,45
2329,2025-06-08,S01,Crime City,Crime Drama,45
2330,2025-06-07,S15,Cooking Masters,Reality TV,38
2331,2025-04-15,S01,Crime City,Crime Drama,45
2331,2025-04-15,S13,True Crime Files,Documentary,50
2332,2025-04-21,S05,Office Antics,Sitcom,22
2333,2025-05-26,S09,Toon Town,Kids,20
2333,2025-05-26,S14,Parenting Unscripted,Reality TV,35
2334,2025-01-27,S11,Real Life Diaries,Reality TV,40
2334,2025-01-27,S12,Love Island Nairobi,Reality TV,45
2334,2025-01-27,S14,Parenting Unscripted,Reality TV,35
2335,2025-04-03,S06,Space Frontier,Sci-Fi,55
2335,2025-04-03,S07,Galactic Wars,Sci-Fi,60
2336,2025-05-06,S09,Toon Town,Kids,20
2336,2025-05-06,S14,Parenting Unscripted,Reality TV,35
2337,2025-03-26,S01,Crime City,Crime Drama,45
2337,2025-03-26,S09,Toon Town,Kids,20
2337,2025-03-26,S03,Silent Witness Redux,Crime Drama,42
2338,2025-06-28,S09,Toon Town,Kids,20
2338,2025-06-28,S10,Little Explorers,Kids,18
2339,2025-02-14,S06,Space Frontier,Sci-Fi,55
2339,2025-02-14,S07,Galactic Wars,Sci-Fi,60
2339,2025-02-14,S01,Crime City,Crime Drama,45
2340,2025-03-27,S04,Laugh Track,Sitcom,25
2340,2025-03-27,S05,Office Antics,Sitcom,22
2340,2025-03-27,S07,Galactic Wars,Sci-Fi,60
2341,2025-03-27,S07,Galactic Wars,Sci-Fi,60
2341,2025-03-27,S05,Office Antics,Sitcom,22
2342,2025-05-27,S13,True Crime Files,Documentary,50
2342,2025-05-27,S02,The Detective,Crime Drama,50
2342,2025-05-27,S12,Love Island Nairobi,Reality TV,45
2343,2025-05-20,S09,Toon Town,Kids,20
2343,2025-05-20,S14,Parenting Unscripted,Reality TV,35
2344,2025-03-06,S04,Laugh Track,Sitcom,25
2344,2025-03-06,S01,Crime City,Crime Drama,45
2344,2025-03-06,S13,True Crime Files,Documentary,50
2344,2025-03-06,S05,Office Antics,Sitcom,22
2345,2025-05-23,S09,Toon Town,Kids,20
2345,2025-05-23,S10,Little Explorers,Kids,18
2346,2025-03-02,S08,Time Anomaly,Sci-Fi,48
2346,2025-03-02,S07,Galactic Wars,Sci-Fi,60
2347,2025-06-30,S05,Office Antics,Sitcom,22
2347,2025-06-30,S14,Parenting Unscripted,Reality TV,35
2347,2025-06-30,S10,Little Explorers,Kids,18
2348,2025-05-13,S15,Cooking Masters,Reality TV,38
2349,2025-03-06,S10,Little Explorers,Kids,18
2349,2025-03-06,S02,The Detective,Crime Drama,50
2349,2025-03-06,S06,Space Frontier,Sci-Fi,55
2350,2025-06-09,S01,Crime City,Crime Drama,45
2350,2025-06-09,S02,The Detective,Crime Drama,50
2351,2025-01-30,S12,Love Island Nairobi,Reality TV,45
2352,2025-04-04,S04,Laugh Track,Sitcom,25
2352,2025-04-04,S05,Office Antics,Sitcom,22
2353,2025-03-06,S11,Real Life Diaries,Reality TV,40
2353,2025-03-06,S12,Love Island Nairobi,Reality TV,45
2354,2025-03-06,S01,Crime City,Crime Drama,45
2354,2025-03-06,S13,True Crime Files,Documentary,50
2355,2025-04-03,S01,Crime City,Crime Drama,45
2355,2025-04-03,S02,The Detective,Crime Drama,50
2355,2025-04-03,S03,Silent Witness Redux,Crime Drama,42
2356,2025-02-23,S14,Parenting Unscripted,Reality TV,35
2357,2025-05-19,S10,Little Explorers,Kids,18
2357,2025-05-19,S03,Silent Witness Redux,Crime Drama,42
2357,2025-05-19,S13,True Crime Files,Documentary,50
2358,2025-04-23,S06,Space Frontier,Sci-Fi,55
2358,2025-04-23,S07,Galactic Wars,Sci-Fi,60
2359,2025-06-29,S05,Office Antics,Sitcom,22
2359,2025-06-29,S02,The Detective,Crime Drama,50
2359,2025-06-29,S12,Love Island Nairobi,Reality TV,45
2359,2025-06-29,S11,Real Life Diaries,Reality TV,40
2360,2025-01-17,S04,Laugh Track,Sitcom,25
2360,2025-01-17,S05,Office Antics,Sitcom,22
2360,2025-01-17,S03,Silent Witness Redux,Crime Drama,42
2361,2025-04-11,S09,Toon Town,Kids,20
2361,2025-04-11,S14,Parenting Unscripted,Reality TV,35
2362,2025-05-24,S04,Laugh Track,Sitcom,25
2362,2025-05-24,S05,Office Antics,Sitcom,22
2363,2025-05-28,S11,Real Life Diaries,Reality TV,40
2363,2025-05-28,S12,Love Island Nairobi,Reality TV,45
2363,2025-05-28,S15,Cooking Masters,Reality TV,38
2364,2025-03-25,S06,Space Frontier,Sci-Fi,55
2364,2025-03-25,S01,Crime City,Crime Drama,45
2364,2025-03-25,S15,Cooking Masters,Reality TV,38
2365,2025-01-20,S06,Space Frontier,Sci-Fi,55
2365,2025-01-20,S07,Galactic Wars,Sci-Fi,60
2366,2025-03-09,S09,Toon Town,Kids,20
2366,2025-03-09,S14,Parenting Unscripted,Reality TV,35
2367,2025-04-01,S04,Laugh Track,Sitcom,25
2368,2025-05-04,S13,True Crime Files,Documentary,50
2369,2025-06-30,S11,Real Life Diaries,Reality TV,40
2369,2025-06-30,S12,Love Island Nairobi,Reality TV,45
2370,2025-06-06,S09,Toon Town,Kids,20
2370,2025-06-06,S10,Little Explorers,Kids,18
2371,2025-06-29,S07,Galactic Wars,Sci-Fi,60
2371,2025-06-29,S13,True Crime Files,Documentary,50
2372,2025-01-20,S11,Real Life Diaries,Reality TV,40
2372,2025-01-20,S12,Love Island Nairobi,Reality TV,45
2373,2025-01-26,S02,The Detective,Crime Drama,50
2373,2025-01-26,S08,Time Anomaly,Sci-Fi,48
2374,2025-04-12,S12,Love Island Nairobi,Reality TV,45
2374,2025-04-12,S02,The Detective,Crime Drama,50
2375,2025-01-23,S04,Laugh Track,Sitcom,25
2375,2025-01-23,S05,Office Antics,Sitcom,22
2376,2025-03-04,S01,Crime City,Crime Drama,45
2376,2025-03-04,S13,True Crime Files,Documentary,50
2377,2025-01-25,S04,Laugh Track,Sitcom,25
2377,2025-01-25,S07,Galactic Wars,Sci-Fi,60
2377,2025-01-25,S11,Real Life Diaries,Reality TV,40
2378,2025-05-06,S04,Laugh Track,Sitcom,25
2378,2025-05-06,S05,Office Antics,Sitcom,22
2379,2025-04-15,S06,Space Frontier,Sci-Fi,55
2379,2025-04-15,S07,Galactic Wars,Sci-Fi,60
2380,2025-06-21,S09,Toon Town,Kids,20
2380,2025-06-21,S14,Parenting Unscripted,Reality TV,35
2380,2025-06-21,S12,Love Island Nairobi,Reality TV,45
2381,2025-02-13,S12,Love Island Nairobi,Reality TV,45
2381,2025-02-13,S10,Little Explorers,Kids,18
2381,2025-02-13,S05,Office Antics,Sitcom,22
2381,2025-02-13,S03,Silent Witness Redux,Crime Drama,42
2382,2025-01-26,S02,The Detective,Crime Drama,50
2382,2025-01-26,S06,Space Frontier,Sci-Fi,55
2382,2025-01-26,S01,Crime City,Crime Drama,45
2383,2025-05-11,S11,Real Life Diaries,Reality TV,40
2383,2025-05-11,S12,Love Island Nairobi,Reality TV,45
2383,2025-05-11,S15,Cooking Masters,Reality TV,38
2384,2025-01-18,S09,Toon Town,Kids,20
2384,2025-01-18,S14,Parenting Unscripted,Reality TV,35
2385,2025-01-13,S11,Real Life Diaries,Reality TV,40
2385,2025-01-13,S04,Laugh Track,Sitcom,25
2385,2025-01-13,S12,Love Island Nairobi,Reality TV,45
2386,2025-06-05,S08,Time Anomaly,Sci-Fi,48
2387,2025-04-09,S04,Laugh Track,Sitcom,25
2387,2025-04-09,S05,Office Antics,Sitcom,22
2388,2025-06-19,S11,Real Life Diaries,Reality TV,40
2388,2025-06-19,S12,Love Island Nairobi,Reality TV,45
2389,2025-06-12,S09,Toon Town,Kids,20
2389,2025-06-12,S14,Parenting Unscripted,Reality TV,35
2390,2025-04-08,S06,Space Frontier,Sci-Fi,55
2390,2025-04-08,S07,Galactic Wars,Sci-Fi,60
2391,2025-01-05,S01,Crime City,Crime Drama,45
2391,2025-01-05,S02,The Detective,Crime Drama,50
2391,2025-01-05,S08,Time Anomaly,Sci-Fi,48
2392,2025-04-16,S11,Real Life Diaries,Reality TV,40
2392,2025-04-16,S12,Love Island Nairobi,Reality TV,45
2393,2025-03-04,S13,True Crime Files,Documentary,50
2394,2025-03-10,S11,Real Life Diaries,Reality TV,40
2394,2025-03-10,S12,Love Island Nairobi,Reality TV,45
2394,2025-03-10,S15,Cooking Masters,Reality TV,38
2394,2025-03-10,S02,The Detective,Crime Drama,50
2395,2025-03-07,S11,Real Life Diaries,Reality TV,40
2395,2025-03-07,S12,Love Island Nairobi,Reality TV,45
2396,2025-06-04,S02,The Detective,Crime Drama,50
2396,2025-06-04,S06,Space Frontier,Sci-Fi,55
2396,2025-06-04,S12,Love Island Nairobi,Reality TV,45
2397,2025-02-06,S09,Toon Town,Kids,20
2397,2025-02-06,S10,Little Explorers,Kids,18
2398,2025-03-06,S06,Space Frontier,Sci-Fi,55
2398,2025-03-06,S07,Galactic Wars,Sci-Fi,60
2399,2025-06-29,S13,True Crime Files,Documentary,50
2399,2025-06-29,S09,Toon Town,Kids,20
2399,2025-06-29,S01,Crime City,Crime Drama,45
2400,2025-05-05,S03,Silent Witness Redux,Crime Drama,42
2400,2025-05-05,S08,Time Anomaly,Sci-Fi,48
2401,2025-06-08,S09,Toon Town,Kids,20
2401,2025-06-08,S14,Parenting Unscripted,Reality TV,35
2402,2025-03-03,S01,Crime City,Crime Drama,45
2402,2025-03-03,S02,The Detective,Crime Drama,50
2403,2025-02-18,S01,Crime City,Crime Drama,45
2403,2025-02-18,S13,True Crime Files,Documentary,50
2404,2025-04-30,S02,The Detective,Crime Drama,50
2405,2025-02-14,S09,Toon Town,Kids,20
2405,2025-02-14,S10,Little Explorers,Kids,18
2406,2025-01-06,S01,Crime City,Crime Drama,45
2406,2025-01-06,S02,The Detective,Crime Drama,50
2406,2025-01-06,S09,Toon Town,Kids,20
2406,2025-01-06,S11,Real Life Diaries,Reality TV,40
2407,2025-04-17,S13,True Crime Files,Documentary,50
2407,2025-04-17,S02,The Detective,Crime Drama,50
2408,2025-05-15,S06,Space Frontier,Sci-Fi,55
2408,2025-05-15,S14,Parenting Unscripted,Reality TV,35
2408,2025-05-15,S15,Cooking Masters,Reality TV,38
2409,2025-06-14,S01,Crime City,Crime Drama,45
2409,2025-06-14,S13,True Crime Files,Documentary,50
2410,2025-01-14,S14,Parenting Unscripted,Reality TV,35
2410,2025-01-14,S01,Crime City,Crime Drama,45
2411,2025-05-01,S04,Laugh Track,Sitcom,25
2411,2025-05-01,S05,Office Antics,Sitcom,22
2412,2025-06-29,S01,Crime City,Crime Drama,45
2412,2025-06-29,S13,True Crime Files,Documentary,50
2413,2025-01-16,S11,Real Life Diaries,Reality TV,40
2413,2025-01-16,S12,Love Island Nairobi,Reality TV,45
2413,2025-01-16,S15,Cooking Masters,Reality TV,38
2414,2025-01-09,S13,True Crime Files,Documentary,50
2415,2025-01-30,S09,Toon Town,Kids,20
2415,2025-01-30,S10,Little Explorers,Kids,18
2416,2025-06-20,S08,Time Anomaly,Sci-Fi,48
2416,2025-06-20,S02,The Detective,Crime Drama,50
2416,2025-06-20,S05,Office Antics,Sitcom,22
2416,2025-06-20,S03,Silent Witness Redux,Crime Drama,42
2417,2025-05-16,S01,Crime City,Crime Drama,45
2417,2025-05-16,S13,True Crime Files,Documentary,50
2418,2025-02-25,S10,Little Explorers,Kids,18
2418,2025-02-25,S05,Office Antics,Sitcom,22
2419,2025-06-06,S15,Cooking Masters,Reality TV,38
2419,2025-06-06,S03,Silent Witness Redux,Crime Drama,42
2419,2025-06-06,S01,Crime City,Crime Drama,45
2420,2025-06-27,S04,Laugh Track,Sitcom,25
2420,2025-06-27,S05,Office Antics,Sitcom,22
2421,2025-02-12,S11,Real Life Diaries,Reality TV,40
2421,2025-02-12,S02,The Detective,Crime Drama,50
2421,2025-02-12,S14,Parenting Unscripted,Reality TV,35
2422,2025-05-26,S13,True Crime Files,Documentary,50
2422,2025-05-26,S03,Silent Witness Redux,Crime Drama,42
2422,2025-05-26,S12,Love Island Nairobi,Reality TV,45
2423,2025-01-05,S09,Toon Town,Kids,20
2423,2025-01-05,S14,Parenting Unscripted,Reality TV,35
2424,2025-01-18,S13,True Crime Files,Documentary,50
2424,2025-01-18,S06,Space Frontier,Sci-Fi,55
2425,2025-06-01,S15,Cooking Masters,Reality TV,38
2425,2025-06-01,S01,Crime City,Crime Drama,45
2425,2025-06-01,S10,Little Explorers,Kids,18
2425,2025-06-01,S06,Space Frontier,Sci-Fi,55
2426,2025-03-20,S05,Office Antics,Sitcom,22
2426,2025-03-20,S12,Love Island Nairobi,Reality TV,45
2427,2025-03-08,S01,Crime City,Crime Drama,45
2427,2025-03-08,S02,The Detective,Crime Drama,50
2428,2025-04-25,S15,Cooking Masters,Reality TV,38
2428,2025-04-25,S11,Real Life Diaries,Reality TV,40
2429,2025-03-26,S09,Toon Town,Kids,20
2429,2025-03-26,S08,Time Anomaly,Sci-Fi,48
2430,2025-03-09,S04,Laugh Track,Sitcom,25
2430,2025-03-09,S06,Space Frontier,Sci-Fi,55
2430,2025-03-09,S02,The Detective,Crime Drama,50
2431,2025-05-04,S11,Real Life Diaries,Reality TV,40
2432,2025-02-05,S01,Crime City,Crime Drama,45
2432,2025-02-05,S02,The Detective,Crime Drama,50
2432,2025-02-05,S03,Silent Witness Redux,Crime Drama,42
2433,2025-05-13,S04,Laugh Track,Sitcom,25
2433,2025-05-13,S05,Office Antics,Sitcom,22
2434,2025-06-25,S08,Time Anomaly,Sci-Fi,48
2434,2025-06-25,S13,True Crime Files,Documentary,50
2434,2025-06-25,S10,Little Explorers,Kids,18
2435,2025-01-13,S09,Toon Town,Kids,20
2435,2025-01-13,S10,Little Explorers,Kids,18
2436,2025-02-05,S11,Real Life Diaries,Reality TV,40
2436,2025-02-05,S08,Time Anomaly,Sci-Fi,48
2436,2025-02-05,S05,Office Antics,Sitcom,22
2436,2025-02-05,S15,Cooking Masters,Reality TV,38
2437,2025-05-17,S04,Laugh Track,Sitcom,25
2437,2025-05-17,S06,Space Frontier,Sci-Fi,55
2437,2025-05-17,S10,Little Explorers,Kids,18
2438,2025-03-08,S11,Real Life Diaries,Reality TV,40
2438,2025-03-08,S12,Love Island Nairobi,Reality TV,45
2438,2025-03-08,S03,Silent Witness Redux,Crime Drama,42
2439,2025-03-15,S08,Time Anomaly,Sci-Fi,48
2439,2025-03-15,S13,True Crime Files,Documentary,50
2439,2025-03-15,S15,Cooking Masters,Reality TV,38
2439,2025-03-15,S01,Crime City,Crime Drama,45
2440,2025-04-10,S13,True Crime Files,Documentary,50
2441,2025-04-29,S12,Love Island Nairobi,Reality TV,45
2442,2025-01-12,S01,Crime City,Crime Drama,45
2442,2025-01-12,S02,The Detective,Crime Drama,50
2443,2025-03-19,S01,Crime City,Crime Drama,45
2443,2025-03-19,S13,True Crime Files,Documentary,50
2444,2025-05-22,S11,Real Life Diaries,Reality TV,40
2444,2025-05-22,S12,Love Island Nairobi,Reality TV,45
2445,2025-04-16,S09,Toon Town,Kids,20
2445,2025-04-16,S10,Little Explorers,Kids,18
2446,2025-02-05,S07,Galactic Wars,Sci-Fi,60
2447,2025-05-01,S06,Space Frontier,Sci-Fi,55
2447,2025-05-01,S13,True Crime Files,Documentary,50
2447,2025-05-01,S12,Love Island Nairobi,Reality TV,45
2447,2025-05-01,S10,Little Explorers,Kids,18
2448,2025-06-11,S06,Space Frontier,Sci-Fi,55
2448,2025-06-11,S07,Galactic Wars,Sci-Fi,60
2448,2025-06-11,S08,Time Anomaly,Sci-Fi,48
2449,2025-06-18,S09,Toon Town,Kids,20
2449,2025-06-18,S10,Little Explorers,Kids,18
2450,2025-05-12,S10,Little Explorers,Kids,18
2450,2025-05-12,S12,Love Island Nairobi,Reality TV,45
2450,2025-05-12,S01,Crime City,Crime Drama,45
2451,2025-06-27,S11,Real Life Diaries,Reality TV,40
2451,2025-06-27,S12,Love Island Nairobi,Reality TV,45
2451,2025-06-27,S15,Cooking Masters,Reality TV,38
2452,2025-03-07,S12,Love Island Nairobi,Reality TV,45
2452,2025-03-07,S10,Little Explorers,Kids,18
2453,2025-04-28,S06,Space Frontier,Sci-Fi,55
2453,2025-04-28,S07,Galactic Wars,Sci-Fi,60
2453,2025-04-28,S08,Time Anomaly,Sci-Fi,48
2454,2025-03-04,S11,Real Life Diaries,Reality TV,40
2454,2025-03-04,S06,Space Frontier,Sci-Fi,55
2454,2025-03-04,S03,Silent Witness Redux,Crime Drama,42
2455,2025-01-11,S15,Cooking Masters,Reality TV,38
2455,2025-01-11,S01,Crime City,Crime Drama,45
2455,2025-01-11,S05,Office Antics,Sitcom,22
2456,2025-05-25,S09,Toon Town,Kids,20
2456,2025-05-25,S14,Parenting Unscripted,Reality TV,35
2457,2025-02-24,S15,Cooking Masters,Reality TV,38
2457,2025-02-24,S14,Parenting Unscripted,Reality TV,35
2457,2025-02-24,S01,Crime City,Crime Drama,45
2457,2025-02-24,S07,Galactic Wars,Sci-Fi,60
2458,2025-02-27,S04,Laugh Track,Sitcom,25
2458,2025-02-27,S05,Office Antics,Sitcom,22
2459,2025-01-31,S12,Love Island Nairobi,Reality TV,45
2460,2025-05-22,S04,Laugh Track,Sitcom,25
2460,2025-05-22,S05,Office Antics,Sitcom,22
2461,2025-03-15,S13,True Crime Files,Documentary,50
2461,2025-03-15,S03,Silent Witness Redux,Crime Drama,42
2462,2025-06-02,S01,Crime City,Crime Drama,45
2462,2025-06-02,S02,The Detective,Crime Drama,50
2462,2025-06-02,S03,Silent Witness Redux,Crime Drama,42
2463,2025-04-19,S01,Crime City,Crime Drama,45
2463,2025-04-19,S13,True Crime Files,Documentary,50
2464,2025-05-17,S09,Toon Town,Kids,20
2465,2025-06-16,S04,Laugh Track,Sitcom,25
2465,2025-06-16,S05,Office Antics,Sitcom,22
2466,2025-04-01,S01,Crime City,Crime Drama,45
2466,2025-04-01,S13,True Crime Files,Documentary,50
2467,2025-03-23,S09,Toon Town,Kids,20
2467,2025-03-23,S14,Parenting Unscripted,Reality TV,35
2468,2025-06-28,S01,Crime City,Crime Drama,45
2468,2025-06-28,S02,The Detective,Crime Drama,50
2468,2025-06-28,S03,Silent Witness Redux,Crime Drama,42
2469,2025-03-19,S11,Real Life Diaries,Reality TV,40
2469,2025-03-19,S13,True Crime Files,Documentary,50
2469,2025-03-19,S07,Galactic Wars,Sci-Fi,60
2470,2025-04-15,S06,Space Frontier,Sci-Fi,55
2470,2025-04-15,S07,Galactic Wars,Sci-Fi,60
2470,2025-04-15,S08,Time Anomaly,Sci-Fi,48
2471,2025-05-14,S09,Toon Town,Kids,20
2471,2025-05-14,S10,Little Explorers,Kids,18
2472,2025-06-16,S01,Crime City,Crime Drama,45
2472,2025-06-16,S10,Little Explorers,Kids,18
2472,2025-06-16,S03,Silent Witness Redux,Crime Drama,42
2472,2025-06-16,S12,Love Island Nairobi,Reality TV,45
2473,2025-01-13,S01,Crime City,Crime Drama,45
2473,2025-01-13,S02,The Detective,Crime Drama,50
2474,2025-02-15,S01,Crime City,Crime Drama,45
2474,2025-02-15,S13,True Crime Files,Documentary,50
2475,2025-01-11,S04,Laugh Track,Sitcom,25
2475,2025-01-11,S05,Office Antics,Sitcom,22
2476,2025-01-23,S01,Crime City,Crime Drama,45
2476,2025-01-23,S13,True Crime Files,Documentary,50
2477,2025-01-21,S10,Little Explorers,Kids,18
2477,2025-01-21,S12,Love Island Nairobi,Reality TV,45
2478,2025-03-02,S01,Crime City,Crime Drama,45
2478,2025-03-02,S05,Office Antics,Sitcom,22
2478,2025-03-02,S07,Galactic Wars,Sci-Fi,60
2478,2025-03-02,S10,Little Explorers,Kids,18
2479,2025-04-30,S09,Toon Town,Kids,20
2479,2025-04-30,S14,Parenting Unscripted,Reality TV,35
2479,2025-04-30,S11,Real Life Diaries,Reality TV,40
2480,2025-04-17,S12,Love Island Nairobi,Reality TV,45
2480,2025-04-17,S14,Parenting Unscripted,Reality TV,35
2480,2025-04-17,S11,Real Life Diaries,Reality TV,40
2481,2025-06-16,S09,Toon Town,Kids,20
2481,2025-06-16,S14,Parenting Unscripted,Reality TV,35
2482,2025-04-27,S09,Toon Town,Kids,20
2482,2025-04-27,S14,Parenting Unscripted,Reality TV,35
2483,2025-01-09,S04,Laugh Track,Sitcom,25
2483,2025-01-09,S05,Office Antics,Sitcom,22
2483,2025-01-09,S07,Galactic Wars,Sci-Fi,60
2484,2025-02-20,S15,Cooking Masters,Reality TV,38
2485,2025-02-06,S12,Love Island Nairobi,Reality TV,45
2485,2025-02-06,S03,Silent Witness Redux,Crime Drama,42
2485,2025-02-06,S14,Parenting Unscripted,Reality TV,35
2485,2025-02-06,S01,Crime City,Crime Drama,45
2486,2025-01-10,S03,Silent Witness Redux,Crime Drama,42
2487,2025-02-23,S14,Parenting Unscripted,Reality TV,35
2487,2025-02-23,S05,Office Antics,Sitcom,22
2487,2025-02-23,S04,Laugh Track,Sitcom,25
2488,2025-04-17,S15,Cooking Masters,Reality TV,38
2488,2025-04-17,S05,Office Antics,Sitcom,22
2488,2025-04-17,S01,Crime City,Crime Drama,45
2488,2025-04-17,S08,Time Anomaly,Sci-Fi,48
2489,2025-01-08,S01,Crime City,Crime Drama,45
2489,2025-01-08,S13,True Crime Files,Documentary,50
2490,2025-05-23,S10,Little Explorers,Kids,18
2491,2025-06-19,S09,Toon Town,Kids,20
2491,2025-06-19,S14,Parenting Unscripted,Reality TV,35
2492,2025-06-18,S15,Cooking Masters,Reality TV,38
2492,2025-06-18,S01,Crime City,Crime Drama,45
2492,2025-06-18,S14,Parenting Unscripted,Reality TV,35
2493,2025-06-01,S01,Crime City,Crime Drama,45
2493,2025-06-01,S13,True Crime Files,Documentary,50
2494,2025-01-01,S06,Space Frontier,Sci-Fi,55
2494,2025-01-01,S07,Galactic Wars,Sci-Fi,60
2495,2025-01-20,S04,Laugh Track,Sitcom,25
2495,2025-01-20,S05,Office Antics,Sitcom,22
2496,2025-05-06,S09,Toon Town,Kids,20
2496,2025-05-06,S14,Parenting Unscripted,Reality TV,35
2497,2025-01-09,S14,Parenting Unscripted,Reality TV,35
2497,2025-01-09,S02,The Detective,Crime Drama,50
2498,2025-06-30,S01,Crime City,Crime Drama,45
2499,2025-02-12,S06,Space Frontier,Sci-Fi,55
2500,2025-04-15,S06,Space Frontier,Sci-Fi,55
2500,2025-04-15,S14,Parenting Unscripted,Reality TV,35
2501,2025-05-25,S14,Parenting Unscripted,Reality TV,35
2501,2025-05-25,S02,The Detective,Crime Drama,50
2502,2025-05-01,S09,Toon Town,Kids,20
2502,2025-05-01,S14,Parenting Unscripted,Reality TV,35
2503,2025-04-14,S09,Toon Town,Kids,20
2503,2025-04-14,S10,Little Explorers,Kids,18
2503,2025-04-14,S15,Cooking Masters,Reality TV,38
2504,2025-03-26,S12,Love Island Nairobi,Reality TV,45
2504,2025-03-26,S05,Office Antics,Sitcom,22
2504,2025-03-26,S14,Parenting Unscripted,Reality TV,35
2504,2025-03-26,S08,Time Anomaly,Sci-Fi,48
2505,2025-06-03,S09,Toon Town,Kids,20
2505,2025-06-03,S10,Little Explorers,Kids,18
2506,2025-03-17,S09,Toon Town,Kids,20
2506,2025-03-17,S14,Parenting Unscripted,Reality TV,35
2507,2025-05-20,S05,Office Antics,Sitcom,22
2508,2025-06-20,S12,Love Island Nairobi,Reality TV,45
2508,2025-06-20,S13,True Crime Files,Documentary,50
2509,2025-03-22,S04,Laugh Track,Sitcom,25
2509,2025-03-22,S11,Real Life Diaries,Reality TV,40
2509,2025-03-22,S03,Silent Witness Redux,Crime Drama,42
2509,2025-03-22,S09,Toon Town,Kids,20
2510,2025-04-12,S06,Space Frontier,Sci-Fi,55
2510,2025-04-12,S07,Galactic Wars,Sci-Fi,60
2511,2025-05-02,S01,Crime City,Crime Drama,45
2511,2025-05-02,S02,The Detective,Crime Drama,50
2512,2025-05-08,S10,Little Explorers,Kids,18
2512,2025-05-08,S07,Galactic Wars,Sci-Fi,60
2512,2025-05-08,S03,Silent Witness Redux,Crime Drama,42
2513,2025-04-28,S11,Real Life Diaries,Reality TV,40
2513,2025-04-28,S12,Love Island Nairobi,Reality TV,45
2514,2025-05-22,S11,Real Life Diaries,Reality TV,40
2514,2025-05-22,S12,Love Island Nairobi,Reality TV,45
2514,2025-05-22,S15,Cooking Masters,Reality TV,38
2515,2025-05-19,S11,Real Life Diaries,Reality TV,40
2515,2025-05-19,S12,Love Island Nairobi,Reality TV,45
2516,2025-01-04,S06,Space Frontier,Sci-Fi,55
2516,2025-01-04,S07,Galactic Wars,Sci-Fi,60
2516,2025-01-04,S08,Time Anomaly,Sci-Fi,48
2516,2025-01-04,S04,Laugh Track,Sitcom,25
2517,2025-01-12,S01,Crime City,Crime Drama,45
2517,2025-01-12,S02,The Detective,Crime Drama,50
2518,2025-04-16,S13,True Crime Files,Documentary,50
2518,2025-04-16,S05,Office Antics,Sitcom,22
2519,2025-06-10,S01,Crime City,Crime Drama,45
2519,2025-06-10,S02,The Detective,Crime Drama,50
2519,2025-06-10,S13,True Crime Files,Documentary,50
2520,2025-06-04,S15,Cooking Masters,Reality TV,38
2521,2025-04-12,S09,Toon Town,Kids,20
2521,2025-04-12,S10,Little Explorers,Kids,18
2522,2025-02-09,S04,Laugh Track,Sitcom,25
2522,2025-02-09,S05,Office Antics,Sitcom,22
2523,2025-02-11,S06,Space Frontier,Sci-Fi,55
2523,2025-02-11,S07,Galactic Wars,Sci-Fi,60
2524,2025-02-07,S03,Silent Witness Redux,Crime Drama,42
2524,2025-02-07,S02,The Detective,Crime Drama,50
2524,2025-02-07,S14,Parenting Unscripted,Reality TV,35
2525,2025-02-14,S04,Laugh Track,Sitcom,25
2525,2025-02-14,S05,Office Antics,Sitcom,22
2526,2025-02-18,S09,Toon Town,Kids,20
2526,2025-02-18,S14,Parenting Unscripted,Reality TV,35
2527,2025-04-19,S01,Crime City,Crime Drama,45
2527,2025-04-19,S06,Space Frontier,Sci-Fi,55
2528,2025-02-23,S10,Little Explorers,Kids,18
2528,2025-02-23,S06,Space Frontier,Sci-Fi,55
2529,2025-04-08,S01,Crime City,Crime Drama,45
2529,2025-04-08,S13,True Crime Files,Documentary,50
2530,2025-06-23,S06,Space Frontier,Sci-Fi,55
2530,2025-06-23,S07,Galactic Wars,Sci-Fi,60
2531,2025-01-01,S15,Cooking Masters,Reality TV,38
2531,2025-01-01,S01,Crime City,Crime Drama,45
2531,2025-01-01,S10,Little Explorers,Kids,18
2532,2025-03-04,S05,Office Antics,Sitcom,22
2533,2025-04-23,S11,Real Life Diaries,Reality TV,40
2533,2025-04-23,S12,Love Island Nairobi,Reality TV,45
2534,2025-05-08,S09,Toon Town,Kids,20
2534,2025-05-08,S14,Parenting Unscripted,Reality TV,35
2534,2025-05-08,S13,True Crime Files,Documentary,50
2535,2025-06-28,S09,Toon Town,Kids,20
2535,2025-06-28,S14,Parenting Unscripted,Reality TV,35
2536,2025-06-09,S07,Galactic Wars,Sci-Fi,60
2536,2025-06-09,S09,Toon Town,Kids,20
2537,2025-06-30,S01,Crime City,Crime Drama,45
2537,2025-06-30,S02,The Detective,Crime Drama,50
2538,2025-04-04,S04,Laugh Track,Sitcom,25
2538,2025-04-04,S05,Office Antics,Sitcom,22
2539,2025-02-14,S09,Toon Town,Kids,20
2539,2025-02-14,S14,Parenting Unscripted,Reality TV,35
2540,2025-04-01,S07,Galactic Wars,Sci-Fi,60
2540,2025-04-01,S10,Little Explorers,Kids,18
2541,2025-02-05,S06,Space Frontier,Sci-Fi,55
2541,2025-02-05,S01,Crime City,Crime Drama,45
2542,2025-01-31,S15,Cooking Masters,Reality TV,38
2542,2025-01-31,S02,The Detective,Crime Drama,50
2542,2025-01-31,S11,Real Life Diaries,Reality TV,40
2542,2025-01-31,S07,Galactic Wars,Sci-Fi,60
2543,2025-03-08,S11,Real Life Diaries,Reality TV,40
2543,2025-03-08,S12,Love Island Nairobi,Reality TV,45
2544,2025-02-28,S01,Crime City,Crime Drama,45
2544,2025-02-28,S13,True Crime Files,Documentary,50
2545,2025-05-23,S02,The Detective,Crime Drama,50
2546,2025-03-31,S09,Toon Town,Kids,20
2546,2025-03-31,S10,Little Explorers,Kids,18
2547,2025-05-27,S11,Real Life Diaries,Reality TV,40
2548,2025-01-01,S14,Parenting Unscripted,Reality TV,35
2548,2025-01-01,S06,Space Frontier,Sci-Fi,55
2549,2025-02-26,S15,Cooking Masters,Reality TV,38
2550,2025-03-17,S06,Space Frontier,Sci-Fi,55
2550,2025-03-17,S07,Galactic Wars,Sci-Fi,60
2550,2025-03-17,S08,Time Anomaly,Sci-Fi,48
2551,2025-04-25,S06,Space Frontier,Sci-Fi,55
2552,2025-06-02,S15,Cooking Masters,Reality TV,38
2552,2025-06-02,S04,Laugh Track,Sitcom,25
2552,2025-06-02,S01,Crime City,Crime Drama,45
2553,2025-02-01,S07,Galactic Wars,Sci-Fi,60
2553,2025-02-01,S13,True Crime Files,Documentary,50
2554,2025-03-07,S11,Real Life Diaries,Reality TV,40
2554,2025-03-07,S02,The Detective,Crime Drama,50
2554,2025-03-07,S08,Time Anomaly,Sci-Fi,48
2555,2025-06-20,S11,Real Life Diaries,Reality TV,40
2555,2025-06-20,S12,Love Island Nairobi,Reality TV,45
2555,2025-06-20,S04,Laugh Track,Sitcom,25
2556,2025-06-16,S09,Toon Town,Kids,20
2556,2025-06-16,S14,Parenting Unscripted,Reality TV,35
2557,2025-04-02,S11,Real Life Diaries,Reality TV,40
2557,2025-04-02,S12,Love Island Nairobi,Reality TV,45
2558,2025-06-16,S09,Toon Town,Kids,20
2558,2025-06-16,S07,Galactic Wars,Sci-Fi,60
2558,2025-06-16,S14,Parenting Unscripted,Reality TV,35
2558,2025-06-16,S05,Office Antics,Sitcom,22
2559,2025-06-26,S12,Love Island Nairobi,Reality TV,45
2559,2025-06-26,S15,Cooking Masters,Reality TV,38
2559,2025-06-26,S13,True Crime Files,Documentary,50
2560,2025-03-28,S01,Crime City,Crime Drama,45
2560,2025-03-28,S13,True Crime Files,Documentary,50
2561,2025-03-21,S01,Crime City,Crime Drama,45
2561,2025-03-21,S02,The Detective,Crime Drama,50
2562,2025-04-25,S06,Space Frontier,Sci-Fi,55
2562,2025-04-25,S07,Galactic Wars,Sci-Fi,60
2562,2025-04-25,S08,Time Anomaly,Sci-Fi,48
2563,2025-06-16,S03,Silent Witness Redux,Crime Drama,42
2563,2025-06-16,S08,Time Anomaly,Sci-Fi,48
2563,2025-06-16,S07,Galactic Wars,Sci-Fi,60
2563,2025-06-16,S09,Toon Town,Kids,20
2564,2025-03-19,S10,Little Explorers,Kids,18
2565,2025-06-06,S14,Parenting Unscripted,Reality TV,35
2565,2025-06-06,S01,Crime City,Crime Drama,45
2566,2025-01-24,S04,Laugh Track,Sitcom,25
2566,2025-01-24,S05,Office Antics,Sitcom,22
2567,2025-04-16,S01,Crime City,Crime Drama,45
2567,2025-04-16,S13,True Crime Files,Documentary,50
2568,2025-03-12,S09,Toon Town,Kids,20
2568,2025-03-12,S14,Parenting Unscripted,Reality TV,35
2569,2025-03-24,S01,Crime City,Crime Drama,45
2569,2025-03-24,S13,True Crime Files,Documentary,50
2570,2025-02-17,S01,Crime City,Crime Drama,45
2570,2025-02-17,S02,The Detective,Crime Drama,50
2570,2025-02-17,S03,Silent Witness Redux,Crime Drama,42
2571,2025-05-17,S13,True Crime Files,Documentary,50
2571,2025-05-17,S01,Crime City,Crime Drama,45
2572,2025-03-14,S04,Laugh Track,Sitcom,25
2572,2025-03-14,S07,Galactic Wars,Sci-Fi,60
2572,2025-03-14,S09,Toon Town,Kids,20
2572,2025-03-14,S10,Little Explorers,Kids,18
2573,2025-06-13,S14,Parenting Unscripted,Reality TV,35
2573,2025-06-13,S08,Time Anomaly,Sci-Fi,48
2573,2025-06-13,S15,Cooking Masters,Reality TV,38
2574,2025-04-16,S01,Crime City,Crime Drama,45
2574,2025-04-16,S13,True Crime Files,Documentary,50
2575,2025-03-28,S04,Laugh Track,Sitcom,25
2575,2025-03-28,S05,Office Antics,Sitcom,22
2575,2025-03-28,S06,Space Frontier,Sci-Fi,55
2576,2025-05-27,S09,Toon Town,Kids,20
2576,2025-05-27,S10,Little Explorers,Kids,18
2577,2025-06-25,S09,Toon Town,Kids,20
2577,2025-06-25,S10,Little Explorers,Kids,18
2578,2025-01-05,S04,Laugh Track,Sitcom,25
2579,2025-05-21,S09,Toon Town,Kids,20
2579,2025-05-21,S10,Little Explorers,Kids,18
2580,2025-04-06,S01,Crime City,Crime Drama,45
2580,2025-04-06,S13,True Crime Files,Documentary,50
2581,2025-05-24,S06,Space Frontier,Sci-Fi,55
2581,2025-05-24,S07,Galactic Wars,Sci-Fi,60
2582,2025-01-28,S09,Toon Town,Kids,20
2582,2025-01-28,S14,Parenting Unscripted,Reality TV,35
2583,2025-04-01,S04,Laugh Track,Sitcom,25
2583,2025-04-01,S05,Office Antics,Sitcom,22
2584,2025-01-05,S04,Laugh Track,Sitcom,25
2584,2025-01-05,S05,Office Antics,Sitcom,22
2585,2025-02-16,S11,Real Life Diaries,Reality TV,40
2585,2025-02-16,S12,Love Island Nairobi,Reality TV,45
2586,2025-01-09,S11,Real Life Diaries,Reality TV,40
2586,2025-01-09,S12,Love Island Nairobi,Reality TV,45
2586,2025-01-09,S15,Cooking Masters,Reality TV,38
2587,2025-05-27,S15,Cooking Masters,Reality TV,38
2587,2025-05-27,S03,Silent Witness Redux,Crime Drama,42
2587,2025-05-27,S04,Laugh Track,Sitcom,25
2587,2025-05-27,S09,Toon Town,Kids,20
2588,2025-06-27,S04,Laugh Track,Sitcom,25
2588,2025-06-27,S05,Office Antics,Sitcom,22
2589,2025-01-07,S11,Real Life Diaries,Reality TV,40
2590,2025-04-17,S15,Cooking Masters,Reality TV,38
2591,2025-01-11,S01,Crime City,Crime Drama,45
2591,2025-01-11,S06,Space Frontier,Sci-Fi,55
2591,2025-01-11,S10,Little Explorers,Kids,18
2592,2025-05-17,S09,Toon Town,Kids,20
2592,2025-05-17,S14,Parenting Unscripted,Reality TV,35
2593,2025-02-04,S01,Crime City,Crime Drama,45
2593,2025-02-04,S02,The Detective,Crime Drama,50
2593,2025-02-04,S03,Silent Witness Redux,Crime Drama,42
2594,2025-06-21,S09,Toon Town,Kids,20
2594,2025-06-21,S10,Little Explorers,Kids,18
2595,2025-03-18,S01,Crime City,Crime Drama,45
2595,2025-03-18,S13,True Crime Files,Documentary,50
2596,2025-04-20,S13,True Crime Files,Documentary,50
2597,2025-06-14,S02,The Detective,Crime Drama,50
2598,2025-04-18,S11,Real Life Diaries,Reality TV,40
2598,2025-04-18,S12,Love Island Nairobi,Reality TV,45
2599,2025-05-23,S09,Toon Town,Kids,20
2599,2025-05-23,S14,Parenting Unscripted,Reality TV,35
2600,2025-01-24,S04,Laugh Track,Sitcom,25
2600,2025-01-24,S05,Office Antics,Sitcom,22
2601,2025-04-10,S12,Love Island Nairobi,Reality TV,45
2601,2025-04-10,S08,Time Anomaly,Sci-Fi,48
2601,2025-04-10,S02,The Detective,Crime Drama,50
2602,2025-02-09,S09,Toon Town,Kids,20
2602,2025-02-09,S06,Space Frontier,Sci-Fi,55
2602,2025-02-09,S10,Little Explorers,Kids,18
2603,2025-06-17,S09,Toon Town,Kids,20
2603,2025-06-17,S14,Parenting Unscripted,Reality TV,35
2604,2025-05-05,S09,Toon Town,Kids,20
2604,2025-05-05,S14,Parenting Unscripted,Reality TV,35
2605,2025-04-03,S09,Toon Town,Kids,20
2605,2025-04-03,S14,Parenting Unscripted,Reality TV,35
2606,2025-05-25,S03,Silent Witness Redux,Crime Drama,42
2606,2025-05-25,S02,The Detective,Crime Drama,50
2606,2025-05-25,S05,Office Antics,Sitcom,22
2606,2025-05-25,S15,Cooking Masters,Reality TV,38
2607,2025-03-01,S02,The Detective,Crime Drama,50
2608,2025-04-30,S15,Cooking Masters,Reality TV,38
2609,2025-03-05,S06,Space Frontier,Sci-Fi,55
2609,2025-03-05,S07,Galactic Wars,Sci-Fi,60
2609,2025-03-05,S12,Love Island Nairobi,Reality TV,45
2610,2025-05-07,S09,Toon Town,Kids,20
2610,2025-05-07,S14,Parenting Unscripted,Reality TV,35
2611,2025-01-25,S09,Toon Town,Kids,20
2611,2025-01-25,S14,Parenting Unscripted,Reality TV,35
2612,2025-03-05,S10,Little Explorers,Kids,18
2612,2025-03-05,S12,Love Island Nairobi,Reality TV,45
2612,2025-03-05,S02,The Detective,Crime Drama,50
2613,2025-03-31,S01,Crime City,Crime Drama,45
2613,2025-03-31,S02,The Detective,Crime Drama,50
2613,2025-03-31,S03,Silent Witness Redux,Crime Drama,42
2614,2025-06-03,S01,Crime City,Crime Drama,45
2614,2025-06-03,S13,True Crime Files,Documentary,50
2615,2025-04-10,S09,Toon Town,Kids,20
2615,2025-04-10,S14,Parenting Unscripted,Reality TV,35
2616,2025-01-23,S11,Real Life Diaries,Reality TV,40
2616,2025-01-23,S05,Office Antics,Sitcom,22
2616,2025-01-23,S04,Laugh Track,Sitcom,25
2616,2025-01-23,S08,Time Anomaly,Sci-Fi,48
2617,2025-06-11,S06,Space Frontier,Sci-Fi,55
2617,2025-06-11,S07,Galactic Wars,Sci-Fi,60
2617,2025-06-11,S08,Time Anomaly,Sci-Fi,48
2618,2025-05-30,S01,Crime City,Crime Drama,45
2618,2025-05-30,S02,The Detective,Crime Drama,50
2619,2025-03-08,S09,Toon Town,Kids,20
2619,2025-03-08,S14,Parenting Unscripted,Reality TV,35
2620,2025-03-10,S03,Silent Witness Redux,Crime Drama,42
2620,2025-03-10,S13,True Crime Files,Documentary,50
2620,2025-03-10,S15,Cooking Masters,Reality TV,38
2620,2025-03-10,S08,Time Anomaly,Sci-Fi,48
2621,2025-01-30,S06,Space Frontier,Sci-Fi,55
2622,2025-05-12,S06,Space Frontier,Sci-Fi,55
2622,2025-05-12,S07,Galactic Wars,Sci-Fi,60
2622,2025-05-12,S02,The Detective,Crime Drama,50
2623,2025-04-05,S01,Crime City,Crime Drama,45
2623,2025-04-05,S13,True Crime Files,Documentary,50
2624,2025-02-24,S09,Toon Town,Kids,20
2624,2025-02-24,S06,Space Frontier,Sci-Fi,55
2624,2025-02-24,S01,Crime City,Crime Drama,45
2625,2025-06-22,S07,Galactic Wars,Sci-Fi,60
2625,2025-06-22,S06,Space Frontier,Sci-Fi,55
2625,2025-06-22,S14,Parenting Unscripted,Reality TV,35
2625,2025-06-22,S09,Toon Town,Kids,20
2626,2025-03-20,S06,Space Frontier,Sci-Fi,55
2626,2025-03-20,S07,Galactic Wars,Sci-Fi,60
2627,2025-04-14,S06,Space Frontier,Sci-Fi,55
2627,2025-04-14,S07,Galactic Wars,Sci-Fi,60
2628,2025-01-15,S01,Crime City,Crime Drama,45
2628,2025-01-15,S02,The Detective,Crime Drama,50
2628,2025-01-15,S03,Silent Witness Redux,Crime Drama,42
2629,2025-02-28,S11,Real Life Diaries,Reality TV,40
2629,2025-02-28,S13,True Crime Files,Documentary,50
2629,2025-02-28,S08,Time Anomaly,Sci-Fi,48
2630,2025-01-16,S04,Laugh Track,Sitcom,25
2630,2025-01-16,S05,Office Antics,Sitcom,22
2631,2025-04-18,S11,Real Life Diaries,Reality TV,40
2631,2025-04-18,S12,Love Island Nairobi,Reality TV,45
2632,2025-06-04,S06,Space Frontier,Sci-Fi,55
2633,2025-06-15,S12,Love Island Nairobi,Reality TV,45
2633,2025-06-15,S05,Office Antics,Sitcom,22
2633,2025-06-15,S03,Silent Witness Redux,Crime Drama,42
2633,2025-06-15,S01,Crime City,Crime Drama,45
2634,2025-06-04,S11,Real Life Diaries,Reality TV,40
2634,2025-06-04,S12,Love Island Nairobi,Reality TV,45
2635,2025-03-05,S11,Real Life Diaries,Reality TV,40
2635,2025-03-05,S12,Love Island Nairobi,Reality TV,45
2636,2025-04-26,S11,Real Life Diaries,Reality TV,40
2636,2025-04-26,S12,Love Island Nairobi,Reality TV,45
2637,2025-04-22,S09,Toon Town,Kids,20
2637,2025-04-22,S10,Little Explorers,Kids,18
2638,2025-02-19,S14,Parenting Unscripted,Reality TV,35
2639,2025-05-18,S04,Laugh Track,Sitcom,25
2639,2025-05-18,S05,Office Antics,Sitcom,22
2640,2025-05-13,S04,Laugh Track,Sitcom,25
2640,2025-05-13,S05,Office Antics,Sitcom,22
2641,2025-02-11,S03,Silent Witness Redux,Crime Drama,42
2642,2025-03-24,S09,Toon Town,Kids,20
2642,2025-03-24,S10,Little Explorers,Kids,18
2643,2025-01-27,S04,Laugh Track,Sitcom,25
2643,2025-01-27,S05,Office Antics,Sitcom,22
2644,2025-01-23,S09,Toon Town,Kids,20
2644,2025-01-23,S14,Parenting Unscripted,Reality TV,35
2645,2025-02-19,S04,Laugh Track,Sitcom,25
2645,2025-02-19,S15,Cooking Masters,Reality TV,38
2645,2025-02-19,S11,Real Life Diaries,Reality TV,40
2645,2025-02-19,S12,Love Island Nairobi,Reality TV,45
2646,2025-02-18,S04,Laugh Track,Sitcom,25
2646,2025-02-18,S05,Office Antics,Sitcom,22
2647,2025-06-10,S01,Crime City,Crime Drama,45
2647,2025-06-10,S13,True Crime Files,Documentary,50
2648,2025-01-31,S12,Love Island Nairobi,Reality TV,45
2648,2025-01-31,S15,Cooking Masters,Reality TV,38
2648,2025-01-31,S06,Space Frontier,Sci-Fi,55
2648,2025-01-31,S03,Silent Witness Redux,Crime Drama,42
2649,2025-06-10,S04,Laugh Track,Sitcom,25
2649,2025-06-10,S05,Office Antics,Sitcom,22
2650,2025-06-04,S01,Crime City,Crime Drama,45
2650,2025-06-04,S13,True Crime Files,Documentary,50
2651,2025-05-24,S13,True Crime Files,Documentary,50
2652,2025-03-01,S11,Real Life Diaries,Reality TV,40
2652,2025-03-01,S12,Love Island Nairobi,Reality TV,45
2652,2025-03-01,S05,Office Antics,Sitcom,22
2653,2025-05-30,S06,Space Frontier,Sci-Fi,55
2653,2025-05-30,S07,Galactic Wars,Sci-Fi,60
2654,2025-02-05,S12,Love Island Nairobi,Reality TV,45
2654,2025-02-05,S11,Real Life Diaries,Reality TV,40
2654,2025-02-05,S04,Laugh Track,Sitcom,25
2655,2025-05-26,S01,Crime City,Crime Drama,45
2656,2025-05-19,S07,Galactic Wars,Sci-Fi,60
2656,2025-05-19,S12,Love Island Nairobi,Reality TV,45
2656,2025-05-19,S15,Cooking Masters,Reality TV,38
2656,2025-05-19,S06,Space Frontier,Sci-Fi,55
2657,2025-06-20,S09,Toon Town,Kids,20
2658,2025-03-27,S02,The Detective,Crime Drama,50
2658,2025-03-27,S13,True Crime Files,Documentary,50
2658,2025-03-27,S05,Office Antics,Sitcom,22
2658,2025-03-27,S01,Crime City,Crime Drama,45
2659,2025-03-31,S06,Space Frontier,Sci-Fi,55
2659,2025-03-31,S08,Time Anomaly,Sci-Fi,48
2660,2025-04-28,S03,Silent Witness Redux,Crime Drama,42
2660,2025-04-28,S02,The Detective,Crime Drama,50
2660,2025-04-28,S12,Love Island Nairobi,Reality TV,45
2661,2025-05-31,S06,Space Frontier,Sci-Fi,55
2661,2025-05-31,S07,Galactic Wars,Sci-Fi,60
2661,2025-05-31,S08,Time Anomaly,Sci-Fi,48
2662,2025-06-08,S04,Laugh Track,Sitcom,25
2662,2025-06-08,S05,Office Antics,Sitcom,22
2663,2025-04-15,S09,Toon Town,Kids,20
2664,2025-03-06,S12,Love Island Nairobi,Reality TV,45
2664,2025-03-06,S02,The Detective,Crime Drama,50
2664,2025-03-06,S14,Parenting Unscripted,Reality TV,35
2665,2025-02-12,S09,Toon Town,Kids,20
2665,2025-02-12,S14,Parenting Unscripted,Reality TV,35
2666,2025-05-15,S12,Love Island Nairobi,Reality TV,45
2667,2025-04-18,S01,Crime City,Crime Drama,45
2667,2025-04-18,S02,The Detective,Crime Drama,50
2667,2025-04-18,S03,Silent Witness Redux,Crime Drama,42
2668,2025-05-14,S09,Toon Town,Kids,20
2668,2025-05-14,S10,Little Explorers,Kids,18
2669,2025-06-13,S08,Time Anomaly,Sci-Fi,48
2669,2025-06-13,S04,Laugh Track,Sitcom,25
2669,2025-06-13,S02,The Detective,Crime Drama,50
2669,2025-06-13,S09,Toon Town,Kids,20
2670,2025-02-13,S06,Space Frontier,Sci-Fi,55
2670,2025-02-13,S07,Galactic Wars,Sci-Fi,60
2670,2025-02-13,S08,Time Anomaly,Sci-Fi,48
2671,2025-02-07,S01,Crime City,Crime Drama,45
2671,2025-02-07,S02,The Detective,Crime Drama,50
2671,2025-02-07,S11,Real Life Diaries,Reality TV,40
2672,2025-04-15,S05,Office Antics,Sitcom,22
2672,2025-04-15,S10,Little Explorers,Kids,18
2672,2025-04-15,S12,Love Island Nairobi,Reality TV,45
2672,2025-04-15,S06,Space Frontier,Sci-Fi,55
2673,2025-03-29,S06,Space Frontier,Sci-Fi,55
2673,2025-03-29,S07,Galactic Wars,Sci-Fi,60
2673,2025-03-29,S08,Time Anomaly,Sci-Fi,48
2674,2025-04-22,S10,Little Explorers,Kids,18
2674,2025-04-22,S04,Laugh Track,Sitcom,25
2674,2025-04-22,S14,Parenting Unscripted,Reality TV,35
2674,2025-04-22,S06,Space Frontier,Sci-Fi,55
2675,2025-06-26,S06,Space Frontier,Sci-Fi,55
2675,2025-06-26,S07,Galactic Wars,Sci-Fi,60
2676,2025-03-17,S09,Toon Town,Kids,20
2676,2025-03-17,S14,Parenting Unscripted,Reality TV,35
2676,2025-03-17,S10,Little Explorers,Kids,18
2677,2025-02-26,S03,Silent Witness Redux,Crime Drama,42
2677,2025-02-26,S01,Crime City,Crime Drama,45
2677,2025-02-26,S05,Office Antics,Sitcom,22
2678,2025-01-02,S09,Toon Town,Kids,20
2678,2025-01-02,S03,Silent Witness Redux,Crime Drama,42
2679,2025-04-06,S09,Toon Town,Kids,20
2679,2025-04-06,S14,Parenting Unscripted,Reality TV,35
2680,2025-05-19,S09,Toon Town,Kids,20
2680,2025-05-19,S10,Little Explorers,Kids,18
2681,2025-01-20,S09,Toon Town,Kids,20
2681,2025-01-20,S14,Parenting Unscripted,Reality TV,35
2682,2025-02-19,S01,Crime City,Crime Drama,45
2682,2025-02-19,S13,True Crime Files,Documentary,50
2683,2025-06-09,S12,Love Island Nairobi,Reality TV,45
2683,2025-06-09,S11,Real Life Diaries,Reality TV,40
2683,2025-06-09,S13,True Crime Files,Documentary,50
2684,2025-02-09,S02,The Detective,Crime Drama,50
2685,2025-06-19,S01,Crime City,Crime Drama,45
2685,2025-06-19,S13,True Crime Files,Documentary,50
2686,2025-06-19,S04,Laugh Track,Sitcom,25
2686,2025-06-19,S05,Office Antics,Sitcom,22
2687,2025-04-19,S11,Real Life Diaries,Reality TV,40
2687,2025-04-19,S08,Time Anomaly,Sci-Fi,48
2687,2025-04-19,S12,Love Island Nairobi,Reality TV,45
2687,2025-04-19,S05,Office Antics,Sitcom,22
2688,2025-01-10,S11,Real Life Diaries,Reality TV,40
2688,2025-01-10,S04,Laugh Track,Sitcom,25
2688,2025-01-10,S14,Parenting Unscripted,Reality TV,35
2689,2025-04-28,S11,Real Life Diaries,Reality TV,40
2689,2025-04-28,S12,Love Island Nairobi,Reality TV,45
2690,2025-05-16,S09,Toon Town,Kids,20
2690,2025-05-16,S14,Parenting Unscripted,Reality TV,35
2691,2025-02-09,S13,True Crime Files,Documentary,50
2692,2025-02-25,S01,Crime City,Crime Drama,45
2692,2025-02-25,S05,Office Antics,Sitcom,22
2692,2025-02-25,S03,Silent Witness Redux,Crime Drama,42
2693,2025-03-22,S05,Office Antics,Sitcom,22
2693,2025-03-22,S13,True Crime Files,Documentary,50
2694,2025-01-31,S09,Toon Town,Kids,20
2694,2025-01-31,S14,Parenting Unscripted,Reality TV,35
2695,2025-04-24,S15,Cooking Masters,Reality TV,38
2695,2025-04-24,S07,Galactic Wars,Sci-Fi,60
2696,2025-01-04,S06,Space Frontier,Sci-Fi,55
2696,2025-01-04,S07,Galactic Wars,Sci-Fi,60
2696,2025-01-04,S12,Love Island Nairobi,Reality TV,45
2697,2025-02-06,S03,Silent Witness Redux,Crime Drama,42
2697,2025-02-06,S06,Space Frontier,Sci-Fi,55
2697,2025-02-06,S01,Crime City,Crime Drama,45
2697,2025-02-06,S05,Office Antics,Sitcom,22
2698,2025-03-13,S01,Crime City,Crime Drama,45
2698,2025-03-13,S13,True Crime Files,Documentary,50
2699,2025-04-11,S14,Parenting Unscripted,Reality TV,35
2699,2025-04-11,S06,Space Frontier,Sci-Fi,55
2700,2025-02-19,S07,Galactic Wars,Sci-Fi,60
2701,2025-02-04,S04,Laugh Track,Sitcom,25
2701,2025-02-04,S05,Office Antics,Sitcom,22
2702,2025-01-22,S07,Galactic Wars,Sci-Fi,60
2702,2025-01-22,S14,Parenting Unscripted,Reality TV,35
2702,2025-01-22,S13,True Crime Files,Documentary,50
2703,2025-02-22,S01,Crime City,Crime Drama,45
2703,2025-02-22,S07,Galactic Wars,Sci-Fi,60
2703,2025-02-22,S08,Time Anomaly,Sci-Fi,48
2703,2025-02-22,S05,Office Antics,Sitcom,22
2704,2025-01-15,S13,True Crime Files,Documentary,50
2704,2025-01-15,S07,Galactic Wars,Sci-Fi,60
2704,2025-01-15,S15,Cooking Masters,Reality TV,38
2705,2025-02-04,S13,True Crime Files,Documentary,50
2705,2025-02-04,S10,Little Explorers,Kids,18
2705,2025-02-04,S05,Office Antics,Sitcom,22
2705,2025-02-04,S11,Real Life Diaries,Reality TV,40
2706,2025-06-05,S08,Time Anomaly,Sci-Fi,48
2707,2025-02-09,S10,Little Explorers,Kids,18
2708,2025-01-28,S06,Space Frontier,Sci-Fi,55
2708,2025-01-28,S07,Galactic Wars,Sci-Fi,60
2708,2025-01-28,S08,Time Anomaly,Sci-Fi,48
2709,2025-03-02,S15,Cooking Masters,Reality TV,38
2709,2025-03-02,S04,Laugh Track,Sitcom,25
2709,2025-03-02,S05,Office Antics,Sitcom,22
2709,2025-03-02,S01,Crime City,Crime Drama,45
2710,2025-04-23,S04,Laugh Track,Sitcom,25
2710,2025-04-23,S05,Office Antics,Sitcom,22
2711,2025-01-30,S06,Space Frontier,Sci-Fi,55
2712,2025-05-29,S11,Real Life Diaries,Reality TV,40
2712,2025-05-29,S12,Love Island Nairobi,Reality TV,45
2713,2025-02-05,S09,Toon Town,Kids,20
2713,2025-02-05,S14,Parenting Unscripted,Reality TV,35
2714,2025-02-28,S07,Galactic Wars,Sci-Fi,60
2714,2025-02-28,S11,Real Life Diaries,Reality TV,40
2715,2025-04-09,S05,Office Antics,Sitcom,22
2716,2025-02-26,S01,Crime City,Crime Drama,45
2716,2025-02-26,S09,Toon Town,Kids,20
2716,2025-02-26,S03,Silent Witness Redux,Crime Drama,42
2716,2025-02-26,S14,Parenting Unscripted,Reality TV,35
2717,2025-04-30,S08,Time Anomaly,Sci-Fi,48
2718,2025-02-20,S01,Crime City,Crime Drama,45
2719,2025-02-02,S01,Crime City,Crime Drama,45
2719,2025-02-02,S02,The Detective,Crime Drama,50
2720,2025-01-05,S03,Silent Witness Redux,Crime Drama,42
2721,2025-06-22,S01,Crime City,Crime Drama,45
2721,2025-06-22,S13,True Crime Files,Documentary,50
2722,2025-01-13,S12,Love Island Nairobi,Reality TV,45
2722,2025-01-13,S07,Galactic Wars,Sci-Fi,60
2722,2025-01-13,S15,Cooking Masters,Reality TV,38
2723,2025-06-11,S11,Real Life Diaries,Reality TV,40
2723,2025-06-11,S12,Love Island Nairobi,Reality TV,45
2723,2025-06-11,S15,Cooking Masters,Reality TV,38
2724,2025-01-25,S12,Love Island Nairobi,Reality TV,45
2724,2025-01-25,S10,Little Explorers,Kids,18
2724,2025-01-25,S05,Office Antics,Sitcom,22
2724,2025-01-25,S02,The Detective,Crime Drama,50
2725,2025-04-26,S01,Crime City,Crime Drama,45
2725,2025-04-26,S02,The Detective,Crime Drama,50
2726,2025-03-25,S01,Crime City,Crime Drama,45
2726,2025-03-25,S02,The Detective,Crime Drama,50
2727,2025-02-21,S14,Parenting Unscripted,Reality TV,35
2727,2025-02-21,S02,The Detective,Crime Drama,50
2728,2025-01-31,S01,Crime City,Crime Drama,45
2728,2025-01-31,S03,Silent Witness Redux,Crime Drama,42
2729,2025-06-14,S09,Toon Town,Kids,20
2729,2025-06-14,S14,Parenting Unscripted,Reality TV,35
2730,2025-05-29,S06,Space Frontier,Sci-Fi,55
2730,2025-05-29,S07,Galactic Wars,Sci-Fi,60
2730,2025-05-29,S08,Time Anomaly,Sci-Fi,48
2731,2025-02-26,S15,Cooking Masters,Reality TV,38
2732,2025-03-09,S11,Real Life Diaries,Reality TV,40
2732,2025-03-09,S12,Love Island Nairobi,Reality TV,45
2733,2025-05-16,S06,Space Frontier,Sci-Fi,55
2733,2025-05-16,S07,Galactic Wars,Sci-Fi,60
2733,2025-05-16,S08,Time Anomaly,Sci-Fi,48
2734,2025-02-20,S01,Crime City,Crime Drama,45
2734,2025-02-20,S02,The Detective,Crime Drama,50
2734,2025-02-20,S03,Silent Witness Redux,Crime Drama,42
2735,2025-03-11,S01,Crime City,Crime Drama,45
2735,2025-03-11,S02,The Detective,Crime Drama,50
2736,2025-03-18,S09,Toon Town,Kids,20
2736,2025-03-18,S03,Silent Witness Redux,Crime Drama,42
2737,2025-06-11,S11,Real Life Diaries,Reality TV,40
2738,2025-06-09,S09,Toon Town,Kids,20
2738,2025-06-09,S07,Galactic Wars,Sci-Fi,60
2739,2025-05-03,S06,Space Frontier,Sci-Fi,55
2739,2025-05-03,S07,Galactic Wars,Sci-Fi,60
2740,2025-05-14,S01,Crime City,Crime Drama,45
2740,2025-05-14,S02,The Detective,Crime Drama,50
2741,2025-04-30,S09,Toon Town,Kids,20
2741,2025-04-30,S14,Parenting Unscripted,Reality TV,35
2742,2025-03-04,S01,Crime City,Crime Drama,45
2742,2025-03-04,S02,The Detective,Crime Drama,50
2742,2025-03-04,S03,Silent Witness Redux,Crime Drama,42
2743,2025-01-10,S09,Toon Town,Kids,20
2743,2025-01-10,S10,Little Explorers,Kids,18
2744,2025-03-05,S04,Laugh Track,Sitcom,25
2744,2025-03-05,S05,Office Antics,Sitcom,22
2745,2025-03-13,S11,Real Life Diaries,Reality TV,40
2745,2025-03-13,S08,Time Anomaly,Sci-Fi,48
2745,2025-03-13,S15,Cooking Masters,Reality TV,38
2745,2025-03-13,S02,The Detective,Crime Drama,50
2746,2025-04-23,S15,Cooking Masters,Reality TV,38
2747,2025-03-02,S13,True Crime Files,Documentary,50
2748,2025-06-24,S05,Office Antics,Sitcom,22
2748,2025-06-24,S12,Love Island Nairobi,Reality TV,45
2748,2025-06-24,S06,Space Frontier,Sci-Fi,55
2748,2025-06-24,S10,Little Explorers,Kids,18
2749,2025-03-01,S08,Time Anomaly,Sci-Fi,48
2750,2025-01-17,S04,Laugh Track,Sitcom,25
2750,2025-01-17,S05,Office Antics,Sitcom,22
2751,2025-06-26,S01,Crime City,Crime Drama,45
2751,2025-06-26,S13,True Crime Files,Documentary,50
2751,2025-06-26,S15,Cooking Masters,Reality TV,38
2752,2025-04-26,S06,Space Frontier,Sci-Fi,55
2752,2025-04-26,S07,Galactic Wars,Sci-Fi,60
2753,2025-05-05,S09,Toon Town,Kids,20
2753,2025-05-05,S10,Little Explorers,Kids,18
2754,2025-03-25,S12,Love Island Nairobi,Reality TV,45
2755,2025-04-19,S04,Laugh Track,Sitcom,25
2756,2025-03-30,S02,The Detective,Crime Drama,50
2756,2025-03-30,S09,Toon Town,Kids,20
2756,2025-03-30,S01,Crime City,Crime Drama,45
2756,2025-03-30,S14,Parenting Unscripted,Reality TV,35
2757,2025-03-11,S03,Silent Witness Redux,Crime Drama,42
2757,2025-03-11,S08,Time Anomaly,Sci-Fi,48
2757,2025-03-11,S10,Little Explorers,Kids,18
2758,2025-05-06,S01,Crime City,Crime Drama,45
2758,2025-05-06,S02,The Detective,Crime Drama,50
2759,2025-01-14,S12,Love Island Nairobi,Reality TV,45
2759,2025-01-14,S04,Laugh Track,Sitcom,25
2760,2025-03-03,S10,Little Explorers,Kids,18
2760,2025-03-03,S11,Real Life Diaries,Reality TV,40
2760,2025-03-03,S03,Silent Witness Redux,Crime Drama,42
2761,2025-04-20,S12,Love Island Nairobi,Reality TV,45
2762,2025-02-15,S09,Toon Town,Kids,20
2762,2025-02-15,S10,Little Explorers,Kids,18
2763,2025-02-21,S01,Crime City,Crime Drama,45
2763,2025-02-21,S02,The Detective,Crime Drama,50
2764,2025-06-17,S08,Time Anomaly,Sci-Fi,48
2764,2025-06-17,S09,Toon Town,Kids,20
2765,2025-01-15,S01,Crime City,Crime Drama,45
2765,2025-01-15,S13,True Crime Files,Documentary,50
2766,2025-01-26,S09,Toon Town,Kids,20
2766,2025-01-26,S14,Parenting Unscripted,Reality TV,35
2767,2025-03-26,S01,Crime City,Crime Drama,45
2767,2025-03-26,S02,The Detective,Crime Drama,50
2767,2025-03-26,S03,Silent Witness Redux,Crime Drama,42
2768,2025-04-11,S03,Silent Witness Redux,Crime Drama,42
2768,2025-04-11,S08,Time Anomaly,Sci-Fi,48
2768,2025-04-11,S07,Galactic Wars,Sci-Fi,60
2769,2025-06-30,S06,Space Frontier,Sci-Fi,55
2769,2025-06-30,S07,Galactic Wars,Sci-Fi,60
2770,2025-01-22,S11,Real Life Diaries,Reality TV,40
2770,2025-01-22,S12,Love Island Nairobi,Reality TV,45
2770,2025-01-22,S15,Cooking Masters,Reality TV,38
2771,2025-01-28,S13,True Crime Files,Documentary,50
2771,2025-01-28,S14,Parenting Unscripted,Reality TV,35
2771,2025-01-28,S03,Silent Witness Redux,Crime Drama,42
2771,2025-01-28,S04,Laugh Track,Sitcom,25
2772,2025-05-07,S04,Laugh Track,Sitcom,25
2772,2025-05-07,S05,Office Antics,Sitcom,22
2773,2025-03-30,S01,Crime City,Crime Drama,45
2773,2025-03-30,S02,The Detective,Crime Drama,50
2774,2025-04-27,S07,Galactic Wars,Sci-Fi,60
2775,2025-02-26,S09,Toon Town,Kids,20
2775,2025-02-26,S10,Little Explorers,Kids,18
2776,2025-06-26,S09,Toon Town,Kids,20
2776,2025-06-26,S14,Parenting Unscripted,Reality TV,35
2777,2025-04-08,S09,Toon Town,Kids,20
2777,2025-04-08,S06,Space Frontier,Sci-Fi,55
2778,2025-04-07,S10,Little Explorers,Kids,18
2778,2025-04-07,S04,Laugh Track,Sitcom,25
2778,2025-04-07,S07,Galactic Wars,Sci-Fi,60
2779,2025-01-09,S01,Crime City,Crime Drama,45
2779,2025-01-09,S03,Silent Witness Redux,Crime Drama,42
2779,2025-01-09,S13,True Crime Files,Documentary,50
2780,2025-01-19,S05,Office Antics,Sitcom,22
2780,2025-01-19,S09,Toon Town,Kids,20
2780,2025-01-19,S15,Cooking Masters,Reality TV,38
2780,2025-01-19,S10,Little Explorers,Kids,18
2781,2025-06-23,S05,Office Antics,Sitcom,22
2781,2025-06-23,S04,Laugh Track,Sitcom,25
2782,2025-03-24,S08,Time Anomaly,Sci-Fi,48
2782,2025-03-24,S11,Real Life Diaries,Reality TV,40
2783,2025-05-03,S14,Parenting Unscripted,Reality TV,35
2784,2025-01-29,S09,Toon Town,Kids,20
2784,2025-01-29,S14,Parenting Unscripted,Reality TV,35
2785,2025-02-24,S01,Crime City,Crime Drama,45
2785,2025-02-24,S06,Space Frontier,Sci-Fi,55
2786,2025-04-09,S09,Toon Town,Kids,20
2787,2025-01-18,S14,Parenting Unscripted,Reality TV,35
2788,2025-03-06,S05,Office Antics,Sitcom,22
2788,2025-03-06,S15,Cooking Masters,Reality TV,38
2788,2025-03-06,S08,Time Anomaly,Sci-Fi,48
2789,2025-06-13,S07,Galactic Wars,Sci-Fi,60
2790,2025-01-15,S04,Laugh Track,Sitcom,25
2790,2025-01-15,S05,Office Antics,Sitcom,22
2790,2025-01-15,S12,Love Island Nairobi,Reality TV,45
2791,2025-06-04,S11,Real Life Diaries,Reality TV,40
2791,2025-06-04,S12,Love Island Nairobi,Reality TV,45
2791,2025-06-04,S15,Cooking Masters,Reality TV,38
2792,2025-06-03,S11,Real Life Diaries,Reality TV,40
2792,2025-06-03,S12,Love Island Nairobi,Reality TV,45
2792,2025-06-03,S15,Cooking Masters,Reality TV,38
2793,2025-06-23,S03,Silent Witness Redux,Crime Drama,42
2794,2025-03-07,S10,Little Explorers,Kids,18
2794,2025-03-07,S01,Crime City,Crime Drama,45
2794,2025-03-07,S12,Love Island Nairobi,Reality TV,45
2794,2025-03-07,S06,Space Frontier,Sci-Fi,55
2795,2025-04-26,S09,Toon Town,Kids,20
2795,2025-04-26,S10,Little Explorers,Kids,18
2796,2025-03-09,S04,Laugh Track,Sitcom,25
2796,2025-03-09,S05,Office Antics,Sitcom,22
2797,2025-06-13,S11,Real Life Diaries,Reality TV,40
2797,2025-06-13,S12,Love Island Nairobi,Reality TV,45
2798,2025-04-29,S01,Crime City,Crime Drama,45
2798,2025-04-29,S12,Love Island Nairobi,Reality TV,45
2799,2025-04-21,S03,Silent Witness Redux,Crime Drama,42
2799,2025-04-21,S10,Little Explorers,Kids,18
2800,2025-04-05,S09,Toon Town,Kids,20
2800,2025-04-05,S10,Little Explorers,Kids,18
2801,2025-02-11,S04,Laugh Track,Sitcom,25
2801,2025-02-11,S05,Office Antics,Sitcom,22
2802,2025-04-26,S11,Real Life Diaries,Reality TV,40
2802,2025-04-26,S08,Time Anomaly,Sci-Fi,48
2802,2025-04-26,S14,Parenting Unscripted,Reality TV,35
2803,2025-06-27,S05,Office Antics,Sitcom,22
2804,2025-06-10,S04,Laugh Track,Sitcom,25
2804,2025-06-10,S05,Office Antics,Sitcom,22
2805,2025-04-08,S06,Space Frontier,Sci-Fi,55
2805,2025-04-08,S07,Galactic Wars,Sci-Fi,60
2806,2025-04-19,S08,Time Anomaly,Sci-Fi,48
2806,2025-04-19,S03,Silent Witness Redux,Crime Drama,42
2806,2025-04-19,S05,Office Antics,Sitcom,22
2807,2025-03-30,S09,Toon Town,Kids,20
2807,2025-03-30,S14,Parenting Unscripted,Reality TV,35
2808,2025-05-17,S14,Parenting Unscripted,Reality TV,35
2809,2025-05-18,S01,Crime City,Crime Drama,45
2809,2025-05-18,S02,The Detective,Crime Drama,50
2810,2025-03-30,S09,Toon Town,Kids,20
2810,2025-03-30,S14,Parenting Unscripted,Reality TV,35
2811,2025-05-04,S04,Laugh Track,Sitcom,25
2811,2025-05-04,S05,Office Antics,Sitcom,22
2812,2025-05-19,S09,Toon Town,Kids,20
2813,2025-03-15,S13,True Crime Files,Documentary,50
2813,2025-03-15,S12,Love Island Nairobi,Reality TV,45
2814,2025-04-07,S01,Crime City,Crime Drama,45
2814,2025-04-07,S02,The Detective,Crime Drama,50
2815,2025-02-20,S10,Little Explorers,Kids,18
2815,2025-02-20,S15,Cooking Masters,Reality TV,38
2815,2025-02-20,S09,Toon Town,Kids,20
2815,2025-02-20,S03,Silent Witness Redux,Crime Drama,42
2816,2025-03-18,S04,Laugh Track,Sitcom,25
2816,2025-03-18,S05,Office Antics,Sitcom,22
2817,2025-06-18,S03,Silent Witness Redux,Crime Drama,42
2818,2025-03-30,S01,Crime City,Crime Drama,45
2818,2025-03-30,S02,The Detective,Crime Drama,50
2818,2025-03-30,S03,Silent Witness Redux,Crime Drama,42
2818,2025-03-30,S15,Cooking Masters,Reality TV,38
2819,2025-01-13,S06,Space Frontier,Sci-Fi,55
2819,2025-01-13,S07,Galactic Wars,Sci-Fi,60
2819,2025-01-13,S08,Time Anomaly,Sci-Fi,48
2820,2025-02-16,S11,Real Life Diaries,Reality TV,40
2820,2025-02-16,S12,Love Island Nairobi,Reality TV,45
2821,2025-05-02,S05,Office Antics,Sitcom,22
2822,2025-05-01,S01,Crime City,Crime Drama,45
2822,2025-05-01,S02,The Detective,Crime Drama,50
2822,2025-05-01,S03,Silent Witness Redux,Crime Drama,42
2823,2025-05-23,S10,Little Explorers,Kids,18
2824,2025-03-30,S11,Real Life Diaries,Reality TV,40
2824,2025-03-30,S12,Love Island Nairobi,Reality TV,45
2825,2025-06-27,S06,Space Frontier,Sci-Fi,55
2825,2025-06-27,S01,Crime City,Crime Drama,45
2825,2025-06-27,S15,Cooking Masters,Reality TV,38
2826,2025-06-19,S15,Cooking Masters,Reality TV,38
2826,2025-06-19,S06,Space Frontier,Sci-Fi,55
2827,2025-06-13,S03,Silent Witness Redux,Crime Drama,42
2827,2025-06-13,S05,Office Antics,Sitcom,22
2827,2025-06-13,S14,Parenting Unscripted,Reality TV,35
2827,2025-06-13,S09,Toon Town,Kids,20
2828,2025-02-28,S01,Crime City,Crime Drama,45
2828,2025-02-28,S13,True Crime Files,Documentary,50
2829,2025-01-14,S04,Laugh Track,Sitcom,25
2829,2025-01-14,S12,Love Island Nairobi,Reality TV,45
2829,2025-01-14,S08,Time Anomaly,Sci-Fi,48
2830,2025-02-20,S11,Real Life Diaries,Reality TV,40
2830,2025-02-20,S12,Love Island Nairobi,Reality TV,45
2831,2025-02-09,S04,Laugh Track,Sitcom,25
2832,2025-05-13,S01,Crime City,Crime Drama,45
2832,2025-05-13,S02,The Detective,Crime Drama,50
2832,2025-05-13,S03,Silent Witness Redux,Crime Drama,42
2833,2025-04-13,S09,Toon Town,Kids,20
2833,2025-04-13,S14,Parenting Unscripted,Reality TV,35
2833,2025-04-13,S15,Cooking Masters,Reality TV,38
2834,2025-03-16,S06,Space Frontier,Sci-Fi,55
2834,2025-03-16,S15,Cooking Masters,Reality TV,38
2835,2025-06-09,S04,Laugh Track,Sitcom,25
2835,2025-06-09,S05,Office Antics,Sitcom,22
2836,2025-03-04,S09,Toon Town,Kids,20
2836,2025-03-04,S14,Parenting Unscripted,Reality TV,35
2837,2025-04-23,S06,Space Frontier,Sci-Fi,55
2837,2025-04-23,S05,Office Antics,Sitcom,22
2838,2025-03-29,S08,Time Anomaly,Sci-Fi,48
2838,2025-03-29,S14,Parenting Unscripted,Reality TV,35
2838,2025-03-29,S04,Laugh Track,Sitcom,25
2839,2025-02-07,S14,Parenting Unscripted,Reality TV,35
2839,2025-02-07,S08,Time Anomaly,Sci-Fi,48
2840,2025-04-05,S06,Space Frontier,Sci-Fi,55
2840,2025-04-05,S07,Galactic Wars,Sci-Fi,60
2840,2025-04-05,S08,Time Anomaly,Sci-Fi,48
2841,2025-03-11,S09,Toon Town,Kids,20
2841,2025-03-11,S14,Parenting Unscripted,Reality TV,35
2841,2025-03-11,S04,Laugh Track,Sitcom,25
2842,2025-02-01,S06,Space Frontier,Sci-Fi,55
2842,2025-02-01,S07,Galactic Wars,Sci-Fi,60
2843,2025-04-14,S09,Toon Town,Kids,20
2843,2025-04-14,S10,Little Explorers,Kids,18
2844,2025-02-06,S09,Toon Town,Kids,20
2844,2025-02-06,S14,Parenting Unscripted,Reality TV,35
2845,2025-03-01,S01,Crime City,Crime Drama,45
2845,2025-03-01,S02,The Detective,Crime Drama,50
2846,2025-05-12,S09,Toon Town,Kids,20
2846,2025-05-12,S10,Little Explorers,Kids,18
2847,2025-03-03,S01,Crime City,Crime Drama,45
2847,2025-03-03,S02,The Detective,Crime Drama,50
2847,2025-03-03,S03,Silent Witness Redux,Crime Drama,42
2848,2025-01-04,S08,Time Anomaly,Sci-Fi,48
2848,2025-01-04,S07,Galactic Wars,Sci-Fi,60
2848,2025-01-04,S10,Little Explorers,Kids,18
2849,2025-01-27,S11,Real Life Diaries,Reality TV,40
2849,2025-01-27,S12,Love Island Nairobi,Reality TV,45
2849,2025-01-27,S08,Time Anomaly,Sci-Fi,48
2850,2025-04-13,S09,Toon Town,Kids,20
2850,2025-04-13,S10,Little Explorers,Kids,18
2850,2025-04-13,S03,Silent Witness Redux,Crime Drama,42
2851,2025-04-11,S14,Parenting Unscripted,Reality TV,35
2851,2025-04-11,S03,Silent Witness Redux,Crime Drama,42
2851,2025-04-11,S09,Toon Town,Kids,20
2852,2025-05-18,S06,Space Frontier,Sci-Fi,55
2852,2025-05-18,S01,Crime City,Crime Drama,45
2853,2025-06-06,S01,Crime City,Crime Drama,45
2853,2025-06-06,S02,The Detective,Crime Drama,50
2853,2025-06-06,S04,Laugh Track,Sitcom,25
2854,2025-04-09,S06,Space Frontier,Sci-Fi,55
2854,2025-04-09,S07,Galactic Wars,Sci-Fi,60
2855,2025-03-18,S06,Space Frontier,Sci-Fi,55
2855,2025-03-18,S07,Galactic Wars,Sci-Fi,60
2856,2025-06-20,S08,Time Anomaly,Sci-Fi,48
2856,2025-06-20,S09,Toon Town,Kids,20
2856,2025-06-20,S02,The Detective,Crime Drama,50
2857,2025-04-09,S10,Little Explorers,Kids,18
2857,2025-04-09,S08,Time Anomaly,Sci-Fi,48
2857,2025-04-09,S11,Real Life Diaries,Reality TV,40
2857,2025-04-09,S02,The Detective,Crime Drama,50
2858,2025-05-20,S01,Crime City,Crime Drama,45
2858,2025-05-20,S13,True Crime Files,Documentary,50
2859,2025-01-23,S01,Crime City,Crime Drama,45
2859,2025-01-23,S15,Cooking Masters,Reality TV,38
2860,2025-02-10,S14,Parenting Unscripted,Reality TV,35
2861,2025-06-15,S01,Crime City,Crime Drama,45
2861,2025-06-15,S02,The Detective,Crime Drama,50
2861,2025-06-15,S03,Silent Witness Redux,Crime Drama,42
2862,2025-06-10,S09,Toon Town,Kids,20
2862,2025-06-10,S14,Parenting Unscripted,Reality TV,35
2863,2025-03-22,S06,Space Frontier,Sci-Fi,55
2863,2025-03-22,S07,Galactic Wars,Sci-Fi,60
2864,2025-06-28,S15,Cooking Masters,Reality TV,38
2864,2025-06-28,S12,Love Island Nairobi,Reality TV,45
2864,2025-06-28,S13,True Crime Files,Documentary,50
2864,2025-06-28,S05,Office Antics,Sitcom,22
2865,2025-06-12,S10,Little Explorers,Kids,18
2865,2025-06-12,S05,Office Antics,Sitcom,22
2865,2025-06-12,S11,Real Life Diaries,Reality TV,40
2865,2025-06-12,S08,Time Anomaly,Sci-Fi,48
2866,2025-02-27,S11,Real Life Diaries,Reality TV,40
2866,2025-02-27,S12,Love Island Nairobi,Reality TV,45
2867,2025-02-10,S01,Crime City,Crime Drama,45
2867,2025-02-10,S13,True Crime Files,Documentary,50
2868,2025-01-15,S06,Space Frontier,Sci-Fi,55
2868,2025-01-15,S07,Galactic Wars,Sci-Fi,60
2868,2025-01-15,S08,Time Anomaly,Sci-Fi,48
2869,2025-02-20,S09,Toon Town,Kids,20
2869,2025-02-20,S14,Parenting Unscripted,Reality TV,35
2869,2025-02-20,S15,Cooking Masters,Reality TV,38
2870,2025-03-03,S01,Crime City,Crime Drama,45
2870,2025-03-03,S02,The Detective,Crime Drama,50
2870,2025-03-03,S03,Silent Witness Redux,Crime Drama,42
2871,2025-02-22,S09,Toon Town,Kids,20
2871,2025-02-22,S10,Little Explorers,Kids,18
2872,2025-04-17,S06,Space Frontier,Sci-Fi,55
2872,2025-04-17,S07,Galactic Wars,Sci-Fi,60
2872,2025-04-17,S08,Time Anomaly,Sci-Fi,48
2873,2025-02-15,S11,Real Life Diaries,Reality TV,40
2873,2025-02-15,S12,Love Island Nairobi,Reality TV,45
2873,2025-02-15,S15,Cooking Masters,Reality TV,38
2874,2025-04-11,S09,Toon Town,Kids,20
2874,2025-04-11,S14,Parenting Unscripted,Reality TV,35
2875,2025-06-03,S15,Cooking Masters,Reality TV,38
2876,2025-02-26,S09,Toon Town,Kids,20
2876,2025-02-26,S14,Parenting Unscripted,Reality TV,35
2877,2025-03-26,S01,Crime City,Crime Drama,45
2877,2025-03-26,S13,True Crime Files,Documentary,50
2878,2025-06-01,S09,Toon Town,Kids,20
2878,2025-06-01,S14,Parenting Unscripted,Reality TV,35
2879,2025-04-22,S15,Cooking Masters,Reality TV,38
2879,2025-04-22,S14,Parenting Unscripted,Reality TV,35
2879,2025-04-22,S10,Little Explorers,Kids,18
2880,2025-02-28,S04,Laugh Track,Sitcom,25
2880,2025-02-28,S08,Time Anomaly,Sci-Fi,48
2880,2025-02-28,S10,Little Explorers,Kids,18
2881,2025-04-17,S01,Crime City,Crime Drama,45
2881,2025-04-17,S13,True Crime Files,Documentary,50
2882,2025-01-18,S15,Cooking Masters,Reality TV,38
2882,2025-01-18,S03,Silent Witness Redux,Crime Drama,42
2882,2025-01-18,S11,Real Life Diaries,Reality TV,40
2882,2025-01-18,S12,Love Island Nairobi,Reality TV,45
2883,2025-05-13,S04,Laugh Track,Sitcom,25
2883,2025-05-13,S05,Office Antics,Sitcom,22
2883,2025-05-13,S08,Time Anomaly,Sci-Fi,48
2884,2025-01-19,S03,Silent Witness Redux,Crime Drama,42
2885,2025-05-30,S03,Silent Witness Redux,Crime Drama,42
2885,2025-05-30,S06,Space Frontier,Sci-Fi,55
2886,2025-05-03,S11,Real Life Diaries,Reality TV,40
2887,2025-06-05,S09,Toon Town,Kids,20
2887,2025-06-05,S12,Love Island Nairobi,Reality TV,45
2888,2025-05-28,S12,Love Island Nairobi,Reality TV,45
2888,2025-05-28,S08,Time Anomaly,Sci-Fi,48
2888,2025-05-28,S07,Galactic Wars,Sci-Fi,60
2888,2025-05-28,S11,Real Life Diaries,Reality TV,40
2889,2025-05-01,S04,Laugh Track,Sitcom,25
2889,2025-05-01,S05,Office Antics,Sitcom,22
2890,2025-03-19,S05,Office Antics,Sitcom,22
2890,2025-03-19,S07,Galactic Wars,Sci-Fi,60
2890,2025-03-19,S13,True Crime Files,Documentary,50
2890,2025-03-19,S11,Real Life Diaries,Reality TV,40
2891,2025-04-17,S09,Toon Town,Kids,20
2891,2025-04-17,S10,Little Explorers,Kids,18
2892,2025-03-30,S05,Office Antics,Sitcom,22
2892,2025-03-30,S09,Toon Town,Kids,20
2892,2025-03-30,S13,True Crime Files,Documentary,50
2893,2025-03-15,S13,True Crime Files,Documentary,50
2893,2025-03-15,S04,Laugh Track,Sitcom,25
2893,2025-03-15,S09,Toon Town,Kids,20
2893,2025-03-15,S08,Time Anomaly,Sci-Fi,48
2894,2025-02-14,S13,True Crime Files,Documentary,50
2894,2025-02-14,S15,Cooking Masters,Reality TV,38
2894,2025-02-14,S07,Galactic Wars,Sci-Fi,60
2894,2025-02-14,S10,Little Explorers,Kids,18
2895,2025-06-14,S04,Laugh Track,Sitcom,25
2895,2025-06-14,S05,Office Antics,Sitcom,22
2896,2025-06-19,S06,Space Frontier,Sci-Fi,55
2896,2025-06-19,S07,Galactic Wars,Sci-Fi,60
2897,2025-06-16,S09,Toon Town,Kids,20
2897,2025-06-16,S10,Little Explorers,Kids,18
2898,2025-04-11,S09,Toon Town,Kids,20
2898,2025-04-11,S10,Little Explorers,Kids,18
2899,2025-03-31,S06,Space Frontier,Sci-Fi,55
2899,2025-03-31,S07,Galactic Wars,Sci-Fi,60
2899,2025-03-31,S08,Time Anomaly,Sci-Fi,48
2900,2025-03-16,S06,Space Frontier,Sci-Fi,55
2901,2025-01-13,S13,True Crime Files,Documentary,50
2901,2025-01-13,S15,Cooking Masters,Reality TV,38
2901,2025-01-13,S04,Laugh Track,Sitcom,25
2901,2025-01-13,S02,The Detective,Crime Drama,50
2902,2025-04-21,S04,Laugh Track,Sitcom,25
2902,2025-04-21,S05,Office Antics,Sitcom,22
2903,2025-01-06,S01,Crime City,Crime Drama,45
2903,2025-01-06,S13,True Crime Files,Documentary,50
2904,2025-02-10,S13,True Crime Files,Documentary,50
2904,2025-02-10,S11,Real Life Diaries,Reality TV,40
2904,2025-02-10,S02,The Detective,Crime Drama,50
2905,2025-02-16,S13,True Crime Files,Documentary,50
2905,2025-02-16,S12,Love Island Nairobi,Reality TV,45
2905,2025-02-16,S11,Real Life Diaries,Reality TV,40
2906,2025-01-03,S15,Cooking Masters,Reality TV,38
2906,2025-01-03,S04,Laugh Track,Sitcom,25
2907,2025-05-27,S09,Toon Town,Kids,20
2907,2025-05-27,S14,Parenting Unscripted,Reality TV,35
2908,2025-02-06,S04,Laugh Track,Sitcom,25
2908,2025-02-06,S05,Office Antics,Sitcom,22
2909,2025-05-05,S15,Cooking Masters,Reality TV,38
2909,2025-05-05,S03,Silent Witness Redux,Crime Drama,42
2910,2025-05-26,S09,Toon Town,Kids,20
2910,2025-05-26,S14,Parenting Unscripted,Reality TV,35
2911,2025-03-05,S11,Real Life Diaries,Reality TV,40
2911,2025-03-05,S12,Love Island Nairobi,Reality TV,45
2912,2025-05-26,S14,Parenting Unscripted,Reality TV,35
2912,2025-05-26,S08,Time Anomaly,Sci-Fi,48
2912,2025-05-26,S06,Space Frontier,Sci-Fi,55
2913,2025-05-08,S01,Crime City,Crime Drama,45
2913,2025-05-08,S02,The Detective,Crime Drama,50
2914,2025-01-05,S01,Crime City,Crime Drama,45
2914,2025-01-05,S06,Space Frontier,Sci-Fi,55
2915,2025-04-24,S06,Space Frontier,Sci-Fi,55
2915,2025-04-24,S07,Galactic Wars,Sci-Fi,60
2915,2025-04-24,S08,Time Anomaly,Sci-Fi,48
2916,2025-05-16,S06,Space Frontier,Sci-Fi,55
2916,2025-05-16,S07,Galactic Wars,Sci-Fi,60
2917,2025-01-10,S01,Crime City,Crime Drama,45
2918,2025-01-16,S01,Crime City,Crime Drama,45
2918,2025-01-16,S13,True Crime Files,Documentary,50
2919,2025-02-26,S07,Galactic Wars,Sci-Fi,60
2920,2025-05-11,S09,Toon Town,Kids,20
2920,2025-05-11,S14,Parenting Unscripted,Reality TV,35
2921,2025-05-09,S11,Real Life Diaries,Reality TV,40
2921,2025-05-09,S12,Love Island Nairobi,Reality TV,45
2922,2025-06-14,S04,Laugh Track,Sitcom,25
2922,2025-06-14,S05,Office Antics,Sitcom,22
2923,2025-05-24,S06,Space Frontier,Sci-Fi,55
2923,2025-05-24,S12,Love Island Nairobi,Reality TV,45
2924,2025-03-15,S09,Toon Town,Kids,20
2924,2025-03-15,S14,Parenting Unscripted,Reality TV,35
2925,2025-06-25,S06,Space Frontier,Sci-Fi,55
2925,2025-06-25,S07,Galactic Wars,Sci-Fi,60
2925,2025-06-25,S08,Time Anomaly,Sci-Fi,48
2926,2025-06-15,S04,Laugh Track,Sitcom,25
2926,2025-06-15,S05,Office Antics,Sitcom,22
2927,2025-06-01,S12,Love Island Nairobi,Reality TV,45
2927,2025-06-01,S02,The Detective,Crime Drama,50
2927,2025-06-01,S06,Space Frontier,Sci-Fi,55
2927,2025-06-01,S09,Toon Town,Kids,20
2928,2025-06-23,S01,Crime City,Crime Drama,45
2928,2025-06-23,S02,The Detective,Crime Drama,50
2928,2025-06-23,S03,Silent Witness Redux,Crime Drama,42
2929,2025-06-09,S09,Toon Town,Kids,20
2929,2025-06-09,S05,Office Antics,Sitcom,22
2929,2025-06-09,S06,Space Frontier,Sci-Fi,55
2930,2025-05-26,S05,Office Antics,Sitcom,22
2931,2025-05-11,S05,Office Antics,Sitcom,22
2931,2025-05-11,S10,Little Explorers,Kids,18
2931,2025-05-11,S14,Parenting Unscripted,Reality TV,35
2931,2025-05-11,S08,Time Anomaly,Sci-Fi,48
2932,2025-03-24,S09,Toon Town,Kids,20
2932,2025-03-24,S14,Parenting Unscripted,Reality TV,35
2932,2025-03-24,S06,Space Frontier,Sci-Fi,55
2933,2025-05-13,S08,Time Anomaly,Sci-Fi,48
2933,2025-05-13,S05,Office Antics,Sitcom,22
2934,2025-04-27,S14,Parenting Unscripted,Reality TV,35
2935,2025-04-09,S09,Toon Town,Kids,20
2935,2025-04-09,S14,Parenting Unscripted,Reality TV,35
2936,2025-01-19,S01,Crime City,Crime Drama,45
2936,2025-01-19,S02,The Detective,Crime Drama,50
2937,2025-01-17,S03,Silent Witness Redux,Crime Drama,42
2938,2025-02-20,S11,Real Life Diaries,Reality TV,40
2938,2025-02-20,S12,Love Island Nairobi,Reality TV,45
2939,2025-05-25,S08,Time Anomaly,Sci-Fi,48
2940,2025-04-27,S09,Toon Town,Kids,20
2940,2025-04-27,S14,Parenting Unscripted,Reality TV,35
2940,2025-04-27,S02,The Detective,Crime Drama,50
2941,2025-04-10,S15,Cooking Masters,Reality TV,38
2941,2025-04-10,S09,Toon Town,Kids,20
2941,2025-04-10,S11,Real Life Diaries,Reality TV,40
2941,2025-04-10,S10,Little Explorers,Kids,18
2942,2025-03-29,S01,Crime City,Crime Drama,45
2942,2025-03-29,S13,True Crime Files,Documentary,50
2943,2025-02-19,S01,Crime City,Crime Drama,45
2943,2025-02-19,S02,The Detective,Crime Drama,50
2943,2025-02-19,S03,Silent Witness Redux,Crime Drama,42
2944,2025-02-26,S04,Laugh Track,Sitcom,25
2945,2025-01-02,S06,Space Frontier,Sci-Fi,55
2945,2025-01-02,S07,Galactic Wars,Sci-Fi,60
2945,2025-01-02,S08,Time Anomaly,Sci-Fi,48
2946,2025-04-30,S09,Toon Town,Kids,20
2946,2025-04-30,S14,Parenting Unscripted,Reality TV,35
2947,2025-05-19,S13,True Crime Files,Documentary,50
2948,2025-01-12,S01,Crime City,Crime Drama,45
2948,2025-01-12,S13,True Crime Files,Documentary,50
2949,2025-05-24,S01,Crime City,Crime Drama,45
2949,2025-05-24,S02,The Detective,Crime Drama,50
2949,2025-05-24,S03,Silent Witness Redux,Crime Drama,42
2950,2025-06-12,S11,Real Life Diaries,Reality TV,40
2950,2025-06-12,S12,Love Island Nairobi,Reality TV,45
2950,2025-06-12,S15,Cooking Masters,Reality TV,38
2951,2025-03-14,S02,The Detective,Crime Drama,50
2952,2025-04-20,S09,Toon Town,Kids,20
2952,2025-04-20,S10,Little Explorers,Kids,18
2953,2025-05-10,S06,Space Frontier,Sci-Fi,55
2953,2025-05-10,S07,Galactic Wars,Sci-Fi,60
2954,2025-03-19,S13,True Crime Files,Documentary,50
2954,2025-03-19,S14,Parenting Unscripted,Reality TV,35
2954,2025-03-19,S03,Silent Witness Redux,Crime Drama,42
2955,2025-01-31,S14,Parenting Unscripted,Reality TV,35
2955,2025-01-31,S10,Little Explorers,Kids,18
2955,2025-01-31,S09,Toon Town,Kids,20
2955,2025-01-31,S07,Galactic Wars,Sci-Fi,60
2956,2025-02-24,S11,Real Life Diaries,Reality TV,40
2956,2025-02-24,S12,Love Island Nairobi,Reality TV,45
2957,2025-06-07,S15,Cooking Masters,Reality TV,38
2957,2025-06-07,S11,Real Life Diaries,Reality TV,40
2958,2025-02-02,S04,Laugh Track,Sitcom,25
2958,2025-02-02,S05,Office Antics,Sitcom,22
2959,2025-06-15,S04,Laugh Track,Sitcom,25
2959,2025-06-15,S05,Office Antics,Sitcom,22
2960,2025-06-04,S11,Real Life Diaries,Reality TV,40
2960,2025-06-04,S12,Love Island Nairobi,Reality TV,45
2961,2025-04-22,S03,Silent Witness Redux,Crime Drama,42
2961,2025-04-22,S14,Parenting Unscripted,Reality TV,35
2961,2025-04-22,S08,Time Anomaly,Sci-Fi,48
2962,2025-01-01,S06,Space Frontier,Sci-Fi,55
2962,2025-01-01,S07,Galactic Wars,Sci-Fi,60
2962,2025-01-01,S08,Time Anomaly,Sci-Fi,48
2963,2025-05-06,S01,Crime City,Crime Drama,45
2963,2025-05-06,S02,The Detective,Crime Drama,50
2964,2025-01-04,S04,Laugh Track,Sitcom,25
2964,2025-01-04,S05,Office Antics,Sitcom,22
2965,2025-01-07,S10,Little Explorers,Kids,18
2966,2025-01-26,S04,Laugh Track,Sitcom,25
2966,2025-01-26,S01,Crime City,Crime Drama,45
2966,2025-01-26,S08,Time Anomaly,Sci-Fi,48
2967,2025-05-08,S09,Toon Town,Kids,20
2967,2025-05-08,S10,Little Explorers,Kids,18
2968,2025-05-06,S06,Space Frontier,Sci-Fi,55
2968,2025-05-06,S07,Galactic Wars,Sci-Fi,60
2968,2025-05-06,S08,Time Anomaly,Sci-Fi,48
2969,2025-01-13,S13,True Crime Files,Documentary,50
2969,2025-01-13,S12,Love Island Nairobi,Reality TV,45
2969,2025-01-13,S14,Parenting Unscripted,Reality TV,35
2970,2025-06-14,S05,Office Antics,Sitcom,22
2970,2025-06-14,S13,True Crime Files,Documentary,50
2971,2025-04-18,S07,Galactic Wars,Sci-Fi,60
2971,2025-04-18,S15,Cooking Masters,Reality TV,38
2972,2025-05-24,S15,Cooking Masters,Reality TV,38
2972,2025-05-24,S03,Silent Witness Redux,Crime Drama,42
2973,2025-06-25,S14,Parenting Unscripted,Reality TV,35
2973,2025-06-25,S05,Office Antics,Sitcom,22
2973,2025-06-25,S03,Silent Witness Redux,Crime Drama,42
2974,2025-05-26,S06,Space Frontier,Sci-Fi,55
2975,2025-03-09,S09,Toon Town,Kids,20
2975,2025-03-09,S10,Little Explorers,Kids,18
2976,2025-02-28,S01,Crime City,Crime Drama,45
2976,2025-02-28,S11,Real Life Diaries,Reality TV,40
2976,2025-02-28,S10,Little Explorers,Kids,18
2976,2025-02-28,S04,Laugh Track,Sitcom,25
2977,2025-01-07,S06,Space Frontier,Sci-Fi,55
2977,2025-01-07,S07,Galactic Wars,Sci-Fi,60
2978,2025-06-05,S04,Laugh Track,Sitcom,25
2978,2025-06-05,S05,Office Antics,Sitcom,22
2979,2025-03-24,S06,Space Frontier,Sci-Fi,55
2979,2025-03-24,S07,Galactic Wars,Sci-Fi,60
2979,2025-03-24,S08,Time Anomaly,Sci-Fi,48
2980,2025-01-07,S08,Time Anomaly,Sci-Fi,48
2980,2025-01-07,S07,Galactic Wars,Sci-Fi,60
2981,2025-04-10,S07,Galactic Wars,Sci-Fi,60
2981,2025-04-10,S06,Space Frontier,Sci-Fi,55
2981,2025-04-10,S03,Silent Witness Redux,Crime Drama,42
2981,2025-04-10,S04,Laugh Track,Sitcom,25
2982,2025-04-09,S09,Toon Town,Kids,20
2982,2025-04-09,S14,Parenting Unscripted,Reality TV,35
2983,2025-03-04,S11,Real Life Diaries,Reality TV,40
2983,2025-03-04,S12,Love Island Nairobi,Reality TV,45
2983,2025-03-04,S15,Cooking Masters,Reality TV,38
2983,2025-03-04,S02,The Detective,Crime Drama,50
2984,2025-01-04,S14,Parenting Unscripted,Reality TV,35
2985,2025-06-08,S15,Cooking Masters,Reality TV,38
2985,2025-06-08,S03,Silent Witness Redux,Crime Drama,42
2985,2025-06-08,S06,Space Frontier,Sci-Fi,55
2985,2025-06-08,S10,Little Explorers,Kids,18
2986,2025-04-09,S05,Office Antics,Sitcom,22
2986,2025-04-09,S09,Toon Town,Kids,20
2986,2025-04-09,S03,Silent Witness Redux,Crime Drama,42
2987,2025-02-06,S09,Toon Town,Kids,20
2987,2025-02-06,S10,Little Explorers,Kids,18
2987,2025-02-06,S08,Time Anomaly,Sci-Fi,48
2988,2025-06-03,S11,Real Life Diaries,Reality TV,40
2988,2025-06-03,S12,Love Island Nairobi,Reality TV,45
2988,2025-06-03,S15,Cooking Masters,Reality TV,38
2989,2025-01-15,S07,Galactic Wars,Sci-Fi,60
2989,2025-01-15,S11,Real Life Diaries,Reality TV,40
2990,2025-02-04,S02,The Detective,Crime Drama,50
2991,2025-06-12,S01,Crime City,Crime Drama,45
2991,2025-06-12,S13,True Crime Files,Documentary,50
2992,2025-06-02,S06,Space Frontier,Sci-Fi,55
2992,2025-06-02,S07,Galactic Wars,Sci-Fi,60
2992,2025-06-02,S08,Time Anomaly,Sci-Fi,48
2993,2025-01-03,S04,Laugh Track,Sitcom,25
2993,2025-01-03,S05,Office Antics,Sitcom,22
2993,2025-01-03,S15,Cooking Masters,Reality TV,38
2994,2025-01-01,S01,Crime City,Crime Drama,45
2994,2025-01-01,S13,True Crime Files,Documentary,50
2995,2025-01-12,S06,Space Frontier,Sci-Fi,55
2995,2025-01-12,S07,Galactic Wars,Sci-Fi,60
2996,2025-04-30,S11,Real Life Diaries,Reality TV,40
2996,2025-04-30,S12,Love Island Nairobi,Reality TV,45
2996,2025-04-30,S15,Cooking Masters,Reality TV,38
2997,2025-03-13,S01,Crime City,Crime Drama,45
2997,2025-03-13,S13,True Crime Files,Documentary,50
2998,2025-03-28,S07,Galactic Wars,Sci-Fi,60
2999,2025-02-08,S12,Love Island Nairobi,Reality TV,45
2999,2025-02-08,S13,True Crime Files,Documentary,50
3000,2025-02-06,S14,Parenting Unscripted,Reality TV,35
3001,2025-04-10,S12,Love Island Nairobi,Reality TV,45
3001,2025-04-10,S07,Galactic Wars,Sci-Fi,60
3002,2025-06-07,S09,Toon Town,Kids,20
3002,2025-06-07,S14,Parenting Unscripted,Reality TV,35
3003,2025-05-23,S06,Space Frontier,Sci-Fi,55
3003,2025-05-23,S07,Galactic Wars,Sci-Fi,60
3003,2025-05-23,S08,Time Anomaly,Sci-Fi,48
3004,2025-05-24,S07,Galactic Wars,Sci-Fi,60
3004,2025-05-24,S04,Laugh Track,Sitcom,25
3004,2025-05-24,S08,Time Anomaly,Sci-Fi,48
3004,2025-05-24,S10,Little Explorers,Kids,18
3005,2025-04-05,S15,Cooking Masters,Reality TV,38
3005,2025-04-05,S09,Toon Town,Kids,20
3006,2025-06-22,S06,Space Frontier,Sci-Fi,55
3006,2025-06-22,S07,Galactic Wars,Sci-Fi,60
3007,2025-01-25,S03,Silent Witness Redux,Crime Drama,42
3007,2025-01-25,S07,Galactic Wars,Sci-Fi,60
3008,2025-01-06,S06,Space Frontier,Sci-Fi,55
3008,2025-01-06,S10,Little Explorers,Kids,18
3008,2025-01-06,S09,Toon Town,Kids,20
3009,2025-02-01,S07,Galactic Wars,Sci-Fi,60
3010,2025-05-08,S09,Toon Town,Kids,20
3010,2025-05-08,S14,Parenting Unscripted,Reality TV,35
3011,2025-06-13,S01,Crime City,Crime Drama,45
3011,2025-06-13,S02,The Detective,Crime Drama,50
3011,2025-06-13,S03,Silent Witness Redux,Crime Drama,42
3012,2025-03-02,S05,Office Antics,Sitcom,22
3013,2025-05-24,S04,Laugh Track,Sitcom,25
3013,2025-05-24,S11,Real Life Diaries,Reality TV,40
3013,2025-05-24,S14,Parenting Unscripted,Reality TV,35
3013,2025-05-24,S03,Silent Witness Redux,Crime Drama,42
3014,2025-05-27,S02,The Detective,Crime Drama,50
3014,2025-05-27,S08,Time Anomaly,Sci-Fi,48
3015,2025-03-29,S07,Galactic Wars,Sci-Fi,60
3015,2025-03-29,S08,Time Anomaly,Sci-Fi,48
3015,2025-03-29,S03,Silent Witness Redux,Crime Drama,42
3015,2025-03-29,S14,Parenting Unscripted,Reality TV,35
3016,2025-06-18,S11,Real Life Diaries,Reality TV,40
3016,2025-06-18,S12,Love Island Nairobi,Reality TV,45
3017,2025-05-27,S11,Real Life Diaries,Reality TV,40
3017,2025-05-27,S12,Love Island Nairobi,Reality TV,45
3018,2025-01-16,S11,Real Life Diaries,Reality TV,40
3018,2025-01-16,S12,Love Island Nairobi,Reality TV,45
3019,2025-04-27,S04,Laugh Track,Sitcom,25
3019,2025-04-27,S05,Office Antics,Sitcom,22
3020,2025-05-11,S02,The Detective,Crime Drama,50
3020,2025-05-11,S15,Cooking Masters,Reality TV,38
3020,2025-05-11,S03,Silent Witness Redux,Crime Drama,42
3021,2025-03-06,S09,Toon Town,Kids,20
3021,2025-03-06,S14,Parenting Unscripted,Reality TV,35
3022,2025-01-14,S06,Space Frontier,Sci-Fi,55
3022,2025-01-14,S07,Galactic Wars,Sci-Fi,60
3023,2025-01-30,S13,True Crime Files,Documentary,50
3023,2025-01-30,S09,Toon Town,Kids,20
3023,2025-01-30,S06,Space Frontier,Sci-Fi,55
3024,2025-01-08,S09,Toon Town,Kids,20
3024,2025-01-08,S10,Little Explorers,Kids,18
3025,2025-05-19,S09,Toon Town,Kids,20
3025,2025-05-19,S14,Parenting Unscripted,Reality TV,35
3025,2025-05-19,S08,Time Anomaly,Sci-Fi,48
3026,2025-03-21,S09,Toon Town,Kids,20
3026,2025-03-21,S14,Parenting Unscripted,Reality TV,35
3026,2025-03-21,S04,Laugh Track,Sitcom,25
3027,2025-06-28,S01,Crime City,Crime Drama,45
3027,2025-06-28,S02,The Detective,Crime Drama,50
3027,2025-06-28,S03,Silent Witness Redux,Crime Drama,42
3028,2025-06-08,S07,Galactic Wars,Sci-Fi,60
3028,2025-06-08,S04,Laugh Track,Sitcom,25
3028,2025-06-08,S03,Silent Witness Redux,Crime Drama,42
3028,2025-06-08,S08,Time Anomaly,Sci-Fi,48
3029,2025-06-10,S09,Toon Town,Kids,20
3029,2025-06-10,S14,Parenting Unscripted,Reality TV,35
3029,2025-06-10,S06,Space Frontier,Sci-Fi,55
3030,2025-05-02,S06,Space Frontier,Sci-Fi,55
3030,2025-05-02,S10,Little Explorers,Kids,18
3031,2025-06-11,S09,Toon Town,Kids,20
3031,2025-06-11,S14,Parenting Unscripted,Reality TV,35
3032,2025-04-12,S06,Space Frontier,Sci-Fi,55
3033,2025-05-30,S12,Love Island Nairobi,Reality TV,45
3034,2025-04-29,S04,Laugh Track,Sitcom,25
3034,2025-04-29,S05,Office Antics,Sitcom,22
3035,2025-03-06,S15,Cooking Masters,Reality TV,38
3035,2025-03-06,S05,Office Antics,Sitcom,22
3035,2025-03-06,S01,Crime City,Crime Drama,45
3035,2025-03-06,S11,Real Life Diaries,Reality TV,40
3036,2025-04-30,S11,Real Life Diaries,Reality TV,40
3036,2025-04-30,S12,Love Island Nairobi,Reality TV,45
3037,2025-06-12,S09,Toon Town,Kids,20
3037,2025-06-12,S10,Little Explorers,Kids,18
3038,2025-06-28,S03,Silent Witness Redux,Crime Drama,42
3038,2025-06-28,S09,Toon Town,Kids,20
3038,2025-06-28,S08,Time Anomaly,Sci-Fi,48
3038,2025-06-28,S13,True Crime Files,Documentary,50
3039,2025-04-01,S04,Laugh Track,Sitcom,25
3039,2025-04-01,S05,Office Antics,Sitcom,22
3040,2025-05-20,S06,Space Frontier,Sci-Fi,55
3040,2025-05-20,S07,Galactic Wars,Sci-Fi,60
3041,2025-02-25,S02,The Detective,Crime Drama,50
3042,2025-05-30,S08,Time Anomaly,Sci-Fi,48
3043,2025-05-15,S06,Space Frontier,Sci-Fi,55
3043,2025-05-15,S07,Galactic Wars,Sci-Fi,60
3044,2025-04-01,S06,Space Frontier,Sci-Fi,55
3044,2025-04-01,S07,Galactic Wars,Sci-Fi,60
3045,2025-05-13,S12,Love Island Nairobi,Reality TV,45
3045,2025-05-13,S03,Silent Witness Redux,Crime Drama,42
3046,2025-05-31,S11,Real Life Diaries,Reality TV,40
3046,2025-05-31,S04,Laugh Track,Sitcom,25
3046,2025-05-31,S14,Parenting Unscripted,Reality TV,35
3046,2025-05-31,S15,Cooking Masters,Reality TV,38
3047,2025-05-20,S07,Galactic Wars,Sci-Fi,60
3048,2025-01-24,S11,Real Life Diaries,Reality TV,40
3048,2025-01-24,S12,Love Island Nairobi,Reality TV,45
3049,2025-06-10,S14,Parenting Unscripted,Reality TV,35
3050,2025-03-22,S01,Crime City,Crime Drama,45
3050,2025-03-22,S02,The Detective,Crime Drama,50
3050,2025-03-22,S03,Silent Witness Redux,Crime Drama,42
3050,2025-03-22,S11,Real Life Diaries,Reality TV,40
3051,2025-03-15,S06,Space Frontier,Sci-Fi,55
3051,2025-03-15,S07,Galactic Wars,Sci-Fi,60
3052,2025-04-30,S03,Silent Witness Redux,Crime Drama,42
3052,2025-04-30,S13,True Crime Files,Documentary,50
3052,2025-04-30,S02,The Detective,Crime Drama,50
3052,2025-04-30,S06,Space Frontier,Sci-Fi,55
3053,2025-01-10,S09,Toon Town,Kids,20
3053,2025-01-10,S10,Little Explorers,Kids,18
3054,2025-02-04,S01,Crime City,Crime Drama,45
3054,2025-02-04,S13,True Crime Files,Documentary,50
3055,2025-04-03,S13,True Crime Files,Documentary,50
3055,2025-04-03,S04,Laugh Track,Sitcom,25
3056,2025-01-05,S01,Crime City,Crime Drama,45
3056,2025-01-05,S13,True Crime Files,Documentary,50
3056,2025-01-05,S10,Little Explorers,Kids,18
3057,2025-04-26,S08,Time Anomaly,Sci-Fi,48
3057,2025-04-26,S06,Space Frontier,Sci-Fi,55
3057,2025-04-26,S12,Love Island Nairobi,Reality TV,45
3057,2025-04-26,S09,Toon Town,Kids,20
3058,2025-04-21,S01,Crime City,Crime Drama,45
3058,2025-04-21,S02,The Detective,Crime Drama,50
3058,2025-04-21,S03,Silent Witness Redux,Crime Drama,42
3059,2025-03-31,S01,Crime City,Crime Drama,45
3059,2025-03-31,S02,The Detective,Crime Drama,50
3059,2025-03-31,S03,Silent Witness Redux,Crime Drama,42
3060,2025-03-12,S01,Crime City,Crime Drama,45
3060,2025-03-12,S02,The Detective,Crime Drama,50
3061,2025-05-06,S11,Real Life Diaries,Reality TV,40
3061,2025-05-06,S12,Love Island Nairobi,Reality TV,45
3061,2025-05-06,S03,Silent Witness Redux,Crime Drama,42
3062,2025-04-29,S01,Crime City,Crime Drama,45
3062,2025-04-29,S02,The Detective,Crime Drama,50
3063,2025-02-18,S09,Toon Town,Kids,20
3063,2025-02-18,S14,Parenting Unscripted,Reality TV,35
3064,2025-05-01,S09,Toon Town,Kids,20
3064,2025-05-01,S14,Parenting Unscripted,Reality TV,35
3064,2025-05-01,S06,Space Frontier,Sci-Fi,55
3065,2025-06-08,S04,Laugh Track,Sitcom,25
3065,2025-06-08,S07,Galactic Wars,Sci-Fi,60
3065,2025-06-08,S01,Crime City,Crime Drama,45
3066,2025-02-03,S09,Toon Town,Kids,20
3066,2025-02-03,S10,Little Explorers,Kids,18
3067,2025-06-12,S14,Parenting Unscripted,Reality TV,35
3067,2025-06-12,S05,Office Antics,Sitcom,22
3068,2025-05-24,S11,Real Life Diaries,Reality TV,40
3069,2025-05-11,S04,Laugh Track,Sitcom,25
3069,2025-05-11,S05,Office Antics,Sitcom,22
3070,2025-04-13,S08,Time Anomaly,Sci-Fi,48
3070,2025-04-13,S03,Silent Witness Redux,Crime Drama,42
3070,2025-04-13,S13,True Crime Files,Documentary,50
3070,2025-04-13,S07,Galactic Wars,Sci-Fi,60
3071,2025-06-15,S09,Toon Town,Kids,20
3071,2025-06-15,S10,Little Explorers,Kids,18
3072,2025-02-18,S04,Laugh Track,Sitcom,25
3072,2025-02-18,S05,Office Antics,Sitcom,22
3073,2025-06-23,S01,Crime City,Crime Drama,45
3073,2025-06-23,S13,True Crime Files,Documentary,50
3074,2025-05-14,S04,Laugh Track,Sitcom,25
3074,2025-05-14,S05,Office Antics,Sitcom,22
3075,2025-02-10,S06,Space Frontier,Sci-Fi,55
3075,2025-02-10,S07,Galactic Wars,Sci-Fi,60
3075,2025-02-10,S08,Time Anomaly,Sci-Fi,48
3076,2025-06-30,S02,The Detective,Crime Drama,50
3076,2025-06-30,S12,Love Island Nairobi,Reality TV,45
3077,2025-01-08,S04,Laugh Track,Sitcom,25
3077,2025-01-08,S05,Office Antics,Sitcom,22
3078,2025-02-17,S14,Parenting Unscripted,Reality TV,35
3079,2025-06-30,S04,Laugh Track,Sitcom,25
3079,2025-06-30,S05,Office Antics,Sitcom,22
3080,2025-03-13,S09,Toon Town,Kids,20
3080,2025-03-13,S08,Time Anomaly,Sci-Fi,48
3081,2025-03-15,S01,Crime City,Crime Drama,45
3081,2025-03-15,S02,The Detective,Crime Drama,50
3082,2025-04-02,S01,Crime City,Crime Drama,45
3082,2025-04-02,S02,The Detective,Crime Drama,50
3083,2025-04-16,S03,Silent Witness Redux,Crime Drama,42
3084,2025-05-04,S04,Laugh Track,Sitcom,25
3084,2025-05-04,S05,Office Antics,Sitcom,22
3084,2025-05-04,S10,Little Explorers,Kids,18
3085,2025-06-20,S01,Crime City,Crime Drama,45
3085,2025-06-20,S02,The Detective,Crime Drama,50
3085,2025-06-20,S03,Silent Witness Redux,Crime Drama,42
3086,2025-06-12,S01,Crime City,Crime Drama,45
3086,2025-06-12,S02,The Detective,Crime Drama,50
3087,2025-01-02,S02,The Detective,Crime Drama,50
3087,2025-01-02,S15,Cooking Masters,Reality TV,38
3087,2025-01-02,S12,Love Island Nairobi,Reality TV,45
3088,2025-04-12,S09,Toon Town,Kids,20
3088,2025-04-12,S10,Little Explorers,Kids,18
3089,2025-06-20,S06,Space Frontier,Sci-Fi,55
3089,2025-06-20,S07,Galactic Wars,Sci-Fi,60
3089,2025-06-20,S08,Time Anomaly,Sci-Fi,48
3090,2025-04-23,S15,Cooking Masters,Reality TV,38
3091,2025-04-30,S01,Crime City,Crime Drama,45
3091,2025-04-30,S02,The Detective,Crime Drama,50
3091,2025-04-30,S03,Silent Witness Redux,Crime Drama,42
3092,2025-03-04,S01,Crime City,Crime Drama,45
3092,2025-03-04,S13,True Crime Files,Documentary,50
3093,2025-04-07,S09,Toon Town,Kids,20
3094,2025-02-01,S06,Space Frontier,Sci-Fi,55
3094,2025-02-01,S09,Toon Town,Kids,20
3094,2025-02-01,S13,True Crime Files,Documentary,50
3095,2025-03-28,S11,Real Life Diaries,Reality TV,40
3095,2025-03-28,S12,Love Island Nairobi,Reality TV,45
3096,2025-05-11,S01,Crime City,Crime Drama,45
3096,2025-05-11,S02,The Detective,Crime Drama,50
3096,2025-05-11,S03,Silent Witness Redux,Crime Drama,42
3097,2025-05-25,S09,Toon Town,Kids,20
3097,2025-05-25,S14,Parenting Unscripted,Reality TV,35
3098,2025-06-05,S04,Laugh Track,Sitcom,25
3098,2025-06-05,S05,Office Antics,Sitcom,22
3099,2025-05-02,S09,Toon Town,Kids,20
3099,2025-05-02,S10,Little Explorers,Kids,18
3100,2025-02-21,S11,Real Life Diaries,Reality TV,40
3100,2025-02-21,S12,Love Island Nairobi,Reality TV,45
3101,2025-06-18,S08,Time Anomaly,Sci-Fi,48
3101,2025-06-18,S04,Laugh Track,Sitcom,25
3101,2025-06-18,S15,Cooking Masters,Reality TV,38
3102,2025-02-14,S01,Crime City,Crime Drama,45
3102,2025-02-14,S13,True Crime Files,Documentary,50
3103,2025-03-26,S11,Real Life Diaries,Reality TV,40
3103,2025-03-26,S10,Little Explorers,Kids,18
3103,2025-03-26,S08,Time Anomaly,Sci-Fi,48
3104,2025-06-01,S06,Space Frontier,Sci-Fi,55
3104,2025-06-01,S07,Galactic Wars,Sci-Fi,60
3105,2025-02-23,S06,Space Frontier,Sci-Fi,55
3105,2025-02-23,S07,Galactic Wars,Sci-Fi,60
3105,2025-02-23,S08,Time Anomaly,Sci-Fi,48
3106,2025-02-06,S11,Real Life Diaries,Reality TV,40
3106,2025-02-06,S12,Love Island Nairobi,Reality TV,45
3106,2025-02-06,S15,Cooking Masters,Reality TV,38
3106,2025-02-06,S08,Time Anomaly,Sci-Fi,48
3107,2025-06-18,S01,Crime City,Crime Drama,45
3107,2025-06-18,S08,Time Anomaly,Sci-Fi,48
3108,2025-03-29,S05,Office Antics,Sitcom,22
3108,2025-03-29,S01,Crime City,Crime Drama,45
3108,2025-03-29,S08,Time Anomaly,Sci-Fi,48
3108,2025-03-29,S15,Cooking Masters,Reality TV,38
3109,2025-03-05,S10,Little Explorers,Kids,18
3109,2025-03-05,S09,Toon Town,Kids,20
3110,2025-04-27,S06,Space Frontier,Sci-Fi,55
3111,2025-04-03,S09,Toon Town,Kids,20
3111,2025-04-03,S12,Love Island Nairobi,Reality TV,45
3111,2025-04-03,S06,Space Frontier,Sci-Fi,55
3112,2025-03-18,S05,Office Antics,Sitcom,22
3112,2025-03-18,S01,Crime City,Crime Drama,45
3112,2025-03-18,S02,The Detective,Crime Drama,50
3112,2025-03-18,S14,Parenting Unscripted,Reality TV,35
3113,2025-01-01,S08,Time Anomaly,Sci-Fi,48
3114,2025-04-04,S01,Crime City,Crime Drama,45
3114,2025-04-04,S12,Love Island Nairobi,Reality TV,45
3115,2025-06-09,S13,True Crime Files,Documentary,50
3116,2025-02-20,S01,Crime City,Crime Drama,45
3116,2025-02-20,S13,True Crime Files,Documentary,50
3117,2025-02-07,S01,Crime City,Crime Drama,45
3117,2025-02-07,S13,True Crime Files,Documentary,50
3117,2025-02-07,S15,Cooking Masters,Reality TV,38
3117,2025-02-07,S12,Love Island Nairobi,Reality TV,45
3118,2025-03-17,S07,Galactic Wars,Sci-Fi,60
3119,2025-02-17,S01,Crime City,Crime Drama,45
3119,2025-02-17,S02,The Detective,Crime Drama,50
3119,2025-02-17,S03,Silent Witness Redux,Crime Drama,42
3120,2025-04-03,S01,Crime City,Crime Drama,45
3120,2025-04-03,S13,True Crime Files,Documentary,50
3121,2025-03-01,S12,Love Island Nairobi,Reality TV,45
3121,2025-03-01,S07,Galactic Wars,Sci-Fi,60
3121,2025-03-01,S08,Time Anomaly,Sci-Fi,48
3121,2025-03-01,S10,Little Explorers,Kids,18
3122,2025-05-20,S13,True Crime Files,Documentary,50
3122,2025-05-20,S09,Toon Town,Kids,20
3123,2025-01-06,S04,Laugh Track,Sitcom,25
3124,2025-06-10,S13,True Crime Files,Documentary,50
3125,2025-02-03,S01,Crime City,Crime Drama,45
3125,2025-02-03,S13,True Crime Files,Documentary,50
3126,2025-06-17,S04,Laugh Track,Sitcom,25
3126,2025-06-17,S05,Office Antics,Sitcom,22
3127,2025-06-21,S10,Little Explorers,Kids,18
3127,2025-06-21,S01,Crime City,Crime Drama,45
3128,2025-02-10,S03,Silent Witness Redux,Crime Drama,42
3128,2025-02-10,S13,True Crime Files,Documentary,50
3129,2025-04-09,S06,Space Frontier,Sci-Fi,55
3129,2025-04-09,S07,Galactic Wars,Sci-Fi,60
3130,2025-05-01,S08,Time Anomaly,Sci-Fi,48
3130,2025-05-01,S06,Space Frontier,Sci-Fi,55
3130,2025-05-01,S14,Parenting Unscripted,Reality TV,35
3131,2025-03-11,S01,Crime City,Crime Drama,45
3131,2025-03-11,S13,True Crime Files,Documentary,50
3132,2025-04-26,S11,Real Life Diaries,Reality TV,40
3132,2025-04-26,S12,Love Island Nairobi,Reality TV,45
3133,2025-06-26,S01,Crime City,Crime Drama,45
3133,2025-06-26,S13,True Crime Files,Documentary,50
3134,2025-01-25,S04,Laugh Track,Sitcom,25
3134,2025-01-25,S05,Office Antics,Sitcom,22
3135,2025-01-10,S09,Toon Town,Kids,20
3135,2025-01-10,S03,Silent Witness Redux,Crime Drama,42
3136,2025-06-28,S02,The Detective,Crime Drama,50
3136,2025-06-28,S12,Love Island Nairobi,Reality TV,45
3137,2025-02-17,S15,Cooking Masters,Reality TV,38
3138,2025-01-26,S05,Office Antics,Sitcom,22
3139,2025-05-01,S01,Crime City,Crime Drama,45
3139,2025-05-01,S07,Galactic Wars,Sci-Fi,60
3140,2025-01-30,S13,True Crime Files,Documentary,50
3140,2025-01-30,S08,Time Anomaly,Sci-Fi,48
3140,2025-01-30,S02,The Detective,Crime Drama,50
3140,2025-01-30,S09,Toon Town,Kids,20
3141,2025-01-10,S05,Office Antics,Sitcom,22
3142,2025-01-11,S09,Toon Town,Kids,20
3142,2025-01-11,S10,Little Explorers,Kids,18
3143,2025-06-14,S04,Laugh Track,Sitcom,25
3143,2025-06-14,S08,Time Anomaly,Sci-Fi,48
3144,2025-05-03,S06,Space Frontier,Sci-Fi,55
3144,2025-05-03,S07,Galactic Wars,Sci-Fi,60
3144,2025-05-03,S08,Time Anomaly,Sci-Fi,48
3145,2025-04-30,S09,Toon Town,Kids,20
3145,2025-04-30,S14,Parenting Unscripted,Reality TV,35
3146,2025-06-29,S01,Crime City,Crime Drama,45
3146,2025-06-29,S13,True Crime Files,Documentary,50
3147,2025-02-25,S09,Toon Town,Kids,20
3147,2025-02-25,S10,Little Explorers,Kids,18
3148,2025-02-28,S13,True Crime Files,Documentary,50
3148,2025-02-28,S11,Real Life Diaries,Reality TV,40
3149,2025-05-30,S01,Crime City,Crime Drama,45
3149,2025-05-30,S13,True Crime Files,Documentary,50
3150,2025-05-11,S04,Laugh Track,Sitcom,25
3150,2025-05-11,S05,Office Antics,Sitcom,22
3151,2025-03-31,S04,Laugh Track,Sitcom,25
3151,2025-03-31,S05,Office Antics,Sitcom,22
3152,2025-01-19,S01,Crime City,Crime Drama,45
3152,2025-01-19,S13,True Crime Files,Documentary,50
3152,2025-01-19,S04,Laugh Track,Sitcom,25
3153,2025-05-01,S09,Toon Town,Kids,20
3153,2025-05-01,S10,Little Explorers,Kids,18
3154,2025-03-27,S01,Crime City,Crime Drama,45
3154,2025-03-27,S02,The Detective,Crime Drama,50
3155,2025-01-27,S14,Parenting Unscripted,Reality TV,35
3155,2025-01-27,S08,Time Anomaly,Sci-Fi,48
3155,2025-01-27,S12,Love Island Nairobi,Reality TV,45
3156,2025-01-05,S11,Real Life Diaries,Reality TV,40
3156,2025-01-05,S12,Love Island Nairobi,Reality TV,45
3156,2025-01-05,S15,Cooking Masters,Reality TV,38
3157,2025-05-21,S02,The Detective,Crime Drama,50
3157,2025-05-21,S13,True Crime Files,Documentary,50
3158,2025-06-30,S01,Crime City,Crime Drama,45
3158,2025-06-30,S13,True Crime Files,Documentary,50
3159,2025-04-29,S04,Laugh Track,Sitcom,25
3159,2025-04-29,S05,Office Antics,Sitcom,22
3160,2025-03-27,S09,Toon Town,Kids,20
3160,2025-03-27,S14,Parenting Unscripted,Reality TV,35
3161,2025-06-16,S05,Office Antics,Sitcom,22
3161,2025-06-16,S04,Laugh Track,Sitcom,25
3162,2025-05-24,S09,Toon Town,Kids,20
3162,2025-05-24,S14,Parenting Unscripted,Reality TV,35
3163,2025-06-26,S03,Silent Witness Redux,Crime Drama,42
3163,2025-06-26,S10,Little Explorers,Kids,18
3163,2025-06-26,S13,True Crime Files,Documentary,50
3163,2025-06-26,S04,Laugh Track,Sitcom,25
3164,2025-01-02,S15,Cooking Masters,Reality TV,38
3165,2025-04-23,S11,Real Life Diaries,Reality TV,40
3165,2025-04-23,S05,Office Antics,Sitcom,22
3166,2025-06-28,S06,Space Frontier,Sci-Fi,55
3166,2025-06-28,S07,Galactic Wars,Sci-Fi,60
3167,2025-04-17,S13,True Crime Files,Documentary,50
3167,2025-04-17,S02,The Detective,Crime Drama,50
3167,2025-04-17,S06,Space Frontier,Sci-Fi,55
3167,2025-04-17,S01,Crime City,Crime Drama,45
3168,2025-02-08,S01,Crime City,Crime Drama,45
3169,2025-04-12,S10,Little Explorers,Kids,18
3169,2025-04-12,S15,Cooking Masters,Reality TV,38
3170,2025-03-27,S09,Toon Town,Kids,20
3170,2025-03-27,S10,Little Explorers,Kids,18
3171,2025-05-24,S01,Crime City,Crime Drama,45
3171,2025-05-24,S13,True Crime Files,Documentary,50
3172,2025-05-17,S01,Crime City,Crime Drama,45
3172,2025-05-17,S05,Office Antics,Sitcom,22
3172,2025-05-17,S04,Laugh Track,Sitcom,25
3172,2025-05-17,S10,Little Explorers,Kids,18
3173,2025-04-26,S01,Crime City,Crime Drama,45
3173,2025-04-26,S02,The Detective,Crime Drama,50
3174,2025-01-18,S06,Space Frontier,Sci-Fi,55
3175,2025-04-09,S01,Crime City,Crime Drama,45
3175,2025-04-09,S10,Little Explorers,Kids,18
3175,2025-04-09,S13,True Crime Files,Documentary,50
3176,2025-06-27,S06,Space Frontier,Sci-Fi,55
3176,2025-06-27,S07,Galactic Wars,Sci-Fi,60
3177,2025-01-31,S07,Galactic Wars,Sci-Fi,60
3178,2025-05-31,S14,Parenting Unscripted,Reality TV,35
3179,2025-06-25,S11,Real Life Diaries,Reality TV,40
3179,2025-06-25,S12,Love Island Nairobi,Reality TV,45
3180,2025-05-27,S01,Crime City,Crime Drama,45
3180,2025-05-27,S13,True Crime Files,Documentary,50
3181,2025-02-27,S11,Real Life Diaries,Reality TV,40
3181,2025-02-27,S12,Love Island Nairobi,Reality TV,45
3181,2025-02-27,S15,Cooking Masters,Reality TV,38
3182,2025-02-27,S11,Real Life Diaries,Reality TV,40
3183,2025-05-19,S01,Crime City,Crime Drama,45
3183,2025-05-19,S05,Office Antics,Sitcom,22
3184,2025-01-27,S10,Little Explorers,Kids,18
3184,2025-01-27,S03,Silent Witness Redux,Crime Drama,42
3184,2025-01-27,S15,Cooking Masters,Reality TV,38
3185,2025-01-11,S01,Crime City,Crime Drama,45
3185,2025-01-11,S02,The Detective,Crime Drama,50
3186,2025-02-03,S04,Laugh Track,Sitcom,25
3186,2025-02-03,S05,Office Antics,Sitcom,22
3187,2025-01-13,S11,Real Life Diaries,Reality TV,40
3187,2025-01-13,S12,Love Island Nairobi,Reality TV,45
3188,2025-05-11,S09,Toon Town,Kids,20
3188,2025-05-11,S14,Parenting Unscripted,Reality TV,35
3189,2025-03-14,S04,Laugh Track,Sitcom,25
3189,2025-03-14,S05,Office Antics,Sitcom,22
3190,2025-04-18,S05,Office Antics,Sitcom,22
3190,2025-04-18,S01,Crime City,Crime Drama,45
3190,2025-04-18,S13,True Crime Files,Documentary,50
3190,2025-04-18,S06,Space Frontier,Sci-Fi,55
3191,2025-04-16,S04,Laugh Track,Sitcom,25
3191,2025-04-16,S05,Office Antics,Sitcom,22
3192,2025-02-28,S01,Crime City,Crime Drama,45
3192,2025-02-28,S13,True Crime Files,Documentary,50
3193,2025-06-21,S11,Real Life Diaries,Reality TV,40
3193,2025-06-21,S12,Love Island Nairobi,Reality TV,45
3194,2025-03-04,S10,Little Explorers,Kids,18
3195,2025-05-15,S06,Space Frontier,Sci-Fi,55
3195,2025-05-15,S07,Galactic Wars,Sci-Fi,60
3196,2025-06-26,S05,Office Antics,Sitcom,22
3196,2025-06-26,S09,Toon Town,Kids,20
3196,2025-06-26,S11,Real Life Diaries,Reality TV,40
3196,2025-06-26,S14,Parenting Unscripted,Reality TV,35
3197,2025-05-21,S01,Crime City,Crime Drama,45
3197,2025-05-21,S13,True Crime Files,Documentary,50
3198,2025-01-18,S12,Love Island Nairobi,Reality TV,45
3198,2025-01-18,S03,Silent Witness Redux,Crime Drama,42
3199,2025-01-10,S09,Toon Town,Kids,20
3199,2025-01-10,S10,Little Explorers,Kids,18
3200,2025-05-03,S08,Time Anomaly,Sci-Fi,48
3200,2025-05-03,S12,Love Island Nairobi,Reality TV,45
3200,2025-05-03,S05,Office Antics,Sitcom,22
3200,2025-05-03,S06,Space Frontier,Sci-Fi,55
3201,2025-03-02,S04,Laugh Track,Sitcom,25
3201,2025-03-02,S05,Office Antics,Sitcom,22
3202,2025-03-18,S11,Real Life Diaries,Reality TV,40
3202,2025-03-18,S12,Love Island Nairobi,Reality TV,45
3202,2025-03-18,S15,Cooking Masters,Reality TV,38
3203,2025-06-29,S06,Space Frontier,Sci-Fi,55
3203,2025-06-29,S07,Galactic Wars,Sci-Fi,60
3204,2025-03-01,S14,Parenting Unscripted,Reality TV,35
3204,2025-03-01,S08,Time Anomaly,Sci-Fi,48
3204,2025-03-01,S01,Crime City,Crime Drama,45
3204,2025-03-01,S11,Real Life Diaries,Reality TV,40
3205,2025-01-28,S06,Space Frontier,Sci-Fi,55
3205,2025-01-28,S15,Cooking Masters,Reality TV,38
3206,2025-05-03,S01,Crime City,Crime Drama,45
3206,2025-05-03,S13,True Crime Files,Documentary,50
3207,2025-06-05,S11,Real Life Diaries,Reality TV,40
3207,2025-06-05,S12,Love Island Nairobi,Reality TV,45
3207,2025-06-05,S15,Cooking Masters,Reality TV,38
3208,2025-06-04,S01,Crime City,Crime Drama,45
3208,2025-06-04,S13,True Crime Files,Documentary,50
3209,2025-02-23,S09,Toon Town,Kids,20
3209,2025-02-23,S04,Laugh Track,Sitcom,25
3209,2025-02-23,S14,Parenting Unscripted,Reality TV,35
3210,2025-05-14,S04,Laugh Track,Sitcom,25
3210,2025-05-14,S05,Office Antics,Sitcom,22
3211,2025-06-08,S11,Real Life Diaries,Reality TV,40
3211,2025-06-08,S13,True Crime Files,Documentary,50
3211,2025-06-08,S02,The Detective,Crime Drama,50
3212,2025-06-08,S09,Toon Town,Kids,20
3212,2025-06-08,S10,Little Explorers,Kids,18
3212,2025-06-08,S08,Time Anomaly,Sci-Fi,48
3213,2025-05-14,S09,Toon Town,Kids,20
3213,2025-05-14,S14,Parenting Unscripted,Reality TV,35
3214,2025-05-16,S06,Space Frontier,Sci-Fi,55
3214,2025-05-16,S07,Galactic Wars,Sci-Fi,60
3214,2025-05-16,S08,Time Anomaly,Sci-Fi,48
3215,2025-06-28,S03,Silent Witness Redux,Crime Drama,42
3215,2025-06-28,S15,Cooking Masters,Reality TV,38
3216,2025-01-18,S02,The Detective,Crime Drama,50
3216,2025-01-18,S11,Real Life Diaries,Reality TV,40
3217,2025-03-20,S02,The Detective,Crime Drama,50
3217,2025-03-20,S14,Parenting Unscripted,Reality TV,35
3217,2025-03-20,S05,Office Antics,Sitcom,22
3218,2025-04-22,S09,Toon Town,Kids,20
3218,2025-04-22,S14,Parenting Unscripted,Reality TV,35
3219,2025-02-15,S09,Toon Town,Kids,20
3219,2025-02-15,S02,The Detective,Crime Drama,50
3220,2025-01-16,S04,Laugh Track,Sitcom,25
3220,2025-01-16,S05,Office Antics,Sitcom,22
3221,2025-04-28,S06,Space Frontier,Sci-Fi,55
3221,2025-04-28,S04,Laugh Track,Sitcom,25
3221,2025-04-28,S10,Little Explorers,Kids,18
3221,2025-04-28,S03,Silent Witness Redux,Crime Drama,42
3222,2025-03-21,S09,Toon Town,Kids,20
3222,2025-03-21,S10,Little Explorers,Kids,18
3223,2025-06-15,S13,True Crime Files,Documentary,50
3223,2025-06-15,S08,Time Anomaly,Sci-Fi,48
3223,2025-06-15,S02,The Detective,Crime Drama,50
3224,2025-06-19,S09,Toon Town,Kids,20
3224,2025-06-19,S10,Little Explorers,Kids,18
3225,2025-03-13,S13,True Crime Files,Documentary,50
3225,2025-03-13,S02,The Detective,Crime Drama,50
3225,2025-03-13,S04,Laugh Track,Sitcom,25
3226,2025-04-29,S05,Office Antics,Sitcom,22
3227,2025-01-15,S14,Parenting Unscripted,Reality TV,35
3228,2025-02-19,S15,Cooking Masters,Reality TV,38
3229,2025-02-06,S04,Laugh Track,Sitcom,25
3229,2025-02-06,S05,Office Antics,Sitcom,22
3230,2025-01-12,S06,Space Frontier,Sci-Fi,55
3230,2025-01-12,S07,Galactic Wars,Sci-Fi,60
3230,2025-01-12,S08,Time Anomaly,Sci-Fi,48
3231,2025-02-12,S01,Crime City,Crime Drama,45
3231,2025-02-12,S11,Real Life Diaries,Reality TV,40
3232,2025-02-19,S01,Crime City,Crime Drama,45
3232,2025-02-19,S13,True Crime Files,Documentary,50
3233,2025-01-26,S13,True Crime Files,Documentary,50
3234,2025-06-26,S03,Silent Witness Redux,Crime Drama,42
3234,2025-06-26,S14,Parenting Unscripted,Reality TV,35
3234,2025-06-26,S13,True Crime Files,Documentary,50
3235,2025-06-09,S01,Crime City,Crime Drama,45
3236,2025-03-16,S09,Toon Town,Kids,20
3236,2025-03-16,S14,Parenting Unscripted,Reality TV,35
3237,2025-02-05,S06,Space Frontier,Sci-Fi,55
3237,2025-02-05,S07,Galactic Wars,Sci-Fi,60
3238,2025-03-23,S09,Toon Town,Kids,20
3238,2025-03-23,S14,Parenting Unscripted,Reality TV,35
3239,2025-05-05,S11,Real Life Diaries,Reality TV,40
3239,2025-05-05,S03,Silent Witness Redux,Crime Drama,42
3239,2025-05-05,S07,Galactic Wars,Sci-Fi,60
3240,2025-01-24,S06,Space Frontier,Sci-Fi,55
3240,2025-01-24,S07,Galactic Wars,Sci-Fi,60
3240,2025-01-24,S08,Time Anomaly,Sci-Fi,48
3241,2025-01-12,S09,Toon Town,Kids,20
3241,2025-01-12,S10,Little Explorers,Kids,18
3242,2025-02-10,S01,Crime City,Crime Drama,45
3242,2025-02-10,S13,True Crime Files,Documentary,50
3243,2025-05-18,S06,Space Frontier,Sci-Fi,55
3243,2025-05-18,S07,Galactic Wars,Sci-Fi,60
3243,2025-05-18,S08,Time Anomaly,Sci-Fi,48
3244,2025-02-06,S11,Real Life Diaries,Reality TV,40
3244,2025-02-06,S12,Love Island Nairobi,Reality TV,45
3244,2025-02-06,S15,Cooking Masters,Reality TV,38
3245,2025-01-22,S14,Parenting Unscripted,Reality TV,35
3245,2025-01-22,S10,Little Explorers,Kids,18
3245,2025-01-22,S12,Love Island Nairobi,Reality TV,45
3245,2025-01-22,S05,Office Antics,Sitcom,22
3246,2025-03-26,S02,The Detective,Crime Drama,50
3246,2025-03-26,S11,Real Life Diaries,Reality TV,40
3246,2025-03-26,S05,Office Antics,Sitcom,22
3246,2025-03-26,S04,Laugh Track,Sitcom,25
3247,2025-03-01,S09,Toon Town,Kids,20
3247,2025-03-01,S14,Parenting Unscripted,Reality TV,35
3248,2025-04-03,S11,Real Life Diaries,Reality TV,40
3248,2025-04-03,S12,Love Island Nairobi,Reality TV,45
3248,2025-04-03,S15,Cooking Masters,Reality TV,38
3249,2025-06-20,S01,Crime City,Crime Drama,45
3249,2025-06-20,S02,The Detective,Crime Drama,50
3249,2025-06-20,S03,Silent Witness Redux,Crime Drama,42
3250,2025-04-27,S09,Toon Town,Kids,20
3250,2025-04-27,S08,Time Anomaly,Sci-Fi,48
3250,2025-04-27,S05,Office Antics,Sitcom,22
3250,2025-04-27,S04,Laugh Track,Sitcom,25
3251,2025-03-25,S13,True Crime Files,Documentary,50
3252,2025-01-19,S11,Real Life Diaries,Reality TV,40
3252,2025-01-19,S12,Love Island Nairobi,Reality TV,45
3253,2025-02-04,S15,Cooking Masters,Reality TV,38
3253,2025-02-04,S02,The Detective,Crime Drama,50
3253,2025-02-04,S10,Little Explorers,Kids,18
3254,2025-06-26,S11,Real Life Diaries,Reality TV,40
3254,2025-06-26,S12,Love Island Nairobi,Reality TV,45
3254,2025-06-26,S15,Cooking Masters,Reality TV,38
3255,2025-03-19,S11,Real Life Diaries,Reality TV,40
3255,2025-03-19,S12,Love Island Nairobi,Reality TV,45
3256,2025-04-10,S05,Office Antics,Sitcom,22
3257,2025-03-16,S03,Silent Witness Redux,Crime Drama,42
3257,2025-03-16,S15,Cooking Masters,Reality TV,38
3257,2025-03-16,S10,Little Explorers,Kids,18
3257,2025-03-16,S08,Time Anomaly,Sci-Fi,48
3258,2025-06-06,S04,Laugh Track,Sitcom,25
3258,2025-06-06,S05,Office Antics,Sitcom,22
3259,2025-03-05,S09,Toon Town,Kids,20
3259,2025-03-05,S14,Parenting Unscripted,Reality TV,35
3260,2025-02-06,S12,Love Island Nairobi,Reality TV,45
3261,2025-01-04,S01,Crime City,Crime Drama,45
3261,2025-01-04,S02,The Detective,Crime Drama,50
3262,2025-04-28,S09,Toon Town,Kids,20
3262,2025-04-28,S14,Parenting Unscripted,Reality TV,35
3262,2025-04-28,S11,Real Life Diaries,Reality TV,40
3263,2025-04-01,S06,Space Frontier,Sci-Fi,55
3263,2025-04-01,S14,Parenting Unscripted,Reality TV,35
3263,2025-04-01,S13,True Crime Files,Documentary,50
3263,2025-04-01,S10,Little Explorers,Kids,18
3264,2025-03-03,S09,Toon Town,Kids,20
3264,2025-03-03,S13,True Crime Files,Documentary,50
3264,2025-03-03,S11,Real Life Diaries,Reality TV,40
3265,2025-06-16,S13,True Crime Files,Documentary,50
3265,2025-06-16,S15,Cooking Masters,Reality TV,38
3265,2025-06-16,S07,Galactic Wars,Sci-Fi,60
3265,2025-06-16,S08,Time Anomaly,Sci-Fi,48
3266,2025-06-19,S01,Crime City,Crime Drama,45
3266,2025-06-19,S02,The Detective,Crime Drama,50
3267,2025-03-04,S09,Toon Town,Kids,20
3267,2025-03-04,S14,Parenting Unscripted,Reality TV,35
3268,2025-05-30,S11,Real Life Diaries,Reality TV,40
3269,2025-04-30,S07,Galactic Wars,Sci-Fi,60
3269,2025-04-30,S11,Real Life Diaries,Reality TV,40
3269,2025-04-30,S12,Love Island Nairobi,Reality TV,45
3270,2025-06-07,S09,Toon Town,Kids,20
3270,2025-06-07,S14,Parenting Unscripted,Reality TV,35
3271,2025-06-22,S07,Galactic Wars,Sci-Fi,60
3271,2025-06-22,S15,Cooking Masters,Reality TV,38
3272,2025-01-19,S12,Love Island Nairobi,Reality TV,45
3272,2025-01-19,S13,True Crime Files,Documentary,50
3272,2025-01-19,S04,Laugh Track,Sitcom,25
3272,2025-01-19,S10,Little Explorers,Kids,18
3273,2025-03-27,S01,Crime City,Crime Drama,45
3273,2025-03-27,S13,True Crime Files,Documentary,50
3274,2025-06-22,S10,Little Explorers,Kids,18
3274,2025-06-22,S03,Silent Witness Redux,Crime Drama,42
3274,2025-06-22,S07,Galactic Wars,Sci-Fi,60
3274,2025-06-22,S02,The Detective,Crime Drama,50
3275,2025-02-15,S01,Crime City,Crime Drama,45
3275,2025-02-15,S13,True Crime Files,Documentary,50
3276,2025-02-25,S04,Laugh Track,Sitcom,25
3276,2025-02-25,S05,Office Antics,Sitcom,22
3277,2025-01-08,S15,Cooking Masters,Reality TV,38
3278,2025-03-26,S05,Office Antics,Sitcom,22
3278,2025-03-26,S09,Toon Town,Kids,20
3279,2025-01-27,S06,Space Frontier,Sci-Fi,55
3279,2025-01-27,S07,Galactic Wars,Sci-Fi,60
3279,2025-01-27,S08,Time Anomaly,Sci-Fi,48
3280,2025-02-22,S06,Space Frontier,Sci-Fi,55
3280,2025-02-22,S07,Galactic Wars,Sci-Fi,60
3281,2025-04-27,S07,Galactic Wars,Sci-Fi,60
3281,2025-04-27,S10,Little Explorers,Kids,18
3281,2025-04-27,S06,Space Frontier,Sci-Fi,55
3281,2025-04-27,S01,Crime City,Crime Drama,45
3282,2025-04-26,S06,Space Frontier,Sci-Fi,55
3282,2025-04-26,S07,Galactic Wars,Sci-Fi,60
3282,2025-04-26,S08,Time Anomaly,Sci-Fi,48
3283,2025-03-28,S01,Crime City,Crime Drama,45
3283,2025-03-28,S13,True Crime Files,Documentary,50
3284,2025-01-21,S01,Crime City,Crime Drama,45
3284,2025-01-21,S13,True Crime Files,Documentary,50
3285,2025-03-29,S09,Toon Town,Kids,20
3285,2025-03-29,S10,Little Explorers,Kids,18
3286,2025-01-30,S11,Real Life Diaries,Reality TV,40
3287,2025-01-10,S06,Space Frontier,Sci-Fi,55
3288,2025-04-14,S10,Little Explorers,Kids,18
3288,2025-04-14,S13,True Crime Files,Documentary,50
3288,2025-04-14,S01,Crime City,Crime Drama,45
3288,2025-04-14,S05,Office Antics,Sitcom,22
3289,2025-04-19,S09,Toon Town,Kids,20
3289,2025-04-19,S10,Little Explorers,Kids,18
3290,2025-06-05,S04,Laugh Track,Sitcom,25
3290,2025-06-05,S05,Office Antics,Sitcom,22
3291,2025-02-15,S11,Real Life Diaries,Reality TV,40
3291,2025-02-15,S12,Love Island Nairobi,Reality TV,45
3292,2025-01-28,S06,Space Frontier,Sci-Fi,55
3292,2025-01-28,S07,Galactic Wars,Sci-Fi,60
3292,2025-01-28,S04,Laugh Track,Sitcom,25
3293,2025-05-04,S12,Love Island Nairobi,Reality TV,45
3293,2025-05-04,S07,Galactic Wars,Sci-Fi,60
3293,2025-05-04,S06,Space Frontier,Sci-Fi,55
3293,2025-05-04,S01,Crime City,Crime Drama,45
3294,2025-03-13,S12,Love Island Nairobi,Reality TV,45
3295,2025-05-05,S11,Real Life Diaries,Reality TV,40
3295,2025-05-05,S07,Galactic Wars,Sci-Fi,60
3295,2025-05-05,S14,Parenting Unscripted,Reality TV,35
3295,2025-05-05,S09,Toon Town,Kids,20
3296,2025-02-15,S11,Real Life Diaries,Reality TV,40
3296,2025-02-15,S12,Love Island Nairobi,Reality TV,45
3297,2025-06-08,S09,Toon Town,Kids,20
3297,2025-06-08,S10,Little Explorers,Kids,18
3298,2025-01-30,S01,Crime City,Crime Drama,45
3298,2025-01-30,S02,The Detective,Crime Drama,50
3298,2025-01-30,S07,Galactic Wars,Sci-Fi,60
3299,2025-02-16,S08,Time Anomaly,Sci-Fi,48
3299,2025-02-16,S15,Cooking Masters,Reality TV,38
3300,2025-06-08,S06,Space Frontier,Sci-Fi,55
3301,2025-01-13,S01,Crime City,Crime Drama,45
3301,2025-01-13,S09,Toon Town,Kids,20
3301,2025-01-13,S15,Cooking Masters,Reality TV,38
3302,2025-05-22,S06,Space Frontier,Sci-Fi,55
3302,2025-05-22,S07,Galactic Wars,Sci-Fi,60
3303,2025-01-02,S06,Space Frontier,Sci-Fi,55
3303,2025-01-02,S07,Galactic Wars,Sci-Fi,60
3304,2025-06-18,S15,Cooking Masters,Reality TV,38
3305,2025-03-04,S04,Laugh Track,Sitcom,25
3305,2025-03-04,S05,Office Antics,Sitcom,22
3306,2025-01-23,S09,Toon Town,Kids,20
3306,2025-01-23,S10,Little Explorers,Kids,18
3307,2025-01-04,S04,Laugh Track,Sitcom,25
3307,2025-01-04,S05,Office Antics,Sitcom,22
3308,2025-06-17,S01,Crime City,Crime Drama,45
3308,2025-06-17,S02,The Detective,Crime Drama,50
3308,2025-06-17,S03,Silent Witness Redux,Crime Drama,42
3309,2025-01-16,S01,Crime City,Crime Drama,45
3309,2025-01-16,S02,The Detective,Crime Drama,50
3309,2025-01-16,S08,Time Anomaly,Sci-Fi,48
3310,2025-05-02,S01,Crime City,Crime Drama,45
3310,2025-05-02,S13,True Crime Files,Documentary,50
3311,2025-06-20,S11,Real Life Diaries,Reality TV,40
3311,2025-06-20,S12,Love Island Nairobi,Reality TV,45
3311,2025-06-20,S15,Cooking Masters,Reality TV,38
3312,2025-02-21,S13,True Crime Files,Documentary,50
3312,2025-02-21,S03,Silent Witness Redux,Crime Drama,42
3312,2025-02-21,S04,Laugh Track,Sitcom,25
3312,2025-02-21,S07,Galactic Wars,Sci-Fi,60
3313,2025-04-09,S06,Space Frontier,Sci-Fi,55
3313,2025-04-09,S10,Little Explorers,Kids,18
3314,2025-04-02,S13,True Crime Files,Documentary,50
3314,2025-04-02,S09,Toon Town,Kids,20
3315,2025-01-30,S08,Time Anomaly,Sci-Fi,48
3316,2025-03-12,S10,Little Explorers,Kids,18
3317,2025-03-17,S09,Toon Town,Kids,20
3318,2025-03-03,S10,Little Explorers,Kids,18
3318,2025-03-03,S03,Silent Witness Redux,Crime Drama,42
3318,2025-03-03,S04,Laugh Track,Sitcom,25
3319,2025-04-21,S01,Crime City,Crime Drama,45
3320,2025-04-14,S11,Real Life Diaries,Reality TV,40
3320,2025-04-14,S07,Galactic Wars,Sci-Fi,60
3320,2025-04-14,S14,Parenting Unscripted,Reality TV,35
3321,2025-05-19,S09,Toon Town,Kids,20
3321,2025-05-19,S06,Space Frontier,Sci-Fi,55
3321,2025-05-19,S07,Galactic Wars,Sci-Fi,60
3321,2025-05-19,S11,Real Life Diaries,Reality TV,40
3322,2025-06-14,S11,Real Life Diaries,Reality TV,40
3322,2025-06-14,S09,Toon Town,Kids,20
3323,2025-06-15,S09,Toon Town,Kids,20
3323,2025-06-15,S10,Little Explorers,Kids,18
3324,2025-01-04,S09,Toon Town,Kids,20
3324,2025-01-04,S10,Little Explorers,Kids,18
3325,2025-03-17,S11,Real Life Diaries,Reality TV,40
3325,2025-03-17,S12,Love Island Nairobi,Reality TV,45
3325,2025-03-17,S15,Cooking Masters,Reality TV,38
3325,2025-03-17,S10,Little Explorers,Kids,18
3326,2025-01-24,S09,Toon Town,Kids,20
3326,2025-01-24,S14,Parenting Unscripted,Reality TV,35
3327,2025-05-30,S14,Parenting Unscripted,Reality TV,35
3327,2025-05-30,S11,Real Life Diaries,Reality TV,40
3328,2025-06-27,S11,Real Life Diaries,Reality TV,40
3328,2025-06-27,S12,Love Island Nairobi,Reality TV,45
3328,2025-06-27,S15,Cooking Masters,Reality TV,38
3329,2025-05-01,S09,Toon Town,Kids,20
3329,2025-05-01,S14,Parenting Unscripted,Reality TV,35
3330,2025-01-17,S15,Cooking Masters,Reality TV,38
3330,2025-01-17,S03,Silent Witness Redux,Crime Drama,42
3331,2025-04-10,S09,Toon Town,Kids,20
3331,2025-04-10,S14,Parenting Unscripted,Reality TV,35
3332,2025-05-13,S05,Office Antics,Sitcom,22
3332,2025-05-13,S14,Parenting Unscripted,Reality TV,35
3332,2025-05-13,S15,Cooking Masters,Reality TV,38
3332,2025-05-13,S03,Silent Witness Redux,Crime Drama,42
3333,2025-01-10,S09,Toon Town,Kids,20
3333,2025-01-10,S05,Office Antics,Sitcom,22
3334,2025-04-20,S04,Laugh Track,Sitcom,25
3335,2025-05-05,S06,Space Frontier,Sci-Fi,55
3335,2025-05-05,S07,Galactic Wars,Sci-Fi,60
3336,2025-06-30,S08,Time Anomaly,Sci-Fi,48
3336,2025-06-30,S04,Laugh Track,Sitcom,25
3336,2025-06-30,S15,Cooking Masters,Reality TV,38
3336,2025-06-30,S09,Toon Town,Kids,20
3337,2025-03-04,S11,Real Life Diaries,Reality TV,40
3337,2025-03-04,S12,Love Island Nairobi,Reality TV,45
3337,2025-03-04,S15,Cooking Masters,Reality TV,38
3338,2025-03-06,S01,Crime City,Crime Drama,45
3338,2025-03-06,S02,The Detective,Crime Drama,50
3338,2025-03-06,S03,Silent Witness Redux,Crime Drama,42
3339,2025-01-21,S07,Galactic Wars,Sci-Fi,60
3339,2025-01-21,S10,Little Explorers,Kids,18
3339,2025-01-21,S03,Silent Witness Redux,Crime Drama,42
3339,2025-01-21,S08,Time Anomaly,Sci-Fi,48
3340,2025-05-18,S06,Space Frontier,Sci-Fi,55
3340,2025-05-18,S07,Galactic Wars,Sci-Fi,60
3341,2025-02-18,S06,Space Frontier,Sci-Fi,55
3341,2025-02-18,S07,Galactic Wars,Sci-Fi,60
3342,2025-02-10,S09,Toon Town,Kids,20
3342,2025-02-10,S01,Crime City,Crime Drama,45
3343,2025-06-28,S01,Crime City,Crime Drama,45
3344,2025-02-09,S11,Real Life Diaries,Reality TV,40
3345,2025-01-29,S01,Crime City,Crime Drama,45
3345,2025-01-29,S02,The Detective,Crime Drama,50
3346,2025-05-23,S02,The Detective,Crime Drama,50
3346,2025-05-23,S08,Time Anomaly,Sci-Fi,48
3346,2025-05-23,S06,Space Frontier,Sci-Fi,55
3347,2025-05-10,S14,Parenting Unscripted,Reality TV,35
3347,2025-05-10,S03,Silent Witness Redux,Crime Drama,42
3348,2025-03-08,S14,Parenting Unscripted,Reality TV,35
3348,2025-03-08,S02,The Detective,Crime Drama,50
3349,2025-02-04,S09,Toon Town,Kids,20
3349,2025-02-04,S10,Little Explorers,Kids,18
3350,2025-02-28,S01,Crime City,Crime Drama,45
3350,2025-02-28,S02,The Detective,Crime Drama,50
3350,2025-02-28,S06,Space Frontier,Sci-Fi,55
3351,2025-06-01,S01,Crime City,Crime Drama,45
3351,2025-06-01,S02,The Detective,Crime Drama,50
3352,2025-03-18,S11,Real Life Diaries,Reality TV,40
3352,2025-03-18,S12,Love Island Nairobi,Reality TV,45
3352,2025-03-18,S09,Toon Town,Kids,20
3353,2025-06-20,S01,Crime City,Crime Drama,45
3353,2025-06-20,S02,The Detective,Crime Drama,50
3354,2025-04-05,S09,Toon Town,Kids,20
3354,2025-04-05,S14,Parenting Unscripted,Reality TV,35
3355,2025-01-25,S07,Galactic Wars,Sci-Fi,60
3356,2025-06-14,S01,Crime City,Crime Drama,45
3356,2025-06-14,S02,The Detective,Crime Drama,50
3357,2025-01-30,S09,Toon Town,Kids,20
3357,2025-01-30,S10,Little Explorers,Kids,18
3358,2025-02-02,S02,The Detective,Crime Drama,50
3359,2025-01-05,S04,Laugh Track,Sitcom,25
3359,2025-01-05,S03,Silent Witness Redux,Crime Drama,42
3359,2025-01-05,S08,Time Anomaly,Sci-Fi,48
3360,2025-05-07,S09,Toon Town,Kids,20
3360,2025-05-07,S10,Little Explorers,Kids,18
3361,2025-03-13,S06,Space Frontier,Sci-Fi,55
3361,2025-03-13,S07,Galactic Wars,Sci-Fi,60
3362,2025-02-11,S05,Office Antics,Sitcom,22
3362,2025-02-11,S01,Crime City,Crime Drama,45
3362,2025-02-11,S08,Time Anomaly,Sci-Fi,48
3363,2025-01-10,S01,Crime City,Crime Drama,45
3363,2025-01-10,S13,True Crime Files,Documentary,50
3363,2025-01-10,S14,Parenting Unscripted,Reality TV,35
3364,2025-04-27,S10,Little Explorers,Kids,18
3364,2025-04-27,S04,Laugh Track,Sitcom,25
3364,2025-04-27,S11,Real Life Diaries,Reality TV,40
3365,2025-04-27,S07,Galactic Wars,Sci-Fi,60
3365,2025-04-27,S13,True Crime Files,Documentary,50
3365,2025-04-27,S04,Laugh Track,Sitcom,25
3365,2025-04-27,S14,Parenting Unscripted,Reality TV,35
3366,2025-02-06,S06,Space Frontier,Sci-Fi,55
3367,2025-03-14,S09,Toon Town,Kids,20
3367,2025-03-14,S14,Parenting Unscripted,Reality TV,35
3368,2025-03-21,S06,Space Frontier,Sci-Fi,55
3368,2025-03-21,S07,Galactic Wars,Sci-Fi,60
3369,2025-01-29,S01,Crime City,Crime Drama,45
3369,2025-01-29,S13,True Crime Files,Documentary,50
3370,2025-01-22,S09,Toon Town,Kids,20
3370,2025-01-22,S10,Little Explorers,Kids,18
3371,2025-05-10,S01,Crime City,Crime Drama,45
3371,2025-05-10,S13,True Crime Files,Documentary,50
3372,2025-06-11,S11,Real Life Diaries,Reality TV,40
3372,2025-06-11,S12,Love Island Nairobi,Reality TV,45
3373,2025-06-20,S01,Crime City,Crime Drama,45
3373,2025-06-20,S13,True Crime Files,Documentary,50
3374,2025-05-05,S09,Toon Town,Kids,20
3374,2025-05-05,S10,Little Explorers,Kids,18
3375,2025-03-29,S08,Time Anomaly,Sci-Fi,48
3376,2025-04-09,S02,The Detective,Crime Drama,50
3377,2025-06-27,S09,Toon Town,Kids,20
3377,2025-06-27,S10,Little Explorers,Kids,18
3378,2025-03-22,S06,Space Frontier,Sci-Fi,55
3378,2025-03-22,S07,Galactic Wars,Sci-Fi,60
3378,2025-03-22,S08,Time Anomaly,Sci-Fi,48
3379,2025-02-19,S06,Space Frontier,Sci-Fi,55
3379,2025-02-19,S07,Galactic Wars,Sci-Fi,60
3379,2025-02-19,S08,Time Anomaly,Sci-Fi,48
3380,2025-03-15,S06,Space Frontier,Sci-Fi,55
3380,2025-03-15,S07,Galactic Wars,Sci-Fi,60
3380,2025-03-15,S08,Time Anomaly,Sci-Fi,48
3381,2025-04-19,S11,Real Life Diaries,Reality TV,40
3381,2025-04-19,S10,Little Explorers,Kids,18
3382,2025-06-28,S08,Time Anomaly,Sci-Fi,48
3382,2025-06-28,S15,Cooking Masters,Reality TV,38
3383,2025-04-06,S09,Toon Town,Kids,20
3383,2025-04-06,S10,Little Explorers,Kids,18
3384,2025-05-05,S06,Space Frontier,Sci-Fi,55
3384,2025-05-05,S07,Galactic Wars,Sci-Fi,60
3384,2025-05-05,S08,Time Anomaly,Sci-Fi,48
3385,2025-04-30,S01,Crime City,Crime Drama,45
3385,2025-04-30,S13,True Crime Files,Documentary,50
3386,2025-03-30,S11,Real Life Diaries,Reality TV,40
3386,2025-03-30,S12,Love Island Nairobi,Reality TV,45
3387,2025-02-10,S10,Little Explorers,Kids,18
3388,2025-04-15,S06,Space Frontier,Sci-Fi,55
3388,2025-04-15,S07,Galactic Wars,Sci-Fi,60
3388,2025-04-15,S08,Time Anomaly,Sci-Fi,48
3389,2025-01-17,S01,Crime City,Crime Drama,45
3389,2025-01-17,S13,True Crime Files,Documentary,50
3390,2025-04-03,S14,Parenting Unscripted,Reality TV,35
3391,2025-05-02,S01,Crime City,Crime Drama,45
3391,2025-05-02,S14,Parenting Unscripted,Reality TV,35
3391,2025-05-02,S05,Office Antics,Sitcom,22
3391,2025-05-02,S06,Space Frontier,Sci-Fi,55
3392,2025-02-22,S05,Office Antics,Sitcom,22
3392,2025-02-22,S04,Laugh Track,Sitcom,25
3392,2025-02-22,S09,Toon Town,Kids,20
3393,2025-06-06,S11,Real Life Diaries,Reality TV,40
3393,2025-06-06,S12,Love Island Nairobi,Reality TV,45
3393,2025-06-06,S15,Cooking Masters,Reality TV,38
3394,2025-05-12,S10,Little Explorers,Kids,18
3395,2025-01-06,S09,Toon Town,Kids,20
3395,2025-01-06,S14,Parenting Unscripted,Reality TV,35
3396,2025-03-09,S01,Crime City,Crime Drama,45
3396,2025-03-09,S13,True Crime Files,Documentary,50
3397,2025-04-30,S09,Toon Town,Kids,20
3397,2025-04-30,S14,Parenting Unscripted,Reality TV,35
3398,2025-03-31,S09,Toon Town,Kids,20
3398,2025-03-31,S14,Parenting Unscripted,Reality TV,35
3399,2025-05-09,S09,Toon Town,Kids,20
3399,2025-05-09,S14,Parenting Unscripted,Reality TV,35
3400,2025-02-07,S01,Crime City,Crime Drama,45
3400,2025-02-07,S02,The Detective,Crime Drama,50
3400,2025-02-07,S03,Silent Witness Redux,Crime Drama,42
3401,2025-04-06,S09,Toon Town,Kids,20
3401,2025-04-06,S10,Little Explorers,Kids,18
3402,2025-06-15,S11,Real Life Diaries,Reality TV,40
3402,2025-06-15,S12,Love Island Nairobi,Reality TV,45
3402,2025-06-15,S15,Cooking Masters,Reality TV,38
3402,2025-06-15,S10,Little Explorers,Kids,18
3403,2025-06-04,S03,Silent Witness Redux,Crime Drama,42
3404,2025-04-23,S11,Real Life Diaries,Reality TV,40
3405,2025-04-12,S08,Time Anomaly,Sci-Fi,48
3406,2025-01-15,S01,Crime City,Crime Drama,45
3406,2025-01-15,S06,Space Frontier,Sci-Fi,55
3406,2025-01-15,S03,Silent Witness Redux,Crime Drama,42
3407,2025-02-09,S07,Galactic Wars,Sci-Fi,60
3407,2025-02-09,S11,Real Life Diaries,Reality TV,40
3407,2025-02-09,S13,True Crime Files,Documentary,50
3408,2025-01-12,S01,Crime City,Crime Drama,45
3408,2025-01-12,S13,True Crime Files,Documentary,50
3409,2025-05-13,S11,Real Life Diaries,Reality TV,40
3410,2025-03-12,S14,Parenting Unscripted,Reality TV,35
3411,2025-02-17,S13,True Crime Files,Documentary,50
3411,2025-02-17,S10,Little Explorers,Kids,18
3412,2025-04-05,S04,Laugh Track,Sitcom,25
3412,2025-04-05,S05,Office Antics,Sitcom,22
3413,2025-05-25,S09,Toon Town,Kids,20
3413,2025-05-25,S10,Little Explorers,Kids,18
3414,2025-05-06,S13,True Crime Files,Documentary,50
3414,2025-05-06,S04,Laugh Track,Sitcom,25
3414,2025-05-06,S07,Galactic Wars,Sci-Fi,60
3414,2025-05-06,S10,Little Explorers,Kids,18
3415,2025-02-26,S01,Crime City,Crime Drama,45
3415,2025-02-26,S13,True Crime Files,Documentary,50
3416,2025-01-04,S01,Crime City,Crime Drama,45
3416,2025-01-04,S13,True Crime Files,Documentary,50
3417,2025-02-16,S04,Laugh Track,Sitcom,25
3417,2025-02-16,S05,Office Antics,Sitcom,22
3418,2025-02-20,S05,Office Antics,Sitcom,22
3418,2025-02-20,S06,Space Frontier,Sci-Fi,55
3418,2025-02-20,S07,Galactic Wars,Sci-Fi,60
3419,2025-03-13,S14,Parenting Unscripted,Reality TV,35
3419,2025-03-13,S05,Office Antics,Sitcom,22
3419,2025-03-13,S03,Silent Witness Redux,Crime Drama,42
3419,2025-03-13,S13,True Crime Files,Documentary,50
3420,2025-02-24,S01,Crime City,Crime Drama,45
3420,2025-02-24,S13,True Crime Files,Documentary,50
3421,2025-02-03,S01,Crime City,Crime Drama,45
3422,2025-03-07,S09,Toon Town,Kids,20
3422,2025-03-07,S14,Parenting Unscripted,Reality TV,35
3423,2025-03-23,S05,Office Antics,Sitcom,22
3424,2025-02-23,S07,Galactic Wars,Sci-Fi,60
3424,2025-02-23,S09,Toon Town,Kids,20
3425,2025-01-24,S09,Toon Town,Kids,20
3425,2025-01-24,S14,Parenting Unscripted,Reality TV,35
3425,2025-01-24,S07,Galactic Wars,Sci-Fi,60
3426,2025-06-26,S06,Space Frontier,Sci-Fi,55
3426,2025-06-26,S07,Galactic Wars,Sci-Fi,60
3427,2025-05-14,S11,Real Life Diaries,Reality TV,40
3427,2025-05-14,S10,Little Explorers,Kids,18
3428,2025-01-28,S10,Little Explorers,Kids,18
3428,2025-01-28,S05,Office Antics,Sitcom,22
3428,2025-01-28,S13,True Crime Files,Documentary,50
3428,2025-01-28,S15,Cooking Masters,Reality TV,38
3429,2025-05-28,S08,Time Anomaly,Sci-Fi,48
3430,2025-03-20,S04,Laugh Track,Sitcom,25
3430,2025-03-20,S05,Office Antics,Sitcom,22
3431,2025-01-08,S09,Toon Town,Kids,20
3431,2025-01-08,S10,Little Explorers,Kids,18
3432,2025-03-08,S05,Office Antics,Sitcom,22
3432,2025-03-08,S07,Galactic Wars,Sci-Fi,60
3432,2025-03-08,S12,Love Island Nairobi,Reality TV,45
3432,2025-03-08,S02,The Detective,Crime Drama,50
3433,2025-03-09,S09,Toon Town,Kids,20
3433,2025-03-09,S10,Little Explorers,Kids,18
3434,2025-02-03,S01,Crime City,Crime Drama,45
3434,2025-02-03,S13,True Crime Files,Documentary,50
3435,2025-06-20,S01,Crime City,Crime Drama,45
3436,2025-01-19,S15,Cooking Masters,Reality TV,38
3436,2025-01-19,S14,Parenting Unscripted,Reality TV,35
3436,2025-01-19,S08,Time Anomaly,Sci-Fi,48
3437,2025-02-17,S08,Time Anomaly,Sci-Fi,48
3438,2025-01-22,S11,Real Life Diaries,Reality TV,40
3438,2025-01-22,S12,Love Island Nairobi,Reality TV,45
3439,2025-03-20,S11,Real Life Diaries,Reality TV,40
3439,2025-03-20,S12,Love Island Nairobi,Reality TV,45
3439,2025-03-20,S02,The Detective,Crime Drama,50
3440,2025-06-23,S04,Laugh Track,Sitcom,25
3440,2025-06-23,S05,Office Antics,Sitcom,22
3441,2025-05-18,S09,Toon Town,Kids,20
3441,2025-05-18,S10,Little Explorers,Kids,18
3442,2025-06-11,S09,Toon Town,Kids,20
3442,2025-06-11,S14,Parenting Unscripted,Reality TV,35
3443,2025-04-06,S10,Little Explorers,Kids,18
3443,2025-04-06,S01,Crime City,Crime Drama,45
3444,2025-02-07,S04,Laugh Track,Sitcom,25
3444,2025-02-07,S05,Office Antics,Sitcom,22
3445,2025-06-06,S07,Galactic Wars,Sci-Fi,60
3445,2025-06-06,S12,Love Island Nairobi,Reality TV,45
3445,2025-06-06,S04,Laugh Track,Sitcom,25
3446,2025-05-01,S06,Space Frontier,Sci-Fi,55
3447,2025-04-07,S01,Crime City,Crime Drama,45
3447,2025-04-07,S02,The Detective,Crime Drama,50
3448,2025-05-30,S01,Crime City,Crime Drama,45
3448,2025-05-30,S02,The Detective,Crime Drama,50
3449,2025-06-24,S07,Galactic Wars,Sci-Fi,60
3450,2025-01-03,S06,Space Frontier,Sci-Fi,55
3450,2025-01-03,S07,Galactic Wars,Sci-Fi,60
3451,2025-01-23,S07,Galactic Wars,Sci-Fi,60
3451,2025-01-23,S02,The Detective,Crime Drama,50
3451,2025-01-23,S13,True Crime Files,Documentary,50
3452,2025-06-26,S01,Crime City,Crime Drama,45
3452,2025-06-26,S02,The Detective,Crime Drama,50
3453,2025-01-07,S09,Toon Town,Kids,20
3453,2025-01-07,S10,Little Explorers,Kids,18
3453,2025-01-07,S03,Silent Witness Redux,Crime Drama,42
3454,2025-04-29,S11,Real Life Diaries,Reality TV,40
3454,2025-04-29,S12,Love Island Nairobi,Reality TV,45
3454,2025-04-29,S15,Cooking Masters,Reality TV,38
3455,2025-03-26,S03,Silent Witness Redux,Crime Drama,42
3455,2025-03-26,S04,Laugh Track,Sitcom,25
3456,2025-05-31,S09,Toon Town,Kids,20
3456,2025-05-31,S10,Little Explorers,Kids,18
3456,2025-05-31,S11,Real Life Diaries,Reality TV,40
3457,2025-04-30,S03,Silent Witness Redux,Crime Drama,42
3457,2025-04-30,S09,Toon Town,Kids,20
3457,2025-04-30,S06,Space Frontier,Sci-Fi,55
3457,2025-04-30,S07,Galactic Wars,Sci-Fi,60
3458,2025-04-19,S01,Crime City,Crime Drama,45
3458,2025-04-19,S13,True Crime Files,Documentary,50
3458,2025-04-19,S15,Cooking Masters,Reality TV,38
3458,2025-04-19,S12,Love Island Nairobi,Reality TV,45
3459,2025-02-05,S08,Time Anomaly,Sci-Fi,48
3459,2025-02-05,S01,Crime City,Crime Drama,45
3459,2025-02-05,S13,True Crime Files,Documentary,50
3459,2025-02-05,S04,Laugh Track,Sitcom,25
3460,2025-02-22,S10,Little Explorers,Kids,18
3460,2025-02-22,S14,Parenting Unscripted,Reality TV,35
3461,2025-06-06,S04,Laugh Track,Sitcom,25
3461,2025-06-06,S05,Office Antics,Sitcom,22
3462,2025-06-12,S01,Crime City,Crime Drama,45
3462,2025-06-12,S13,True Crime Files,Documentary,50
3462,2025-06-12,S07,Galactic Wars,Sci-Fi,60
3463,2025-04-28,S03,Silent Witness Redux,Crime Drama,42
3463,2025-04-28,S14,Parenting Unscripted,Reality TV,35
3463,2025-04-28,S01,Crime City,Crime Drama,45
3464,2025-03-25,S09,Toon Town,Kids,20
3464,2025-03-25,S11,Real Life Diaries,Reality TV,40
3465,2025-06-12,S11,Real Life Diaries,Reality TV,40
3465,2025-06-12,S12,Love Island Nairobi,Reality TV,45
3465,2025-06-12,S15,Cooking Masters,Reality TV,38
3466,2025-06-02,S14,Parenting Unscripted,Reality TV,35
3466,2025-06-02,S02,The Detective,Crime Drama,50
3466,2025-06-02,S09,Toon Town,Kids,20
3467,2025-01-07,S09,Toon Town,Kids,20
3467,2025-01-07,S14,Parenting Unscripted,Reality TV,35
3468,2025-01-12,S11,Real Life Diaries,Reality TV,40
3468,2025-01-12,S12,Love Island Nairobi,Reality TV,45
3468,2025-01-12,S06,Space Frontier,Sci-Fi,55
3468,2025-01-12,S04,Laugh Track,Sitcom,25
3469,2025-03-15,S09,Toon Town,Kids,20
3469,2025-03-15,S14,Parenting Unscripted,Reality TV,35
3470,2025-05-02,S01,Crime City,Crime Drama,45
3470,2025-05-02,S13,True Crime Files,Documentary,50
3471,2025-01-30,S11,Real Life Diaries,Reality TV,40
3471,2025-01-30,S12,Love Island Nairobi,Reality TV,45
3471,2025-01-30,S15,Cooking Masters,Reality TV,38
3472,2025-01-05,S13,True Crime Files,Documentary,50
3472,2025-01-05,S05,Office Antics,Sitcom,22
3472,2025-01-05,S11,Real Life Diaries,Reality TV,40
3472,2025-01-05,S01,Crime City,Crime Drama,45
3473,2025-01-21,S01,Crime City,Crime Drama,45
3473,2025-01-21,S02,The Detective,Crime Drama,50
3474,2025-01-01,S01,Crime City,Crime Drama,45
3474,2025-01-01,S02,The Detective,Crime Drama,50
3474,2025-01-01,S03,Silent Witness Redux,Crime Drama,42
3474,2025-01-01,S04,Laugh Track,Sitcom,25
3475,2025-02-06,S09,Toon Town,Kids,20
3475,2025-02-06,S10,Little Explorers,Kids,18
3476,2025-06-21,S14,Parenting Unscripted,Reality TV,35
3477,2025-05-04,S02,The Detective,Crime Drama,50
3477,2025-05-04,S13,True Crime Files,Documentary,50
3477,2025-05-04,S08,Time Anomaly,Sci-Fi,48
3477,2025-05-04,S03,Silent Witness Redux,Crime Drama,42
3478,2025-04-18,S11,Real Life Diaries,Reality TV,40
3478,2025-04-18,S12,Love Island Nairobi,Reality TV,45
3479,2025-02-07,S06,Space Frontier,Sci-Fi,55
3479,2025-02-07,S03,Silent Witness Redux,Crime Drama,42
3479,2025-02-07,S13,True Crime Files,Documentary,50
3480,2025-01-07,S04,Laugh Track,Sitcom,25
3480,2025-01-07,S05,Office Antics,Sitcom,22
3481,2025-02-08,S13,True Crime Files,Documentary,50
3481,2025-02-08,S07,Galactic Wars,Sci-Fi,60
3481,2025-02-08,S12,Love Island Nairobi,Reality TV,45
3482,2025-02-23,S01,Crime City,Crime Drama,45
3482,2025-02-23,S08,Time Anomaly,Sci-Fi,48
3483,2025-05-28,S11,Real Life Diaries,Reality TV,40
3483,2025-05-28,S12,Love Island Nairobi,Reality TV,45
3484,2025-01-26,S09,Toon Town,Kids,20
3484,2025-01-26,S10,Little Explorers,Kids,18
3485,2025-02-03,S01,Crime City,Crime Drama,45
3485,2025-02-03,S13,True Crime Files,Documentary,50
3486,2025-05-19,S09,Toon Town,Kids,20
3486,2025-05-19,S10,Little Explorers,Kids,18
3487,2025-06-22,S14,Parenting Unscripted,Reality TV,35
3488,2025-06-30,S14,Parenting Unscripted,Reality TV,35
3488,2025-06-30,S11,Real Life Diaries,Reality TV,40
3489,2025-01-14,S07,Galactic Wars,Sci-Fi,60
3490,2025-05-28,S04,Laugh Track,Sitcom,25
3491,2025-04-12,S09,Toon Town,Kids,20
3491,2025-04-12,S14,Parenting Unscripted,Reality TV,35
3492,2025-02-02,S04,Laugh Track,Sitcom,25
3492,2025-02-02,S05,Office Antics,Sitcom,22
3493,2025-05-02,S09,Toon Town,Kids,20
3493,2025-05-02,S10,Little Explorers,Kids,18
3494,2025-04-28,S14,Parenting Unscripted,Reality TV,35
3495,2025-01-15,S14,Parenting Unscripted,Reality TV,35
3495,2025-01-15,S05,Office Antics,Sitcom,22
3495,2025-01-15,S06,Space Frontier,Sci-Fi,55
3495,2025-01-15,S11,Real Life Diaries,Reality TV,40
3496,2025-06-25,S09,Toon Town,Kids,20
3496,2025-06-25,S14,Parenting Unscripted,Reality TV,35
3497,2025-02-09,S14,Parenting Unscripted,Reality TV,35
3498,2025-02-25,S14,Parenting Unscripted,Reality TV,35
3498,2025-02-25,S03,Silent Witness Redux,Crime Drama,42
3498,2025-02-25,S11,Real Life Diaries,Reality TV,40
3499,2025-03-27,S01,Crime City,Crime Drama,45
3500,2025-04-18,S09,Toon Town,Kids,20
3500,2025-04-18,S12,Love Island Nairobi,Reality TV,45
3500,2025-04-18,S04,Laugh Track,Sitcom,25
